id,biosample,sample,dateCollected,depth,sra,submitter
44822555,SAMN44822555,BSV4_745_S92,2021-03-24,299.757,SRS23255801,Fabian Wittmers
44822554,SAMN44822554,BSV4_744_S91,2021-03-24,249.722,SRS23255800,Fabian Wittmers
44822553,SAMN44822553,BSV4_743_S90,2021-03-24,199.364,SRS23255798,Fabian Wittmers
44822552,SAMN44822552,BSV4_742_S89,2021-03-24,159.281,SRS23255797,Fabian Wittmers
44822551,SAMN44822551,BSV4_741_S88,2021-03-24,120.23,SRS23255795,Fabian Wittmers
44822550,SAMN44822550,BSV4_740_S87,2021-03-24,80.376,SRS23255792,Fabian Wittmers
44822549,SAMN44822549,BSV4_739_S86,2021-03-24,39.877,SRS23255794,Fabian Wittmers
44822548,SAMN44822548,BSV4_738_S85,2021-03-24,5.246,SRS23255793,Fabian Wittmers
44822547,SAMN44822547,BSV4_737_S84,2021-03-19,1001.926,SRS23255791,Fabian Wittmers
44822546,SAMN44822546,BSV4_736_S83,2021-03-19,801.425,SRS23255788,Fabian Wittmers
44822545,SAMN44822545,BSV4_735_S82,2021-03-19,602.776,SRS23255790,Fabian Wittmers
44822544,SAMN44822544,BSV4_734_S81,2021-03-19,503.157,SRS23255789,Fabian Wittmers
44822543,SAMN44822543,BSV4_733_S80,2021-03-19,298.95,SRS23255787,Fabian Wittmers
44822542,SAMN44822542,BSV4_732_S79,2021-03-19,250.544,SRS23255785,Fabian Wittmers
44822541,SAMN44822541,BSV4_731_S78,2021-03-19,202.326,SRS23255784,Fabian Wittmers
44822540,SAMN44822540,BSV4_730_S77,2021-03-19,161.71,SRS23255781,Fabian Wittmers
44822539,SAMN44822539,BSV4_729_S76,2021-03-19,120.854,SRS23255783,Fabian Wittmers
44822538,SAMN44822538,BSV4_728_S75,2021-03-19,79.745,SRS23255782,Fabian Wittmers
44822537,SAMN44822537,BSV4_727_S74,2021-03-19,40.551,SRS23255780,Fabian Wittmers
44822536,SAMN44822536,BSV4_726_S73,2021-03-19,4.932,SRS23255779,Fabian Wittmers
44822535,SAMN44822535,BSV4_725_S72,2021-02-13,1001.35,SRS23255777,Fabian Wittmers
44822534,SAMN44822534,BSV4_724_S71,2021-02-13,799.35,SRS23255778,Fabian Wittmers
44822533,SAMN44822533,BSV4_723_S70,2021-02-13,603.974,SRS23255776,Fabian Wittmers
44822532,SAMN44822532,BSV4_722_S69,2021-02-13,502.074,SRS23255773,Fabian Wittmers
44822531,SAMN44822531,BSV4_721_S68,2021-02-13,299.976,SRS23255774,Fabian Wittmers
44822530,SAMN44822530,BSV4_720_S67,2021-02-13,251.792,SRS23255772,Fabian Wittmers
44822529,SAMN44822529,BSV4_719_S66,2021-02-13,200.465,SRS23255771,Fabian Wittmers
44822528,SAMN44822528,BSV4_718_S65,2021-02-13,160.814,SRS23255931,Fabian Wittmers
44822527,SAMN44822527,BSV4_717_S64,2021-02-13,119.032,SRS23255929,Fabian Wittmers
44822526,SAMN44822526,BSV4_716_S63,2021-02-13,80.501,SRS23255930,Fabian Wittmers
44822525,SAMN44822525,BSV4_715_S62,2021-02-13,40.779,SRS23255928,Fabian Wittmers
44822524,SAMN44822524,BSV4_714_S61,2021-02-13,5.058,SRS23255927,Fabian Wittmers
44822523,SAMN44822523,BSV4_713_S60,2021-01-25,1003.682,SRS23255926,Fabian Wittmers
44822522,SAMN44822522,BSV4_712_S59,2021-01-25,797.063,SRS23255924,Fabian Wittmers
44822521,SAMN44822521,BSV4_709_S56,2021-01-25,301.76,SRS23255923,Fabian Wittmers
44822520,SAMN44822520,BSV4_708_S55,2021-01-25,250.088,SRS23255921,Fabian Wittmers
44822519,SAMN44822519,BSV4_707_S54,2021-01-25,201.635,SRS23255917,Fabian Wittmers
44822518,SAMN44822518,BSV4_706_S53,2021-01-25,159.421,SRS23255920,Fabian Wittmers
44822517,SAMN44822517,BSV4_705_S52,2021-01-25,120.034,SRS23255919,Fabian Wittmers
44822516,SAMN44822516,BSV4_704_S51,2021-01-25,39.414,SRS23255918,Fabian Wittmers
44822515,SAMN44822515,BSV4_703_S50,2021-01-25,40.328,SRS23255916,Fabian Wittmers
44822514,SAMN44822514,BSV4_702_S49,2021-01-25,7.732,SRS23255915,Fabian Wittmers
44822513,SAMN44822513,BSV4_701_S48,2020-12-11,1001.545,SRS23255914,Fabian Wittmers
44822512,SAMN44822512,BSV4_700_S47,2020-12-11,799.287,SRS23255912,Fabian Wittmers
44822511,SAMN44822511,BSV4_699_S46,2020-12-11,601.362,SRS23255908,Fabian Wittmers
44822510,SAMN44822510,BSV4_698_S45,2020-12-11,501.381,SRS23255911,Fabian Wittmers
44822509,SAMN44822509,BSV4_697_S44,2020-12-11,302.392,SRS23255909,Fabian Wittmers
44822508,SAMN44822508,BSV4_696_S43,2020-12-11,250.411,SRS23255910,Fabian Wittmers
44822507,SAMN44822507,BSV4_695_S42,2020-12-11,201.408,SRS23255907,Fabian Wittmers
44822506,SAMN44822506,BSV4_694_S41,2020-12-11,160.837,SRS23255904,Fabian Wittmers
44822505,SAMN44822505,BSV4_693_S40,2020-12-11,120.369,SRS23255906,Fabian Wittmers
44822504,SAMN44822504,BSV4_692_S39,2020-12-11,119.272,SRS23255905,Fabian Wittmers
44822503,SAMN44822503,BSV4_691_S38,2020-12-11,39.884,SRS23255902,Fabian Wittmers
44822502,SAMN44822502,BSV4_690_S37,2020-12-11,4.834,SRS23255899,Fabian Wittmers
44822501,SAMN44822501,BSV4_689_S36,2020-11-20,1002.534,SRS23255900,Fabian Wittmers
44822500,SAMN44822500,BSV4_688_S35,2020-11-20,804.002,SRS23255901,Fabian Wittmers
44822499,SAMN44822499,BSV4_687_S34,2020-11-20,599.005,SRS23255898,Fabian Wittmers
44822498,SAMN44822498,BSV4_685_S32,2020-11-20,302.658,SRS23255897,Fabian Wittmers
44822497,SAMN44822497,BSV4_684_S31,2020-11-20,250.877,SRS23255896,Fabian Wittmers
44822496,SAMN44822496,BSV4_683_S30,2020-11-20,197.891,SRS23255893,Fabian Wittmers
44822495,SAMN44822495,BSV4_682_S29,2020-11-20,161.798,SRS23255895,Fabian Wittmers
44822494,SAMN44822494,BSV4_681_S28,2020-11-20,118.742,SRS23255894,Fabian Wittmers
44822493,SAMN44822493,BSV4_680_S27,2020-11-20,81.21,SRS23255891,Fabian Wittmers
44822492,SAMN44822492,BSV4_679_S26,2020-11-20,40.41,SRS23255890,Fabian Wittmers
44822491,SAMN44822491,BSV4_678_S25,2020-11-20,4.594,SRS23255888,Fabian Wittmers
44822490,SAMN44822490,BSV4_677_S24,2020-10-27,998.91,SRS23255889,Fabian Wittmers
44822489,SAMN44822489,BSV4_676_S23,2020-10-27,800.765,SRS23255886,Fabian Wittmers
44822488,SAMN44822488,BSV4_675_S22,2020-10-27,600.318,SRS23255887,Fabian Wittmers
44822487,SAMN44822487,BSV4_674_S21,2020-10-27,501.792,SRS23255885,Fabian Wittmers
44822486,SAMN44822486,BSV4_673_S20,2020-10-27,299.88,SRS23255883,Fabian Wittmers
44822485,SAMN44822485,BSV4_670_S17,2020-10-27,160.215,SRS23255840,Fabian Wittmers
44822484,SAMN44822484,BSV4_669_S16,2020-10-27,119.003,SRS23255842,Fabian Wittmers
44822483,SAMN44822483,BSV4_668_S15,2020-10-27,80.075,SRS23255841,Fabian Wittmers
44822482,SAMN44822482,BSV4_667_S14,2020-10-27,40.514,SRS23255838,Fabian Wittmers
44822481,SAMN44822481,BSV4_666_S13,2020-10-27,4.024,SRS23255837,Fabian Wittmers
44822480,SAMN44822480,BSV4_665_S12,2020-09-25,1000.585,SRS23255836,Fabian Wittmers
44822479,SAMN44822479,BSV4_664_S11,2020-09-25,800.411,SRS23255834,Fabian Wittmers
44822478,SAMN44822478,BSV4_663_S10,2020-09-25,598.486,SRS23255835,Fabian Wittmers
44822477,SAMN44822477,BSV4_662_S9,2020-09-25,501.698,SRS23255833,Fabian Wittmers
44822476,SAMN44822476,BSV4_661_S8,2020-09-25,301.297,SRS23255830,Fabian Wittmers
44822475,SAMN44822475,BSV4_660_S7,2020-09-25,249.196,SRS23255831,Fabian Wittmers
44822474,SAMN44822474,BSV4_655_S2,2020-09-25,39.733,SRS23255832,Fabian Wittmers
44822473,SAMN44822473,BSV4_654_S1,2020-09-25,4.067,SRS23255828,Fabian Wittmers
44822472,SAMN44822472,BSv4_653_S132,2020-08-19,998.945,SRS23255826,Fabian Wittmers
44822471,SAMN44822471,BSv4_652_S131,2020-08-19,800.012,SRS23255827,Fabian Wittmers
44822470,SAMN44822470,BSv4_651_S130,2020-08-19,600.055,SRS23255825,Fabian Wittmers
44822469,SAMN44822469,BSv4_650_S129,2020-08-19,500.069,SRS23255824,Fabian Wittmers
44822468,SAMN44822468,BSv4_649_S128,2020-08-19,299.92,SRS23255823,Fabian Wittmers
44822467,SAMN44822467,BSv4_648_S127,2020-08-19,250.669,SRS23255822,Fabian Wittmers
44822466,SAMN44822466,BSv4_647_S126,2020-08-19,199.829,SRS23255821,Fabian Wittmers
44822465,SAMN44822465,BSv4_646_S125,2020-08-19,159.279,SRS23255820,Fabian Wittmers
44822464,SAMN44822464,BSv4_645_S124,2020-08-19,119.921,SRS23255819,Fabian Wittmers
44822463,SAMN44822463,BSv4_644_S123,2020-08-19,80.424,SRS23255769,Fabian Wittmers
44822462,SAMN44822462,BSv4_643_S122,2020-08-19,39.91,SRS23255768,Fabian Wittmers
44822461,SAMN44822461,BSv4_642_S121,2020-08-19,3.415,SRS23255767,Fabian Wittmers
44822460,SAMN44822460,BSv4_641_S120,2020-07-31,1000.134,SRS23255766,Fabian Wittmers
44822459,SAMN44822459,BSv4_640_S119,2020-07-31,799.786,SRS23255765,Fabian Wittmers
44822458,SAMN44822458,BSv4_639_S118,2020-07-31,601.859,SRS23255762,Fabian Wittmers
44822457,SAMN44822457,BSv4_638_S117,2020-07-31,500.415,SRS23255764,Fabian Wittmers
44822456,SAMN44822456,BSv4_637_S116,2020-07-31,299.998,SRS23255763,Fabian Wittmers
44822455,SAMN44822455,BSv4_636_S115,2020-07-31,250.729,SRS23255761,Fabian Wittmers
44822454,SAMN44822454,BSv4_635_S114,2020-07-31,200.182,SRS23255758,Fabian Wittmers
44822453,SAMN44822453,BSv4_634_S113,2020-07-31,159.579,SRS23255760,Fabian Wittmers
44822452,SAMN44822452,BSv4_633_S112,2020-07-31,120.959,SRS23255757,Fabian Wittmers
44822451,SAMN44822451,BSv4_632_S111,2020-07-31,80.038,SRS23255756,Fabian Wittmers
44822450,SAMN44822450,BSv4_631_S110,2020-07-31,40.469,SRS23255754,Fabian Wittmers
44822449,SAMN44822449,BSv4_630_S109,2020-07-31,4.808,SRS23255753,Fabian Wittmers
44822448,SAMN44822448,BSv4_629_S108,2020-07-10,1001.642,SRS23255755,Fabian Wittmers
44822447,SAMN44822447,BSv4_628_S107,2020-07-10,800.84,SRS23255752,Fabian Wittmers
44822446,SAMN44822446,BSv4_627_S106,2020-07-10,603.525,SRS23255749,Fabian Wittmers
44822445,SAMN44822445,BSv4_626_S105,2020-07-10,502.379,SRS23255751,Fabian Wittmers
44822444,SAMN44822444,BSv4_625_S104,2020-07-10,303.168,SRS23255750,Fabian Wittmers
44822443,SAMN44822443,BSv4_624_S103,2020-07-10,251.636,SRS23255748,Fabian Wittmers
44822442,SAMN44822442,BSv4_623_S102,2020-07-10,199.481,SRS23255746,Fabian Wittmers
44822441,SAMN44822441,BSv4_622_S101,2020-07-10,161.294,SRS23255745,Fabian Wittmers
44822440,SAMN44822440,BSv4_621_S100,2020-07-10,120.09,SRS23255744,Fabian Wittmers
44822439,SAMN44822439,BSv4_620_S99,2020-07-10,81.096,SRS23255743,Fabian Wittmers
44822438,SAMN44822438,BSv4_619_S98,2020-07-10,39.252,SRS23255742,Fabian Wittmers
44822437,SAMN44822437,BSv4_618_S97,2020-07-10,4.213,SRS23255739,Fabian Wittmers
44822436,SAMN44822436,BSv4_617_S96,2020-02-29,1002.049,SRS23255740,Fabian Wittmers
44822435,SAMN44822435,BSv4_616_S95,2020-02-29,798.959,SRS23255741,Fabian Wittmers
44822434,SAMN44822434,BSv4_615_S94,2020-02-29,600.957,SRS23255737,Fabian Wittmers
44822433,SAMN44822433,BSv4_614_S93,2020-02-29,500.856,SRS23255738,Fabian Wittmers
44822432,SAMN44822432,BSv4_613_S92,2020-02-29,301.071,SRS23255734,Fabian Wittmers
44822431,SAMN44822431,BSv4_612_S91,2020-02-29,250.634,SRS23255735,Fabian Wittmers
44822430,SAMN44822430,BSv4_611_S90,2020-02-29,199.96,SRS23255733,Fabian Wittmers
44822429,SAMN44822429,BSv4_610_S89,2020-02-29,160.171,SRS23255731,Fabian Wittmers
44822428,SAMN44822428,BSv4_609_S88,2020-02-29,119.907,SRS23255732,Fabian Wittmers
44822427,SAMN44822427,BSv4_608_S87,2020-02-29,78.69,SRS23255730,Fabian Wittmers
44822426,SAMN44822426,BSv4_607_S86,2020-02-29,39.092,SRS23255729,Fabian Wittmers
44822425,SAMN44822425,BSv4_606_S85,2020-02-29,4.492,SRS23255728,Fabian Wittmers
44822424,SAMN44822424,BSv4_605_S84,2020-01-27,1000.914,SRS23255727,Fabian Wittmers
44822423,SAMN44822423,BSv4_604_S83,2020-01-27,800.055,SRS23255726,Fabian Wittmers
44822422,SAMN44822422,BSv4_603_S82,2020-01-27,602.102,SRS23255884,Fabian Wittmers
44822421,SAMN44822421,BSv4_602_S81,2020-01-27,499.194,SRS23255882,Fabian Wittmers
44822420,SAMN44822420,BSv4_601_S80,2020-01-27,298.588,SRS23255881,Fabian Wittmers
44822419,SAMN44822419,BSv4_600_S79,2020-01-27,249.038,SRS23255880,Fabian Wittmers
44822418,SAMN44822418,BSv4_599_S78,2020-01-27,201.495,SRS23255879,Fabian Wittmers
44822417,SAMN44822417,BSv4_598_S77,2020-01-27,160.561,SRS23255877,Fabian Wittmers
44822416,SAMN44822416,BSv4_597_S76,2020-01-27,119.712,SRS23255878,Fabian Wittmers
44822415,SAMN44822415,BSv4_595_S74,2020-01-27,40.668,SRS23255874,Fabian Wittmers
44822414,SAMN44822414,BSv4_594_S73,2020-01-27,5.656,SRS23255876,Fabian Wittmers
44822413,SAMN44822413,BSv4_444_S103,2019-05-22,801.023,SRS23255875,Fabian Wittmers
44822412,SAMN44822412,BSv4_443_S102,2019-05-22,600.62,SRS23255872,Fabian Wittmers
44822411,SAMN44822411,BSv4_441_S100,2019-05-22,300.642,SRS23255871,Fabian Wittmers
44822410,SAMN44822410,BSv4_440_S99,2019-05-22,249.629,SRS23255870,Fabian Wittmers
44822409,SAMN44822409,BSv4_432_S91,2019-05-21,800.181,SRS23255868,Fabian Wittmers
44822408,SAMN44822408,BSv4_431_S90,2019-05-21,602.233,SRS23255869,Fabian Wittmers
44822407,SAMN44822407,BSv4_429_S88,2019-05-21,301.064,SRS23255867,Fabian Wittmers
44822406,SAMN44822406,BSv4_428_S87,2019-05-21,248.044,SRS23255957,Fabian Wittmers
44822405,SAMN44822405,BSv4_420_S79,2019-05-21,801.169,SRS23255954,Fabian Wittmers
44822404,SAMN44822404,BSv4_419_S78,2019-05-21,601.708,SRS23255955,Fabian Wittmers
44822403,SAMN44822403,BSv4_417_S76,2019-05-21,300.717,SRS23255953,Fabian Wittmers
44822402,SAMN44822402,BSv4_416_S75,2019-05-21,250.521,SRS23255951,Fabian Wittmers
44822401,SAMN44822401,10354_300_S83,2018-12-16,299.297,SRS23255950,Fabian Wittmers
44822400,SAMN44822400,10354_250_S82,2018-12-16,251.045,SRS23255949,Fabian Wittmers
44822399,SAMN44822399,10354_200_S81,2018-12-16,203.703,SRS23255947,Fabian Wittmers
44822398,SAMN44822398,10354_160_S80,2018-12-16,161.931,SRS23255948,Fabian Wittmers
44822397,SAMN44822397,10352_250_S69,2018-10-23,249.466,SRS23255946,Fabian Wittmers
44822396,SAMN44822396,10352_200_S68,2018-10-23,198.774,SRS23255945,Fabian Wittmers
44822395,SAMN44822395,10351_250_S61,2018-09-13,250.308,SRS23255944,Fabian Wittmers
44822394,SAMN44822394,10350_250_S53,2018-08-15,249.638,SRS23255943,Fabian Wittmers
44822393,SAMN44822393,10350_200_S52,2018-08-15,200.612,SRS23255941,Fabian Wittmers
44822392,SAMN44822392,10349_250_S48,2018-07-22,251.047,SRS23255938,Fabian Wittmers
44822391,SAMN44822391,10347_300_S39,2018-05-25,299.707,SRS23255939,Fabian Wittmers
44822390,SAMN44822390,10347_250_S38,2018-05-25,250.083,SRS23255937,Fabian Wittmers
44822389,SAMN44822389,20346_300_S4,2018-04-25,299.851,SRS23255935,Fabian Wittmers
44822388,SAMN44822388,20346_250_S3,2018-04-25,251.743,SRS23255936,Fabian Wittmers
44822387,SAMN44822387,20346_200_S2,2018-04-25,200.551,SRS23255932,Fabian Wittmers
44822386,SAMN44822386,20346_160_S1,2018-04-25,159.588,SRS23255934,Fabian Wittmers
44822385,SAMN44822385,10346_300_S117,2018-04-16,301.479,SRS23255933,Fabian Wittmers
44822384,SAMN44822384,10346_250_S116,2018-04-16,251.427,SRS23255865,Fabian Wittmers
44822383,SAMN44822383,20345_300_S113,2018-03-25,301.897,SRS23255864,Fabian Wittmers
44822382,SAMN44822382,20345_250_S112,2018-03-25,248.788,SRS23255862,Fabian Wittmers
44822381,SAMN44822381,20344_300_S108,2018-02-26,301.174,SRS23255863,Fabian Wittmers
44822380,SAMN44822380,20344_250_S107,2018-02-26,253.354,SRS23255859,Fabian Wittmers
44822379,SAMN44822379,10344_300_S22,2018-02-12,301.232,SRS23255861,Fabian Wittmers
44822378,SAMN44822378,10344_250_S21,2018-02-12,250.557,SRS23255860,Fabian Wittmers
44822377,SAMN44822377,10344_200_S20,2018-02-12,198.958,SRS23255858,Fabian Wittmers
44822376,SAMN44822376,10343_300_S12,2018-01-17,300.677,SRS23255857,Fabian Wittmers
44822375,SAMN44822375,10343_250_S11,2018-01-17,249.594,SRS23255855,Fabian Wittmers
44822374,SAMN44822374,10343_200_S10,2018-01-17,199.993,SRS23255856,Fabian Wittmers
44822373,SAMN44822373,10342_300_S4,2017-12-14,301.854,SRS23255854,Fabian Wittmers
44822372,SAMN44822372,10341_300_S108,2017-11-19,301.461,SRS23255852,Fabian Wittmers
44822371,SAMN44822371,10341_250_S107,2017-11-19,250.079,SRS23255851,Fabian Wittmers
44822370,SAMN44822370,10340_300_S102,2017-10-17,300.681,SRS23255850,Fabian Wittmers
44822369,SAMN44822369,10340_250_S101,2017-10-17,249.763,SRS23255849,Fabian Wittmers
44822368,SAMN44822368,10340_200_S100,2017-10-17,200.117,SRS23255847,Fabian Wittmers
44822367,SAMN44822367,10340_160_S99,2017-10-17,160.785,SRS23255848,Fabian Wittmers
44822366,SAMN44822366,10340_120_S98,2017-10-17,119.751,SRS23255846,Fabian Wittmers
44822365,SAMN44822365,AE1703_120_S62,2017-04-01,121.044,SRS23255845,Fabian Wittmers
44822364,SAMN44822364,AE1703_80_S61,2017-04-01,79.975,SRS23255843,Fabian Wittmers
44822363,SAMN44822363,AE1703_40_S60,2017-04-01,40.113,SRS23255844,Fabian Wittmers
44822362,SAMN44822362,AE1703_1_S59,2017-04-01,3.896,SRS23255818,Fabian Wittmers
44822361,SAMN44822361,AE1703_300_S58,2017-03-31,299.935,SRS23255816,Fabian Wittmers
44822360,SAMN44822360,AE1703_250_S57,2017-03-31,247.429,SRS23255815,Fabian Wittmers
44822359,SAMN44822359,AE1703_200_S56,2017-03-31,200.51,SRS23255814,Fabian Wittmers
44822358,SAMN44822358,AE1703_160_S55,2017-03-31,161.467,SRS23255813,Fabian Wittmers
44822357,SAMN44822357,AE1703_160_S54,2017-03-31,122.568,SRS23255810,Fabian Wittmers
44822356,SAMN44822356,AE1703_300_S53,2017-03-30,318.225,SRS23255811,Fabian Wittmers
44822355,SAMN44822355,AE1703_250_S52,2017-03-30,257.766,SRS23255812,Fabian Wittmers
44822354,SAMN44822354,AE1703_200_S51,2017-03-30,200.765,SRS23255809,Fabian Wittmers
44822353,SAMN44822353,AE1703_160_S50,2017-03-30,163.187,SRS23255808,Fabian Wittmers
44822352,SAMN44822352,AE1703_120_S49,2017-03-30,119.821,SRS23255807,Fabian Wittmers
44822351,SAMN44822351,AE1703_80_S48,2017-03-30,79.977,SRS23255804,Fabian Wittmers
44822350,SAMN44822350,10326_250_S18,2016-07-24,249.9,SRS23255805,Fabian Wittmers
44822349,SAMN44822349,10325_300_S37,2016-06-16,303.2,SRS23255803,Fabian Wittmers
44822348,SAMN44822348,10325_250_S36,2016-06-16,250.7,SRS23255802,Fabian Wittmers
44822347,SAMN44822347,10325_200_S35,2016-06-16,201.8,SRS23255799,Fabian Wittmers
44822346,SAMN44822346,10325_160_S34,2016-06-16,161.1,SRS23255796,Fabian Wittmers
44822345,SAMN44822345,10325_120_S33,2016-06-16,119.2,SRS23255786,Fabian Wittmers
44822344,SAMN44822344,10325_80_S32,2016-06-16,81.3,SRS23255775,Fabian Wittmers
44822343,SAMN44822343,10325_40_S31,2016-06-16,41.1,SRS23255922,Fabian Wittmers
44822342,SAMN44822342,10325_1_S30,2016-06-16,5.5,SRS23255913,Fabian Wittmers
44822341,SAMN44822341,20322_300_S29,2016-04-04,301.5,SRS23255903,Fabian Wittmers
44822340,SAMN44822340,20322_250_S28,2016-04-04,249.9,SRS23255892,Fabian Wittmers
44822339,SAMN44822339,20322_200_S27,2016-04-04,198.9,SRS23255839,Fabian Wittmers
44822338,SAMN44822338,20322_120_S25,2016-04-04,120.5,SRS23255829,Fabian Wittmers
44822337,SAMN44822337,20322_80_S24,2016-04-04,81.2,SRS23255770,Fabian Wittmers
44822336,SAMN44822336,20322_40_S23,2016-04-04,41.3,SRS23255759,Fabian Wittmers
44822335,SAMN44822335,10322_300_S21,2016-03-25,300.2,SRS23255747,Fabian Wittmers
44822334,SAMN44822334,10322_250_S20,2016-03-25,250.2,SRS23255736,Fabian Wittmers
44822333,SAMN44822333,10322_200_S19,2016-03-25,200.5,SRS23255724,Fabian Wittmers
44822332,SAMN44822332,10322_160_S18,2016-03-25,160.9,SRS23255873,Fabian Wittmers
44822331,SAMN44822331,10322_120_S17,2016-03-25,119.6,SRS23255952,Fabian Wittmers
44822330,SAMN44822330,10322_80_S16,2016-03-25,81.2,SRS23255940,Fabian Wittmers
44822329,SAMN44822329,10322_40_S15,2016-03-25,39.9,SRS23255866,Fabian Wittmers
44822328,SAMN44822328,10321_300_S13,2016-03-08,298.6,SRS23255853,Fabian Wittmers
44822327,SAMN44822327,10321_250_S12,2016-03-08,248,SRS23255817,Fabian Wittmers
44822326,SAMN44822326,10321_160_S10,2016-03-08,159.2,SRS23255806,Fabian Wittmers
44822325,SAMN44822325,0321_120_S9,2016-03-08,120.2,SRS23255925,Fabian Wittmers
44822324,SAMN44822324,10321_80_S8,2016-03-08,81.7,SRS23255725,Fabian Wittmers
44822323,SAMN44822323,10321_40_S7,2016-03-08,40.4,SRS23255723,Fabian Wittmers
39435374,SAMN39435374,AE1910_6_150,2019-05-22,150,SRS20134255,Luis Bolanos
39435373,SAMN39435373,AE1910_6_80,2019-05-22,80,SRS20134254,Luis Bolanos
39435372,SAMN39435372,AE1910_4_150,2019-05-21,150,SRS20134253,Luis Bolanos
39435371,SAMN39435371,AE1910_4_80,2019-05-21,80,SRS20134249,Luis Bolanos
39435370,SAMN39435370,AE1910_2_150,2019-05-21,150,SRS20134251,Luis Bolanos
39435369,SAMN39435369,AE1910_2_80,2019-05-21,80,SRS20134252,Luis Bolanos
39435368,SAMN39435368,20346_120,2018-04-25,120,SRS20134248,Luis Bolanos
39435367,SAMN39435367,20346_80,2018-04-25,80,SRS20134247,Luis Bolanos
39435366,SAMN39435366,20346_40,2018-04-25,40,SRS20134245,Luis Bolanos
39435365,SAMN39435365,20345_160,2018-03-25,160,SRS20134246,Luis Bolanos
39435364,SAMN39435364,20345_80,2018-03-25,80,SRS20134244,Luis Bolanos
39435363,SAMN39435363,20344_200,2018-02-26,200,SRS20134242,Luis Bolanos
39435362,SAMN39435362,20344_160,2018-02-26,160,SRS20134240,Luis Bolanos
39435361,SAMN39435361,20344_120,2018-02-26,120,SRS20134241,Luis Bolanos
39435360,SAMN39435360,20344_80,2018-02-26,100,SRS20134239,Luis Bolanos
39435359,SAMN39435359,20344_40,2018-02-26,40,SRS20134236,Luis Bolanos
39435358,SAMN39435358,10354_120,2018-12-16,120,SRS20134238,Luis Bolanos
39435357,SAMN39435357,10354_80,2018-12-16,80,SRS20134237,Luis Bolanos
39435356,SAMN39435356,10354_40,2018-12-16,40,SRS20134235,Luis Bolanos
39435355,SAMN39435355,10353_160,2018-11-08,160,SRS20134234,Luis Bolanos
39435354,SAMN39435354,10353_80,2018-11-08,80,SRS20134231,Luis Bolanos
39435353,SAMN39435353,10352_160,2018-10-23,160,SRS20134233,Luis Bolanos
39435352,SAMN39435352,10352_120,2018-10-23,120,SRS20134232,Luis Bolanos
39435351,SAMN39435351,10352_80,2018-10-23,80,SRS20134230,Luis Bolanos
39435350,SAMN39435350,10352_40,2018-10-23,40,SRS20134229,Luis Bolanos
39435349,SAMN39435349,10351_300,2018-09-13,300,SRS20134226,Luis Bolanos
39435348,SAMN39435348,10351_160,2018-09-13,160,SRS20134227,Luis Bolanos
39435347,SAMN39435347,10351_80,2018-09-13,80,SRS20134225,Luis Bolanos
39435346,SAMN39435346,10350_300,2018-08-15,300,SRS20134224,Luis Bolanos
39435345,SAMN39435345,10350_160,2018-08-15,160,SRS20134223,Luis Bolanos
39435344,SAMN39435344,10350_120,2018-08-15,120,SRS20134220,Luis Bolanos
39435343,SAMN39435343,10350_80,2018-08-15,80,SRS20134219,Luis Bolanos
39435342,SAMN39435342,10350_40,2018-08-15,40,SRS20134222,Luis Bolanos
39435341,SAMN39435341,10349_300,2018-07-22,300,SRS20134221,Luis Bolanos
39435340,SAMN39435340,10349_160,2018-07-22,160,SRS20134217,Luis Bolanos
39435339,SAMN39435339,10349_120,2018-07-22,120,SRS20134216,Luis Bolanos
39435338,SAMN39435338,10349_80,2018-07-22,80,SRS20134215,Luis Bolanos
39435337,SAMN39435337,10349_40,2018-07-22,40,SRS20134214,Luis Bolanos
39435336,SAMN39435336,10348_200,2018-06-14,200,SRS20134213,Luis Bolanos
39435335,SAMN39435335,10348_160,2018-06-14,160,SRS20134212,Luis Bolanos
39435334,SAMN39435334,10348_120,2018-06-14,120,SRS20134211,Luis Bolanos
39435333,SAMN39435333,10348_80,2018-06-14,80,SRS20134210,Luis Bolanos
39435332,SAMN39435332,10348_40,2018-06-14,40,SRS20134209,Luis Bolanos
39435331,SAMN39435331,10347_160,2018-05-25,160,SRS20134207,Luis Bolanos
39435330,SAMN39435330,10347_80,2018-05-25,80,SRS20134205,Luis Bolanos
39435329,SAMN39435329,10346_160,2018-04-16,160,SRS20134203,Luis Bolanos
39435328,SAMN39435328,10346_80,2018-04-16,80,SRS20134200,Luis Bolanos
39435327,SAMN39435327,10344_160,2018-02-12,160,SRS20134206,Luis Bolanos
39435326,SAMN39435326,10344_120,2018-02-12,120,SRS20134202,Luis Bolanos
39435325,SAMN39435325,10344_80,2018-02-12,80,SRS20134201,Luis Bolanos
39435324,SAMN39435324,10344_40,2018-02-12,40,SRS20134204,Luis Bolanos
39435323,SAMN39435323,10343_160,2018-01-17,160,SRS20134197,Luis Bolanos
39435322,SAMN39435322,10343_80,2018-01-17,80,SRS20134198,Luis Bolanos
39435321,SAMN39435321,10342_250,2017-12-14,250,SRS20134199,Luis Bolanos
39435320,SAMN39435320,10342_160,2017-12-14,160,SRS20134256,Luis Bolanos
39435319,SAMN39435319,10342_120,2017-12-14,120,SRS20134250,Luis Bolanos
39435318,SAMN39435318,10342_80,2017-12-14,80,SRS20134243,Luis Bolanos
39435317,SAMN39435317,10342_40,2017-12-14,40,SRS20134228,Luis Bolanos
39435316,SAMN39435316,10341_160,2017-11-19,160,SRS20134218,Luis Bolanos
39435315,SAMN39435315,10341_80,2017-11-19,80,SRS20134208,Luis Bolanos
39435314,SAMN39435314,10340_80,2017-10-17,80,SRS20134196,Luis Bolanos
39435313,SAMN39435313,10340_40,2017-10-17,40,SRS20134195,Luis Bolanos
36797237,SAMN36797237,174-A,2003-03-01,0,SRS18482698,Ben Temperton
36797236,SAMN36797236,164-200,2002-05-01,200,SRS18482697,Ben Temperton
36797235,SAMN36797235,164-0,2002-05-01,0,SRS18482696,Ben Temperton
36797234,SAMN36797234,155-0,2001-08-01,0,SRS18482695,Ben Temperton
36797233,SAMN36797233,138-0,2000-03-01,0,SRS18482711,Ben Temperton
36797232,SAMN36797232,136-200,2000-01-01,200,SRS18482710,Ben Temperton
36797231,SAMN36797231,136-80,2000-01-01,80,SRS18482709,Ben Temperton
36797230,SAMN36797230,136-0,2000-01-01,0,SRS18482706,Ben Temperton
36797229,SAMN36797229,134-200,1999-11-01,200,SRS18482705,Ben Temperton
36797228,SAMN36797228,134-80,1999-11-01,80,SRS18482704,Ben Temperton
36797227,SAMN36797227,134-0,1999-11-01,0,SRS18482703,Ben Temperton
36797226,SAMN36797226,113-200,1998-02-01,200,SRS18482702,Ben Temperton
36797225,SAMN36797225,113-80,1998-02-01,80,SRS18482701,Ben Temperton
36797224,SAMN36797224,113-0,1998-02-01,0,SRS18482700,Ben Temperton
36797223,SAMN36797223,108-200,1997-09-01,200,SRS18482699,Ben Temperton
36797222,SAMN36797222,108-80,1997-09-01,80,SRS18482708,Ben Temperton
36797221,SAMN36797221,108-0,1997-09-01,0,SRS18482707,Ben Temperton
36785136,SAMN36785136,91910_6_1000,2019-05-22,1000,SRS18465234,Luis Bolanos
36785135,SAMN36785135,91910_6_500,2019-05-22,500,SRS18465230,Luis Bolanos
36785134,SAMN36785134,91910_6_200,2019-05-22,200,SRS18465231,Luis Bolanos
36785133,SAMN36785133,91910_6_115,2019-05-22,115,SRS18465229,Luis Bolanos
36785132,SAMN36785132,91910_6_40,2019-05-22,40,SRS18465228,Luis Bolanos
36785131,SAMN36785131,91910_6_1,2019-05-22,1,SRS18465227,Luis Bolanos
36785130,SAMN36785130,91910_4_1000,2019-05-21,1000,SRS18465226,Luis Bolanos
36785129,SAMN36785129,91910_4_500,2019-05-21,500,SRS18465225,Luis Bolanos
36785128,SAMN36785128,91910_4_200,2019-05-21,200,SRS18465223,Luis Bolanos
36785127,SAMN36785127,91910_4_115,2019-05-21,115,SRS18465224,Luis Bolanos
36785126,SAMN36785126,91910_4_40,2019-05-21,40,SRS18465222,Luis Bolanos
36785125,SAMN36785125,91910_4_1,2019-05-21,1,SRS18465220,Luis Bolanos
36785124,SAMN36785124,91910_2_1000,2019-05-21,1000,SRS18465219,Luis Bolanos
36785123,SAMN36785123,91910_2_500,2019-05-21,500,SRS18465218,Luis Bolanos
36785122,SAMN36785122,91910_2_200,2019-05-21,200,SRS18465217,Luis Bolanos
36785121,SAMN36785121,91910_2_110,2019-05-21,110,SRS18465216,Luis Bolanos
36785120,SAMN36785120,91910_2_40,2019-05-21,40,SRS18465214,Luis Bolanos
36785119,SAMN36785119,91910_2_1,2019-05-21,1,SRS18465215,Luis Bolanos
36785118,SAMN36785118,20345_1000,2018-03-25,1000,SRS18465213,Luis Bolanos
36785117,SAMN36785117,20345_500,2018-03-25,500,SRS18465212,Luis Bolanos
36785116,SAMN36785116,20345_200,2018-03-25,200,SRS18465211,Luis Bolanos
36785115,SAMN36785115,20345_120,2018-03-25,120,SRS18465209,Luis Bolanos
36785114,SAMN36785114,20345_40,2018-03-25,40,SRS18465208,Luis Bolanos
36785113,SAMN36785113,10353_1000,2018-11-08,1000,SRS18465207,Luis Bolanos
36785112,SAMN36785112,10353_200,2018-11-08,200,SRS18465206,Luis Bolanos
36785111,SAMN36785111,10353_120,2018-11-08,120,SRS18465204,Luis Bolanos
36785110,SAMN36785110,10353_40,2018-11-08,40,SRS18465205,Luis Bolanos
36785109,SAMN36785109,10351_1000,2018-09-13,1000,SRS18465203,Luis Bolanos
36785108,SAMN36785108,10351_500,2018-09-13,500,SRS18465202,Luis Bolanos
36785107,SAMN36785107,10351_200,2018-09-13,200,SRS18465201,Luis Bolanos
36785106,SAMN36785106,10351_120,2018-09-13,120,SRS18465200,Luis Bolanos
36785105,SAMN36785105,10351_40,2018-09-13,40,SRS18465198,Luis Bolanos
36785104,SAMN36785104,10347_1000,2018-05-25,1000,SRS18465197,Luis Bolanos
36785103,SAMN36785103,10347_500,2018-05-25,500,SRS18465196,Luis Bolanos
36785102,SAMN36785102,10347_200,2018-05-25,200,SRS18465195,Luis Bolanos
36785101,SAMN36785101,10347_120,2018-05-25,120,SRS18465193,Luis Bolanos
36785100,SAMN36785100,10347_40,2018-05-25,40,SRS18465194,Luis Bolanos
36785099,SAMN36785099,10346_1000,2018-04-16,1000,SRS18465192,Luis Bolanos
36785098,SAMN36785098,10346_500,2018-04-16,500,SRS18465191,Luis Bolanos
36785097,SAMN36785097,10346_200,2018-04-16,200,SRS18465190,Luis Bolanos
36785096,SAMN36785096,10346_120,2018-04-16,120,SRS18465189,Luis Bolanos
36785095,SAMN36785095,10346_40,2018-04-16,40,SRS18465237,Luis Bolanos
36785094,SAMN36785094,10343_1000,2018-01-17,1000,SRS18465236,Luis Bolanos
36785093,SAMN36785093,10343_500,2018-01-17,500,SRS18465235,Luis Bolanos
36785092,SAMN36785092,10343_120,2018-01-17,120,SRS18465233,Luis Bolanos
36785091,SAMN36785091,10343_40,2018-01-17,40,SRS18465232,Luis Bolanos
36785090,SAMN36785090,10341_1000,2017-11-19,1000,SRS18465221,Luis Bolanos
36785089,SAMN36785089,10341_500,2017-11-19,500,SRS18465210,Luis Bolanos
36785088,SAMN36785088,10341_200,2017-11-19,200,SRS18465199,Luis Bolanos
36785087,SAMN36785087,10341_120,2017-11-19,120,SRS18465188,Luis Bolanos
36785086,SAMN36785086,10341_40,2017-11-19,40,SRS18465187,Luis Bolanos
36770486,SAMN36770486,12_1_S34,2019-07-11,200m,SRS18476903,Ben Temperton
36770485,SAMN36770485,11_S33,2019-07-11,0m,SRS18476902,Ben Temperton
36770484,SAMN36770484,10_1_S32,2019-07-10,200m,SRS18476910,Ben Temperton
36770483,SAMN36770483,9_S31,2019-07-10,0m,SRS18476911,Ben Temperton
36770482,SAMN36770482,8_1_S30,2019-07-10,200m,SRS18476909,Ben Temperton
36770481,SAMN36770481,7_1_S29,2019-07-10,0m,SRS18476908,Ben Temperton
36770480,SAMN36770480,6_2_S28,2019-07-09,200m,SRS18476907,Ben Temperton
36770479,SAMN36770479,5_1_S27,2019-07-09,0m,SRS18476905,Ben Temperton
36770478,SAMN36770478,4_1_S26,2019-07-09,200m,SRS18476906,Ben Temperton
36770477,SAMN36770477,3_2_S25,2019-07-09,0m,SRS18476904,Ben Temperton
36770476,SAMN36770476,2_1_S24,2019-07-08,200m,SRS18476901,Ben Temperton
36770475,SAMN36770475,1_S23,2019-07-08,0m,SRS18476900,Ben Temperton
36323069,SAMN36323069,20358_80,2019-04-21,80,SRS18186409,Leocadio Blanco-Bercial
36323068,SAMN36323068,20358_40,2019-04-21,40,SRS18186408,Leocadio Blanco-Bercial
36323067,SAMN36323067,20358_300,2019-04-21,300,SRS18186406,Leocadio Blanco-Bercial
36323066,SAMN36323066,20358_250,2019-04-21,250,SRS18186393,Leocadio Blanco-Bercial
36323065,SAMN36323065,20358_200,2019-04-21,200,SRS18186392,Leocadio Blanco-Bercial
36323064,SAMN36323064,20358_160,2019-04-21,160,SRS18186391,Leocadio Blanco-Bercial
36323063,SAMN36323063,20358_120,2019-04-21,120,SRS18186390,Leocadio Blanco-Bercial
36323062,SAMN36323062,20358_1,2019-04-21,1,SRS18186389,Leocadio Blanco-Bercial
36323061,SAMN36323061,10366_800,2019-12-14,800,SRS18186388,Leocadio Blanco-Bercial
36323060,SAMN36323060,10366_80,2019-12-14,80,SRS18186387,Leocadio Blanco-Bercial
36323059,SAMN36323059,10366_600,2019-12-14,600,SRS18186386,Leocadio Blanco-Bercial
36323058,SAMN36323058,10366_500,2019-12-14,500,SRS18186385,Leocadio Blanco-Bercial
36323057,SAMN36323057,10366_40,2019-12-14,40,SRS18186383,Leocadio Blanco-Bercial
36323056,SAMN36323056,10366_300,2019-12-14,300,SRS18186382,Leocadio Blanco-Bercial
36323055,SAMN36323055,10366_250,2019-12-14,250,SRS18186381,Leocadio Blanco-Bercial
36323054,SAMN36323054,10366_200,2019-12-14,200,SRS18186380,Leocadio Blanco-Bercial
36323053,SAMN36323053,10366_160,2019-12-14,160,SRS18186379,Leocadio Blanco-Bercial
36323052,SAMN36323052,10366_120,2019-12-14,120,SRS18186378,Leocadio Blanco-Bercial
36323051,SAMN36323051,10366_1000,2019-12-14,1000,SRS18186377,Leocadio Blanco-Bercial
36323050,SAMN36323050,10366_1,2019-12-14,1,SRS18186376,Leocadio Blanco-Bercial
36323049,SAMN36323049,10365_800,2019-11-20,800,SRS18186375,Leocadio Blanco-Bercial
36323048,SAMN36323048,10365_80,2019-11-20,80,SRS18186374,Leocadio Blanco-Bercial
36323047,SAMN36323047,10365_600,2019-11-20,600,SRS18186372,Leocadio Blanco-Bercial
36323046,SAMN36323046,10365_500,2019-11-20,500,SRS18186371,Leocadio Blanco-Bercial
36323045,SAMN36323045,10365_40,2019-11-20,40,SRS18186370,Leocadio Blanco-Bercial
36323044,SAMN36323044,10365_300,2019-11-20,300,SRS18186369,Leocadio Blanco-Bercial
36323043,SAMN36323043,10365_250,2019-11-20,250,SRS18186368,Leocadio Blanco-Bercial
36323042,SAMN36323042,10365_200,2019-11-20,200,SRS18186367,Leocadio Blanco-Bercial
36323041,SAMN36323041,10365_160,2019-11-20,160,SRS18186366,Leocadio Blanco-Bercial
36323040,SAMN36323040,10365_120,2019-11-20,120,SRS18186365,Leocadio Blanco-Bercial
36323039,SAMN36323039,10365_1000,2019-11-20,1000,SRS18186364,Leocadio Blanco-Bercial
36323038,SAMN36323038,10365_1,2019-11-20,1,SRS18186363,Leocadio Blanco-Bercial
36323037,SAMN36323037,10364_800,2019-10-24,800,SRS18186361,Leocadio Blanco-Bercial
36323036,SAMN36323036,10364_80,2019-10-24,80,SRS18186360,Leocadio Blanco-Bercial
36323035,SAMN36323035,10364_600,2019-10-24,600,SRS18186359,Leocadio Blanco-Bercial
36323034,SAMN36323034,10364_500,2019-10-24,500,SRS18186358,Leocadio Blanco-Bercial
36323033,SAMN36323033,10364_40,2019-10-24,40,SRS18186357,Leocadio Blanco-Bercial
36323032,SAMN36323032,10364_300,2019-10-24,300,SRS18186355,Leocadio Blanco-Bercial
36323031,SAMN36323031,10364_250,2019-10-24,250,SRS18186354,Leocadio Blanco-Bercial
36323030,SAMN36323030,10364_200,2019-10-24,200,SRS18186356,Leocadio Blanco-Bercial
36323029,SAMN36323029,10364_160,2019-10-24,160,SRS18186353,Leocadio Blanco-Bercial
36323028,SAMN36323028,10364_120,2019-10-24,120,SRS18186352,Leocadio Blanco-Bercial
36323027,SAMN36323027,10364_1000,2019-10-24,1000,SRS18186350,Leocadio Blanco-Bercial
36323026,SAMN36323026,10364_1,2019-10-24,1,SRS18186349,Leocadio Blanco-Bercial
36323025,SAMN36323025,10363_800,2019-09-11,800,SRS18186348,Leocadio Blanco-Bercial
36323024,SAMN36323024,10363_80,2019-09-11,80,SRS18186347,Leocadio Blanco-Bercial
36323023,SAMN36323023,10363_600,2019-09-11,600,SRS18186346,Leocadio Blanco-Bercial
36323022,SAMN36323022,10363_500,2019-09-11,500,SRS18186345,Leocadio Blanco-Bercial
36323021,SAMN36323021,10363_40,2019-09-11,40,SRS18186344,Leocadio Blanco-Bercial
36323020,SAMN36323020,10363_300,2019-09-11,300,SRS18186343,Leocadio Blanco-Bercial
36323019,SAMN36323019,10363_250,2019-09-11,250,SRS18186342,Leocadio Blanco-Bercial
36323018,SAMN36323018,10363_200,2019-09-11,200,SRS18186341,Leocadio Blanco-Bercial
36323017,SAMN36323017,10363_160,2019-09-11,160,SRS18186405,Leocadio Blanco-Bercial
36323016,SAMN36323016,10363_120,2019-09-11,120,SRS18186404,Leocadio Blanco-Bercial
36323015,SAMN36323015,10363_1000,2019-09-11,1000,SRS18186403,Leocadio Blanco-Bercial
36323014,SAMN36323014,10363_1,2019-09-11,1,SRS18186402,Leocadio Blanco-Bercial
36323013,SAMN36323013,10362_800,2019-08-21,800,SRS18186401,Leocadio Blanco-Bercial
36323012,SAMN36323012,10362_80,2019-08-21,80,SRS18186400,Leocadio Blanco-Bercial
36323011,SAMN36323011,10362_600,2019-08-21,600,SRS18186399,Leocadio Blanco-Bercial
36323010,SAMN36323010,10362_500,2019-08-21,500,SRS18186398,Leocadio Blanco-Bercial
36323009,SAMN36323009,10362_40,2019-08-21,40,SRS18186397,Leocadio Blanco-Bercial
36323008,SAMN36323008,10362_300,2019-08-21,300,SRS18186396,Leocadio Blanco-Bercial
36323007,SAMN36323007,10362_250,2019-08-21,250,SRS18186394,Leocadio Blanco-Bercial
36323006,SAMN36323006,10362_200,2019-08-21,200,SRS18186489,Leocadio Blanco-Bercial
36323005,SAMN36323005,10362_160,2019-08-21,160,SRS18186488,Leocadio Blanco-Bercial
36323004,SAMN36323004,10362_120,2019-08-21,120,SRS18186487,Leocadio Blanco-Bercial
36323003,SAMN36323003,10362_1000,2019-08-21,1000,SRS18186486,Leocadio Blanco-Bercial
36323002,SAMN36323002,10362_1,2019-08-21,1,SRS18186485,Leocadio Blanco-Bercial
36323001,SAMN36323001,10361_800,2019-07-18,800,SRS18186484,Leocadio Blanco-Bercial
36323000,SAMN36323000,10361_80,2019-07-18,80,SRS18186483,Leocadio Blanco-Bercial
36322999,SAMN36322999,10361_600,2019-07-18,600,SRS18186482,Leocadio Blanco-Bercial
36322998,SAMN36322998,10361_500,2019-07-18,500,SRS18186481,Leocadio Blanco-Bercial
36322997,SAMN36322997,10361_40,2019-07-18,40,SRS18186479,Leocadio Blanco-Bercial
36322996,SAMN36322996,10361_300,2019-07-18,300,SRS18186477,Leocadio Blanco-Bercial
36322995,SAMN36322995,10361_250,2019-07-18,250,SRS18186478,Leocadio Blanco-Bercial
36322994,SAMN36322994,10361_200,2019-07-18,200,SRS18186476,Leocadio Blanco-Bercial
36322993,SAMN36322993,10361_160,2019-07-18,160,SRS18186475,Leocadio Blanco-Bercial
36322992,SAMN36322992,10361_120,2019-07-18,120,SRS18186473,Leocadio Blanco-Bercial
36322991,SAMN36322991,10361_1000,2019-07-18,1000,SRS18186474,Leocadio Blanco-Bercial
36322990,SAMN36322990,10361_1,2019-07-18,1,SRS18186472,Leocadio Blanco-Bercial
36322989,SAMN36322989,10360_800,2019-06-09,800,SRS18186471,Leocadio Blanco-Bercial
36322988,SAMN36322988,10360_80,2019-06-09,80,SRS18186470,Leocadio Blanco-Bercial
36322987,SAMN36322987,10360_600,2019-06-09,600,SRS18186468,Leocadio Blanco-Bercial
36322986,SAMN36322986,10360_400,2019-06-09,400,SRS18186467,Leocadio Blanco-Bercial
36322985,SAMN36322985,10360_40,2019-06-09,40,SRS18186466,Leocadio Blanco-Bercial
36322984,SAMN36322984,10360_300,2019-06-09,300,SRS18186465,Leocadio Blanco-Bercial
36322983,SAMN36322983,10360_250,2019-06-09,250,SRS18186464,Leocadio Blanco-Bercial
36322982,SAMN36322982,10360_200,2019-06-09,200,SRS18186462,Leocadio Blanco-Bercial
36322981,SAMN36322981,10360_120,2019-06-09,120,SRS18186463,Leocadio Blanco-Bercial
36322980,SAMN36322980,10360_1000,2019-06-09,1000,SRS18186461,Leocadio Blanco-Bercial
36322979,SAMN36322979,10360_100,2019-06-09,100,SRS18186459,Leocadio Blanco-Bercial
36322978,SAMN36322978,10360_1,2019-06-09,1,SRS18186460,Leocadio Blanco-Bercial
36322977,SAMN36322977,10359_800,2019-05-16,800,SRS18186457,Leocadio Blanco-Bercial
36322976,SAMN36322976,10359_80,2019-05-16,80,SRS18186456,Leocadio Blanco-Bercial
36322975,SAMN36322975,10359_600,2019-05-16,600,SRS18186455,Leocadio Blanco-Bercial
36322974,SAMN36322974,10359_500,2019-05-16,500,SRS18186454,Leocadio Blanco-Bercial
36322973,SAMN36322973,10359_40,2019-05-16,40,SRS18186453,Leocadio Blanco-Bercial
36322972,SAMN36322972,10359_300,2019-05-16,300,SRS18186451,Leocadio Blanco-Bercial
36322971,SAMN36322971,10359_250,2019-05-16,250,SRS18186452,Leocadio Blanco-Bercial
36322970,SAMN36322970,10359_200,2019-05-16,200,SRS18186449,Leocadio Blanco-Bercial
36322969,SAMN36322969,10359_160,2019-05-16,160,SRS18186450,Leocadio Blanco-Bercial
36322968,SAMN36322968,10359_120,2019-05-16,120,SRS18186448,Leocadio Blanco-Bercial
36322967,SAMN36322967,10359_1000,2019-05-16,1000,SRS18186446,Leocadio Blanco-Bercial
36322966,SAMN36322966,10359_1,2019-05-16,1,SRS18186445,Leocadio Blanco-Bercial
36322965,SAMN36322965,10358_800,2019-04-12,800,SRS18186444,Leocadio Blanco-Bercial
36322964,SAMN36322964,10358_80,2019-04-12,100,SRS18186443,Leocadio Blanco-Bercial
36322963,SAMN36322963,10358_600,2019-04-12,600,SRS18186442,Leocadio Blanco-Bercial
36322962,SAMN36322962,10358_500,2019-04-12,500,SRS18186441,Leocadio Blanco-Bercial
36322961,SAMN36322961,10358_40,2019-04-12,40,SRS18186440,Leocadio Blanco-Bercial
36322960,SAMN36322960,10358_300,2019-04-12,300,SRS18186439,Leocadio Blanco-Bercial
36322959,SAMN36322959,10358_250,2019-04-12,250,SRS18186438,Leocadio Blanco-Bercial
36322958,SAMN36322958,10358_200,2019-04-12,200,SRS18186437,Leocadio Blanco-Bercial
36322957,SAMN36322957,10358_160,2019-04-12,160,SRS18186436,Leocadio Blanco-Bercial
36322956,SAMN36322956,10358_120,2019-04-12,120,SRS18186434,Leocadio Blanco-Bercial
36322955,SAMN36322955,10358_1000,2019-04-12,1000,SRS18186433,Leocadio Blanco-Bercial
36322954,SAMN36322954,10358_1,2019-04-12,1,SRS18186432,Leocadio Blanco-Bercial
36322953,SAMN36322953,10357_800,2019-03-11,800,SRS18186431,Leocadio Blanco-Bercial
36322952,SAMN36322952,10357_80,2019-03-11,80,SRS18186430,Leocadio Blanco-Bercial
36322951,SAMN36322951,10357_600,2019-03-11,600,SRS18186429,Leocadio Blanco-Bercial
36322950,SAMN36322950,10357_500,2019-03-11,500,SRS18186428,Leocadio Blanco-Bercial
36322949,SAMN36322949,10357_40,2019-03-11,40,SRS18186427,Leocadio Blanco-Bercial
36322948,SAMN36322948,10357_300,2019-03-11,300,SRS18186426,Leocadio Blanco-Bercial
36322947,SAMN36322947,10357_250,2019-03-11,250,SRS18186424,Leocadio Blanco-Bercial
36322946,SAMN36322946,10357_200,2019-03-11,200,SRS18186422,Leocadio Blanco-Bercial
36322945,SAMN36322945,10357_160,2019-03-11,160,SRS18186421,Leocadio Blanco-Bercial
36322944,SAMN36322944,10357_120,2019-03-11,120,SRS18186423,Leocadio Blanco-Bercial
36322943,SAMN36322943,10357_1000,2019-03-11,1000,SRS18186420,Leocadio Blanco-Bercial
36322942,SAMN36322942,10357_1,2019-03-11,1,SRS18186419,Leocadio Blanco-Bercial
36322941,SAMN36322941,10356_800,2019-02-18,800,SRS18186418,Leocadio Blanco-Bercial
36322940,SAMN36322940,10356_80,2019-02-18,80,SRS18186417,Leocadio Blanco-Bercial
36322939,SAMN36322939,10356_600,2019-02-18,600,SRS18186416,Leocadio Blanco-Bercial
36322938,SAMN36322938,10356_500,2019-02-18,500,SRS18186415,Leocadio Blanco-Bercial
36322937,SAMN36322937,10356_40,2019-02-18,40,SRS18186414,Leocadio Blanco-Bercial
36322936,SAMN36322936,10356_300,2019-02-18,300,SRS18186412,Leocadio Blanco-Bercial
36322935,SAMN36322935,10356_250,2019-02-18,250,SRS18186411,Leocadio Blanco-Bercial
36322934,SAMN36322934,10356_200,2019-02-18,200,SRS18186410,Leocadio Blanco-Bercial
36322933,SAMN36322933,10356_160,2019-02-18,160,SRS18186407,Leocadio Blanco-Bercial
36322932,SAMN36322932,10356_120,2019-02-18,120,SRS18186384,Leocadio Blanco-Bercial
36322931,SAMN36322931,10356_1000,2019-02-18,1000,SRS18186373,Leocadio Blanco-Bercial
36322930,SAMN36322930,10356_1,2019-02-18,1,SRS18186362,Leocadio Blanco-Bercial
36322929,SAMN36322929,10355_800,2019-01-13,800,SRS18186351,Leocadio Blanco-Bercial
36322928,SAMN36322928,10355_80,2019-01-13,80,SRS18186340,Leocadio Blanco-Bercial
36322927,SAMN36322927,10355_600,2019-01-13,400,SRS18186395,Leocadio Blanco-Bercial
36322926,SAMN36322926,10355_500,2019-01-13,500,SRS18186480,Leocadio Blanco-Bercial
36322925,SAMN36322925,10355_40,2019-01-13,40,SRS18186469,Leocadio Blanco-Bercial
36322924,SAMN36322924,10355_300,2019-01-13,300,SRS18186458,Leocadio Blanco-Bercial
36322923,SAMN36322923,10355_250,2019-01-13,250,SRS18186447,Leocadio Blanco-Bercial
36322922,SAMN36322922,10355_200,2019-01-13,200,SRS18186435,Leocadio Blanco-Bercial
36322921,SAMN36322921,10355_160,2019-01-13,160,SRS18186425,Leocadio Blanco-Bercial
36322920,SAMN36322920,10355_120,2019-01-13,120,SRS18186413,Leocadio Blanco-Bercial
36322919,SAMN36322919,10355_1000,2019-01-13,1000,SRS18186339,Leocadio Blanco-Bercial
36322918,SAMN36322918,10355_1,2019-01-13,1,SRS18186338,Leocadio Blanco-Bercial
28811521,SAMN28811521,1035402001_16S_V1V2,2018-12-15,1,SRS13275562,Luis Bolanos
28811520,SAMN28811520,1035301701_16S_V1V2,2018-11-07,1,SRS13275561,Luis Bolanos
28811519,SAMN28811519,1035202101_16S_V1V2,2018-10-21,1,SRS13275559,Luis Bolanos
28811518,SAMN28811518,1035101601_16S_V1V2,2018-09-12,1,SRS13275558,Luis Bolanos
28811517,SAMN28811517,1035001601_16S_V1V2,2018-08-14,1,SRS13275557,Luis Bolanos
28811516,SAMN28811516,1034902001_16S_V1V2,2018-07-21,1,SRS13275556,Luis Bolanos
28811515,SAMN28811515,1034800901_16S_V1V2,2018-06-15,1,SRS13275555,Luis Bolanos
28811514,SAMN28811514,1034701601_16S_V1V2,2018-05-24,1,SRS13275554,Luis Bolanos
28811513,SAMN28811513,2034601101_16S_V1V2,2018-04-26,1,SRS13275553,Luis Bolanos
28811512,SAMN28811512,1034601201_16S_V1V2,2018-04-14,1,SRS13275552,Luis Bolanos
28811511,SAMN28811511,2034500501_16S_V1V2,2018-03-25,1,SRS13275551,Luis Bolanos
28811510,SAMN28811510,2034400102_16S_V1V2,2018-02-27,1,SRS13275550,Luis Bolanos
28811509,SAMN28811509,1034401301_16S_V1V2,2018-02-11,1,SRS13275569,Luis Bolanos
28811508,SAMN28811508,1034301201_16S_V1V2,2018-01-16,1,SRS13275568,Luis Bolanos
28811507,SAMN28811507,1034201302_16S_V1V2,2017-12-14,1,SRS13275567,Luis Bolanos
28811506,SAMN28811506,1034101601_16S_V1V2,2017-11-19,1,SRS13275566,Luis Bolanos
28811505,SAMN28811505,1034000401_16S_V1V2,2017-10-18,1,SRS13275565,Luis Bolanos
28811504,SAMN28811504,1032400101_16S_V1V2,2016-05-04,1,SRS13275564,Luis Bolanos
28811503,SAMN28811503,1032300401_16S_V1V2,2016-04-15,1,SRS13275563,Luis Bolanos
28811502,SAMN28811502,2032200201_16S_V1V2,2016-04-04,1,SRS13275560,Luis Bolanos
28811501,SAMN28811501,1032200701_16S_V1V2,2016-03-25,1,SRS13275549,Luis Bolanos
28811500,SAMN28811500,1032100301_16S_V1V2,2016-03-08,1,SRS13275548,Luis Bolanos
26087324,SAMN26087324,9191601119_16S,2019-07-11,200,SRS12052227,Shuting Liu
26087323,SAMN26087323,9191601118_16S,2019-07-11,160,SRS12052228,Shuting Liu
26087322,SAMN26087322,9191601114_16S,2019-07-11,120,SRS12052226,Shuting Liu
26087321,SAMN26087321,9191601113_16S,2019-07-11,80,SRS12052225,Shuting Liu
26087320,SAMN26087320,9191601111_16S,2019-07-11,40,SRS12052224,Shuting Liu
26087319,SAMN26087319,9191601110_16S,2019-07-11,1,SRS12052223,Shuting Liu
26087318,SAMN26087318,9191601106_16S,2019-07-11,300,SRS12052221,Shuting Liu
26087317,SAMN26087317,9191601101_16S,2019-07-11,250,SRS12052222,Shuting Liu
26087316,SAMN26087316,9191601022_16S,2019-07-11,200,SRS12052219,Shuting Liu
26087315,SAMN26087315,9191601021_16S,2019-07-11,160,SRS12052218,Shuting Liu
26087314,SAMN26087314,9191601017_16S,2019-07-11,120,SRS12052217,Shuting Liu
26087313,SAMN26087313,9191601016_16S,2019-07-11,80,SRS12052215,Shuting Liu
26087312,SAMN26087312,9191601013_16S,2019-07-11,40,SRS12052216,Shuting Liu
26087311,SAMN26087311,9191601011_16S,2019-07-11,1,SRS12052214,Shuting Liu
26087310,SAMN26087310,9191601007_16S,2019-07-11,300,SRS12052213,Shuting Liu
26087309,SAMN26087309,9191601001_16S,2019-07-11,250,SRS12052212,Shuting Liu
26087308,SAMN26087308,9191600921_16S,2019-07-10,200,SRS12052211,Shuting Liu
26087307,SAMN26087307,9191600918_16S,2019-07-10,160,SRS12052209,Shuting Liu
26087306,SAMN26087306,9191600917_16S,2019-07-10,120,SRS12052208,Shuting Liu
26087305,SAMN26087305,9191600915_16S,2019-07-10,80,SRS12052207,Shuting Liu
26087304,SAMN26087304,9191600912_16S,2019-07-10,40,SRS12052206,Shuting Liu
26087303,SAMN26087303,9191600910_16S,2019-07-10,1,SRS12052204,Shuting Liu
26087302,SAMN26087302,9191600906_16S,2019-07-10,300,SRS12052205,Shuting Liu
26087301,SAMN26087301,9191600901_16S,2019-07-10,250,SRS12052203,Shuting Liu
26087300,SAMN26087300,9191600822_16S,2019-07-10,200,SRS12052202,Shuting Liu
26087299,SAMN26087299,9191600818_16S,2019-07-10,160,SRS12052200,Shuting Liu
26087298,SAMN26087298,9191600817_16S,2019-07-10,120,SRS12052201,Shuting Liu
26087297,SAMN26087297,9191600813_16S,2019-07-10,80,SRS12052199,Shuting Liu
26087296,SAMN26087296,9191600812_16S,2019-07-10,40,SRS12052323,Shuting Liu
26087295,SAMN26087295,9191600810_16S,2019-07-10,1,SRS12052322,Shuting Liu
26087294,SAMN26087294,9191600806_16S,2019-07-10,1000,SRS12052321,Shuting Liu
26087293,SAMN26087293,9191600801_16S,2019-07-10,800,SRS12052320,Shuting Liu
26087292,SAMN26087292,9191600621_16S,2019-07-10,600,SRS12052319,Shuting Liu
26087291,SAMN26087291,9191600620_16S,2019-07-10,400,SRS12052317,Shuting Liu
26087290,SAMN26087290,9191600616_16S,2019-07-10,300,SRS12052318,Shuting Liu
26087289,SAMN26087289,9191600615_16S,2019-07-10,250,SRS12052316,Shuting Liu
26087288,SAMN26087288,9191600612_16S,2019-07-10,200,SRS12052315,Shuting Liu
26087287,SAMN26087287,9191600610_16S,2019-07-10,160,SRS12052314,Shuting Liu
26087286,SAMN26087286,9191600607_16S,2019-07-10,120,SRS12052313,Shuting Liu
26087285,SAMN26087285,9191600601_16S,2019-07-10,80,SRS12052311,Shuting Liu
26087284,SAMN26087284,9191600422_16S,2019-07-09,40,SRS12052310,Shuting Liu
26087283,SAMN26087283,9191600421_16S,2019-07-09,1,SRS12052309,Shuting Liu
26087282,SAMN26087282,9191600414_16S,2019-07-09,1000,SRS12052307,Shuting Liu
26087281,SAMN26087281,9191600413_16S,2019-07-09,300,SRS12052308,Shuting Liu
26087280,SAMN26087280,9191600410_16S,2019-07-09,200,SRS12052306,Shuting Liu
26087279,SAMN26087279,9191600409_16S,2019-07-09,160,SRS12052305,Shuting Liu
26087278,SAMN26087278,9191600406_16S,2019-07-09,120,SRS12052304,Shuting Liu
26087277,SAMN26087277,9191600401_16S,2019-07-09,80,SRS12052303,Shuting Liu
26087276,SAMN26087276,9191600318_16S,2019-07-09,40,SRS12052300,Shuting Liu
26087275,SAMN26087275,9191600317_16S,2019-07-09,300,SRS12052301,Shuting Liu
26087274,SAMN26087274,9191600313_16S,2019-07-09,250,SRS12052299,Shuting Liu
26087273,SAMN26087273,9191600312_16S,2019-07-09,200,SRS12052298,Shuting Liu
26087272,SAMN26087272,9191600310_16S,2019-07-09,160,SRS12052297,Shuting Liu
26087271,SAMN26087271,9191600309_16S,2019-07-09,120,SRS12052295,Shuting Liu
26087270,SAMN26087270,9191600306_16S,2019-07-09,80,SRS12052296,Shuting Liu
26087269,SAMN26087269,9191600301_16S,2019-07-09,40,SRS12052294,Shuting Liu
26087268,SAMN26087268,9191600123_16S,2019-07-08,1,SRS12052293,Shuting Liu
26087267,SAMN26087267,9191600122_16S,2019-07-08,300,SRS12052291,Shuting Liu
26087266,SAMN26087266,9191600111_16S,2019-07-08,250,SRS12052290,Shuting Liu
26087265,SAMN26087265,9191600110_16S,2019-07-08,200,SRS12052289,Shuting Liu
26087264,SAMN26087264,9191600108_16S,2019-07-08,160,SRS12052288,Shuting Liu
26087263,SAMN26087263,9191600107_16S,2019-07-08,120,SRS12052287,Shuting Liu
26087262,SAMN26087262,9191600104_16S,2019-07-08,40,SRS12052286,Shuting Liu
26087261,SAMN26087261,9191600101_16S,2019-07-08,1,SRS12052285,Shuting Liu
26087260,SAMN26087260,9181901118_16S,2018-07-05,300,SRS12052283,Shuting Liu
26087259,SAMN26087259,9181901117_16S,2018-07-05,250,SRS12052284,Shuting Liu
26087258,SAMN26087258,9181901114_16S,2018-07-05,200,SRS12052282,Shuting Liu
26087257,SAMN26087257,9181901112_16S,2018-07-05,160,SRS12052280,Shuting Liu
26087256,SAMN26087256,9181901110_16S,2018-07-05,120,SRS12052279,Shuting Liu
26087255,SAMN26087255,9181901108_16S,2018-07-05,80,SRS12052278,Shuting Liu
26087254,SAMN26087254,9181901104_16S,2018-07-05,40,SRS12052276,Shuting Liu
26087253,SAMN26087253,9181901102_16S,2018-07-05,1,SRS12052277,Shuting Liu
26087252,SAMN26087252,9181901018_16S,2018-07-05,300,SRS12052275,Shuting Liu
26087251,SAMN26087251,9181901017_16S,2018-07-05,250,SRS12052274,Shuting Liu
26087250,SAMN26087250,9181901014_16S,2018-07-05,200,SRS12052273,Shuting Liu
26087249,SAMN26087249,9181901012_16S,2018-07-05,160,SRS12052272,Shuting Liu
26087248,SAMN26087248,9181901010_16S,2018-07-05,120,SRS12052270,Shuting Liu
26087247,SAMN26087247,9181901008_16S,2018-07-05,80,SRS12052271,Shuting Liu
26087246,SAMN26087246,9181901004_16S,2018-07-05,40,SRS12052268,Shuting Liu
26087245,SAMN26087245,9181901002_16S,2018-07-05,1,SRS12052267,Shuting Liu
26087244,SAMN26087244,9181900919_16S,2018-07-05,300,SRS12052266,Shuting Liu
26087243,SAMN26087243,9181900918_16S,2018-07-05,250,SRS12052265,Shuting Liu
26087242,SAMN26087242,9181900914_16S,2018-07-05,200,SRS12052264,Shuting Liu
26087241,SAMN26087241,9181900913_16S,2018-07-05,160,SRS12052263,Shuting Liu
26087240,SAMN26087240,9181900911_16S,2018-07-05,120,SRS12052262,Shuting Liu
26087239,SAMN26087239,9181900909_16S,2018-07-05,80,SRS12052260,Shuting Liu
26087238,SAMN26087238,9181900904_16S,2018-07-05,40,SRS12052261,Shuting Liu
26087237,SAMN26087237,9181900901_16S,2018-07-05,1,SRS12052259,Shuting Liu
26087236,SAMN26087236,9181900718_16S,2018-07-05,300,SRS12052257,Shuting Liu
26087235,SAMN26087235,9181900717_16S,2018-07-05,250,SRS12052256,Shuting Liu
26087234,SAMN26087234,9181900714_16S,2018-07-05,200,SRS12052255,Shuting Liu
26087233,SAMN26087233,9181900712_16S,2018-07-05,160,SRS12052254,Shuting Liu
26087232,SAMN26087232,9181900710_16S,2018-07-05,120,SRS12052252,Shuting Liu
26087231,SAMN26087231,9181900708_16S,2018-07-05,80,SRS12052253,Shuting Liu
26087230,SAMN26087230,9181900704_16S,2018-07-05,40,SRS12052251,Shuting Liu
26087229,SAMN26087229,9181900702_16S,2018-07-05,1,SRS12052250,Shuting Liu
26087228,SAMN26087228,9181900618_16S,2018-07-04,300,SRS12052249,Shuting Liu
26087227,SAMN26087227,9181900617_16S,2018-07-04,250,SRS12052248,Shuting Liu
26087226,SAMN26087226,9181900614_16S,2018-07-04,200,SRS12052246,Shuting Liu
26087225,SAMN26087225,9181900612_16S,2018-07-04,160,SRS12052245,Shuting Liu
26087224,SAMN26087224,9181900610_16S,2018-07-04,120,SRS12052244,Shuting Liu
26087223,SAMN26087223,9181900608_16S,2018-07-04,80,SRS12052243,Shuting Liu
26087222,SAMN26087222,9181900604_16S,2018-07-04,40,SRS12052242,Shuting Liu
26087221,SAMN26087221,9181900602_16S,2018-07-04,1,SRS12052241,Shuting Liu
26087220,SAMN26087220,9181900518_16S,2018-07-04,300,SRS12052239,Shuting Liu
26087219,SAMN26087219,9181900517_16S,2018-07-04,250,SRS12052240,Shuting Liu
26087218,SAMN26087218,9181900514_16S,2018-07-04,200,SRS12052238,Shuting Liu
26087217,SAMN26087217,9181900512_16S,2018-07-04,160,SRS12052237,Shuting Liu
26087216,SAMN26087216,9181900510_16S,2018-07-04,120,SRS12052234,Shuting Liu
26087215,SAMN26087215,9181900508_16S,2018-07-04,80,SRS12052235,Shuting Liu
26087214,SAMN26087214,9181900504_16S,2018-07-04,40,SRS12052233,Shuting Liu
26087213,SAMN26087213,9181900502_16S,2018-07-04,1,SRS12052232,Shuting Liu
26087212,SAMN26087212,9181900318_16S,2018-07-04,300,SRS12052231,Shuting Liu
26087211,SAMN26087211,9181900317_16S,2018-07-04,250,SRS12052230,Shuting Liu
26087210,SAMN26087210,9181900314_16S,2018-07-04,200,SRS12052229,Shuting Liu
26087209,SAMN26087209,9181900312_16S,2018-07-04,160,SRS12052220,Shuting Liu
26087208,SAMN26087208,9181900310_16S,2018-07-04,120,SRS12052210,Shuting Liu
26087207,SAMN26087207,9181900308_16S,2018-07-04,80,SRS12052198,Shuting Liu
26087206,SAMN26087206,9181900304_16S,2018-07-04,40,SRS12052312,Shuting Liu
26087205,SAMN26087205,9181900302_16S,2018-07-04,1,SRS12052302,Shuting Liu
26087204,SAMN26087204,9181900123_16S,2018-07-03,300,SRS12052292,Shuting Liu
26087203,SAMN26087203,9181900122_16S,2018-07-03,250,SRS12052281,Shuting Liu
26087202,SAMN26087202,9181900111_16S,2018-07-03,200,SRS12052269,Shuting Liu
26087201,SAMN26087201,9181900110_16S,2018-07-03,160,SRS12052258,Shuting Liu
26087200,SAMN26087200,9181900108_16S,2018-07-03,120,SRS12052247,Shuting Liu
26087199,SAMN26087199,9181900107_16S,2018-07-03,80,SRS12052236,Shuting Liu
26087198,SAMN26087198,9181900104_16S,2018-07-03,40,SRS12052197,Shuting Liu
26087197,SAMN26087197,9181900101_16S,2018-07-03,1,SRS12052196,Shuting Liu
22786685,SAMN22786685,1032400117_18S_V4,2016-05-03,1001.1,SRS10846896,Leocadio Blanco-Bercial
22786684,SAMN22786684,1032400116_18S_V4,2016-05-03,798.5,SRS10846897,Leocadio Blanco-Bercial
22786683,SAMN22786683,1032400115_18S_V4,2016-05-03,599.8,SRS10846895,Leocadio Blanco-Bercial
22786682,SAMN22786682,1032400114_18S_V4,2016-05-03,499.6,SRS10846894,Leocadio Blanco-Bercial
22786681,SAMN22786681,1032400112_18S_V4,2016-05-03,300.1,SRS10846893,Leocadio Blanco-Bercial
22786680,SAMN22786680,1032400111_18S_V4,2016-05-03,250.7,SRS10846891,Leocadio Blanco-Bercial
22786679,SAMN22786679,1032400109_18S_V4,2016-05-03,160.5,SRS10846890,Leocadio Blanco-Bercial
22786678,SAMN22786678,1032400107_18S_V4,2016-05-03,119.2,SRS10846892,Leocadio Blanco-Bercial
22786677,SAMN22786677,1032400105_18S_V4,2016-05-03,79.3,SRS10846889,Leocadio Blanco-Bercial
22786676,SAMN22786676,1032400103_18S_V4,2016-05-03,39.7,SRS10846887,Leocadio Blanco-Bercial
22786675,SAMN22786675,1032300415_18S_V4,2016-04-15,1000,SRS10846886,Leocadio Blanco-Bercial
22786674,SAMN22786674,1032300414_18S_V4,2016-04-15,798.1,SRS10846883,Leocadio Blanco-Bercial
22786673,SAMN22786673,1032300413_18S_V4,2016-04-15,603.2,SRS10846884,Leocadio Blanco-Bercial
22786672,SAMN22786672,1032300410_18S_V4,2016-04-15,300.3,SRS10846885,Leocadio Blanco-Bercial
22786671,SAMN22786671,1032300412_18S_V4,2016-04-15,500.2,SRS10846880,Leocadio Blanco-Bercial
22786670,SAMN22786670,1032300409_18S_V4,2016-04-15,250.8,SRS10846882,Leocadio Blanco-Bercial
22786669,SAMN22786669,1032300408_18S_V4,2016-04-15,199.2,SRS10846881,Leocadio Blanco-Bercial
22786668,SAMN22786668,1032300407_18S_V4,2016-04-15,160,SRS10846878,Leocadio Blanco-Bercial
22786667,SAMN22786667,1032300401_18S_V4,2016-04-15,4.6,SRS10846877,Leocadio Blanco-Bercial
22786666,SAMN22786666,2034500520_18S_V4,2018-03-25,801.3,SRS10846876,Leocadio Blanco-Bercial
22786665,SAMN22786665,2034500505_18S_V4,2018-03-25,79.6,SRS10846875,Leocadio Blanco-Bercial
22786664,SAMN22786664,2034500518_18S_V4,2018-03-25,603,SRS10846874,Leocadio Blanco-Bercial
22786663,SAMN22786663,2034500517_18S_V4,2018-03-25,498.8,SRS10846873,Leocadio Blanco-Bercial
22786662,SAMN22786662,2034500503_18S_V4,2018-03-25,40.2,SRS10846872,Leocadio Blanco-Bercial
22786661,SAMN22786661,2034500513_18S_V4,2018-03-25,302.8,SRS10846871,Leocadio Blanco-Bercial
22786660,SAMN22786660,2034500510_18S_V4,2018-03-25,247.9,SRS10846870,Leocadio Blanco-Bercial
22786659,SAMN22786659,2034500509_18S_V4,2018-03-25,200.8,SRS10846869,Leocadio Blanco-Bercial
22786658,SAMN22786658,2034500507_18S_V4,2018-03-25,159,SRS10846868,Leocadio Blanco-Bercial
22786657,SAMN22786657,2034500506_18S_V4,2018-03-25,119.4,SRS10846867,Leocadio Blanco-Bercial
22786656,SAMN22786656,2034500521_18S_V4,2018-03-25,999.5,SRS10846865,Leocadio Blanco-Bercial
22786655,SAMN22786655,2034500501_18S_V4,2018-03-25,4.3,SRS10846864,Leocadio Blanco-Bercial
22786654,SAMN22786654,1035402021_18S_V4,2018-12-16,798.6,SRS10846863,Leocadio Blanco-Bercial
22786653,SAMN22786653,1035402005_18S_V4,2018-12-16,80.4,SRS10846861,Leocadio Blanco-Bercial
22786652,SAMN22786652,1035402019_18S_V4,2018-12-16,604,SRS10846862,Leocadio Blanco-Bercial
22786651,SAMN22786651,1035402018_18S_V4,2018-12-16,500.7,SRS10846860,Leocadio Blanco-Bercial
22786650,SAMN22786650,1035402003_18S_V4,2018-12-16,40.7,SRS10846859,Leocadio Blanco-Bercial
22786649,SAMN22786649,1035402015_18S_V4,2018-12-16,299.3,SRS10846858,Leocadio Blanco-Bercial
22786648,SAMN22786648,1035402013_18S_V4,2018-12-16,251,SRS10846857,Leocadio Blanco-Bercial
22786647,SAMN22786647,1035402011_18S_V4,2018-12-16,203.7,SRS10846856,Leocadio Blanco-Bercial
22786646,SAMN22786646,1035402009_18S_V4,2018-12-16,161.9,SRS10846853,Leocadio Blanco-Bercial
22786645,SAMN22786645,1035402007_18S_V4,2018-12-16,119.8,SRS10846855,Leocadio Blanco-Bercial
22786644,SAMN22786644,1035402023_18S_V4,2018-12-16,997.9,SRS10846852,Leocadio Blanco-Bercial
22786643,SAMN22786643,1035402001_18S_V4,2018-12-16,1.9,SRS10846851,Leocadio Blanco-Bercial
22786642,SAMN22786642,1035301722_18S_V4,2018-11-06,799.9,SRS10846850,Leocadio Blanco-Bercial
22786641,SAMN22786641,1035301721_18S_V4,2018-11-06,599.5,SRS10846849,Leocadio Blanco-Bercial
22786640,SAMN22786640,1035301717_18S_V4,2018-11-07,297.6,SRS10846847,Leocadio Blanco-Bercial
22786639,SAMN22786639,1035301713_18S_V4,2018-11-07,158.3,SRS10846848,Leocadio Blanco-Bercial
22786638,SAMN22786638,1035301709_18S_V4,2018-11-07,119.4,SRS10846845,Leocadio Blanco-Bercial
22786637,SAMN22786637,1035301723_18S_V4,2018-11-06,998.1,SRS10846846,Leocadio Blanco-Bercial
22786636,SAMN22786636,1035301701_18S_V4,2018-11-07,2.2,SRS10846843,Leocadio Blanco-Bercial
22786635,SAMN22786635,1035202121_18S_V4,2018-10-18,800.9,SRS10846842,Leocadio Blanco-Bercial
22786634,SAMN22786634,1035202106_18S_V4,2018-10-21,82.5,SRS10846841,Leocadio Blanco-Bercial
22786633,SAMN22786633,1035202119_18S_V4,2018-10-18,601.4,SRS10846840,Leocadio Blanco-Bercial
22786632,SAMN22786632,1035202117_18S_V4,2018-10-21,499.4,SRS10846839,Leocadio Blanco-Bercial
22786631,SAMN22786631,1035202104_18S_V4,2018-10-21,41.4,SRS10846838,Leocadio Blanco-Bercial
22786630,SAMN22786630,1035202115_18S_V4,2018-10-21,301.5,SRS10846837,Leocadio Blanco-Bercial
22786629,SAMN22786629,1035202113_18S_V4,2018-10-21,249.5,SRS10846836,Leocadio Blanco-Bercial
22786628,SAMN22786628,1035202111_18S_V4,2018-10-21,198.8,SRS10846835,Leocadio Blanco-Bercial
22786627,SAMN22786627,1035202110_18S_V4,2018-10-21,160.4,SRS10846833,Leocadio Blanco-Bercial
22786626,SAMN22786626,1035202108_18S_V4,2018-10-21,119.9,SRS10846831,Leocadio Blanco-Bercial
22786625,SAMN22786625,1035202123_18S_V4,2018-10-18,1000.3,SRS10846834,Leocadio Blanco-Bercial
22786624,SAMN22786624,1035202101_18S_V4,2018-10-21,4.6,SRS10846830,Leocadio Blanco-Bercial
22786623,SAMN22786623,1035101621_18S_V4,2018-09-11,801.5,SRS10846828,Leocadio Blanco-Bercial
22786622,SAMN22786622,1035101605_18S_V4,2018-09-12,80.2,SRS10846829,Leocadio Blanco-Bercial
22786621,SAMN22786621,1035101619_18S_V4,2018-09-11,600.8,SRS10846827,Leocadio Blanco-Bercial
22786620,SAMN22786620,1035101617_18S_V4,2018-09-12,499.1,SRS10846826,Leocadio Blanco-Bercial
22786619,SAMN22786619,1035101603_18S_V4,2018-09-12,40,SRS10846821,Leocadio Blanco-Bercial
22786618,SAMN22786618,1035101615_18S_V4,2018-09-12,300.4,SRS10846819,Leocadio Blanco-Bercial
22786617,SAMN22786617,1035101613_18S_V4,2018-09-12,250.3,SRS10846820,Leocadio Blanco-Bercial
22786616,SAMN22786616,1035101611_18S_V4,2018-09-12,201,SRS10846816,Leocadio Blanco-Bercial
22786615,SAMN22786615,1035101609_18S_V4,2018-09-12,161.8,SRS10846814,Leocadio Blanco-Bercial
22786614,SAMN22786614,1035101607_18S_V4,2018-09-12,118.9,SRS10846815,Leocadio Blanco-Bercial
22786613,SAMN22786613,1035101623_18S_V4,2018-09-11,1000.9,SRS10846812,Leocadio Blanco-Bercial
22786612,SAMN22786612,1035101601_18S_V4,2018-09-12,4.6,SRS10846813,Leocadio Blanco-Bercial
22786611,SAMN22786611,1035001621_18S_V4,2018-08-13,799.7,SRS10846810,Leocadio Blanco-Bercial
22786610,SAMN22786610,1035001605_18S_V4,2018-08-14,79.5,SRS10846811,Leocadio Blanco-Bercial
22786609,SAMN22786609,1035001619_18S_V4,2018-08-13,599.5,SRS10846809,Leocadio Blanco-Bercial
22786608,SAMN22786608,1035001617_18S_V4,2018-08-14,500.4,SRS10846808,Leocadio Blanco-Bercial
22786607,SAMN22786607,1035001603_18S_V4,2018-08-14,39.7,SRS10846804,Leocadio Blanco-Bercial
22786606,SAMN22786606,1035001615_18S_V4,2018-08-14,303,SRS10846807,Leocadio Blanco-Bercial
22786605,SAMN22786605,1035001613_18S_V4,2018-08-14,249.6,SRS10846806,Leocadio Blanco-Bercial
22786604,SAMN22786604,1035001611_18S_V4,2018-08-14,200.6,SRS10846803,Leocadio Blanco-Bercial
22786603,SAMN22786603,1035001609_18S_V4,2018-08-14,159.7,SRS10846802,Leocadio Blanco-Bercial
22786602,SAMN22786602,1035001607_18S_V4,2018-08-14,119.3,SRS10846801,Leocadio Blanco-Bercial
22786601,SAMN22786601,1035001623_18S_V4,2018-08-13,999.6,SRS10846800,Leocadio Blanco-Bercial
22786600,SAMN22786600,1035001601_18S_V4,2018-08-14,3,SRS10846799,Leocadio Blanco-Bercial
22786599,SAMN22786599,1034902021_18S_V4,2018-07-18,799,SRS10846798,Leocadio Blanco-Bercial
22786598,SAMN22786598,1034902005_18S_V4,2018-07-21,80.4,SRS10846797,Leocadio Blanco-Bercial
22786597,SAMN22786597,1034902019_18S_V4,2018-07-18,601.6,SRS10846795,Leocadio Blanco-Bercial
22786596,SAMN22786596,1034902017_18S_V4,2018-07-21,501.3,SRS10846794,Leocadio Blanco-Bercial
22786595,SAMN22786595,1034902003_18S_V4,2018-07-21,39.8,SRS10846793,Leocadio Blanco-Bercial
22786594,SAMN22786594,1034902009_18S_V4,2018-07-21,160,SRS10846792,Leocadio Blanco-Bercial
22786593,SAMN22786593,1034902007_18S_V4,2018-07-21,120.1,SRS10846791,Leocadio Blanco-Bercial
22786592,SAMN22786592,1034902023_18S_V4,2018-07-18,1001.1,SRS10846789,Leocadio Blanco-Bercial
22786591,SAMN22786591,1034902001_18S_V4,2018-07-21,3.4,SRS10846787,Leocadio Blanco-Bercial
22786590,SAMN22786590,1034800921_18S_V4,2018-06-13,802.9,SRS10846790,Leocadio Blanco-Bercial
22786589,SAMN22786589,1034800905_18S_V4,2018-06-15,80.3,SRS10846788,Leocadio Blanco-Bercial
22786588,SAMN22786588,1034800903_18S_V4,2018-06-15,40.8,SRS10846786,Leocadio Blanco-Bercial
22786587,SAMN22786587,1034800913_18S_V4,2018-06-15,251.5,SRS10846785,Leocadio Blanco-Bercial
22786586,SAMN22786586,1034800911_18S_V4,2018-06-15,200.7,SRS10846782,Leocadio Blanco-Bercial
22786585,SAMN22786585,1034800909_18S_V4,2018-06-15,159,SRS10846780,Leocadio Blanco-Bercial
22786584,SAMN22786584,1034800907_18S_V4,2018-06-15,120.2,SRS10846781,Leocadio Blanco-Bercial
22786583,SAMN22786583,1034800923_18S_V4,2018-06-13,1001.4,SRS10846779,Leocadio Blanco-Bercial
22786582,SAMN22786582,1034800901_18S_V4,2018-06-15,3.8,SRS10846777,Leocadio Blanco-Bercial
22786581,SAMN22786581,1034701605_18S_V4,2018-05-24,81.4,SRS10846776,Leocadio Blanco-Bercial
22786580,SAMN22786580,1034701603_18S_V4,2018-05-24,40.5,SRS10846778,Leocadio Blanco-Bercial
22786579,SAMN22786579,1034701613_18S_V4,2018-05-24,250.1,SRS10846775,Leocadio Blanco-Bercial
22786578,SAMN22786578,1034701611_18S_V4,2018-05-24,201.1,SRS10846774,Leocadio Blanco-Bercial
22786577,SAMN22786577,1034701609_18S_V4,2018-05-24,159.8,SRS10846773,Leocadio Blanco-Bercial
22786576,SAMN22786576,1034701607_18S_V4,2018-05-24,120.6,SRS10846770,Leocadio Blanco-Bercial
22786575,SAMN22786575,1034701601_18S_V4,2018-05-24,3.2,SRS10846771,Leocadio Blanco-Bercial
22786574,SAMN22786574,1034601221_18S_V4,2018-04-13,798.4,SRS10846769,Leocadio Blanco-Bercial
22786573,SAMN22786573,1034601205_18S_V4,2018-04-14,81.5,SRS10846768,Leocadio Blanco-Bercial
22786572,SAMN22786572,1034601219_18S_V4,2018-04-13,601.2,SRS10846766,Leocadio Blanco-Bercial
22786571,SAMN22786571,1034601217_18S_V4,2018-04-14,499.7,SRS10846767,Leocadio Blanco-Bercial
22786570,SAMN22786570,1034601203_18S_V4,2018-04-14,40.4,SRS10846765,Leocadio Blanco-Bercial
22786569,SAMN22786569,1034601215_18S_V4,2018-04-14,301.5,SRS10847131,Leocadio Blanco-Bercial
22786568,SAMN22786568,1034601213_18S_V4,2018-04-14,251.4,SRS10847130,Leocadio Blanco-Bercial
22786567,SAMN22786567,1034601211_18S_V4,2018-04-14,200.4,SRS10847129,Leocadio Blanco-Bercial
22786566,SAMN22786566,1034601209_18S_V4,2018-04-14,160.6,SRS10847127,Leocadio Blanco-Bercial
22786565,SAMN22786565,1034601207_18S_V4,2018-04-14,120,SRS10847126,Leocadio Blanco-Bercial
22786564,SAMN22786564,1034601223_18S_V4,2018-04-13,998,SRS10847128,Leocadio Blanco-Bercial
22786563,SAMN22786563,1034601201_18S_V4,2018-04-14,4,SRS10847125,Leocadio Blanco-Bercial
22786562,SAMN22786562,1034401321_18S_V4,2018-02-10,801.1,SRS10847124,Leocadio Blanco-Bercial
22786561,SAMN22786561,1034401305_18S_V4,2018-02-11,80.6,SRS10847122,Leocadio Blanco-Bercial
22786560,SAMN22786560,1034401319_18S_V4,2018-02-10,601.3,SRS10847121,Leocadio Blanco-Bercial
22786559,SAMN22786559,1034401317_18S_V4,2018-02-11,500.9,SRS10847119,Leocadio Blanco-Bercial
22786558,SAMN22786558,1034401303_18S_V4,2018-02-11,41.2,SRS10847120,Leocadio Blanco-Bercial
22786557,SAMN22786557,1034401315_18S_V4,2018-02-11,301.2,SRS10847117,Leocadio Blanco-Bercial
22786556,SAMN22786556,1034401313_18S_V4,2018-02-11,250.6,SRS10847115,Leocadio Blanco-Bercial
22786555,SAMN22786555,1034401311_18S_V4,2018-02-11,199,SRS10847116,Leocadio Blanco-Bercial
22786554,SAMN22786554,1034401309_18S_V4,2018-02-11,160,SRS10847114,Leocadio Blanco-Bercial
22786553,SAMN22786553,1034401307_18S_V4,2018-02-11,120.1,SRS10847112,Leocadio Blanco-Bercial
22786552,SAMN22786552,1034401323_18S_V4,2018-02-10,1001.6,SRS10847113,Leocadio Blanco-Bercial
22786551,SAMN22786551,1034401301_18S_V4,2018-02-11,5.3,SRS10847111,Leocadio Blanco-Bercial
22786550,SAMN22786550,1034301222_18S_V4,2018-01-15,798.5,SRS10847110,Leocadio Blanco-Bercial
22786549,SAMN22786549,1034301205_18S_V4,2018-01-16,80.3,SRS10847109,Leocadio Blanco-Bercial
22786548,SAMN22786548,1034301219_18S_V4,2018-01-15,600.3,SRS10847108,Leocadio Blanco-Bercial
22786547,SAMN22786547,1034301217_18S_V4,2018-01-16,499.5,SRS10847107,Leocadio Blanco-Bercial
22786546,SAMN22786546,1034301203_18S_V4,2018-01-16,39.5,SRS10847105,Leocadio Blanco-Bercial
22786545,SAMN22786545,1034301215_18S_V4,2018-01-16,300.7,SRS10847104,Leocadio Blanco-Bercial
22786544,SAMN22786544,1034301213_18S_V4,2018-01-16,249.6,SRS10847102,Leocadio Blanco-Bercial
22786543,SAMN22786543,1034301211_18S_V4,2018-01-16,200,SRS10847103,Leocadio Blanco-Bercial
22786542,SAMN22786542,1034301209_18S_V4,2018-01-16,158.5,SRS10847101,Leocadio Blanco-Bercial
22786541,SAMN22786541,1034301207_18S_V4,2018-01-16,119.7,SRS10847100,Leocadio Blanco-Bercial
22786540,SAMN22786540,1034301223_18S_V4,2018-01-15,999.9,SRS10847099,Leocadio Blanco-Bercial
22786539,SAMN22786539,1034301201_18S_V4,2018-01-16,4.3,SRS10847098,Leocadio Blanco-Bercial
22786538,SAMN22786538,1034201321_18S_V4,2017-12-12,804.7,SRS10847097,Leocadio Blanco-Bercial
22786537,SAMN22786537,1034201305_18S_V4,2017-12-13,80.1,SRS10847095,Leocadio Blanco-Bercial
22786536,SAMN22786536,1034201319_18S_V4,2017-12-12,600.1,SRS10847094,Leocadio Blanco-Bercial
22786535,SAMN22786535,1034201317_18S_V4,2017-12-14,500.7,SRS10847093,Leocadio Blanco-Bercial
22786534,SAMN22786534,1034201303_18S_V4,2017-12-13,38.6,SRS10847091,Leocadio Blanco-Bercial
22786533,SAMN22786533,1034201315_18S_V4,2017-12-14,301.9,SRS10847092,Leocadio Blanco-Bercial
22786532,SAMN22786532,1034201313_18S_V4,2017-12-13,251.1,SRS10847090,Leocadio Blanco-Bercial
22786531,SAMN22786531,1034201311_18S_V4,2017-12-13,200.5,SRS10847089,Leocadio Blanco-Bercial
22786530,SAMN22786530,1034201309_18S_V4,2017-12-13,159.5,SRS10847087,Leocadio Blanco-Bercial
22786529,SAMN22786529,1034201307_18S_V4,2017-12-13,121.3,SRS10847085,Leocadio Blanco-Bercial
22786528,SAMN22786528,1034201323_18S_V4,2017-12-12,999.7,SRS10847088,Leocadio Blanco-Bercial
22786527,SAMN22786527,1034201302_18S_V4,2017-12-13,5,SRS10847086,Leocadio Blanco-Bercial
22786526,SAMN22786526,1034101621_18S_V4,2017-11-17,803.1,SRS10847083,Leocadio Blanco-Bercial
22786525,SAMN22786525,1034101605_18S_V4,2017-11-18,80.1,SRS10847081,Leocadio Blanco-Bercial
22786524,SAMN22786524,1034101619_18S_V4,2017-11-17,601.2,SRS10847079,Leocadio Blanco-Bercial
22786523,SAMN22786523,1034101617_18S_V4,2017-11-18,499.7,SRS10847080,Leocadio Blanco-Bercial
22786522,SAMN22786522,1034101603_18S_V4,2017-11-18,40.9,SRS10847082,Leocadio Blanco-Bercial
22786521,SAMN22786521,1034101615_18S_V4,2017-11-18,301.5,SRS10847078,Leocadio Blanco-Bercial
22786520,SAMN22786520,1034101613_18S_V4,2017-11-18,250.1,SRS10847077,Leocadio Blanco-Bercial
22786519,SAMN22786519,1034101611_18S_V4,2017-11-18,200.4,SRS10847075,Leocadio Blanco-Bercial
22786518,SAMN22786518,1034101609_18S_V4,2017-11-18,160.6,SRS10847074,Leocadio Blanco-Bercial
22786517,SAMN22786517,1034101607_18S_V4,2017-11-18,119.3,SRS10847076,Leocadio Blanco-Bercial
22786516,SAMN22786516,1034101623_18S_V4,2017-11-17,1000.9,SRS10847072,Leocadio Blanco-Bercial
22786515,SAMN22786515,1034101601_18S_V4,2017-11-18,1.8,SRS10847070,Leocadio Blanco-Bercial
22786514,SAMN22786514,1034000421_18S_V4,2017-10-19,798.7,SRS10847069,Leocadio Blanco-Bercial
22786513,SAMN22786513,1034000405_18S_V4,2017-10-18,78.7,SRS10847068,Leocadio Blanco-Bercial
22786512,SAMN22786512,1034000419_18S_V4,2017-10-19,601.2,SRS10847067,Leocadio Blanco-Bercial
22786511,SAMN22786511,1034000417_18S_V4,2017-10-18,498.7,SRS10847065,Leocadio Blanco-Bercial
22786510,SAMN22786510,1034000403_18S_V4,2017-10-18,40.4,SRS10847066,Leocadio Blanco-Bercial
22786509,SAMN22786509,1034000415_18S_V4,2017-10-18,300.7,SRS10847064,Leocadio Blanco-Bercial
22786508,SAMN22786508,1034000413_18S_V4,2017-10-18,249.8,SRS10847063,Leocadio Blanco-Bercial
22786507,SAMN22786507,1034000411_18S_V4,2017-10-18,200.1,SRS10847062,Leocadio Blanco-Bercial
22786506,SAMN22786506,1034000409_18S_V4,2017-10-18,160.8,SRS10847059,Leocadio Blanco-Bercial
22786505,SAMN22786505,1034000407_18S_V4,2017-10-18,119.8,SRS10847061,Leocadio Blanco-Bercial
22786504,SAMN22786504,1034000423_18S_V4,2017-10-19,1000.1,SRS10847058,Leocadio Blanco-Bercial
22786503,SAMN22786503,1034000401_18S_V4,2017-10-18,9.5,SRS10847057,Leocadio Blanco-Bercial
22786502,SAMN22786502,1033901122_18S_V4,2017-09-12,798.2,SRS10847056,Leocadio Blanco-Bercial
22786501,SAMN22786501,1033901107_18S_V4,2017-09-13,82.3,SRS10847055,Leocadio Blanco-Bercial
22786500,SAMN22786500,1033901121_18S_V4,2017-09-12,602.2,SRS10847054,Leocadio Blanco-Bercial
22786499,SAMN22786499,1033901104_18S_V4,2017-09-13,40.9,SRS10847053,Leocadio Blanco-Bercial
22786498,SAMN22786498,1033901117_18S_V4,2017-09-13,302.1,SRS10847052,Leocadio Blanco-Bercial
22786497,SAMN22786497,1033901115_18S_V4,2017-09-13,252.8,SRS10847051,Leocadio Blanco-Bercial
22786496,SAMN22786496,1033901113_18S_V4,2017-09-13,199.8,SRS10847048,Leocadio Blanco-Bercial
22786495,SAMN22786495,1033901112_18S_V4,2017-09-13,161.5,SRS10847049,Leocadio Blanco-Bercial
22786494,SAMN22786494,1033901109_18S_V4,2017-09-13,118.9,SRS10847047,Leocadio Blanco-Bercial
22786493,SAMN22786493,1033901123_18S_V4,2017-09-12,1000.5,SRS10847046,Leocadio Blanco-Bercial
22786492,SAMN22786492,1033901102_18S_V4,2017-09-13,3.8,SRS10847045,Leocadio Blanco-Bercial
22786491,SAMN22786491,1033801522_18S_V4,2017-08-16,801.3,SRS10847044,Leocadio Blanco-Bercial
22786490,SAMN22786490,1033801521_18S_V4,2017-08-15,602.1,SRS10847043,Leocadio Blanco-Bercial
22786489,SAMN22786489,1033801520_18S_V4,2017-08-16,501.1,SRS10847042,Leocadio Blanco-Bercial
22786488,SAMN22786488,1033801504_18S_V4,2017-08-16,39.6,SRS10847041,Leocadio Blanco-Bercial
22786487,SAMN22786487,1033801517_18S_V4,2017-08-16,300.1,SRS10847040,Leocadio Blanco-Bercial
22786486,SAMN22786486,1033801515_18S_V4,2017-08-16,249.9,SRS10847037,Leocadio Blanco-Bercial
22786485,SAMN22786485,1033801513_18S_V4,2017-08-16,199.2,SRS10847036,Leocadio Blanco-Bercial
22786484,SAMN22786484,1033801512_18S_V4,2017-08-16,159.3,SRS10847038,Leocadio Blanco-Bercial
22786483,SAMN22786483,1033801509_18S_V4,2017-08-16,120,SRS10847035,Leocadio Blanco-Bercial
22786482,SAMN22786482,1033801524_18S_V4,2017-08-15,1000.1,SRS10847034,Leocadio Blanco-Bercial
22786481,SAMN22786481,1033801501_18S_V4,2017-08-16,2.9,SRS10847033,Leocadio Blanco-Bercial
22786480,SAMN22786480,1033701722_18S_V4,2017-07-18,798.8,SRS10847032,Leocadio Blanco-Bercial
22786479,SAMN22786479,1033701707_18S_V4,2017-07-19,80.6,SRS10847031,Leocadio Blanco-Bercial
22786478,SAMN22786478,1033701721_18S_V4,2017-07-19,602.2,SRS10847030,Leocadio Blanco-Bercial
22786477,SAMN22786477,1033701704_18S_V4,2017-07-19,39.3,SRS10847029,Leocadio Blanco-Bercial
22786476,SAMN22786476,1033701717_18S_V4,2017-07-19,300.5,SRS10847025,Leocadio Blanco-Bercial
22786475,SAMN22786475,1033701715_18S_V4,2017-07-19,250.6,SRS10847027,Leocadio Blanco-Bercial
22786474,SAMN22786474,1033701713_18S_V4,2017-07-19,200.1,SRS10847028,Leocadio Blanco-Bercial
22786473,SAMN22786473,1033701712_18S_V4,2017-07-19,159.3,SRS10847024,Leocadio Blanco-Bercial
22786472,SAMN22786472,1033701709_18S_V4,2017-07-19,121.3,SRS10847022,Leocadio Blanco-Bercial
22786471,SAMN22786471,1033701723_18S_V4,2017-07-18,999.7,SRS10847023,Leocadio Blanco-Bercial
22786470,SAMN22786470,1033701701_18S_V4,2017-07-19,4.1,SRS10847021,Leocadio Blanco-Bercial
22786469,SAMN22786469,1033601321_18S_V4,2017-06-13,802.1,SRS10847020,Leocadio Blanco-Bercial
22786468,SAMN22786468,1033601305_18S_V4,2017-06-14,80.3,SRS10847019,Leocadio Blanco-Bercial
22786467,SAMN22786467,1033601320_18S_V4,2017-06-13,600.7,SRS10847017,Leocadio Blanco-Bercial
22786466,SAMN22786466,1033601317_18S_V4,2017-06-14,507.2,SRS10847015,Leocadio Blanco-Bercial
22786465,SAMN22786465,1033601303_18S_V4,2017-06-14,39.7,SRS10847014,Leocadio Blanco-Bercial
22786464,SAMN22786464,1033601315_18S_V4,2017-06-14,302.7,SRS10847016,Leocadio Blanco-Bercial
22786463,SAMN22786463,1033601313_18S_V4,2017-06-14,251.4,SRS10847013,Leocadio Blanco-Bercial
22786462,SAMN22786462,1033601311_18S_V4,2017-06-14,200.4,SRS10847011,Leocadio Blanco-Bercial
22786461,SAMN22786461,1033601309_18S_V4,2017-06-14,160.6,SRS10847012,Leocadio Blanco-Bercial
22786460,SAMN22786460,1033601307_18S_V4,2017-06-14,120.8,SRS10847009,Leocadio Blanco-Bercial
22786459,SAMN22786459,1033601323_18S_V4,2017-06-13,1001.3,SRS10847010,Leocadio Blanco-Bercial
22786458,SAMN22786458,1033601301_18S_V4,2017-06-14,3.9,SRS10847008,Leocadio Blanco-Bercial
22786457,SAMN22786457,1033500705_18S_V4,2017-05-10,81.2,SRS10847006,Leocadio Blanco-Bercial
22786456,SAMN22786456,1033500703_18S_V4,2017-05-10,40,SRS10847004,Leocadio Blanco-Bercial
22786455,SAMN22786455,1033500713_18S_V4,2017-05-10,249.9,SRS10847005,Leocadio Blanco-Bercial
22786454,SAMN22786454,1033500712_18S_V4,2017-05-10,202.1,SRS10847003,Leocadio Blanco-Bercial
22786453,SAMN22786453,1033500701_18S_V4,2017-05-10,4.3,SRS10847002,Leocadio Blanco-Bercial
22786452,SAMN22786452,1033500707_18S_V4,2017-05-10,119.6,SRS10847000,Leocadio Blanco-Bercial
22786451,SAMN22786451,1033401221_18S_V4,2017-04-11,799.6,SRS10847001,Leocadio Blanco-Bercial
22786450,SAMN22786450,1033401205_18S_V4,2017-04-11,80.7,SRS10846998,Leocadio Blanco-Bercial
22786449,SAMN22786449,1033401219_18S_V4,2017-04-11,598.6,SRS10846997,Leocadio Blanco-Bercial
22786448,SAMN22786448,1033401217_18S_V4,2017-04-11,506.2,SRS10846996,Leocadio Blanco-Bercial
22786447,SAMN22786447,1033401203_18S_V4,2017-04-11,40.2,SRS10846994,Leocadio Blanco-Bercial
22786446,SAMN22786446,1033401215_18S_V4,2017-04-11,300.2,SRS10846995,Leocadio Blanco-Bercial
22786445,SAMN22786445,1033401213_18S_V4,2017-04-11,251.4,SRS10846992,Leocadio Blanco-Bercial
22786444,SAMN22786444,1033401211_18S_V4,2017-04-11,199,SRS10846991,Leocadio Blanco-Bercial
22786443,SAMN22786443,1033401209_18S_V4,2017-04-11,161.4,SRS10846990,Leocadio Blanco-Bercial
22786442,SAMN22786442,1033401207_18S_V4,2017-04-11,119.6,SRS10846993,Leocadio Blanco-Bercial
22786441,SAMN22786441,1033401223_18S_V4,2017-04-11,998.5,SRS10846988,Leocadio Blanco-Bercial
22786440,SAMN22786440,1033401201_18S_V4,2017-04-11,4.6,SRS10846989,Leocadio Blanco-Bercial
22786439,SAMN22786439,1033300421_18S_V4,2017-02-20,802.4,SRS10846987,Leocadio Blanco-Bercial
22786438,SAMN22786438,1033300405_18S_V4,2017-02-19,77.8,SRS10846985,Leocadio Blanco-Bercial
22786437,SAMN22786437,1033300419_18S_V4,2017-02-20,599.5,SRS10846984,Leocadio Blanco-Bercial
22786436,SAMN22786436,1033300417_18S_V4,2017-02-18,499.9,SRS10846983,Leocadio Blanco-Bercial
22786435,SAMN22786435,1033300403_18S_V4,2017-02-19,41.8,SRS10846982,Leocadio Blanco-Bercial
22786434,SAMN22786434,1033300415_18S_V4,2017-02-18,300.4,SRS10846981,Leocadio Blanco-Bercial
22786433,SAMN22786433,1033300413_18S_V4,2017-02-19,249.5,SRS10846980,Leocadio Blanco-Bercial
22786432,SAMN22786432,1033300411_18S_V4,2017-02-19,201.4,SRS10846979,Leocadio Blanco-Bercial
22786431,SAMN22786431,1033300409_18S_V4,2017-02-19,161.4,SRS10846978,Leocadio Blanco-Bercial
22786430,SAMN22786430,1033300407_18S_V4,2017-02-19,122,SRS10846976,Leocadio Blanco-Bercial
22786429,SAMN22786429,1033300423_18S_V4,2017-02-20,1004.8,SRS10846973,Leocadio Blanco-Bercial
22786428,SAMN22786428,1033300401_18S_V4,2017-02-19,4,SRS10846974,Leocadio Blanco-Bercial
22786427,SAMN22786427,1033201521_18S_V4,2017-01-06,801.4,SRS10846975,Leocadio Blanco-Bercial
22786426,SAMN22786426,1033201505_18S_V4,2017-01-07,80.4,SRS10846972,Leocadio Blanco-Bercial
22786425,SAMN22786425,1033201519_18S_V4,2017-01-06,600.9,SRS10846971,Leocadio Blanco-Bercial
22786424,SAMN22786424,1033201518_18S_V4,2017-01-07,498.7,SRS10846970,Leocadio Blanco-Bercial
22786423,SAMN22786423,1033201504_18S_V4,2017-01-07,39,SRS10846968,Leocadio Blanco-Bercial
22786422,SAMN22786422,1033201515_18S_V4,2017-01-07,299.4,SRS10846969,Leocadio Blanco-Bercial
22786421,SAMN22786421,1033201513_18S_V4,2017-01-07,250.8,SRS10846822,Leocadio Blanco-Bercial
22786420,SAMN22786420,1033201511_18S_V4,2017-01-07,199.7,SRS10846966,Leocadio Blanco-Bercial
22786419,SAMN22786419,1033201509_18S_V4,2017-01-07,159.8,SRS10846967,Leocadio Blanco-Bercial
22786418,SAMN22786418,1033201507_18S_V4,2017-01-07,121,SRS10846965,Leocadio Blanco-Bercial
22786417,SAMN22786417,1033201523_18S_V4,2017-01-06,998.5,SRS10846963,Leocadio Blanco-Bercial
22786416,SAMN22786416,1033201501_18S_V4,2017-01-07,4.6,SRS10846962,Leocadio Blanco-Bercial
22786415,SAMN22786415,1033101521_18S_V4,2016-12-15,800.1,SRS10846961,Leocadio Blanco-Bercial
22786414,SAMN22786414,1033101505_18S_V4,2016-12-15,80.4,SRS10846964,Leocadio Blanco-Bercial
22786413,SAMN22786413,1033101519_18S_V4,2016-12-15,599.4,SRS10846960,Leocadio Blanco-Bercial
22786412,SAMN22786412,1033101517_18S_V4,2016-12-15,501.2,SRS10846959,Leocadio Blanco-Bercial
22786411,SAMN22786411,1033101503_18S_V4,2016-12-15,40,SRS10846957,Leocadio Blanco-Bercial
22786410,SAMN22786410,1033101515_18S_V4,2016-12-15,301.6,SRS10846956,Leocadio Blanco-Bercial
22786409,SAMN22786409,1033101513_18S_V4,2016-12-15,249.3,SRS10846955,Leocadio Blanco-Bercial
22786408,SAMN22786408,1033101511_18S_V4,2016-12-15,199.8,SRS10846954,Leocadio Blanco-Bercial
22786407,SAMN22786407,1033101509_18S_V4,2016-12-15,159.7,SRS10846953,Leocadio Blanco-Bercial
22786406,SAMN22786406,1033101507_18S_V4,2016-12-15,119.8,SRS10846951,Leocadio Blanco-Bercial
22786405,SAMN22786405,1033101523_18S_V4,2016-12-15,1001.5,SRS10846952,Leocadio Blanco-Bercial
22786404,SAMN22786404,1033101501_18S_V4,2016-12-15,5.2,SRS10846950,Leocadio Blanco-Bercial
22786403,SAMN22786403,1033001422_18S_V4,2016-11-21,801.4,SRS10846948,Leocadio Blanco-Bercial
22786402,SAMN22786402,1033001407_18S_V4,2016-11-21,80.7,SRS10846949,Leocadio Blanco-Bercial
22786401,SAMN22786401,1033001421_18S_V4,2016-11-21,605.3,SRS10846947,Leocadio Blanco-Bercial
22786400,SAMN22786400,1033001419_18S_V4,2016-11-21,397,SRS10846944,Leocadio Blanco-Bercial
22786399,SAMN22786399,1033001404_18S_V4,2016-11-21,39,SRS10846946,Leocadio Blanco-Bercial
22786398,SAMN22786398,1033001417_18S_V4,2016-11-21,298.8,SRS10846942,Leocadio Blanco-Bercial
22786397,SAMN22786397,1033001415_18S_V4,2016-11-21,250.2,SRS10846943,Leocadio Blanco-Bercial
22786396,SAMN22786396,1033001413_18S_V4,2016-11-21,196.9,SRS10846941,Leocadio Blanco-Bercial
22786395,SAMN22786395,1033001412_18S_V4,2016-11-21,160.2,SRS10846940,Leocadio Blanco-Bercial
22786394,SAMN22786394,1033001409_18S_V4,2016-11-21,119.7,SRS10846939,Leocadio Blanco-Bercial
22786393,SAMN22786393,1033001423_18S_V4,2016-11-21,1001.1,SRS10846937,Leocadio Blanco-Bercial
22786392,SAMN22786392,1033001401_18S_V4,2016-11-21,4.7,SRS10846938,Leocadio Blanco-Bercial
22786391,SAMN22786391,1032901121_18S_V4,2016-10-20,-999,SRS10846936,Leocadio Blanco-Bercial
22786390,SAMN22786390,1032901105_18S_V4,2016-10-20,79.7,SRS10846935,Leocadio Blanco-Bercial
22786389,SAMN22786389,1032901119_18S_V4,2016-10-20,-999,SRS10846933,Leocadio Blanco-Bercial
22786388,SAMN22786388,1032901117_18S_V4,2016-10-19,-999,SRS10846932,Leocadio Blanco-Bercial
22786387,SAMN22786387,1032901103_18S_V4,2016-10-20,39.5,SRS10846931,Leocadio Blanco-Bercial
22786386,SAMN22786386,1032901115_18S_V4,2016-10-20,298.6,SRS10846930,Leocadio Blanco-Bercial
22786385,SAMN22786385,1032901113_18S_V4,2016-10-20,250.6,SRS10846929,Leocadio Blanco-Bercial
22786384,SAMN22786384,1032901111_18S_V4,2016-10-20,199.8,SRS10846928,Leocadio Blanco-Bercial
22786383,SAMN22786383,1032901109_18S_V4,2016-10-20,159,SRS10846927,Leocadio Blanco-Bercial
22786382,SAMN22786382,1032901107_18S_V4,2016-10-20,121.7,SRS10846926,Leocadio Blanco-Bercial
22786381,SAMN22786381,1032901123_18S_V4,2016-10-20,-999,SRS10846923,Leocadio Blanco-Bercial
22786380,SAMN22786380,1032901101_18S_V4,2016-10-20,7.1,SRS10846924,Leocadio Blanco-Bercial
22786379,SAMN22786379,1032801517_18S_V4,2016-09-22,500.5,SRS10846922,Leocadio Blanco-Bercial
22786378,SAMN22786378,1032801515_18S_V4,2016-09-22,301.1,SRS10846920,Leocadio Blanco-Bercial
22786377,SAMN22786377,1032801513_18S_V4,2016-09-22,248.7,SRS10846919,Leocadio Blanco-Bercial
22786376,SAMN22786376,1032801512_18S_V4,2016-09-22,200.1,SRS10846918,Leocadio Blanco-Bercial
22786375,SAMN22786375,1032801509_18S_V4,2016-09-22,159.3,SRS10846917,Leocadio Blanco-Bercial
22786374,SAMN22786374,1032801507_18S_V4,2016-09-22,119.4,SRS10846916,Leocadio Blanco-Bercial
22786373,SAMN22786373,1032801504_18S_V4,2016-09-22,38.6,SRS10846915,Leocadio Blanco-Bercial
22786372,SAMN22786372,1032801523_18S_V4,2016-09-22,1001.1,SRS10846914,Leocadio Blanco-Bercial
22786371,SAMN22786371,1032801519_18S_V4,2016-09-22,601.6,SRS10846913,Leocadio Blanco-Bercial
22786370,SAMN22786370,1032801501_18S_V4,2016-09-22,4.9,SRS10846911,Leocadio Blanco-Bercial
22786369,SAMN22786369,1032701017_18S_V4,2016-08-18,400.3,SRS10846910,Leocadio Blanco-Bercial
22786368,SAMN22786368,1032701015_18S_V4,2016-08-18,300.7,SRS10846909,Leocadio Blanco-Bercial
22786367,SAMN22786367,1032701013_18S_V4,2016-08-18,249.9,SRS10846908,Leocadio Blanco-Bercial
22786366,SAMN22786366,1032701011_18S_V4,2016-08-18,200.8,SRS10846906,Leocadio Blanco-Bercial
22786365,SAMN22786365,1032701009_18S_V4,2016-08-18,160.3,SRS10846907,Leocadio Blanco-Bercial
22786364,SAMN22786364,1032701007_18S_V4,2016-08-18,119.9,SRS10846904,Leocadio Blanco-Bercial
22786363,SAMN22786363,1032701005_18S_V4,2016-08-18,79.3,SRS10846902,Leocadio Blanco-Bercial
22786362,SAMN22786362,1032701003_18S_V4,2016-08-18,41,SRS10846905,Leocadio Blanco-Bercial
22786361,SAMN22786361,1032701023_18S_V4,2016-08-18,1001.9,SRS10846903,Leocadio Blanco-Bercial
22786360,SAMN22786360,1032701021_18S_V4,2016-08-18,801.8,SRS10846900,Leocadio Blanco-Bercial
22786359,SAMN22786359,1032701019_18S_V4,2016-08-18,601.8,SRS10846899,Leocadio Blanco-Bercial
22786358,SAMN22786358,1032701001_18S_V4,2016-08-18,4.1,SRS10846898,Leocadio Blanco-Bercial
22786357,SAMN22786357,1032601215_18S_V4,2016-07-24,302.5,SRS10846888,Leocadio Blanco-Bercial
22786356,SAMN22786356,1032601205_18S_V4,2016-07-24,80.1,SRS10846879,Leocadio Blanco-Bercial
22786355,SAMN22786355,1032501417_18S_V4,2016-06-16,500.9,SRS10846866,Leocadio Blanco-Bercial
22786354,SAMN22786354,1032501415_18S_V4,2016-06-16,303.2,SRS10846854,Leocadio Blanco-Bercial
22786353,SAMN22786353,1032501413_18S_V4,2016-06-16,250.7,SRS10846844,Leocadio Blanco-Bercial
22786352,SAMN22786352,1032501412_18S_V4,2016-06-16,201.8,SRS10846832,Leocadio Blanco-Bercial
22786351,SAMN22786351,1032501409_18S_V4,2016-06-16,161.1,SRS10846818,Leocadio Blanco-Bercial
22786350,SAMN22786350,1032501407_18S_V4,2016-06-16,119.2,SRS10846805,Leocadio Blanco-Bercial
22786349,SAMN22786349,1032501405_18S_V4,2016-06-16,81.3,SRS10846796,Leocadio Blanco-Bercial
22786348,SAMN22786348,1032501403_18S_V4,2016-06-16,41.1,SRS10846784,Leocadio Blanco-Bercial
22786347,SAMN22786347,1032501423_18S_V4,2016-06-16,801.3,SRS10846772,Leocadio Blanco-Bercial
22786346,SAMN22786346,1032501419_18S_V4,2016-06-16,604.5,SRS10847132,Leocadio Blanco-Bercial
22786345,SAMN22786345,1032501401_18S_V4,2016-06-16,41.1,SRS10847118,Leocadio Blanco-Bercial
22786344,SAMN22786344,1032200717_18S_V4,2016-03-25,500.2,SRS10847106,Leocadio Blanco-Bercial
22786343,SAMN22786343,1032200713_18S_V4,2016-03-25,300.2,SRS10847096,Leocadio Blanco-Bercial
22786342,SAMN22786342,1032200712_18S_V4,2016-03-25,250.2,SRS10847084,Leocadio Blanco-Bercial
22786341,SAMN22786341,1032200711_18S_V4,2016-03-25,200.5,SRS10847073,Leocadio Blanco-Bercial
22786340,SAMN22786340,1032200710_18S_V4,2016-03-25,160.9,SRS10847060,Leocadio Blanco-Bercial
22786339,SAMN22786339,1032200708_18S_V4,2016-03-25,119.6,SRS10847050,Leocadio Blanco-Bercial
22786338,SAMN22786338,1032200706_18S_V4,2016-03-25,81.2,SRS10847039,Leocadio Blanco-Bercial
22786337,SAMN22786337,1032200704_18S_V4,2016-03-25,39.9,SRS10847026,Leocadio Blanco-Bercial
22786336,SAMN22786336,1032200723_18S_V4,2016-03-25,1001.7,SRS10847018,Leocadio Blanco-Bercial
22786335,SAMN22786335,1032200721_18S_V4,2016-03-25,799.1,SRS10847007,Leocadio Blanco-Bercial
22786334,SAMN22786334,1032200719_18S_V4,2016-03-25,604.7,SRS10846999,Leocadio Blanco-Bercial
22786333,SAMN22786333,1032200701_18S_V4,2016-03-25,5,SRS10846986,Leocadio Blanco-Bercial
22786332,SAMN22786332,1032100315_18S_V4,2016-03-08,499.4,SRS10846977,Leocadio Blanco-Bercial
22786331,SAMN22786331,1032100313_18S_V4,2016-03-08,298.6,SRS10846825,Leocadio Blanco-Bercial
22786330,SAMN22786330,1032100312_18S_V4,2016-03-08,248,SRS10846958,Leocadio Blanco-Bercial
22786329,SAMN22786329,1032100311_18S_V4,2016-03-08,198.9,SRS10846945,Leocadio Blanco-Bercial
22786328,SAMN22786328,1032100310_18S_V4,2016-03-08,159.2,SRS10846934,Leocadio Blanco-Bercial
22786327,SAMN22786327,1032100308_18S_V4,2016-03-08,120.2,SRS10846925,Leocadio Blanco-Bercial
22786326,SAMN22786326,1032100306_18S_V4,2016-03-08,81.7,SRS10846912,Leocadio Blanco-Bercial
22786325,SAMN22786325,1032100304_18S_V4,2016-03-08,40.4,SRS10846901,Leocadio Blanco-Bercial
22786324,SAMN22786324,1032100320_18S_V4,2016-03-08,996.6,SRS10846817,Leocadio Blanco-Bercial
22786323,SAMN22786323,1032100318_18S_V4,2016-03-08,799.6,SRS10847071,Leocadio Blanco-Bercial
22786322,SAMN22786322,1032100316_18S_V4,2016-03-08,600.3,SRS10846823,Leocadio Blanco-Bercial
22786321,SAMN22786321,1032100301_18S_V4,2016-03-08,4.4,SRS10846824,Leocadio Blanco-Bercial
22169899,SAMN22169899,1033901123_16S_V1V2,2017-09-14,1000,SRS10532132,Shuting Liu
22169898,SAMN22169898,1033901122_16S_V1V2,2017-09-14,800,SRS10532130,Shuting Liu
22169897,SAMN22169897,1033901121_16S_V1V2,2017-09-14,600,SRS10532131,Shuting Liu
22169896,SAMN22169896,1033901120_16S_V1V2,2017-09-14,500,SRS10532129,Shuting Liu
22169895,SAMN22169895,1033901117_16S_V1V2,2017-09-14,300,SRS10532128,Shuting Liu
22169894,SAMN22169894,1033901115_16S_V1V2,2017-09-14,250,SRS10532127,Shuting Liu
22169893,SAMN22169893,1033901113_16S_V1V2,2017-09-14,200,SRS10532126,Shuting Liu
22169892,SAMN22169892,1033901112_16S_V1V2,2017-09-14,160,SRS10532125,Shuting Liu
22169891,SAMN22169891,1033901109_16S_V1V2,2017-09-14,120,SRS10532092,Shuting Liu
22169890,SAMN22169890,1033901107_16S_V1V2,2017-09-14,80,SRS10532091,Shuting Liu
22169889,SAMN22169889,1033901104_16S_V1V2,2017-09-14,40,SRS10532089,Shuting Liu
22169888,SAMN22169888,1033901102_16S_V1V2,2017-09-14,1,SRS10532088,Shuting Liu
22169887,SAMN22169887,1033801524_16S_V1V2,2017-08-17,1000,SRS10532087,Shuting Liu
22169886,SAMN22169886,1033801522_16S_V1V2,2017-08-17,800,SRS10532086,Shuting Liu
22169885,SAMN22169885,1033801521_16S_V1V2,2017-08-17,600,SRS10532085,Shuting Liu
22169884,SAMN22169884,1033801520_16S_V1V2,2017-08-17,500,SRS10532084,Shuting Liu
22169883,SAMN22169883,1033801517_16S_V1V2,2017-08-17,300,SRS10532083,Shuting Liu
22169882,SAMN22169882,1033801515_16S_V1V2,2017-08-17,250,SRS10532082,Shuting Liu
22169881,SAMN22169881,1033801513_16S_V1V2,2017-08-17,200,SRS10532080,Shuting Liu
22169880,SAMN22169880,1033801512_16S_V1V2,2017-08-17,160,SRS10532079,Shuting Liu
22169879,SAMN22169879,1033801509_16S_V1V2,2017-08-17,120,SRS10532078,Shuting Liu
22169878,SAMN22169878,1033801504_16S_V1V2,2017-08-17,40,SRS10532077,Shuting Liu
22169877,SAMN22169877,1033801501_16S_V1V2,2017-08-17,1,SRS10532076,Shuting Liu
22169876,SAMN22169876,1033701723_16S_V1V2,2017-07-20,1000,SRS10532075,Shuting Liu
22169875,SAMN22169875,1033701722_16S_V1V2,2017-07-20,800,SRS10532074,Shuting Liu
22169874,SAMN22169874,1033701721_16S_V1V2,2017-07-20,600,SRS10532072,Shuting Liu
22169873,SAMN22169873,1033701717_16S_V1V2,2017-07-20,300,SRS10532073,Shuting Liu
22169872,SAMN22169872,1033701715_16S_V1V2,2017-07-20,250,SRS10532071,Shuting Liu
22169871,SAMN22169871,1033701713_16S_V1V2,2017-07-20,200,SRS10532070,Shuting Liu
22169870,SAMN22169870,1033701712_16S_V1V2,2017-07-20,160,SRS10532067,Shuting Liu
22169869,SAMN22169869,1033701709_16S_V1V2,2017-07-20,120,SRS10532068,Shuting Liu
22169868,SAMN22169868,1033701707_16S_V1V2,2017-07-20,80,SRS10532066,Shuting Liu
22169867,SAMN22169867,1033701704_16S_V1V2,2017-07-20,40,SRS10532065,Shuting Liu
22169866,SAMN22169866,1033701701_16S_V1V2,2017-07-20,1,SRS10532064,Shuting Liu
22169865,SAMN22169865,9171201709_16S_V1V2,2017-07-11,200,SRS10532062,Shuting Liu
22169864,SAMN22169864,9171201707_16S_V1V2,2017-07-11,160,SRS10532063,Shuting Liu
22169863,SAMN22169863,9171201706_16S_V1V2,2017-07-11,120,SRS10532061,Shuting Liu
22169862,SAMN22169862,9171201705_16S_V1V2,2017-07-11,80,SRS10532060,Shuting Liu
22169861,SAMN22169861,9171201703_16S_V1V2,2017-07-11,40,SRS10532059,Shuting Liu
22169860,SAMN22169860,9171201518_16S_V1V2,2017-07-11,300,SRS10532057,Shuting Liu
22169859,SAMN22169859,9171201517_16S_V1V2,2017-07-11,250,SRS10532056,Shuting Liu
22169858,SAMN22169858,9171201514_16S_V1V2,2017-07-11,200,SRS10532055,Shuting Liu
22169857,SAMN22169857,9171201512_16S_V1V2,2017-07-11,160,SRS10532053,Shuting Liu
22169856,SAMN22169856,9171201510_16S_V1V2,2017-07-11,120,SRS10532054,Shuting Liu
22169855,SAMN22169855,9171201508_16S_V1V2,2017-07-11,80,SRS10532052,Shuting Liu
22169854,SAMN22169854,9171201504_16S_V1V2,2017-07-11,40,SRS10532051,Shuting Liu
22169853,SAMN22169853,9171201502_16S_V1V2,2017-07-11,1,SRS10532050,Shuting Liu
22169852,SAMN22169852,9171201218_16S_V1V2,2017-07-10,300,SRS10532049,Shuting Liu
22169851,SAMN22169851,9171201217_16S_V1V2,2017-07-10,250,SRS10532048,Shuting Liu
22169850,SAMN22169850,9171201214_16S_V1V2,2017-07-10,200,SRS10532046,Shuting Liu
22169849,SAMN22169849,9171201212_16S_V1V2,2017-07-10,160,SRS10532045,Shuting Liu
22169848,SAMN22169848,9171201210_16S_V1V2,2017-07-10,120,SRS10532044,Shuting Liu
22169847,SAMN22169847,9171201208_16S_V1V2,2017-07-10,80,SRS10532043,Shuting Liu
22169846,SAMN22169846,9171201204_16S_V1V2,2017-07-10,40,SRS10532042,Shuting Liu
22169845,SAMN22169845,9171201202_16S_V1V2,2017-07-10,1,SRS10532041,Shuting Liu
22169844,SAMN22169844,9171200918_16S_V1V2,2017-07-10,300,SRS10532039,Shuting Liu
22169843,SAMN22169843,9171200917_16S_V1V2,2017-07-10,250,SRS10532040,Shuting Liu
22169842,SAMN22169842,9171200914_16S_V1V2,2017-07-10,200,SRS10532038,Shuting Liu
22169841,SAMN22169841,9171200912_16S_V1V2,2017-07-10,160,SRS10532037,Shuting Liu
22169840,SAMN22169840,9171200908_16S_V1V2,2017-07-10,80,SRS10532035,Shuting Liu
22169839,SAMN22169839,9171200902_16S_V1V2,2017-07-10,1,SRS10532034,Shuting Liu
22169838,SAMN22169838,9171200718_16S_V1V2,2017-07-09,300,SRS10532033,Shuting Liu
22169837,SAMN22169837,9171200717_16S_V1V2,2017-07-09,250,SRS10532032,Shuting Liu
22169836,SAMN22169836,9171200712_16S_V1V2,2017-07-09,160,SRS10532031,Shuting Liu
22169835,SAMN22169835,9171200708_16S_V1V2,2017-07-09,80,SRS10532030,Shuting Liu
22169834,SAMN22169834,9171200704_16S_V1V2,2017-07-09,40,SRS10532029,Shuting Liu
22169833,SAMN22169833,9171200702_16S_V1V2,2017-07-09,1,SRS10532023,Shuting Liu
22169832,SAMN22169832,9171200418_16S_V1V2,2017-07-08,300,SRS10532024,Shuting Liu
22169831,SAMN22169831,9171200417_16S_V1V2,2017-07-08,250,SRS10532022,Shuting Liu
22169830,SAMN22169830,9171200414_16S_V1V2,2017-07-08,200,SRS10532019,Shuting Liu
22169829,SAMN22169829,9171200412_16S_V1V2,2017-07-08,160,SRS10532018,Shuting Liu
22169828,SAMN22169828,9171200410_16S_V1V2,2017-07-08,120,SRS10532017,Shuting Liu
22169827,SAMN22169827,9171200408_16S_V1V2,2017-07-08,80,SRS10532016,Shuting Liu
22169826,SAMN22169826,9171200402_16S_V1V2,2017-07-08,1,SRS10532015,Shuting Liu
22169825,SAMN22169825,9171200112_16S_V1V2,2017-07-08,90,SRS10532014,Shuting Liu
22169824,SAMN22169824,1033601323_16S_V1V2,2017-06-15,1000,SRS10532013,Shuting Liu
22169823,SAMN22169823,1033601321_16S_V1V2,2017-06-15,800,SRS10532012,Shuting Liu
22169822,SAMN22169822,1033601320_16S_V1V2,2017-06-15,600,SRS10532011,Shuting Liu
22169821,SAMN22169821,1033601317_16S_V1V2,2017-06-15,500,SRS10532010,Shuting Liu
22169820,SAMN22169820,1033601315_16S_V1V2,2017-06-15,300,SRS10532008,Shuting Liu
22169819,SAMN22169819,1033601313_16S_V1V2,2017-06-15,250,SRS10532007,Shuting Liu
22169818,SAMN22169818,1033601311_16S_V1V2,2017-06-15,200,SRS10532006,Shuting Liu
22169817,SAMN22169817,1033601309_16S_V1V2,2017-06-15,160,SRS10532005,Shuting Liu
22169816,SAMN22169816,1033601307_16S_V1V2,2017-06-15,120,SRS10532004,Shuting Liu
22169815,SAMN22169815,1033601305_16S_V1V2,2017-06-15,80,SRS10532003,Shuting Liu
22169814,SAMN22169814,1033601303_16S_V1V2,2017-06-15,40,SRS10532002,Shuting Liu
22169813,SAMN22169813,1033601301_16S_V1V2,2017-06-15,1,SRS10532000,Shuting Liu
22169812,SAMN22169812,2033500519_16S_V1V2,2017-05-31,300,SRS10532001,Shuting Liu
22169811,SAMN22169811,2033500515_16S_V1V2,2017-05-31,200,SRS10531999,Shuting Liu
22169810,SAMN22169810,2033500510_16S_V1V2,2017-05-31,120,SRS10531997,Shuting Liu
22169809,SAMN22169809,2033500507_16S_V1V2,2017-05-31,80,SRS10531996,Shuting Liu
22169808,SAMN22169808,2033500504_16S_V1V2,2017-05-31,40,SRS10531995,Shuting Liu
22169807,SAMN22169807,2033500501_16S_V1V2,2017-05-31,1,SRS10531994,Shuting Liu
22169806,SAMN22169806,1033500723_16S_V1V2,2017-05-09,1000,SRS10531993,Shuting Liu
22169805,SAMN22169805,1033500715_16S_V1V2,2017-05-09,250,SRS10532360,Shuting Liu
22169804,SAMN22169804,1033500712_16S_V1V2,2017-05-09,160,SRS10532361,Shuting Liu
22169803,SAMN22169803,1033500707_16S_V1V2,2017-05-09,80,SRS10532359,Shuting Liu
22169802,SAMN22169802,1033500705_16S_V1V2,2017-05-09,40,SRS10532358,Shuting Liu
22169801,SAMN22169801,1033500703_16S_V1V2,2017-05-09,20,SRS10532357,Shuting Liu
22169800,SAMN22169800,1033500701_16S_V1V2,2017-05-09,1,SRS10532355,Shuting Liu
22169799,SAMN22169799,2033400215_16S_V1V2,2017-04-18,300,SRS10532354,Shuting Liu
22169798,SAMN22169798,2033400213_16S_V1V2,2017-04-18,250,SRS10532353,Shuting Liu
22169797,SAMN22169797,2033400211_16S_V1V2,2017-04-18,200,SRS10532352,Shuting Liu
22169796,SAMN22169796,2033400209_16S_V1V2,2017-04-18,160,SRS10532351,Shuting Liu
22169795,SAMN22169795,2033400207_16S_V1V2,2017-04-18,120,SRS10532350,Shuting Liu
22169794,SAMN22169794,2033400205_16S_V1V2,2017-04-18,80,SRS10532349,Shuting Liu
22169793,SAMN22169793,2033400203_16S_V1V2,2017-04-18,40,SRS10532348,Shuting Liu
22169792,SAMN22169792,2033400201_16S_V1V2,2017-04-18,1,SRS10532347,Shuting Liu
22169791,SAMN22169791,1033401223_16S_V1V2,2017-04-11,1000,SRS10532346,Shuting Liu
22169790,SAMN22169790,1033401221_16S_V1V2,2017-04-11,800,SRS10532343,Shuting Liu
22169789,SAMN22169789,1033401219_16S_V1V2,2017-04-11,600,SRS10532344,Shuting Liu
22169788,SAMN22169788,1033401217_16S_V1V2,2017-04-11,500,SRS10532342,Shuting Liu
22169787,SAMN22169787,1033401215_16S_V1V2,2017-04-11,300,SRS10532341,Shuting Liu
22169786,SAMN22169786,1033401213_16S_V1V2,2017-04-11,250,SRS10532339,Shuting Liu
22169785,SAMN22169785,1033401211_16S_V1V2,2017-04-11,200,SRS10532340,Shuting Liu
22169784,SAMN22169784,1033401209_16S_V1V2,2017-04-11,160,SRS10532337,Shuting Liu
22169783,SAMN22169783,1033401207_16S_V1V2,2017-04-11,120,SRS10532338,Shuting Liu
22169782,SAMN22169782,1033401205_16S_V1V2,2017-04-11,80,SRS10532336,Shuting Liu
22169781,SAMN22169781,1033401203_16S_V1V2,2017-04-11,40,SRS10532335,Shuting Liu
22169780,SAMN22169780,1033401201_16S_V1V2,2017-04-11,1,SRS10532334,Shuting Liu
22169779,SAMN22169779,9170301616_16S_V1V2,2017-04-04,300,SRS10532332,Shuting Liu
22169778,SAMN22169778,9170301614_16S_V1V2,2017-04-04,250,SRS10532331,Shuting Liu
22169777,SAMN22169777,9170301612_16S_V1V2,2017-04-04,200,SRS10532330,Shuting Liu
22169776,SAMN22169776,9170301610_16S_V1V2,2017-04-04,160,SRS10532316,Shuting Liu
22169775,SAMN22169775,9170301608_16S_V1V2,2017-04-04,120,SRS10532318,Shuting Liu
22169774,SAMN22169774,9170301606_16S_V1V2,2017-04-04,80,SRS10532314,Shuting Liu
22169773,SAMN22169773,9170301604_16S_V1V2,2017-04-04,40,SRS10532312,Shuting Liu
22169772,SAMN22169772,9170301602_16S_V1V2,2017-04-04,1,SRS10532313,Shuting Liu
22169771,SAMN22169771,9170301416_16S_V1V2,2017-04-03,300,SRS10532311,Shuting Liu
22169770,SAMN22169770,9170301414_16S_V1V2,2017-04-03,250,SRS10532309,Shuting Liu
22169769,SAMN22169769,9170301412_16S_V1V2,2017-04-03,200,SRS10532308,Shuting Liu
22169768,SAMN22169768,9170301410_16S_V1V2,2017-04-03,160,SRS10532307,Shuting Liu
22169767,SAMN22169767,9170301408_16S_V1V2,2017-04-03,120,SRS10532305,Shuting Liu
22169766,SAMN22169766,9170301406_16S_V1V2,2017-04-03,80,SRS10532306,Shuting Liu
22169765,SAMN22169765,9170301404_16S_V1V2,2017-04-03,40,SRS10532304,Shuting Liu
22169764,SAMN22169764,9170301402_16S_V1V2,2017-04-03,1,SRS10532303,Shuting Liu
22169763,SAMN22169763,9170301116_16S_V1V2,2017-04-03,300,SRS10532300,Shuting Liu
22169762,SAMN22169762,9170301114_16S_V1V2,2017-04-03,250,SRS10532302,Shuting Liu
22169761,SAMN22169761,9170301112_16S_V1V2,2017-04-03,200,SRS10532301,Shuting Liu
22169760,SAMN22169760,9170301110_16S_V1V2,2017-04-03,160,SRS10532298,Shuting Liu
22169759,SAMN22169759,9170301108_16S_V1V2,2017-04-03,120,SRS10532297,Shuting Liu
22169758,SAMN22169758,9170301106_16S_V1V2,2017-04-03,80,SRS10532295,Shuting Liu
22169757,SAMN22169757,9170301104_16S_V1V2,2017-04-03,40,SRS10532296,Shuting Liu
22169756,SAMN22169756,9170301102_16S_V1V2,2017-04-03,1,SRS10532294,Shuting Liu
22169755,SAMN22169755,9170300816_16S_V1V2,2017-04-02,300,SRS10532293,Shuting Liu
22169754,SAMN22169754,9170300814_16S_V1V2,2017-04-02,250,SRS10532292,Shuting Liu
22169753,SAMN22169753,9170300812_16S_V1V2,2017-04-02,200,SRS10532291,Shuting Liu
22169752,SAMN22169752,9170300810_16S_V1V2,2017-04-02,160,SRS10532289,Shuting Liu
22169751,SAMN22169751,9170300808_16S_V1V2,2017-04-02,120,SRS10532290,Shuting Liu
22169750,SAMN22169750,9170300806_16S_V1V2,2017-04-02,80,SRS10532288,Shuting Liu
22169749,SAMN22169749,9170300804_16S_V1V2,2017-04-02,40,SRS10532286,Shuting Liu
22169748,SAMN22169748,9170300802_16S_V1V2,2017-04-02,1,SRS10532285,Shuting Liu
22169747,SAMN22169747,9170300416_16S_V1V2,2017-04-02,300,SRS10532283,Shuting Liu
22169746,SAMN22169746,9170300414_16S_V1V2,2017-04-02,250,SRS10532284,Shuting Liu
22169745,SAMN22169745,9170300412_16S_V1V2,2017-04-02,200,SRS10532282,Shuting Liu
22169744,SAMN22169744,9170300410_16S_V1V2,2017-04-02,160,SRS10532281,Shuting Liu
22169743,SAMN22169743,9170300408_16S_V1V2,2017-04-02,120,SRS10532280,Shuting Liu
22169742,SAMN22169742,9170300406_16S_V1V2,2017-04-02,80,SRS10532278,Shuting Liu
22169741,SAMN22169741,9170300404_16S_V1V2,2017-04-02,40,SRS10532279,Shuting Liu
22169740,SAMN22169740,9170300402_16S_V1V2,2017-04-02,1,SRS10532275,Shuting Liu
22169739,SAMN22169739,1033300423_16S_V1V2,2017-02-18,1000,SRS10532276,Shuting Liu
22169738,SAMN22169738,1033300421_16S_V1V2,2017-02-18,800,SRS10532274,Shuting Liu
22169737,SAMN22169737,1033300419_16S_V1V2,2017-02-18,600,SRS10532273,Shuting Liu
22169736,SAMN22169736,1033300417_16S_V1V2,2017-02-18,500,SRS10532272,Shuting Liu
22169735,SAMN22169735,1033300415_16S_V1V2,2017-02-18,300,SRS10532271,Shuting Liu
22169734,SAMN22169734,1033300413_16S_V1V2,2017-02-18,250,SRS10532270,Shuting Liu
22169733,SAMN22169733,1033300411_16S_V1V2,2017-02-18,200,SRS10532269,Shuting Liu
22169732,SAMN22169732,1033300409_16S_V1V2,2017-02-18,160,SRS10532268,Shuting Liu
22169731,SAMN22169731,1033300407_16S_V1V2,2017-02-18,120,SRS10532266,Shuting Liu
22169730,SAMN22169730,1033300405_16S_V1V2,2017-02-18,80,SRS10532264,Shuting Liu
22169729,SAMN22169729,1033300403_16S_V1V2,2017-02-18,40,SRS10532262,Shuting Liu
22169728,SAMN22169728,1033300401_16S_V1V2,2017-02-18,1,SRS10532263,Shuting Liu
22169727,SAMN22169727,1033201523_16S_V1V2,2017-01-08,1000,SRS10532261,Shuting Liu
22169726,SAMN22169726,1033201521_16S_V1V2,2017-01-08,800,SRS10532260,Shuting Liu
22169725,SAMN22169725,1033201519_16S_V1V2,2017-01-08,600,SRS10532259,Shuting Liu
22169724,SAMN22169724,1033201518_16S_V1V2,2017-01-08,500,SRS10532258,Shuting Liu
22169723,SAMN22169723,1033201515_16S_V1V2,2017-01-08,300,SRS10532257,Shuting Liu
22169722,SAMN22169722,1033201513_16S_V1V2,2017-01-08,250,SRS10532256,Shuting Liu
22169721,SAMN22169721,1033201511_16S_V1V2,2017-01-08,200,SRS10532255,Shuting Liu
22169720,SAMN22169720,1033201509_16S_V1V2,2017-01-08,160,SRS10532253,Shuting Liu
22169719,SAMN22169719,1033201507_16S_V1V2,2017-01-08,120,SRS10532252,Shuting Liu
22169718,SAMN22169718,1033201505_16S_V1V2,2017-01-08,80,SRS10532251,Shuting Liu
22169717,SAMN22169717,1033201504_16S_V1V2,2017-01-08,40,SRS10532249,Shuting Liu
22169716,SAMN22169716,1033201501_16S_V1V2,2017-01-08,1,SRS10532250,Shuting Liu
22169715,SAMN22169715,1033101523_16S_V1V2,2016-12-15,1000,SRS10532248,Shuting Liu
22169714,SAMN22169714,1033101521_16S_V1V2,2016-12-15,800,SRS10532247,Shuting Liu
22169713,SAMN22169713,1033101519_16S_V1V2,2016-12-15,600,SRS10532246,Shuting Liu
22169712,SAMN22169712,1033101517_16S_V1V2,2016-12-15,500,SRS10532245,Shuting Liu
22169711,SAMN22169711,1033101515_16S_V1V2,2016-12-15,300,SRS10532244,Shuting Liu
22169710,SAMN22169710,1033101513_16S_V1V2,2016-12-15,250,SRS10532242,Shuting Liu
22169709,SAMN22169709,1033101511_16S_V1V2,2016-12-15,200,SRS10532241,Shuting Liu
22169708,SAMN22169708,1033101509_16S_V1V2,2016-12-15,160,SRS10532240,Shuting Liu
22169707,SAMN22169707,1033101507_16S_V1V2,2016-12-15,120,SRS10532239,Shuting Liu
22169706,SAMN22169706,1033101505_16S_V1V2,2016-12-15,80,SRS10532238,Shuting Liu
22169705,SAMN22169705,1033101503_16S_V1V2,2016-12-15,40,SRS10532237,Shuting Liu
22169704,SAMN22169704,1033101501_16S_V1V2,2016-12-15,1,SRS10532236,Shuting Liu
22169703,SAMN22169703,1033001423_16S_V1V2,2016-11-21,1000,SRS10532235,Shuting Liu
22169702,SAMN22169702,1033001422_16S_V1V2,2016-11-21,800,SRS10532234,Shuting Liu
22169701,SAMN22169701,1033001421_16S_V1V2,2016-11-21,600,SRS10532233,Shuting Liu
22169700,SAMN22169700,1033001419_16S_V1V2,2016-11-21,400,SRS10532231,Shuting Liu
22169699,SAMN22169699,1033001417_16S_V1V2,2016-11-21,300,SRS10532230,Shuting Liu
22169698,SAMN22169698,1033001415_16S_V1V2,2016-11-21,250,SRS10532229,Shuting Liu
22169697,SAMN22169697,1033001413_16S_V1V2,2016-11-21,200,SRS10532228,Shuting Liu
22169696,SAMN22169696,1033001412_16S_V1V2,2016-11-21,160,SRS10532227,Shuting Liu
22169695,SAMN22169695,1033001409_16S_V1V2,2016-11-21,120,SRS10532226,Shuting Liu
22169694,SAMN22169694,1033001407_16S_V1V2,2016-11-21,80,SRS10532224,Shuting Liu
22169693,SAMN22169693,1033001404_16S_V1V2,2016-11-21,40,SRS10532225,Shuting Liu
22169692,SAMN22169692,1033001401_16S_V1V2,2016-11-21,1,SRS10532223,Shuting Liu
22169691,SAMN22169691,1032901607_16S_V1V2,2016-10-21,1000,SRS10532222,Shuting Liu
22169690,SAMN22169690,1032901606_16S_V1V2,2016-10-21,800,SRS10532188,Shuting Liu
22169689,SAMN22169689,1032901603_16S_V1V2,2016-10-21,600,SRS10532187,Shuting Liu
22169688,SAMN22169688,1032901601_16S_V1V2,2016-10-21,500,SRS10532186,Shuting Liu
22169687,SAMN22169687,1032901115_16S_V1V2,2016-10-20,300,SRS10532184,Shuting Liu
22169686,SAMN22169686,1032901113_16S_V1V2,2016-10-20,250,SRS10532185,Shuting Liu
22169685,SAMN22169685,1032901111_16S_V1V2,2016-10-20,200,SRS10532183,Shuting Liu
22169684,SAMN22169684,1032901109_16S_V1V2,2016-10-20,160,SRS10532182,Shuting Liu
22169683,SAMN22169683,1032901107_16S_V1V2,2016-10-20,120,SRS10532181,Shuting Liu
22169682,SAMN22169682,1032901105_16S_V1V2,2016-10-20,80,SRS10532180,Shuting Liu
22169681,SAMN22169681,1032901103_16S_V1V2,2016-10-20,40,SRS10532179,Shuting Liu
22169680,SAMN22169680,1032901101_16S_V1V2,2016-10-20,10,SRS10532177,Shuting Liu
22169679,SAMN22169679,1032801523_16S_V1V2,2016-09-22,1000,SRS10532176,Shuting Liu
22169678,SAMN22169678,1032801521_16S_V1V2,2016-09-22,800,SRS10532175,Shuting Liu
22169677,SAMN22169677,1032801519_16S_V1V2,2016-09-22,600,SRS10532174,Shuting Liu
22169676,SAMN22169676,1032801517_16S_V1V2,2016-09-22,500,SRS10532173,Shuting Liu
22169675,SAMN22169675,1032801515_16S_V1V2,2016-09-22,300,SRS10532172,Shuting Liu
22169674,SAMN22169674,1032801513_16S_V1V2,2016-09-22,250,SRS10532171,Shuting Liu
22169673,SAMN22169673,1032801512_16S_V1V2,2016-09-22,200,SRS10532170,Shuting Liu
22169672,SAMN22169672,1032801509_16S_V1V2,2016-09-22,160,SRS10532169,Shuting Liu
22169671,SAMN22169671,1032801507_16S_V1V2,2016-09-22,120,SRS10532168,Shuting Liu
22169670,SAMN22169670,1032801504_16S_V1V2,2016-09-22,40,SRS10532166,Shuting Liu
22169669,SAMN22169669,1032801501_16S_V1V2,2016-09-22,1,SRS10532165,Shuting Liu
22169668,SAMN22169668,9162001720_16S_V1V2,2016-09-09,300,SRS10532164,Shuting Liu
22169667,SAMN22169667,9162001718_16S_V1V2,2016-09-09,250,SRS10532163,Shuting Liu
22169666,SAMN22169666,9162001715_16S_V1V2,2016-09-09,200,SRS10532162,Shuting Liu
22169665,SAMN22169665,9162001713_16S_V1V2,2016-09-09,160,SRS10532161,Shuting Liu
22169664,SAMN22169664,9162001711_16S_V1V2,2016-09-09,120,SRS10532160,Shuting Liu
22169663,SAMN22169663,9162001709_16S_V1V2,2016-09-09,80,SRS10532159,Shuting Liu
22169662,SAMN22169662,9162001707_16S_V1V2,2016-09-09,40,SRS10532158,Shuting Liu
22169661,SAMN22169661,9162001701_16S_V1V2,2016-09-09,1,SRS10532156,Shuting Liu
22169660,SAMN22169660,9162001515_16S_V1V2,2016-09-09,300,SRS10532122,Shuting Liu
22169659,SAMN22169659,9162001514_16S_V1V2,2016-09-09,250,SRS10532123,Shuting Liu
22169658,SAMN22169658,9162001512_16S_V1V2,2016-09-09,200,SRS10532121,Shuting Liu
22169657,SAMN22169657,9162001510_16S_V1V2,2016-09-09,160,SRS10532120,Shuting Liu
22169656,SAMN22169656,9162001508_16S_V1V2,2016-09-09,120,SRS10532119,Shuting Liu
22169655,SAMN22169655,9162001506_16S_V1V2,2016-09-09,80,SRS10532118,Shuting Liu
22169654,SAMN22169654,9162001504_16S_V1V2,2016-09-09,40,SRS10532117,Shuting Liu
22169653,SAMN22169653,9162001502_16S_V1V2,2016-09-09,1,SRS10532115,Shuting Liu
22169652,SAMN22169652,9162001323_16S_V1V2,2016-09-09,300,SRS10532116,Shuting Liu
22169651,SAMN22169651,9162001321_16S_V1V2,2016-09-09,250,SRS10532114,Shuting Liu
22169650,SAMN22169650,9162001314_16S_V1V2,2016-09-09,200,SRS10532112,Shuting Liu
22169649,SAMN22169649,9162001312_16S_V1V2,2016-09-09,160,SRS10532110,Shuting Liu
22169648,SAMN22169648,9162001310_16S_V1V2,2016-09-09,120,SRS10532111,Shuting Liu
22169647,SAMN22169647,9162001308_16S_V1V2,2016-09-09,80,SRS10532109,Shuting Liu
22169646,SAMN22169646,9162001306_16S_V1V2,2016-09-09,40,SRS10532108,Shuting Liu
22169645,SAMN22169645,9162001304_16S_V1V2,2016-09-09,1,SRS10532107,Shuting Liu
22169644,SAMN22169644,9162001116_16S_V1V2,2016-09-08,300,SRS10532105,Shuting Liu
22169643,SAMN22169643,9162001114_16S_V1V2,2016-09-08,250,SRS10532106,Shuting Liu
22169642,SAMN22169642,9162001112_16S_V1V2,2016-09-08,200,SRS10532104,Shuting Liu
22169641,SAMN22169641,9162001110_16S_V1V2,2016-09-08,160,SRS10532103,Shuting Liu
22169640,SAMN22169640,9162001108_16S_V1V2,2016-09-08,120,SRS10532101,Shuting Liu
22169639,SAMN22169639,9162001106_16S_V1V2,2016-09-08,80,SRS10532100,Shuting Liu
22169638,SAMN22169638,9162001104_16S_V1V2,2016-09-08,40,SRS10532099,Shuting Liu
22169637,SAMN22169637,9162001102_16S_V1V2,2016-09-08,1,SRS10532098,Shuting Liu
22169636,SAMN22169636,9162000416_16S_V1V2,2016-09-07,300,SRS10532097,Shuting Liu
22169635,SAMN22169635,9162000414_16S_V1V2,2016-09-07,250,SRS10532095,Shuting Liu
22169634,SAMN22169634,9162000412_16S_V1V2,2016-09-07,200,SRS10532096,Shuting Liu
22169633,SAMN22169633,9162000410_16S_V1V2,2016-09-07,160,SRS10532094,Shuting Liu
22169632,SAMN22169632,9162000408_16S_V1V2,2016-09-07,120,SRS10532093,Shuting Liu
22169631,SAMN22169631,9162000406_16S_V1V2,2016-09-07,80,SRS10532028,Shuting Liu
22169630,SAMN22169630,9162000404_16S_V1V2,2016-09-07,40,SRS10532329,Shuting Liu
22169629,SAMN22169629,9162000402_16S_V1V2,2016-09-07,1,SRS10532328,Shuting Liu
22169628,SAMN22169628,1032701023_16S_V1V2,2016-08-18,1000,SRS10532327,Shuting Liu
22169627,SAMN22169627,1032701021_16S_V1V2,2016-08-18,800,SRS10532326,Shuting Liu
22169626,SAMN22169626,1032701019_16S_V1V2,2016-08-18,600,SRS10532324,Shuting Liu
22169625,SAMN22169625,1032701017_16S_V1V2,2016-08-18,400,SRS10532323,Shuting Liu
22169624,SAMN22169624,1032701015_16S_V1V2,2016-08-18,300,SRS10532325,Shuting Liu
22169623,SAMN22169623,1032701013_16S_V1V2,2016-08-18,250,SRS10532322,Shuting Liu
22169622,SAMN22169622,1032701011_16S_V1V2,2016-08-18,200,SRS10532321,Shuting Liu
22169621,SAMN22169621,1032701009_16S_V1V2,2016-08-18,160,SRS10532319,Shuting Liu
22169620,SAMN22169620,1032701007_16S_V1V2,2016-08-18,120,SRS10532315,Shuting Liu
22169619,SAMN22169619,1032701005_16S_V1V2,2016-08-18,80,SRS10532317,Shuting Liu
22169618,SAMN22169618,1032701003_16S_V1V2,2016-08-18,40,SRS10532220,Shuting Liu
22169617,SAMN22169617,1032701001_16S_V1V2,2016-08-18,1,SRS10532219,Shuting Liu
22169616,SAMN22169616,1032601223_16S_V1V2,2016-07-24,1000,SRS10532218,Shuting Liu
22169615,SAMN22169615,1032601215_16S_V1V2,2016-07-24,300,SRS10532217,Shuting Liu
22169614,SAMN22169614,1032601211_16S_V1V2,2016-07-24,200,SRS10532216,Shuting Liu
22169613,SAMN22169613,1032601209_16S_V1V2,2016-07-24,160,SRS10532215,Shuting Liu
22169612,SAMN22169612,1032601207_16S_V1V2,2016-07-24,120,SRS10532214,Shuting Liu
22169611,SAMN22169611,1032601205_16S_V1V2,2016-07-24,80,SRS10532213,Shuting Liu
22169610,SAMN22169610,1032601203_16S_V1V2,2016-07-24,40,SRS10532211,Shuting Liu
22169609,SAMN22169609,9161401815_16S_V1V2,2016-07-12,300,SRS10532210,Shuting Liu
22169608,SAMN22169608,9161401813_16S_V1V2,2016-07-12,250,SRS10532209,Shuting Liu
22169607,SAMN22169607,9161401811_16S_V1V2,2016-07-12,200,SRS10532208,Shuting Liu
22169606,SAMN22169606,9161401809_16S_V1V2,2016-07-12,160,SRS10532207,Shuting Liu
22169605,SAMN22169605,9161401807_16S_V1V2,2016-07-12,120,SRS10532206,Shuting Liu
22169604,SAMN22169604,9161401805_16S_V1V2,2016-07-12,80,SRS10532205,Shuting Liu
22169603,SAMN22169603,9161401803_16S_V1V2,2016-07-12,40,SRS10532204,Shuting Liu
22169602,SAMN22169602,9161401801_16S_V1V2,2016-07-12,1,SRS10532202,Shuting Liu
22169601,SAMN22169601,9161401515_16S_V1V2,2016-07-11,300,SRS10532203,Shuting Liu
22169600,SAMN22169600,9161401513_16S_V1V2,2016-07-11,250,SRS10532199,Shuting Liu
22169599,SAMN22169599,9161401511_16S_V1V2,2016-07-11,200,SRS10532200,Shuting Liu
22169598,SAMN22169598,9161401509_16S_V1V2,2016-07-11,160,SRS10532198,Shuting Liu
22169597,SAMN22169597,9161401507_16S_V1V2,2016-07-11,120,SRS10532197,Shuting Liu
22169596,SAMN22169596,9161401503_16S_V1V2,2016-07-11,40,SRS10532196,Shuting Liu
22169595,SAMN22169595,9161401501_16S_V1V2,2016-07-11,1,SRS10532195,Shuting Liu
22169594,SAMN22169594,9161401415_16S_V1V2,2016-07-11,300,SRS10532194,Shuting Liu
22169593,SAMN22169593,9161401413_16S_V1V2,2016-07-11,250,SRS10532193,Shuting Liu
22169592,SAMN22169592,9161401411_16S_V1V2,2016-07-11,200,SRS10532192,Shuting Liu
22169591,SAMN22169591,9161401409_16S_V1V2,2016-07-11,160,SRS10532191,Shuting Liu
22169590,SAMN22169590,9161401407_16S_V1V2,2016-07-11,120,SRS10532189,Shuting Liu
22169589,SAMN22169589,9161401405_16S_V1V2,2016-07-11,80,SRS10532157,Shuting Liu
22169588,SAMN22169588,9161401403_16S_V1V2,2016-07-11,40,SRS10532155,Shuting Liu
22169587,SAMN22169587,9161401401_16S_V1V2,2016-07-11,1,SRS10532154,Shuting Liu
22169586,SAMN22169586,9161401215_16S_V1V2,2016-07-11,300,SRS10532153,Shuting Liu
22169585,SAMN22169585,9161401213_16S_V1V2,2016-07-11,250,SRS10532152,Shuting Liu
22169584,SAMN22169584,9161401211_16S_V1V2,2016-07-11,200,SRS10532150,Shuting Liu
22169583,SAMN22169583,9161401209_16S_V1V2,2016-07-11,160,SRS10532149,Shuting Liu
22169582,SAMN22169582,9161401207_16S_V1V2,2016-07-11,120,SRS10532151,Shuting Liu
22169581,SAMN22169581,9161401205_16S_V1V2,2016-07-11,80,SRS10532146,Shuting Liu
22169580,SAMN22169580,9161401203_16S_V1V2,2016-07-11,40,SRS10532148,Shuting Liu
22169579,SAMN22169579,9161401201_16S_V1V2,2016-07-11,1,SRS10532143,Shuting Liu
22169578,SAMN22169578,9161401115_16S_V1V2,2016-07-11,300,SRS10532144,Shuting Liu
22169577,SAMN22169577,9161401113_16S_V1V2,2016-07-11,250,SRS10532145,Shuting Liu
22169576,SAMN22169576,9161401111_16S_V1V2,2016-07-11,200,SRS10532142,Shuting Liu
22169575,SAMN22169575,9161401109_16S_V1V2,2016-07-11,160,SRS10532141,Shuting Liu
22169574,SAMN22169574,9161401107_16S_V1V2,2016-07-11,120,SRS10532140,Shuting Liu
22169573,SAMN22169573,9161401105_16S_V1V2,2016-07-11,80,SRS10532139,Shuting Liu
22169572,SAMN22169572,9161401103_16S_V1V2,2016-07-11,40,SRS10532138,Shuting Liu
22169571,SAMN22169571,9161401101_16S_V1V2,2016-07-11,1,SRS10532137,Shuting Liu
22169570,SAMN22169570,9161400815_16S_V1V2,2016-07-10,300,SRS10532135,Shuting Liu
22169569,SAMN22169569,9161400813_16S_V1V2,2016-07-10,250,SRS10532134,Shuting Liu
22169568,SAMN22169568,9161400811_16S_V1V2,2016-07-10,200,SRS10532133,Shuting Liu
22169567,SAMN22169567,9161400809_16S_V1V2,2016-07-10,160,SRS10532090,Shuting Liu
22169566,SAMN22169566,9161400807_16S_V1V2,2016-07-10,120,SRS10532081,Shuting Liu
22169565,SAMN22169565,9161400805_16S_V1V2,2016-07-10,80,SRS10532069,Shuting Liu
22169564,SAMN22169564,9161400803_16S_V1V2,2016-07-10,40,SRS10532058,Shuting Liu
22169563,SAMN22169563,9161400801_16S_V1V2,2016-07-10,1,SRS10532047,Shuting Liu
22169562,SAMN22169562,9161400715_16S_V1V2,2016-07-10,300,SRS10532036,Shuting Liu
22169561,SAMN22169561,9161400713_16S_V1V2,2016-07-10,250,SRS10532021,Shuting Liu
22169560,SAMN22169560,9161400711_16S_V1V2,2016-07-10,200,SRS10532009,Shuting Liu
22169559,SAMN22169559,9161400709_16S_V1V2,2016-07-10,160,SRS10531998,Shuting Liu
22169558,SAMN22169558,9161400707_16S_V1V2,2016-07-10,120,SRS10532356,Shuting Liu
22169557,SAMN22169557,9161400705_16S_V1V2,2016-07-10,80,SRS10532345,Shuting Liu
22169556,SAMN22169556,9161400703_16S_V1V2,2016-07-10,40,SRS10532333,Shuting Liu
22169555,SAMN22169555,9161400701_16S_V1V2,2016-07-10,1,SRS10532310,Shuting Liu
22169554,SAMN22169554,9161400515_16S_V1V2,2016-07-10,300,SRS10532299,Shuting Liu
22169553,SAMN22169553,9161400513_16S_V1V2,2016-07-10,250,SRS10532287,Shuting Liu
22169552,SAMN22169552,9161400511_16S_V1V2,2016-07-10,200,SRS10532277,Shuting Liu
22169551,SAMN22169551,9161400509_16S_V1V2,2016-07-10,160,SRS10532267,Shuting Liu
22169550,SAMN22169550,9161400507_16S_V1V2,2016-07-10,120,SRS10532254,Shuting Liu
22169549,SAMN22169549,9161400505_16S_V1V2,2016-07-10,80,SRS10532243,Shuting Liu
22169548,SAMN22169548,9161400503_16S_V1V2,2016-07-10,40,SRS10532232,Shuting Liu
22169547,SAMN22169547,9161400501_16S_V1V2,2016-07-10,1,SRS10532221,Shuting Liu
22169546,SAMN22169546,9161400410_16S_V1V2,2016-07-10,300,SRS10532178,Shuting Liu
22169545,SAMN22169545,9161400409_16S_V1V2,2016-07-10,250,SRS10532167,Shuting Liu
22169544,SAMN22169544,9161400408_16S_V1V2,2016-07-10,200,SRS10532124,Shuting Liu
22169543,SAMN22169543,9161400407_16S_V1V2,2016-07-10,160,SRS10532113,Shuting Liu
22169542,SAMN22169542,9161400406_16S_V1V2,2016-07-10,120,SRS10532102,Shuting Liu
22169541,SAMN22169541,9161400405_16S_V1V2,2016-07-10,80,SRS10532027,Shuting Liu
22169540,SAMN22169540,9161400402_16S_V1V2,2016-07-10,40,SRS10532320,Shuting Liu
22169539,SAMN22169539,9161400401_16S_V1V2,2016-07-10,1,SRS10532212,Shuting Liu
22169538,SAMN22169538,9161400215_16S_V1V2,2016-07-09,300,SRS10532201,Shuting Liu
22169537,SAMN22169537,9161400213_16S_V1V2,2016-07-09,250,SRS10532190,Shuting Liu
22169536,SAMN22169536,9161400211_16S_V1V2,2016-07-09,200,SRS10532147,Shuting Liu
22169535,SAMN22169535,9161400209_16S_V1V2,2016-07-09,160,SRS10532136,Shuting Liu
22169534,SAMN22169534,9161400207_16S_V1V2,2016-07-09,120,SRS10532020,Shuting Liu
22169533,SAMN22169533,9161400205_16S_V1V2,2016-07-09,80,SRS10532265,Shuting Liu
22169532,SAMN22169532,9161400203_16S_V1V2,2016-07-09,40,SRS10532026,Shuting Liu
22169531,SAMN22169531,9161400201_16S_V1V2,2016-07-09,1,SRS10532025,Shuting Liu
