,bottleID,cruise,yyyymmdd,V1V2data,V4data
0,1033900707,AE1718,20170913,,
1,1033900708,AE1718,20170913,,
2,1033900709,AE1718,20170913,,
3,1033900710,AE1718,20170913,,
4,1033900711,AE1718,20170913,,
5,1033900712,AE1718,20170913,,
6,1033900713,AE1718,20170913,,
7,1033900714,AE1718,20170913,,
8,1033900715,AE1718,20170913,,
9,1033900716,AE1718,20170913,,
10,1033900717,AE1718,20170913,,
11,1033900718,AE1718,20170913,,
12,1033900719,AE1718,20170913,,
13,1033900720,AE1718,20170913,,
14,1033900721,AE1718,20170913,,
15,1033900722,AE1718,20170913,,
16,1033900723,AE1718,20170913,,
17,1033900724,AE1718,20170913,,
18,1033900801,AE1718,20170913,,
19,1033900802,AE1718,20170913,,
20,1033900803,AE1718,20170913,,
21,1033900804,AE1718,20170913,,
22,1033900805,AE1718,20170913,,
23,1033900806,AE1718,20170913,,
24,1033900807,AE1718,20170913,,
25,1033900808,AE1718,20170913,,
26,1033900809,AE1718,20170913,,
27,1033900810,AE1718,20170913,,
28,1033900811,AE1718,20170913,,
29,1033900812,AE1718,20170913,,
30,1033900813,AE1718,20170913,,
31,1033900814,AE1718,20170913,,
32,1033900815,AE1718,20170913,,
33,1033900816,AE1718,20170913,,
34,1033900817,AE1718,20170913,,
35,1033900818,AE1718,20170913,,
36,1033900819,AE1718,20170913,,
37,1033900820,AE1718,20170913,,
38,1033900821,AE1718,20170913,,
39,1033900822,AE1718,20170913,,
40,1033900823,AE1718,20170913,,
41,1033900824,AE1718,20170913,,
42,1033901101,AE1718,20170914,,
43,1033901102,AE1718,20170914,V1V2_dada2_read_info_03052026.xlsx,V4_dada2_read_info_03052026.xlsx
44,1033901103,AE1718,20170914,,
45,1033901104,AE1718,20170914,V1V2_dada2_read_info_03052026.xlsx,V4_dada2_read_info_03052026.xlsx
46,1033901105,AE1718,20170914,,
47,1033901106,AE1718,20170914,,
48,1033901107,AE1718,20170914,V1V2_dada2_read_info_03052026.xlsx,V4_dada2_read_info_03052026.xlsx
49,1033901108,AE1718,20170914,,
50,1033901109,AE1718,20170914,V1V2_dada2_read_info_03052026.xlsx,V4_dada2_read_info_03052026.xlsx
51,1033901110,AE1718,20170914,,
52,1033901111,AE1718,20170914,,
53,1033901112,AE1718,20170914,V1V2_dada2_read_info_03052026.xlsx,V4_dada2_read_info_03052026.xlsx
54,1033901113,AE1718,20170914,V1V2_dada2_read_info_03052026.xlsx,V4_dada2_read_info_03052026.xlsx
55,1033901114,AE1718,20170914,,
56,1033901115,AE1718,20170914,V1V2_dada2_read_info_03052026.xlsx,V4_dada2_read_info_03052026.xlsx
57,1033901116,AE1718,20170914,,
58,1033901117,AE1718,20170914,V1V2_dada2_read_info_03052026.xlsx,V4_dada2_read_info_03052026.xlsx
59,1033901118,AE1718,20170914,,
60,1033901119,AE1718,20170914,,
61,1033901120,AE1718,20170914,V1V2_dada2_read_info_03052026.xlsx,
62,1033901121,AE1718,20170914,V1V2_dada2_read_info_03052026.xlsx,
63,1033901122,AE1718,20170914,V1V2_dada2_read_info_03052026.xlsx,
64,1033901123,AE1718,20170914,V1V2_dada2_read_info_03052026.xlsx,
65,1033901124,AE1718,20170914,,
66,1034401309,AE1805,20180212,V1V2_dada2_read_info_03052026.xlsx,V4_dada2_read_info_03052026.xlsx
67,1034401310,AE1805,20180212,,
68,1034401311,AE1805,20180212,V1V2_dada2_read_info_03052026.xlsx,V4_dada2_read_info_03052026.xlsx
69,1034401312,AE1805,20180212,,
70,1034401313,AE1805,20180212,V1V2_dada2_read_info_03052026.xlsx,V4_dada2_read_info_03052026.xlsx
71,1034401314,AE1805,20180212,,
72,1034401315,AE1805,20180212,V1V2_dada2_read_info_03052026.xlsx,V4_dada2_read_info_03052026.xlsx
73,1034401316,AE1805,20180212,,
74,1034401317,AE1805,20180212,V1V2_dada2_read_info_03052026.xlsx,V4_dada2_read_info_03052026.xlsx
75,1034401318,AE1805,20180212,,
76,1034401319,AE1805,20180212,V1V2_dada2_read_info_03052026.xlsx,V4_dada2_read_info_03052026.xlsx
77,1034401320,AE1805,20180212,,
78,1034401321,AE1805,20180212,V1V2_dada2_read_info_03052026.xlsx,V4_dada2_read_info_03052026.xlsx
79,1034401322,AE1805,20180212,,
80,1034401323,AE1805,20180212,V1V2_dada2_read_info_03052026.xlsx,V4_dada2_read_info_03052026.xlsx
81,1034401324,AE1805,20180212,,
82,1034500201,AE1807,20180314,,
83,1034500202,AE1807,20180314,,
84,1034500203,AE1807,20180314,,
85,1034500204,AE1807,20180314,,
86,1034500205,AE1807,20180314,,
87,1034500206,AE1807,20180314,,
88,1034500207,AE1807,20180314,,
89,1034500208,AE1807,20180314,,
90,1034500209,AE1807,20180314,,
91,1034500210,AE1807,20180314,,
92,1034500211,AE1807,20180314,,
93,1034500212,AE1807,20180314,,
94,1034500213,AE1807,20180314,,
95,1034500214,AE1807,20180314,,
96,1034500215,AE1807,20180314,,
97,1034500216,AE1807,20180314,,
98,1034500217,AE1807,20180314,,
99,1034500218,AE1807,20180314,,
100,1034500219,AE1807,20180314,,
101,1034500220,AE1807,20180314,,
102,1034500221,AE1807,20180314,,
103,1034500222,AE1807,20180314,,
104,1034500223,AE1807,20180314,,
105,1034500224,AE1807,20180314,,
106,1034500401,AE1807,20180315,,
107,1034500402,AE1807,20180315,,
108,1034500403,AE1807,20180315,,
109,1034500404,AE1807,20180315,,
110,1034500405,AE1807,20180315,,
111,1034500406,AE1807,20180315,,
112,1034500407,AE1807,20180315,,
113,1034500408,AE1807,20180315,,
114,1034500409,AE1807,20180315,,
115,1034500410,AE1807,20180315,,
116,1034500411,AE1807,20180315,,
117,1034500412,AE1807,20180315,,
118,1034500413,AE1807,20180315,,
119,1034500414,AE1807,20180315,,
120,1034500415,AE1807,20180315,,
121,1034500416,AE1807,20180315,,
122,1034500501,AE1807,20180315,,
123,1034500502,AE1807,20180315,,
124,1034500503,AE1807,20180315,,
125,1034500504,AE1807,20180315,,
126,1034500505,AE1807,20180315,,
127,1034500506,AE1807,20180315,,
128,1034500507,AE1807,20180315,,
129,1034500508,AE1807,20180315,,
130,1034500509,AE1807,20180315,,
131,1034500510,AE1807,20180315,,
132,1034500511,AE1807,20180315,,
133,1034500512,AE1807,20180315,,
134,1034500513,AE1807,20180315,,
135,1034500514,AE1807,20180315,,
136,1034500515,AE1807,20180315,,
137,1034500516,AE1807,20180315,,
138,1034500517,AE1807,20180315,,
139,1034500518,AE1807,20180315,,
140,1034500519,AE1807,20180315,,
141,1034500520,AE1807,20180315,,
142,1034500521,AE1807,20180315,,
143,1034500522,AE1807,20180315,,
144,1034500523,AE1807,20180315,,
145,1034500524,AE1807,20180315,,
146,1034600101,AE1810,20180412,,
147,1034600102,AE1810,20180412,,
148,1034600103,AE1810,20180412,,
149,1034600104,AE1810,20180412,,
150,1034600105,AE1810,20180412,,
151,1034600106,AE1810,20180412,,
152,1034600107,AE1810,20180412,,
153,1034600108,AE1810,20180412,,
154,1034600109,AE1810,20180412,,
155,1034600110,AE1810,20180412,,
156,1034600111,AE1810,20180412,,
157,1034600112,AE1810,20180412,,
158,1034600113,AE1810,20180412,,
159,1034600114,AE1810,20180412,,
160,1034600115,AE1810,20180412,,
161,1034600116,AE1810,20180412,,
162,1034600117,AE1810,20180412,,
163,1034600118,AE1810,20180412,,
164,1034600119,AE1810,20180412,,
165,1034600120,AE1810,20180412,,
166,1034600121,AE1810,20180412,,
167,1034600122,AE1810,20180412,,
168,1034600123,AE1810,20180412,,
169,1034600124,AE1810,20180412,,
170,1034600301,AE1810,20180413,,
171,1034600302,AE1810,20180413,,
172,1034600303,AE1810,20180413,,
173,1034600304,AE1810,20180413,,
174,1034600305,AE1810,20180413,,
175,1034600306,AE1810,20180413,,
176,1034600307,AE1810,20180413,,
177,1034600308,AE1810,20180413,,
178,1034600309,AE1810,20180413,,
179,1034600310,AE1810,20180413,,
180,1034600311,AE1810,20180413,,
181,1034600312,AE1810,20180413,,
182,1034600313,AE1810,20180413,,
183,1034600314,AE1810,20180413,,
184,1034600315,AE1810,20180413,,
185,1034600316,AE1810,20180413,,
186,1034600317,AE1810,20180413,,
187,1034600318,AE1810,20180413,,
188,1034600319,AE1810,20180413,,
189,1034600320,AE1810,20180413,,
190,1034600321,AE1810,20180413,,
191,1034600322,AE1810,20180413,,
192,1034600323,AE1810,20180413,,
193,1034600324,AE1810,20180413,,
194,1034600501,AE1810,20180414,,
195,1034600502,AE1810,20180414,,
196,1034600503,AE1810,20180414,,
197,1034600504,AE1810,20180414,,
198,1034600505,AE1810,20180414,,
199,1034600506,AE1810,20180414,,
200,1034600507,AE1810,20180414,,
201,1034600508,AE1810,20180414,,
202,1034600509,AE1810,20180414,,
203,1034600510,AE1810,20180414,,
204,1034600511,AE1810,20180414,,
205,1034600512,AE1810,20180414,,
206,1034600513,AE1810,20180414,,
207,1034600514,AE1810,20180414,,
208,1034600515,AE1810,20180414,,
209,1034600516,AE1810,20180414,,
210,1034600601,AE1810,20180414,,
211,1034600602,AE1810,20180414,,
212,1034600603,AE1810,20180414,,
213,1034600604,AE1810,20180414,,
214,1034600605,AE1810,20180414,,
215,1034600606,AE1810,20180414,,
216,1034600607,AE1810,20180414,,
217,1034600608,AE1810,20180414,,
218,1034600609,AE1810,20180414,,
219,1034600610,AE1810,20180414,,
220,1034600611,AE1810,20180414,,
221,1034600612,AE1810,20180414,,
222,1034600613,AE1810,20180414,,
223,1034600614,AE1810,20180414,,
224,1034600615,AE1810,20180414,,
225,1034600616,AE1810,20180414,,
226,1034600617,AE1810,20180414,,
227,1034600618,AE1810,20180414,,
228,1034600619,AE1810,20180414,,
229,1034600620,AE1810,20180414,,
230,1034600621,AE1810,20180414,,
231,1034600622,AE1810,20180414,,
232,1034600623,AE1810,20180414,,
233,1034600624,AE1810,20180414,,
234,1034600701,AE1810,20180414,,
235,1034600702,AE1810,20180414,,
236,1034600703,AE1810,20180414,,
237,1034600704,AE1810,20180414,,
238,1034600705,AE1810,20180414,,
239,1034600706,AE1810,20180414,,
240,1034600707,AE1810,20180414,,
241,1034600708,AE1810,20180414,,
242,1034600709,AE1810,20180414,,
243,1034600710,AE1810,-999,,
244,1034600711,AE1810,-999,,
245,1034600712,AE1810,-999,,
246,1034600713,AE1810,-999,,
247,1034600714,AE1810,-999,,
248,1034600715,AE1810,-999,,
249,1034600716,AE1810,-999,,
250,1034600717,AE1810,-999,,
251,1034600718,AE1810,-999,,
252,1034600719,AE1810,-999,,
253,1034600720,AE1810,-999,,
254,1034600721,AE1810,-999,,
255,1034600722,AE1810,-999,,
256,1034600723,AE1810,-999,,
257,1034600724,AE1810,-999,,
258,1034601201,AE1810,20180416,V1V2_dada2_read_info_03052026.xlsx,V4_dada2_read_info_03052026.xlsx
259,1034601202,AE1810,20180416,,
260,1034601203,AE1810,20180416,V1V2_dada2_read_info_03052026.xlsx,V4_dada2_read_info_03052026.xlsx
261,1034601204,AE1810,20180416,,
262,1034601205,AE1810,20180416,V1V2_dada2_read_info_03052026.xlsx,V4_dada2_read_info_03052026.xlsx
263,1034601206,AE1810,20180416,,
264,1034601207,AE1810,20180416,V1V2_dada2_read_info_03052026.xlsx,V4_dada2_read_info_03052026.xlsx
265,1034601208,AE1810,20180416,,
266,1034601209,AE1810,20180416,V1V2_dada2_read_info_03052026.xlsx,V4_dada2_read_info_03052026.xlsx
267,1034601210,AE1810,20180416,,
268,1034601211,AE1810,20180416,V1V2_dada2_read_info_03052026.xlsx,V4_dada2_read_info_03052026.xlsx
269,1034601212,AE1810,20180416,,
270,1034601213,AE1810,20180416,V1V2_dada2_read_info_03052026.xlsx,V4_dada2_read_info_03052026.xlsx
271,1034601214,AE1810,20180416,,
272,1034601215,AE1810,20180416,V1V2_dada2_read_info_03052026.xlsx,V4_dada2_read_info_03052026.xlsx
273,1034601216,AE1810,20180416,,
274,1034601217,AE1810,20180416,V1V2_dada2_read_info_03052026.xlsx,V4_dada2_read_info_03052026.xlsx
275,1034601218,AE1810,20180416,,
276,1034601219,AE1810,20180416,V1V2_dada2_read_info_03052026.xlsx,V4_dada2_read_info_03052026.xlsx
277,1034601220,AE1810,20180416,,
278,1034601221,AE1810,20180416,V1V2_dada2_read_info_03052026.xlsx,V4_dada2_read_info_03052026.xlsx
279,1034601222,AE1810,20180416,,
280,1034601223,AE1810,20180416,V1V2_dada2_read_info_03052026.xlsx,V4_dada2_read_info_03052026.xlsx
281,1034601224,AE1810,20180416,,
282,1034700801,AE1814,20180523,,
283,1034700802,AE1814,20180523,,
284,1034700803,AE1814,20180523,,
285,1034700804,AE1814,20180523,,
286,1034700805,AE1814,20180523,,
287,1034700806,AE1814,20180523,,
288,1034700807,AE1814,20180523,,
289,1034700808,AE1814,20180523,,
290,1034700809,AE1814,20180523,,
291,1034700810,AE1814,20180523,,
292,1034700811,AE1814,20180523,,
293,1034700812,AE1814,20180523,,
294,1034700813,AE1814,20180523,,
295,1034700814,AE1814,20180523,,
296,1034700815,AE1814,20180523,,
297,1034700901,AE1814,20180523,,
298,1034700902,AE1814,20180523,,
299,1034700903,AE1814,20180523,,
300,1034700904,AE1814,20180523,,
301,1034700905,AE1814,20180523,,
302,1034700906,AE1814,20180523,,
303,1034700907,AE1814,20180523,,
304,1034700908,AE1814,20180523,,
305,1034700909,AE1814,20180523,,
306,1034700910,AE1814,20180523,,
307,1034700911,AE1814,20180523,,
308,1034700912,AE1814,20180523,,
309,1034700913,AE1814,20180523,,
310,1034700914,AE1814,20180523,,
311,1034700915,AE1814,20180523,,
312,1034700916,AE1814,20180523,,
313,1034700917,AE1814,20180523,,
314,1034700918,AE1814,20180523,,
315,1034700919,AE1814,20180523,,
316,1034700920,AE1814,20180523,,
317,1034700921,AE1814,20180523,,
318,1034700922,AE1814,20180523,,
319,1034700923,AE1814,20180523,,
320,1034700924,AE1814,20180523,,
321,1034701001,AE1814,20180524,,
322,1034701002,AE1814,20180524,,
323,1034701003,AE1814,20180524,,
324,1034701004,AE1814,20180524,,
325,1034701005,AE1814,20180524,,
326,1034701006,AE1814,20180524,,
327,1034701007,AE1814,20180524,,
328,1034701008,AE1814,20180524,,
329,1034701009,AE1814,20180524,,
330,1034701010,AE1814,20180524,,
331,1034701011,AE1814,20180524,,
332,1034701012,AE1814,20180524,,
333,1034701013,AE1814,20180524,,
334,1034701014,AE1814,20180524,,
335,1034701015,AE1814,20180524,,
336,1034701016,AE1814,20180524,,
337,1034701201,AE1814,20180524,,
338,1034701202,AE1814,20180524,,
339,1034701203,AE1814,20180524,,
340,1034701204,AE1814,20180524,,
341,1034701205,AE1814,20180524,,
342,1034701206,AE1814,20180524,,
343,1034701207,AE1814,20180524,,
344,1034701208,AE1814,20180524,,
345,1034701209,AE1814,20180524,,
346,1034701210,AE1814,20180524,,
347,1034701211,AE1814,20180524,,
348,1034701212,AE1814,20180524,,
349,1034701213,AE1814,20180524,,
350,1034701214,AE1814,20180524,,
351,1034701215,AE1814,20180524,,
352,1034701216,AE1814,20180524,,
353,1034701217,AE1814,20180524,,
354,1034701218,AE1814,20180524,,
355,1034701219,AE1814,20180524,,
356,1034701220,AE1814,20180524,,
357,1034701221,AE1814,20180524,,
358,1034701222,AE1814,20180524,,
359,1034701223,AE1814,20180524,,
360,1034701224,AE1814,20180524,,
361,1034701301,AE1814,-999,,
362,1034701302,AE1814,-999,,
363,1034701303,AE1814,-999,,
364,1034701304,AE1814,-999,,
365,1034701305,AE1814,-999,,
366,1034701306,AE1814,-999,,
367,1034701307,AE1814,-999,,
368,1034701308,AE1814,-999,,
369,1034701309,AE1814,-999,,
370,1034701310,AE1814,-999,,
371,1034701311,AE1814,-999,,
372,1034701312,AE1814,-999,,
373,1034701313,AE1814,-999,,
374,1034701314,AE1814,-999,,
375,1034701315,AE1814,-999,,
376,1034701316,AE1814,20180524,,
377,1034701317,AE1814,20180524,,
378,1034701318,AE1814,20180524,,
379,1034701319,AE1814,20180524,,
380,1034701320,AE1814,20180524,,
381,1034701321,AE1814,20180524,,
382,1034701322,AE1814,20180524,,
383,1034701323,AE1814,20180524,,
384,1034701324,AE1814,20180524,,
385,1034701601,AE1814,20180525,V1V2_dada2_read_info_03052026.xlsx,V4_dada2_read_info_03052026.xlsx
386,1034701602,AE1814,20180525,,
387,1034701603,AE1814,20180525,V1V2_dada2_read_info_03052026.xlsx,V4_dada2_read_info_03052026.xlsx
388,1034701604,AE1814,20180525,,
389,1034701605,AE1814,20180525,V1V2_dada2_read_info_03052026.xlsx,V4_dada2_read_info_03052026.xlsx
390,1034701606,AE1814,20180525,,
391,1034701607,AE1814,20180525,V1V2_dada2_read_info_03052026.xlsx,V4_dada2_read_info_03052026.xlsx
392,1034701608,AE1814,20180525,,
393,1034701609,AE1814,20180525,V1V2_dada2_read_info_03052026.xlsx,V4_dada2_read_info_03052026.xlsx
394,1034701610,AE1814,20180525,,
395,1034701611,AE1814,20180525,V1V2_dada2_read_info_03052026.xlsx,V4_dada2_read_info_03052026.xlsx
396,1034701612,AE1814,20180525,,
397,1034701613,AE1814,20180525,V1V2_dada2_read_info_03052026.xlsx,V4_dada2_read_info_03052026.xlsx
398,1034701614,AE1814,20180525,,
399,1034701615,AE1814,20180525,V1V2_dada2_read_info_03052026.xlsx,V4_dada2_read_info_03052026.xlsx
400,1034701616,AE1814,20180525,,
401,1034701617,AE1814,20180525,V1V2_dada2_read_info_03052026.xlsx,V4_dada2_read_info_03052026.xlsx
402,1034701618,AE1814,20180525,,
403,1034701619,AE1814,20180525,V1V2_dada2_read_info_03052026.xlsx,V4_dada2_read_info_03052026.xlsx
404,1034701620,AE1814,20180525,,
405,1034701621,AE1814,20180525,V1V2_dada2_read_info_03052026.xlsx,V4_dada2_read_info_03052026.xlsx
406,1034701622,AE1814,20180525,,
407,1034701623,AE1814,20180525,V1V2_dada2_read_info_03052026.xlsx,V4_dada2_read_info_03052026.xlsx
408,1034701624,AE1814,20180525,,
409,1034800601,AE1817,20180612,,
410,1034800602,AE1817,20180612,,
411,1034800603,AE1817,20180612,,
412,1034800604,AE1817,20180612,,
413,1034800605,AE1817,20180612,,
414,1034800606,AE1817,20180612,,
415,1034800607,AE1817,20180612,,
416,1034800608,AE1817,20180612,,
417,1034800609,AE1817,20180612,,
418,1034800610,AE1817,20180612,,
419,1034800611,AE1817,20180612,,
420,1034800612,AE1817,20180612,,
421,1034800613,AE1817,20180612,,
422,1034800614,AE1817,20180612,,
423,1034800615,AE1817,20180612,,
424,1034800801,AE1817,20180613,,
425,1034800802,AE1817,20180613,,
426,1034800803,AE1817,20180613,,
427,1034800804,AE1817,20180613,,
428,1034800805,AE1817,20180613,,
429,1034800806,AE1817,20180613,,
430,1034800807,AE1817,20180613,,
431,1034800808,AE1817,20180613,,
432,1034800809,AE1817,20180613,,
433,1034800810,AE1817,20180613,,
434,1034800811,AE1817,20180613,,
435,1034800812,AE1817,20180613,,
436,1034800813,AE1817,20180613,,
437,1034800814,AE1817,20180613,,
438,1034800815,AE1817,20180613,,
439,1034800816,AE1817,20180613,,
440,1034800817,AE1817,20180613,,
441,1034800818,AE1817,20180613,,
442,1034800819,AE1817,20180613,,
443,1034800820,AE1817,20180613,,
444,1034800821,AE1817,20180613,,
445,1034800822,AE1817,20180613,,
446,1034800823,AE1817,20180613,,
447,1034800824,AE1817,20180613,,
448,1034800901,AE1817,20180614,V1V2_dada2_read_info_03052026.xlsx,V4_dada2_read_info_03052026.xlsx
449,1034800902,AE1817,20180614,,
450,1034800903,AE1817,20180614,V1V2_dada2_read_info_03052026.xlsx,V4_dada2_read_info_03052026.xlsx
451,1034800904,AE1817,20180614,,
452,1034800905,AE1817,20180614,V1V2_dada2_read_info_03052026.xlsx,V4_dada2_read_info_03052026.xlsx
453,1034800906,AE1817,20180614,,
454,1034800907,AE1817,20180614,V1V2_dada2_read_info_03052026.xlsx,V4_dada2_read_info_03052026.xlsx
455,1034800908,AE1817,20180614,,
456,1034800909,AE1817,20180614,V1V2_dada2_read_info_03052026.xlsx,V4_dada2_read_info_03052026.xlsx
457,1034800910,AE1817,20180614,,
458,1034800911,AE1817,20180614,V1V2_dada2_read_info_03052026.xlsx,V4_dada2_read_info_03052026.xlsx
459,1034800912,AE1817,20180614,,
460,1034800913,AE1817,20180614,V1V2_dada2_read_info_03052026.xlsx,V4_dada2_read_info_03052026.xlsx
461,1034800914,AE1817,20180614,,
462,1034800915,AE1817,20180614,,
463,1034800916,AE1817,20180614,V1V2_dada2_read_info_03052026.xlsx,V4_dada2_read_info_03052026.xlsx
464,1034800917,AE1817,20180614,V1V2_dada2_read_info_03052026.xlsx,V4_dada2_read_info_03052026.xlsx
465,1034800918,AE1817,20180614,,
466,1034800919,AE1817,20180614,V1V2_dada2_read_info_03052026.xlsx,V4_dada2_read_info_03052026.xlsx
467,1034800920,AE1817,20180614,,
468,1034800921,AE1817,20180614,V1V2_dada2_read_info_03052026.xlsx,V4_dada2_read_info_03052026.xlsx
469,1034800922,AE1817,20180614,,
470,1034800923,AE1817,20180614,V1V2_dada2_read_info_03052026.xlsx,V4_dada2_read_info_03052026.xlsx
471,1034800924,AE1817,20180614,,
472,1034801201,AE1817,20180615,,
473,1034801202,AE1817,20180615,,
474,1034801203,AE1817,20180615,,
475,1034801204,AE1817,20180615,,
476,1034801205,AE1817,20180615,,
477,1034801206,AE1817,20180615,,
478,1034801207,AE1817,20180615,,
479,1034801208,AE1817,20180615,,
480,1034801209,AE1817,20180615,,
481,1034801210,AE1817,20180615,,
482,1034801211,AE1817,20180615,,
483,1034801212,AE1817,20180615,,
484,1034801213,AE1817,20180615,,
485,1034801214,AE1817,20180615,,
486,1034801215,AE1817,20180615,,
487,1034801216,AE1817,20180615,,
488,1034801301,AE1817,20180615,,
489,1034801302,AE1817,20180615,,
490,1034801303,AE1817,20180615,,
491,1034801304,AE1817,20180615,,
492,1034801305,AE1817,20180615,,
493,1034801306,AE1817,20180615,,
494,1034801307,AE1817,20180615,,
495,1034801308,AE1817,20180615,,
496,1034801309,AE1817,20180615,,
497,1034801310,AE1817,20180615,,
498,1034801311,AE1817,20180615,,
499,1034801312,AE1817,20180615,,
500,1034801313,AE1817,20180615,,
501,1034801314,AE1817,20180615,,
502,1034801315,AE1817,20180615,,
503,1034801316,AE1817,20180615,,
504,1034801317,AE1817,20180615,,
505,1034801318,AE1817,20180615,,
506,1034801319,AE1817,20180615,,
507,1034801320,AE1817,20180615,,
508,1034801321,AE1817,20180615,,
509,1034801322,AE1817,20180615,,
510,1034801323,AE1817,20180615,,
511,1034801324,AE1817,20180615,,
512,1034801401,AE1817,20180615,,
513,1034801402,AE1817,20180615,,
514,1034801403,AE1817,20180615,,
515,1034801404,AE1817,20180615,,
516,1034801405,AE1817,20180615,,
517,1034801406,AE1817,20180615,,
518,1034801407,AE1817,20180615,,
519,1034801408,AE1817,20180615,,
520,1034801409,AE1817,20180615,,
521,1034801410,AE1817,20180615,,
522,1034801411,AE1817,20180615,,
523,1034801412,AE1817,20180615,,
524,1034801413,AE1817,20180615,,
525,1034801414,AE1817,20180615,,
526,1034801415,AE1817,20180615,,
527,1034801416,AE1817,20180615,,
528,1034801417,AE1817,20180615,,
529,1034801418,AE1817,20180615,,
530,1034801419,AE1817,20180615,,
531,1034801420,AE1817,20180615,,
532,1034801421,AE1817,20180615,,
533,1034801422,AE1817,20180615,,
534,1034801423,AE1817,20180615,,
535,1034801424,AE1817,20180615,,
536,1034900401,AE1820,20180718,,
537,1034900402,AE1820,20180718,,
538,1034900403,AE1820,20180718,,
539,1034900404,AE1820,20180718,,
540,1034900405,AE1820,20180718,,
541,1034900406,AE1820,20180718,,
542,1034900407,AE1820,20180718,,
543,1034900408,AE1820,20180718,,
544,1034900409,AE1820,20180718,,
545,1034900410,AE1820,20180718,,
546,1034900411,AE1820,20180718,,
547,1034900412,AE1820,20180718,,
548,1034900413,AE1820,20180718,,
549,1034900414,AE1820,20180718,,
550,1034900415,AE1820,20180718,,
551,1034900416,AE1820,20180718,,
552,1034900417,AE1820,20180718,,
553,1034900418,AE1820,20180718,,
554,1034900419,AE1820,20180718,,
555,1034900420,AE1820,20180718,,
556,1034900421,AE1820,20180718,,
557,1034900422,AE1820,20180718,,
558,1034900423,AE1820,20180718,,
559,1034900424,AE1820,20180718,,
560,1034901401,AE1820,20180720,,
561,1034901402,AE1820,20180720,,
562,1034901403,AE1820,20180720,,
563,1034901404,AE1820,20180720,,
564,1034901405,AE1820,20180720,,
565,1034901406,AE1820,20180720,,
566,1034901407,AE1820,20180720,,
567,1034901408,AE1820,20180720,,
568,1034901409,AE1820,20180720,,
569,1034901410,AE1820,20180720,,
570,1034901411,AE1820,20180720,,
571,1034901412,AE1820,20180720,,
572,1034901413,AE1820,20180720,,
573,1034901414,AE1820,20180720,,
574,1034901415,AE1820,20180720,,
575,1034901601,AE1820,20180721,,
576,1034901602,AE1820,20180721,,
577,1034901603,AE1820,20180721,,
578,1034901604,AE1820,20180721,,
579,1034901605,AE1820,20180721,,
580,1034901606,AE1820,20180721,,
581,1034901607,AE1820,20180721,,
582,1034901608,AE1820,20180721,,
583,1034901609,AE1820,20180721,,
584,1034901610,AE1820,20180721,,
585,1034901611,AE1820,20180721,,
586,1034901612,AE1820,20180721,,
587,1034901613,AE1820,20180721,,
588,1034901614,AE1820,20180721,,
589,1034901615,AE1820,20180721,,
590,1034901616,AE1820,20180721,,
591,1034901701,AE1820,20180721,,
592,1034901702,AE1820,20180721,,
593,1034901703,AE1820,20180721,,
594,1034901704,AE1820,20180721,,
595,1034901705,AE1820,20180721,,
596,1034901706,AE1820,20180721,,
597,1034901707,AE1820,20180721,,
598,1034901708,AE1820,20180721,,
599,1034901709,AE1820,20180721,,
600,1034901710,AE1820,20180721,,
601,1034901711,AE1820,20180721,,
602,1034901712,AE1820,20180721,,
603,1034901713,AE1820,20180721,,
604,1034901714,AE1820,20180721,,
605,1034901715,AE1820,20180721,,
606,1034901716,AE1820,20180721,,
607,1034901717,AE1820,20180721,,
608,1034901718,AE1820,20180721,,
609,1034901719,AE1820,20180721,,
610,1034901720,AE1820,20180721,,
611,1034901721,AE1820,20180721,,
612,1034901722,AE1820,20180721,,
613,1034901723,AE1820,20180721,,
614,1034901724,AE1820,20180721,,
615,1034901801,AE1820,20180721,,
616,1034901802,AE1820,20180721,,
617,1034901803,AE1820,20180721,,
618,1034901804,AE1820,20180721,,
619,1034901805,AE1820,20180721,,
620,1034901806,AE1820,20180721,,
621,1034901807,AE1820,20180721,,
622,1034901808,AE1820,20180721,,
623,1034901809,AE1820,20180721,,
624,1034901810,AE1820,-999,,
625,1034901811,AE1820,-999,,
626,1034901812,AE1820,-999,,
627,1034901813,AE1820,-999,,
628,1034901814,AE1820,-999,,
629,1034901815,AE1820,-999,,
630,1034901816,AE1820,-999,,
631,1034901817,AE1820,-999,,
632,1034901818,AE1820,-999,,
633,1034901819,AE1820,-999,,
634,1034901820,AE1820,-999,,
635,1034901821,AE1820,-999,,
636,9161401408,AE1614,20160711,,
637,9161401409,AE1614,20160711,V1V2_dada2_read_info_03052026.xlsx,
638,9161401501,AE1614,20160711,V1V2_dada2_read_info_03052026.xlsx,
639,9161401510,AE1614,20160711,,
640,9161401511,AE1614,20160711,V1V2_dada2_read_info_03052026.xlsx,
641,9161401512,AE1614,20160711,,
642,9161401513,AE1614,20160711,V1V2_dada2_read_info_03052026.xlsx,
643,9161401514,AE1614,20160711,,
644,1034902006,AE1820,20180722,,
645,1034902007,AE1820,20180722,V1V2_dada2_read_info_03052026.xlsx,V4_dada2_read_info_03052026.xlsx
646,1034902008,AE1820,20180722,,
647,1034902009,AE1820,20180722,V1V2_dada2_read_info_03052026.xlsx,V4_dada2_read_info_03052026.xlsx
648,1034902010,AE1820,20180722,,
649,1034902011,AE1820,20180722,V1V2_dada2_read_info_03052026.xlsx,V4_dada2_read_info_03052026.xlsx
650,1034902012,AE1820,20180722,,
651,1034902013,AE1820,20180722,V1V2_dada2_read_info_03052026.xlsx,V4_dada2_read_info_03052026.xlsx
652,1034902014,AE1820,20180722,,
653,1034902015,AE1820,20180722,V1V2_dada2_read_info_03052026.xlsx,V4_dada2_read_info_03052026.xlsx
654,1034902016,AE1820,20180722,,
655,1034902017,AE1820,20180722,V1V2_dada2_read_info_03052026.xlsx,V4_dada2_read_info_03052026.xlsx
656,1034902018,AE1820,20180722,,
657,1034902019,AE1820,20180722,V1V2_dada2_read_info_03052026.xlsx,V4_dada2_read_info_03052026.xlsx
658,1034902020,AE1820,20180722,,
659,1034902021,AE1820,20180722,V1V2_dada2_read_info_03052026.xlsx,V4_dada2_read_info_03052026.xlsx
660,1034902022,AE1820,20180722,,
661,1034902023,AE1820,20180722,V1V2_dada2_read_info_03052026.xlsx,V4_dada2_read_info_03052026.xlsx
662,1034902024,AE1820,20180722,,
663,1034902601,AE1820,20180723,,
664,1034902602,AE1820,-999,,
665,1034902603,AE1820,-999,,
666,1034902604,AE1820,-999,,
667,1034902605,AE1820,-999,,
668,1034902606,AE1820,-999,,
669,1034902607,AE1820,-999,,
670,1034902608,AE1820,-999,,
671,1034902609,AE1820,-999,,
672,1034902610,AE1820,-999,,
673,1034902611,AE1820,-999,,
674,1034902612,AE1820,-999,,
675,1034902613,AE1820,-999,,
676,1034902614,AE1820,-999,,
677,1034902615,AE1820,-999,,
678,1034902616,AE1820,-999,,
679,1034902617,AE1820,-999,,
680,1034902618,AE1820,-999,,
681,1034902619,AE1820,-999,,
682,1034902620,AE1820,-999,,
683,1034902621,AE1820,-999,,
684,1034902622,AE1820,-999,,
685,1034902623,AE1820,-999,,
686,1034902624,AE1820,-999,,
687,1035000801,AE1822,20180813,,
688,1035000802,AE1822,20180813,,
689,1035000803,AE1822,20180813,,
690,1035000804,AE1822,20180813,,
691,1035000805,AE1822,20180813,,
692,1035000806,AE1822,20180813,,
693,1035000807,AE1822,20180813,,
694,1035000808,AE1822,20180813,,
695,1035000809,AE1822,20180813,,
696,1035000810,AE1822,20180813,,
697,1035000811,AE1822,20180813,,
698,1035000812,AE1822,20180813,,
699,1035000813,AE1822,20180813,,
700,1035000814,AE1822,20180813,,
701,1035000815,AE1822,20180813,,
702,1035000901,AE1822,20180813,,
703,1035000902,AE1822,20180813,,
704,1035000903,AE1822,20180813,,
705,1035000904,AE1822,20180813,,
706,1035000905,AE1822,20180813,,
707,1035000906,AE1822,20180813,,
708,1035000907,AE1822,20180813,,
709,1035000908,AE1822,20180813,,
710,1035000909,AE1822,20180813,,
711,1035000910,AE1822,20180813,,
712,1035000911,AE1822,20180813,,
713,1035000912,AE1822,20180813,,
714,1035000913,AE1822,20180813,,
715,1035000914,AE1822,20180813,,
716,1035000915,AE1822,20180813,,
717,1035000916,AE1822,20180813,,
718,1035000917,AE1822,20180813,,
719,1035000918,AE1822,20180813,,
720,1035000919,AE1822,20180813,,
721,1035000920,AE1822,20180813,,
722,1035000921,AE1822,20180813,,
723,1035000922,AE1822,20180813,,
724,1035000923,AE1822,20180813,,
725,1035000924,AE1822,20180813,,
726,1035001001,AE1822,20180814,,
727,1035001002,AE1822,20180814,,
728,1035001003,AE1822,20180814,,
729,1035001004,AE1822,20180814,,
730,1035001005,AE1822,20180814,,
731,1035001006,AE1822,20180814,,
732,1035001007,AE1822,20180814,,
733,1035001008,AE1822,20180814,,
734,1035001009,AE1822,20180814,,
735,1035001010,AE1822,20180814,,
736,1035001011,AE1822,20180814,,
737,1035001012,AE1822,20180814,,
738,1035001013,AE1822,20180814,,
739,1035001014,AE1822,20180814,,
740,1035001015,AE1822,20180814,,
741,1035001016,AE1822,20180814,,
742,1035001201,AE1822,20180814,,
743,1035001202,AE1822,20180814,,
744,1035001203,AE1822,20180814,,
745,1035001204,AE1822,20180814,,
746,1035001205,AE1822,20180814,,
747,1035001206,AE1822,20180814,,
748,1035001207,AE1822,20180814,,
749,1035001208,AE1822,20180814,,
750,1035001209,AE1822,20180814,,
751,1035001210,AE1822,20180814,,
752,1035001211,AE1822,20180814,,
753,1035001212,AE1822,20180814,,
754,1035001213,AE1822,20180814,,
755,1035001214,AE1822,20180814,,
756,1035001215,AE1822,20180814,,
757,1035001216,AE1822,20180814,,
758,1035001217,AE1822,20180814,,
759,1035001218,AE1822,20180814,,
760,1035001219,AE1822,20180814,,
761,1035001220,AE1822,20180814,,
762,1035001221,AE1822,20180814,,
763,1035001222,AE1822,20180814,,
764,1035001223,AE1822,20180814,,
765,1035001224,AE1822,20180814,,
766,1035001301,AE1822,20180814,,
767,1035001302,AE1822,20180814,,
768,1035001303,AE1822,20180814,,
769,1035001304,AE1822,20180814,,
770,1035001305,AE1822,20180814,,
771,1035001306,AE1822,20180814,,
772,1035001307,AE1822,20180814,,
773,1035001308,AE1822,20180814,,
774,1035001309,AE1822,20180814,,
775,1035001310,AE1822,-999,,
776,1035001311,AE1822,-999,,
777,1035001312,AE1822,-999,,
778,1035001313,AE1822,-999,,
779,1035001314,AE1822,-999,,
780,1035001315,AE1822,-999,,
781,1035001316,AE1822,-999,,
782,1035001317,AE1822,-999,,
783,1035001318,AE1822,-999,,
784,1035001319,AE1822,-999,,
785,1035001320,AE1822,-999,,
786,1035001321,AE1822,-999,,
787,1035001322,AE1822,-999,,
788,1035001323,AE1822,-999,,
789,1035001324,AE1822,-999,,
790,1035001601,AE1822,20180815,V1V2_dada2_read_info_03052026.xlsx,V4_dada2_read_info_03052026.xlsx
791,1035001602,AE1822,20180815,,
792,1035001603,AE1822,20180815,V1V2_dada2_read_info_03052026.xlsx,V4_dada2_read_info_03052026.xlsx
793,1035001604,AE1822,20180815,,
794,1035001605,AE1822,20180815,V1V2_dada2_read_info_03052026.xlsx,V4_dada2_read_info_03052026.xlsx
795,1035001606,AE1822,20180815,,
796,1035001607,AE1822,20180815,V1V2_dada2_read_info_03052026.xlsx,V4_dada2_read_info_03052026.xlsx
797,1035001608,AE1822,20180815,,
798,1035001609,AE1822,20180815,V1V2_dada2_read_info_03052026.xlsx,V4_dada2_read_info_03052026.xlsx
799,1035001610,AE1822,20180815,,
800,1035001611,AE1822,20180815,V1V2_dada2_read_info_03052026.xlsx,V4_dada2_read_info_03052026.xlsx
801,1035001612,AE1822,20180815,,
802,1035001613,AE1822,20180815,V1V2_dada2_read_info_03052026.xlsx,V4_dada2_read_info_03052026.xlsx
803,1035001614,AE1822,20180815,,
804,1035001615,AE1822,20180815,V1V2_dada2_read_info_03052026.xlsx,V4_dada2_read_info_03052026.xlsx
805,1035001616,AE1822,20180815,,
806,1035001617,AE1822,20180815,V1V2_dada2_read_info_03052026.xlsx,V4_dada2_read_info_03052026.xlsx
807,1035001618,AE1822,20180815,,
808,1035001619,AE1822,20180815,V1V2_dada2_read_info_03052026.xlsx,V4_dada2_read_info_03052026.xlsx
809,1035001620,AE1822,20180815,,
810,1035001621,AE1822,20180815,V1V2_dada2_read_info_03052026.xlsx,V4_dada2_read_info_03052026.xlsx
811,1035001622,AE1822,20180815,,
812,1035001623,AE1822,20180815,V1V2_dada2_read_info_03052026.xlsx,V4_dada2_read_info_03052026.xlsx
813,1035001624,AE1822,20180815,,
814,1035100801,AE1825,20180911,,
815,1035100802,AE1825,20180911,,
816,1035100803,AE1825,20180911,,
817,1035100804,AE1825,20180911,,
818,1035100805,AE1825,20180911,,
819,1035100806,AE1825,20180911,,
820,1035100807,AE1825,20180911,,
821,1035100808,AE1825,20180911,,
822,1035100809,AE1825,20180911,,
823,1035100810,AE1825,20180911,,
824,1035100811,AE1825,20180911,,
825,1035100812,AE1825,20180911,,
826,1035100813,AE1825,20180911,,
827,1035100814,AE1825,20180911,,
828,1035100815,AE1825,20180911,,
829,1035100816,AE1825,20180911,,
830,1035100817,AE1825,20180911,,
831,1035100818,AE1825,20180911,,
832,1035100819,AE1825,20180911,,
833,1035100820,AE1825,20180911,,
834,1035100821,AE1825,20180911,,
835,1035100822,AE1825,20180911,,
836,1035100823,AE1825,20180911,,
837,1035100824,AE1825,20180911,,
838,1035101001,AE1825,20180911,,
839,1035101002,AE1825,20180911,,
840,1035101003,AE1825,20180911,,
841,1035101004,AE1825,20180911,,
842,1035101005,AE1825,20180911,,
843,1035101006,AE1825,20180911,,
844,1035101007,AE1825,20180911,,
845,1035101008,AE1825,20180911,,
846,1035101009,AE1825,20180911,,
847,1035101010,AE1825,20180911,,
848,1035101011,AE1825,20180911,,
849,1035101012,AE1825,20180911,,
850,1035101013,AE1825,20180911,,
851,1035101014,AE1825,20180911,,
852,1035101015,AE1825,20180911,,
853,1035101016,AE1825,20180911,,
854,1035101017,AE1825,20180911,,
855,1035101018,AE1825,20180911,,
856,1035101019,AE1825,20180911,,
857,1035101020,AE1825,20180911,,
858,1035101021,AE1825,20180911,,
859,1035101022,AE1825,20180911,,
860,1035101023,AE1825,20180911,,
861,1035101024,AE1825,20180911,,
862,1035101101,AE1825,20180912,,
863,1035101102,AE1825,20180912,,
864,1035101103,AE1825,20180912,,
865,1035101104,AE1825,20180912,,
866,1035101105,AE1825,20180912,,
867,1035101106,AE1825,20180912,,
868,1035101107,AE1825,20180912,,
869,1035101108,AE1825,20180912,,
870,1035101109,AE1825,20180912,,
871,1035101110,AE1825,20180912,,
872,1035101111,AE1825,20180912,,
873,1035101112,AE1825,20180912,,
874,1035101113,AE1825,20180912,,
875,1035101114,AE1825,20180912,,
876,1035101115,AE1825,20180912,,
877,1035101116,AE1825,20180912,,
878,1035101201,AE1825,20180912,,
879,1035101202,AE1825,20180912,,
880,1035101203,AE1825,20180912,,
881,1035101204,AE1825,20180912,,
882,1035101205,AE1825,20180912,,
883,1035101206,AE1825,20180912,,
884,1035101207,AE1825,20180912,,
885,1035101208,AE1825,20180912,,
886,1035101209,AE1825,20180912,,
887,1035101210,AE1825,20180912,,
888,1035101211,AE1825,20180912,,
889,1035101212,AE1825,20180912,,
890,1035101213,AE1825,20180912,,
891,1035101214,AE1825,20180912,,
892,1035101215,AE1825,20180912,,
893,1035101216,AE1825,20180912,,
894,1035101217,AE1825,20180912,,
895,1035101218,AE1825,20180912,,
896,1035101219,AE1825,20180912,,
897,1035101220,AE1825,20180912,,
898,1035101221,AE1825,20180912,,
899,1035101222,AE1825,20180912,,
900,1035101223,AE1825,20180912,,
901,1035101224,AE1825,20180912,,
902,1035101301,AE1825,20180912,,
903,1035101302,AE1825,20180912,,
904,1035101303,AE1825,20180912,,
905,1035101304,AE1825,20180912,,
906,1035101305,AE1825,20180912,,
907,1035101306,AE1825,20180912,,
908,1035101307,AE1825,20180912,,
909,1035101308,AE1825,20180912,,
910,1035101309,AE1825,20180912,,
911,1035101310,AE1825,-999,,
912,1035101311,AE1825,-999,,
913,1035101312,AE1825,-999,,
914,1035101313,AE1825,-999,,
915,1035101314,AE1825,-999,,
916,1035101315,AE1825,-999,,
917,1035101316,AE1825,-999,,
918,1035101317,AE1825,-999,,
919,1035101318,AE1825,-999,,
920,1035101319,AE1825,-999,,
921,1035101320,AE1825,-999,,
922,1035101321,AE1825,-999,,
923,1035101322,AE1825,-999,,
924,1035101323,AE1825,-999,,
925,1035101324,AE1825,-999,,
926,1035101601,AE1825,20180913,V1V2_dada2_read_info_03052026.xlsx,V4_dada2_read_info_03052026.xlsx
927,1035101602,AE1825,20180913,,
928,1035101603,AE1825,20180913,V1V2_dada2_read_info_03052026.xlsx,V4_dada2_read_info_03052026.xlsx
929,1035101604,AE1825,20180913,,
930,1035101605,AE1825,20180913,V1V2_dada2_read_info_03052026.xlsx,V4_dada2_read_info_03052026.xlsx
931,1035101606,AE1825,20180913,,
932,1035101607,AE1825,20180913,V1V2_dada2_read_info_03052026.xlsx,V4_dada2_read_info_03052026.xlsx
933,1035101608,AE1825,20180913,,
934,1035101609,AE1825,20180913,V1V2_dada2_read_info_03052026.xlsx,V4_dada2_read_info_03052026.xlsx
935,1035101610,AE1825,20180913,,
936,1035101611,AE1825,20180913,V1V2_dada2_read_info_03052026.xlsx,V4_dada2_read_info_03052026.xlsx
937,1035101612,AE1825,20180913,,
938,1035101613,AE1825,20180913,V1V2_dada2_read_info_03052026.xlsx,V4_dada2_read_info_03052026.xlsx
939,1035101614,AE1825,20180913,,
940,1035101615,AE1825,20180913,V1V2_dada2_read_info_03052026.xlsx,V4_dada2_read_info_03052026.xlsx
941,1035101616,AE1825,20180913,,
942,1035101617,AE1825,20180913,V1V2_dada2_read_info_03052026.xlsx,V4_dada2_read_info_03052026.xlsx
943,1035101618,AE1825,20180913,,
944,1035101619,AE1825,20180913,V1V2_dada2_read_info_03052026.xlsx,V4_dada2_read_info_03052026.xlsx
945,1035101620,AE1825,20180913,,
946,1035101621,AE1825,20180913,V1V2_dada2_read_info_03052026.xlsx,V4_dada2_read_info_03052026.xlsx
947,1035101622,AE1825,20180913,,
948,1035101623,AE1825,20180913,V1V2_dada2_read_info_03052026.xlsx,V4_dada2_read_info_03052026.xlsx
949,1035101624,AE1825,20180913,,
950,1035200901,AE1829,20181018,,
951,1035200902,AE1829,20181018,,
952,1035200903,AE1829,20181018,,
953,1035200904,AE1829,20181018,,
954,1035200905,AE1829,20181018,,
955,1035200906,AE1829,20181018,,
956,1035200907,AE1829,20181018,,
957,1035200908,AE1829,20181018,,
958,1035200909,AE1829,20181018,,
959,1035200910,AE1829,20181018,,
960,1035200911,AE1829,20181018,,
961,1035200912,AE1829,20181018,,
962,1035200913,AE1829,20181018,,
963,1035200914,AE1829,20181018,,
964,1035200915,AE1829,20181018,,
965,1035200916,AE1829,20181018,,
966,1035200917,AE1829,20181018,,
967,1035200918,AE1829,20181018,,
968,1035200919,AE1829,20181018,,
969,1035200920,AE1829,20181018,,
970,1035200921,AE1829,20181018,,
971,1035200922,AE1829,20181018,,
972,1035200923,AE1829,20181018,,
973,1035200924,AE1829,20181018,,
974,1035201501,AE1829,20181021,,
975,1035201502,AE1829,20181021,,
976,1035201503,AE1829,20181021,,
977,1035201504,AE1829,20181021,,
978,1035201505,AE1829,20181021,,
979,1035201506,AE1829,20181021,,
980,1035201507,AE1829,20181021,,
981,1035201508,AE1829,20181021,,
982,1035201509,AE1829,20181021,,
983,1035201510,AE1829,20181021,,
984,1035201511,AE1829,20181021,,
985,1035201512,AE1829,20181021,,
986,1035201513,AE1829,20181021,,
987,1035201514,AE1829,20181021,,
988,1035201515,AE1829,20181021,,
989,1035201516,AE1829,20181021,,
990,1035201701,AE1829,20181021,,
991,1035201702,AE1829,20181021,,
992,1035201703,AE1829,20181021,,
993,1035201704,AE1829,20181021,,
994,1035201705,AE1829,20181021,,
995,1035201706,AE1829,20181021,,
996,1035201707,AE1829,20181021,,
997,1035201708,AE1829,20181021,,
998,1035201709,AE1829,20181021,,
999,1035201710,AE1829,20181021,,
1000,1035201711,AE1829,20181021,,
1001,1035201712,AE1829,20181021,,
1002,1035201713,AE1829,20181021,,
1003,1035201714,AE1829,20181021,,
1004,1035201715,AE1829,20181021,,
1005,1035201716,AE1829,20181021,,
1006,1035201717,AE1829,20181021,,
1007,1035201718,AE1829,20181021,,
1008,1035201719,AE1829,20181021,,
1009,1035201720,AE1829,20181021,,
1010,1035201721,AE1829,20181021,,
1011,1035201722,AE1829,20181021,,
1012,1035201723,AE1829,20181021,,
1013,1035201724,AE1829,20181021,,
1014,1035201801,AE1829,20181021,,
1015,1035201802,AE1829,20181021,,
1016,1035201803,AE1829,20181021,,
1017,1035201804,AE1829,20181021,,
1018,1035201805,AE1829,20181021,,
1019,1035201806,AE1829,20181021,,
1020,1035201807,AE1829,20181021,,
1021,1035201808,AE1829,20181021,,
1022,1035201809,AE1829,20181021,,
1023,1035201810,AE1829,20181021,,
1024,1035201811,AE1829,20181021,,
1025,1035201812,AE1829,-999,,
1026,1035201813,AE1829,-999,,
1027,1035201814,AE1829,-999,,
1028,1035201815,AE1829,-999,,
1029,1035201816,AE1829,-999,,
1030,1035201817,AE1829,-999,,
1031,1035201818,AE1829,-999,,
1032,1035201819,AE1829,-999,,
1033,1035201820,AE1829,-999,,
1034,1035201821,AE1829,-999,,
1035,1035201822,AE1829,-999,,
1036,1035201823,AE1829,-999,,
1037,1035201824,AE1829,-999,,
1038,1035202101,AE1829,20181023,V1V2_dada2_read_info_03052026.xlsx,V4_dada2_read_info_03052026.xlsx
1039,1035202102,AE1829,20181023,,
1040,1035202103,AE1829,20181023,,
1041,1035202104,AE1829,20181023,V1V2_dada2_read_info_03052026.xlsx,V4_dada2_read_info_03052026.xlsx
1042,1035202105,AE1829,20181023,,
1043,1035202106,AE1829,20181023,V1V2_dada2_read_info_03052026.xlsx,V4_dada2_read_info_03052026.xlsx
1044,1035202107,AE1829,20181023,,
1045,1035202108,AE1829,20181023,V1V2_dada2_read_info_03052026.xlsx,V4_dada2_read_info_03052026.xlsx
1046,1035202109,AE1829,20181023,,
1047,1035202110,AE1829,20181023,V1V2_dada2_read_info_03052026.xlsx,V4_dada2_read_info_03052026.xlsx
1048,1035202111,AE1829,20181023,V1V2_dada2_read_info_03052026.xlsx,V4_dada2_read_info_03052026.xlsx
1049,1035202112,AE1829,20181023,,
1050,1035202113,AE1829,20181023,V1V2_dada2_read_info_03052026.xlsx,V4_dada2_read_info_03052026.xlsx
1051,1035202114,AE1829,20181023,,
1052,1035202115,AE1829,20181023,V1V2_dada2_read_info_03052026.xlsx,V4_dada2_read_info_03052026.xlsx
1053,1035202116,AE1829,20181023,,
1054,1035202117,AE1829,20181023,V1V2_dada2_read_info_03052026.xlsx,V4_dada2_read_info_03052026.xlsx
1055,1035202118,AE1829,20181023,,
1056,1035202119,AE1829,20181023,V1V2_dada2_read_info_03052026.xlsx,V4_dada2_read_info_03052026.xlsx
1057,1035202120,AE1829,20181023,,
1058,1035202121,AE1829,20181023,V1V2_dada2_read_info_03052026.xlsx,V4_dada2_read_info_03052026.xlsx
1059,1035202122,AE1829,20181023,,
1060,1035202123,AE1829,20181023,V1V2_dada2_read_info_03052026.xlsx,V4_dada2_read_info_03052026.xlsx
1061,1035202124,AE1829,20181023,,
1062,1035300901,AE1831,20181106,,
1063,1035300902,AE1831,20181106,,
1064,1035300903,AE1831,20181106,,
1065,1035300904,AE1831,20181106,,
1066,1035300905,AE1831,20181106,,
1067,1035300906,AE1831,20181106,,
1068,1035300907,AE1831,20181106,,
1069,1035300908,AE1831,20181106,,
1070,1035300909,AE1831,20181106,,
1071,1035300910,AE1831,20181106,,
1072,1035300911,AE1831,20181106,,
1073,1035300912,AE1831,20181106,,
1074,1035300913,AE1831,20181106,,
1075,1035300914,AE1831,20181106,,
1076,1035300915,AE1831,20181106,,
1077,1035300916,AE1831,20181106,,
1078,1035300917,AE1831,20181106,,
1079,1035300918,AE1831,20181106,,
1080,1035300919,AE1831,20181106,,
1081,1035300920,AE1831,20181106,,
1082,1035300921,AE1831,20181106,,
1083,1035300922,AE1831,20181106,,
1084,1035300923,AE1831,20181106,,
1085,1035300924,AE1831,20181106,,
1086,1035301101,AE1831,20181107,,
1087,1035301102,AE1831,20181107,,
1088,1035301103,AE1831,20181107,,
1089,1035301104,AE1831,20181107,,
1090,1035301105,AE1831,20181107,,
1091,1035301106,AE1831,20181107,,
1092,1035301107,AE1831,20181107,,
1093,1035301108,AE1831,20181107,,
1094,1035301109,AE1831,20181107,,
1095,1035301110,AE1831,20181107,,
1096,1035301111,AE1831,20181107,,
1097,1035301112,AE1831,20181107,,
1098,1035301113,AE1831,20181107,,
1099,1035301114,AE1831,20181107,,
1100,1035301115,AE1831,20181107,,
1101,1035301116,AE1831,20181107,,
1102,1035301117,AE1831,20181107,,
1103,1035301201,AE1831,20181107,,
1104,1035301202,AE1831,20181107,,
1105,1035301203,AE1831,20181107,,
1106,1035301204,AE1831,20181107,,
1107,1035301205,AE1831,20181107,,
1108,1035301206,AE1831,20181107,,
1109,1035301207,AE1831,20181107,,
1110,1035301208,AE1831,20181107,,
1111,1035301209,AE1831,20181107,,
1112,1035301210,AE1831,20181107,,
1113,1035301211,AE1831,20181107,,
1114,1035301212,AE1831,20181107,,
1115,1035301213,AE1831,20181107,,
1116,1035301214,AE1831,20181107,,
1117,1035301215,AE1831,20181107,,
1118,1035301216,AE1831,20181107,,
1119,1035301217,AE1831,20181107,,
1120,1035301218,AE1831,20181107,,
1121,1035301219,AE1831,20181107,,
1122,1035301220,AE1831,20181107,,
1123,1035301221,AE1831,20181107,,
1124,1035301222,AE1831,20181107,,
1125,1035301223,AE1831,20181107,,
1126,1035301224,AE1831,20181107,,
1127,1035301301,AE1831,20181107,,
1128,1035301302,AE1831,20181107,,
1129,1035301303,AE1831,20181107,,
1130,1035301304,AE1831,20181107,,
1131,1035301305,AE1831,20181107,,
1132,1035301306,AE1831,20181107,,
1133,1035301307,AE1831,20181107,,
1134,1035301308,AE1831,20181107,,
1135,1035301309,AE1831,20181107,,
1136,1035301310,AE1831,-999,,
1137,1035301311,AE1831,-999,,
1138,1035301312,AE1831,-999,,
1139,1035301313,AE1831,-999,,
1140,1035301314,AE1831,-999,,
1141,1035301315,AE1831,-999,,
1142,1035301316,AE1831,-999,,
1143,1035301317,AE1831,-999,,
1144,1035301318,AE1831,-999,,
1145,1035301319,AE1831,-999,,
1146,1035301320,AE1831,-999,,
1147,1035301321,AE1831,-999,,
1148,1035301322,AE1831,-999,,
1149,1035301323,AE1831,-999,,
1150,1035301324,AE1831,-999,,
1151,1035301701,AE1831,20181108,V1V2_dada2_read_info_03052026.xlsx,V4_dada2_read_info_03052026.xlsx
1152,1035301702,AE1831,20181108,,
1153,1035301703,AE1831,20181108,,
1154,1035301704,AE1831,20181108,V1V2_dada2_read_info_03052026.xlsx,V4_dada2_read_info_03052026.xlsx
1155,1035301705,AE1831,20181108,,
1156,1035301706,AE1831,20181108,,
1157,1035301707,AE1831,20181108,V1V2_dada2_read_info_03052026.xlsx,V4_dada2_read_info_03052026.xlsx
1158,1035301708,AE1831,20181108,,
1159,1035301709,AE1831,20181108,V1V2_dada2_read_info_03052026.xlsx,V4_dada2_read_info_03052026.xlsx
1160,1035301710,AE1831,20181108,,
1161,1035301711,AE1831,20181108,,
1162,1035301712,AE1831,20181108,,
1163,1035301713,AE1831,20181108,V1V2_dada2_read_info_03052026.xlsx,V4_dada2_read_info_03052026.xlsx
1164,1035301714,AE1831,20181108,V1V2_dada2_read_info_03052026.xlsx,V4_dada2_read_info_03052026.xlsx
1165,1035301715,AE1831,20181108,,
1166,1035301716,AE1831,20181108,,
1167,1035301717,AE1831,20181108,V1V2_dada2_read_info_03052026.xlsx,V4_dada2_read_info_03052026.xlsx
1168,1035301718,AE1831,20181108,,
1169,1035301719,AE1831,20181108,,
1170,1035301720,AE1831,20181108,,
1171,1035301721,AE1831,20181108,V1V2_dada2_read_info_03052026.xlsx,V4_dada2_read_info_03052026.xlsx
1172,1035301722,AE1831,20181108,V1V2_dada2_read_info_03052026.xlsx,V4_dada2_read_info_03052026.xlsx
1173,1035301723,AE1831,20181108,V1V2_dada2_read_info_03052026.xlsx,V4_dada2_read_info_03052026.xlsx
1174,1035301724,AE1831,20181108,,
1175,1035401101,AE1836,20181214,,
1176,1035401102,AE1836,20181214,,
1177,1035401103,AE1836,20181214,,
1178,1035401104,AE1836,20181214,,
1179,1035401105,AE1836,20181214,,
1180,1035401106,AE1836,20181214,,
1181,1035401107,AE1836,20181214,,
1182,1035401108,AE1836,20181214,,
1183,1035401109,AE1836,20181214,,
1184,1035401110,AE1836,20181214,,
1185,1035401111,AE1836,20181214,,
1186,1035401112,AE1836,20181214,,
1187,1035401113,AE1836,20181214,,
1188,1035401114,AE1836,20181214,,
1189,1035401201,AE1836,20181214,,
1190,1035401202,AE1836,20181214,,
1191,1035401203,AE1836,20181214,,
1192,1035401204,AE1836,20181214,,
1193,1035401205,AE1836,20181214,,
1194,1035401206,AE1836,20181214,,
1195,1035401207,AE1836,20181214,,
1196,1035401208,AE1836,20181214,,
1197,1035401209,AE1836,20181214,,
1198,1035401210,AE1836,20181214,,
1199,1035401211,AE1836,20181214,,
1200,1035401212,AE1836,20181214,,
1201,1035401213,AE1836,20181214,,
1202,1035401214,AE1836,20181214,,
1203,1035401215,AE1836,20181214,,
1204,1035401216,AE1836,20181214,,
1205,1035401217,AE1836,20181214,,
1206,1035401218,AE1836,20181214,,
1207,1035401219,AE1836,20181214,,
1208,1035401220,AE1836,20181214,,
1209,1035401221,AE1836,20181214,,
1210,1035401222,AE1836,20181214,,
1211,1035401223,AE1836,20181214,,
1212,1035401224,AE1836,20181214,,
1213,1035401301,AE1836,20181215,,
1214,1035401302,AE1836,20181215,,
1215,1035401303,AE1836,20181215,,
1216,1035401304,AE1836,20181215,,
1217,1035401305,AE1836,20181215,,
1218,1035401306,AE1836,20181215,,
1219,1035401307,AE1836,20181215,,
1220,1035401308,AE1836,20181215,,
1221,1035401309,AE1836,20181215,,
1222,1035401310,AE1836,20181215,,
1223,1035401311,AE1836,20181215,,
1224,1035401312,AE1836,20181215,,
1225,1035401313,AE1836,20181215,,
1226,1035401314,AE1836,20181215,,
1227,1035401315,AE1836,20181215,,
1228,1035401316,AE1836,20181215,,
1229,1035401601,AE1836,20181215,,
1230,1035401602,AE1836,20181215,,
1231,1035401603,AE1836,20181215,,
1232,1035401604,AE1836,20181215,,
1233,1035401605,AE1836,20181215,,
1234,1035401606,AE1836,20181215,,
1235,1035401607,AE1836,20181215,,
1236,1035401608,AE1836,20181215,,
1237,1035401609,AE1836,20181215,,
1238,1035401610,AE1836,20181215,,
1239,1035401611,AE1836,20181215,,
1240,1035401612,AE1836,20181215,,
1241,1035401613,AE1836,20181215,,
1242,1035401614,AE1836,20181215,,
1243,1035401615,AE1836,20181215,,
1244,1035401616,AE1836,20181215,,
1245,1035401617,AE1836,20181215,,
1246,1035401618,AE1836,20181215,,
1247,1035401619,AE1836,20181215,,
1248,1035401620,AE1836,20181215,,
1249,1035401621,AE1836,20181215,,
1250,1035401622,AE1836,20181215,,
1251,1035401623,AE1836,20181215,,
1252,1035401624,AE1836,20181215,,
1253,1035401701,AE1836,20181215,,
1254,1035401702,AE1836,20181215,,
1255,1035401703,AE1836,20181215,,
1256,1035401704,AE1836,20181215,,
1257,1035401705,AE1836,20181215,,
1258,1035401706,AE1836,20181215,,
1259,1035401707,AE1836,20181215,,
1260,1035401708,AE1836,20181215,,
1261,1035401709,AE1836,20181215,,
1262,1035401710,AE1836,-999,,
1263,1035401711,AE1836,-999,,
1264,1035401712,AE1836,-999,,
1265,1035401713,AE1836,-999,,
1266,1035401714,AE1836,-999,,
1267,1035401715,AE1836,-999,,
1268,1035401716,AE1836,-999,,
1269,1035401717,AE1836,-999,,
1270,1035401718,AE1836,-999,,
1271,1035401719,AE1836,-999,,
1272,1035401720,AE1836,-999,,
1273,1035401721,AE1836,-999,,
1274,1035401722,AE1836,-999,,
1275,1035401723,AE1836,-999,,
1276,1035401724,AE1836,-999,,
1277,1035402001,AE1836,20181216,V1V2_dada2_read_info_03052026.xlsx,V4_dada2_read_info_03052026.xlsx
1278,1035402002,AE1836,20181216,,
1279,1035402003,AE1836,20181216,V1V2_dada2_read_info_03052026.xlsx,V4_dada2_read_info_03052026.xlsx
1280,1035402004,AE1836,20181216,,
1281,1035402005,AE1836,20181216,V1V2_dada2_read_info_03052026.xlsx,V4_dada2_read_info_03052026.xlsx
1282,1035402006,AE1836,20181216,,
1283,1035402007,AE1836,20181216,V1V2_dada2_read_info_03052026.xlsx,V4_dada2_read_info_03052026.xlsx
1284,1035402008,AE1836,20181216,,
1285,1035402009,AE1836,20181216,V1V2_dada2_read_info_03052026.xlsx,V4_dada2_read_info_03052026.xlsx
1286,1035402010,AE1836,20181216,,
1287,1035402011,AE1836,20181216,V1V2_dada2_read_info_03052026.xlsx,V4_dada2_read_info_03052026.xlsx
1288,1035402012,AE1836,20181216,,
1289,1035402013,AE1836,20181216,V1V2_dada2_read_info_03052026.xlsx,V4_dada2_read_info_03052026.xlsx
1290,1035402014,AE1836,20181216,,
1291,1035402015,AE1836,20181216,V1V2_dada2_read_info_03052026.xlsx,V4_dada2_read_info_03052026.xlsx
1292,1035402016,AE1836,20181216,,
1293,1035402017,AE1836,20181216,,
1294,1035402018,AE1836,20181216,V1V2_dada2_read_info_03052026.xlsx,V4_dada2_read_info_03052026.xlsx
1295,1035402019,AE1836,20181216,V1V2_dada2_read_info_03052026.xlsx,V4_dada2_read_info_03052026.xlsx
1296,1035402020,AE1836,20181216,,
1297,1035402021,AE1836,20181216,V1V2_dada2_read_info_03052026.xlsx,V4_dada2_read_info_03052026.xlsx
1298,1035402022,AE1836,20181216,,
1299,1035402023,AE1836,20181216,V1V2_dada2_read_info_03052026.xlsx,V4_dada2_read_info_03052026.xlsx
1300,1035402024,AE1836,20181216,,
1301,1035500901,AE1902,20190111,,
1302,1035500902,AE1902,20190111,,
1303,1035500903,AE1902,20190111,,
1304,1035500904,AE1902,20190111,,
1305,1035500905,AE1902,20190111,,
1306,1035500906,AE1902,20190111,,
1307,1035500907,AE1902,20190111,,
1308,1035500908,AE1902,20190111,,
1309,1035500909,AE1902,20190111,,
1310,1035500910,AE1902,20190111,,
1311,1035500911,AE1902,20190111,,
1312,1035500912,AE1902,20190111,,
1313,1035500913,AE1902,20190111,,
1314,1035500914,AE1902,20190111,,
1315,1035500915,AE1902,20190111,,
1316,1035500916,AE1902,20190111,,
1317,1035500917,AE1902,20190111,,
1318,1035500918,AE1902,20190111,,
1319,1035500919,AE1902,20190111,,
1320,1035500920,AE1902,20190111,,
1321,1035500921,AE1902,20190111,,
1322,1035500922,AE1902,20190111,,
1323,1035500923,AE1902,20190111,,
1324,1035500924,AE1902,20190111,,
1325,1035501001,AE1902,20190112,,
1326,1035501002,AE1902,20190112,,
1327,1035501003,AE1902,20190112,,
1328,1035501004,AE1902,20190112,,
1329,1035501005,AE1902,20190112,,
1330,1035501006,AE1902,20190112,,
1331,1035501007,AE1902,20190112,,
1332,1035501008,AE1902,20190112,,
1333,1035501009,AE1902,20190112,,
1334,1035501010,AE1902,20190112,,
1335,1035501011,AE1902,20190112,,
1336,1035501012,AE1902,20190112,,
1337,1035501013,AE1902,20190112,,
1338,1035501014,AE1902,20190112,,
1339,1035501015,AE1902,20190112,,
1340,1035501016,AE1902,20190112,,
1341,1035501301,AE1902,20190112,,
1342,1035501302,AE1902,20190112,,
1343,1035501303,AE1902,20190112,,
1344,1035501304,AE1902,20190112,,
1345,1035501305,AE1902,20190112,,
1346,1035501306,AE1902,20190112,,
1347,1035501307,AE1902,20190112,,
1348,1035501308,AE1902,20190112,,
1349,1035501309,AE1902,20190112,,
1350,1035501310,AE1902,20190112,,
1351,1035501311,AE1902,20190112,,
1352,1035501312,AE1902,20190112,,
1353,1035501313,AE1902,20190112,,
1354,1035501314,AE1902,20190112,,
1355,1035501315,AE1902,20190112,,
1356,1035501316,AE1902,20190112,,
1357,1035501317,AE1902,20190112,,
1358,1035501318,AE1902,20190112,,
1359,1035501319,AE1902,20190112,,
1360,1035501320,AE1902,20190112,,
1361,1035501321,AE1902,20190112,,
1362,1035501322,AE1902,20190112,,
1363,1035501323,AE1902,20190112,,
1364,1035501324,AE1902,20190112,,
1365,1035501401,AE1902,20190112,,
1366,1035501402,AE1902,20190112,,
1367,9161400101,AE1614,20160709,,
1368,9161400110,AE1614,20160709,,
1369,9161400111,AE1614,20160709,,
1370,9161400112,AE1614,20160709,,
1371,9161400113,AE1614,20160709,,
1372,9161400114,AE1614,20160709,,
1373,9161400115,AE1614,20160709,,
1374,9161400116,AE1614,20160709,,
1375,9161400117,AE1614,20160709,,
1376,9161400118,AE1614,20160709,,
1377,9161400119,AE1614,20160709,,
1378,9161400102,AE1614,20160709,,
1379,9161400120,AE1614,20160709,,
1380,9161400121,AE1614,20160709,,
1381,9161400122,AE1614,20160709,,
1382,9161400123,AE1614,20160709,,
1383,9161400124,AE1614,20160709,,
1384,9161400103,AE1614,20160709,,
1385,9161400104,AE1614,20160709,,
1386,9161400105,AE1614,20160709,,
1387,9161400106,AE1614,20160709,,
1388,9161400107,AE1614,20160709,,
1389,9161400108,AE1614,20160709,,
1390,9161400109,AE1614,20160709,,
1391,9161401001,AE1614,20160710,,
1392,9161401010,AE1614,20160710,,
1393,9161401011,AE1614,20160710,,
1394,9161401012,AE1614,20160710,,
1395,9161401013,AE1614,20160710,,
1396,9161401014,AE1614,20160710,,
1397,9161401015,AE1614,20160710,,
1398,9161401016,AE1614,20160710,,
1399,9161401017,AE1614,20160710,,
1400,9161401018,AE1614,20160710,,
1401,9161401019,AE1614,20160710,,
1402,9161401002,AE1614,20160710,,
1403,9161401020,AE1614,20160710,,
1404,9161401021,AE1614,20160710,,
1405,9161401022,AE1614,20160710,,
1406,9161401023,AE1614,20160710,,
1407,9161401024,AE1614,20160710,,
1408,9161401003,AE1614,20160710,,
1409,9161401004,AE1614,20160710,,
1410,9161401005,AE1614,20160710,,
1411,9161401006,AE1614,20160710,,
1412,9161401007,AE1614,20160710,,
1413,9161401008,AE1614,20160710,,
1414,9161401009,AE1614,20160710,,
1415,9161401101,AE1614,20160711,V1V2_dada2_read_info_03052026.xlsx,
1416,9161401110,AE1614,20160711,,
1417,9161401111,AE1614,20160711,V1V2_dada2_read_info_03052026.xlsx,
1418,9161401112,AE1614,20160711,,
1419,9161401113,AE1614,20160711,V1V2_dada2_read_info_03052026.xlsx,
1420,9161401114,AE1614,20160711,,
1421,9161401115,AE1614,20160711,V1V2_dada2_read_info_03052026.xlsx,
1422,9161401116,AE1614,20160711,,
1423,9161401117,AE1614,20160711,,
1424,9161401118,AE1614,20160711,,
1425,9161401119,AE1614,20160711,,
1426,9161401102,AE1614,20160711,,
1427,9161401120,AE1614,20160711,,
1428,9161401121,AE1614,20160711,,
1429,9161401122,AE1614,20160711,,
1430,9161401123,AE1614,20160711,,
1431,9161401124,AE1614,20160711,,
1432,9161401103,AE1614,20160711,V1V2_dada2_read_info_03052026.xlsx,
1433,9161401104,AE1614,20160711,,
1434,9161401105,AE1614,20160711,V1V2_dada2_read_info_03052026.xlsx,
1435,9161401106,AE1614,20160711,,
1436,9161401107,AE1614,20160711,V1V2_dada2_read_info_03052026.xlsx,
1437,9161401108,AE1614,20160711,,
1438,9161401109,AE1614,20160711,V1V2_dada2_read_info_03052026.xlsx,
1439,9161401201,AE1614,20160711,V1V2_dada2_read_info_03052026.xlsx,
1440,9161401210,AE1614,20160711,,
1441,9161401211,AE1614,20160711,V1V2_dada2_read_info_03052026.xlsx,
1442,9161401212,AE1614,20160711,,
1443,9161401213,AE1614,20160711,V1V2_dada2_read_info_03052026.xlsx,
1444,9161401214,AE1614,20160711,,
1445,9161401215,AE1614,20160711,V1V2_dada2_read_info_03052026.xlsx,
1446,9161401216,AE1614,20160711,,
1447,9161401217,AE1614,20160711,,
1448,9161401218,AE1614,20160711,,
1449,9161401219,AE1614,20160711,,
1450,9161401202,AE1614,20160711,,
1451,9161401220,AE1614,20160711,,
1452,9161401221,AE1614,20160711,,
1453,9161401222,AE1614,20160711,,
1454,9161401223,AE1614,20160711,,
1455,9161401224,AE1614,20160711,,
1456,9161401203,AE1614,20160711,V1V2_dada2_read_info_03052026.xlsx,
1457,9161401204,AE1614,20160711,,
1458,9161401205,AE1614,20160711,V1V2_dada2_read_info_03052026.xlsx,
1459,9161401206,AE1614,20160711,,
1460,9161401207,AE1614,20160711,V1V2_dada2_read_info_03052026.xlsx,
1461,9161401208,AE1614,20160711,,
1462,9161401209,AE1614,20160711,V1V2_dada2_read_info_03052026.xlsx,
1463,9161401301,AE1614,20160711,,
1464,9161401310,AE1614,20160711,,
1465,9161401311,AE1614,20160711,,
1466,9161401312,AE1614,20160711,,
1467,9161401313,AE1614,20160711,,
1468,9161401314,AE1614,20160711,,
1469,9161401315,AE1614,20160711,,
1470,9161401316,AE1614,20160711,,
1471,9161401317,AE1614,20160711,,
1472,9161401318,AE1614,20160711,,
1473,9161401319,AE1614,20160711,,
1474,9161401302,AE1614,20160711,,
1475,9161401320,AE1614,20160711,,
1476,9161401321,AE1614,20160711,,
1477,9161401322,AE1614,20160711,,
1478,9161401323,AE1614,20160711,,
1479,9161401324,AE1614,20160711,,
1480,9161401303,AE1614,20160711,,
1481,9161401304,AE1614,20160711,,
1482,9161401305,AE1614,20160711,,
1483,9161401306,AE1614,20160711,,
1484,9161401307,AE1614,20160711,,
1485,9161401308,AE1614,20160711,,
1486,9161401309,AE1614,20160711,,
1487,9161401401,AE1614,20160711,V1V2_dada2_read_info_03052026.xlsx,
1488,9161401410,AE1614,20160711,,
1489,9161401411,AE1614,20160711,V1V2_dada2_read_info_03052026.xlsx,
1490,9161401412,AE1614,20160711,,
1491,9161401413,AE1614,20160711,V1V2_dada2_read_info_03052026.xlsx,
1492,9161401414,AE1614,20160711,,
1493,9161401415,AE1614,20160711,V1V2_dada2_read_info_03052026.xlsx,
1494,9161401416,AE1614,20160711,,
1495,9161401417,AE1614,20160711,,
1496,9161401418,AE1614,20160711,,
1497,9161401419,AE1614,20160711,,
1498,9161401402,AE1614,20160711,,
1499,9161401420,AE1614,20160711,,
1500,9161401421,AE1614,20160711,,
1501,9161401422,AE1614,20160711,,
1502,9161401423,AE1614,20160711,,
1503,9161401424,AE1614,20160711,,
1504,9161401403,AE1614,20160711,V1V2_dada2_read_info_03052026.xlsx,
1505,9161401404,AE1614,20160711,,
1506,9161401405,AE1614,20160711,V1V2_dada2_read_info_03052026.xlsx,
1507,9161401406,AE1614,20160711,,
1508,9161401407,AE1614,20160711,V1V2_dada2_read_info_03052026.xlsx,
1509,9161401408,AE1614,20160711,,
1510,9161401409,AE1614,20160711,V1V2_dada2_read_info_03052026.xlsx,
1511,9161401501,AE1614,20160711,V1V2_dada2_read_info_03052026.xlsx,
1512,9161401510,AE1614,20160711,,
1513,9161401511,AE1614,20160711,V1V2_dada2_read_info_03052026.xlsx,
1514,9161401512,AE1614,20160711,,
1515,9161401513,AE1614,20160711,V1V2_dada2_read_info_03052026.xlsx,
1516,9161401514,AE1614,20160711,,
1517,9161401515,AE1614,20160711,V1V2_dada2_read_info_03052026.xlsx,
1518,9161401516,AE1614,20160711,,
1519,9161401517,AE1614,20160711,,
1520,9161401518,AE1614,20160711,,
1521,9161401519,AE1614,20160711,,
1522,9161401502,AE1614,20160711,,
1523,9161401520,AE1614,20160711,,
1524,9161401521,AE1614,20160711,,
1525,9161401522,AE1614,20160711,,
1526,9161401523,AE1614,20160711,,
1527,9161401524,AE1614,20160711,,
1528,9161401503,AE1614,20160711,V1V2_dada2_read_info_03052026.xlsx,
1529,9161401504,AE1614,20160711,,
1530,9161401505,AE1614,20160711,,
1531,9161401506,AE1614,20160711,,
1532,9161401507,AE1614,20160711,V1V2_dada2_read_info_03052026.xlsx,
1533,9161401508,AE1614,20160711,,
1534,9161401509,AE1614,20160711,V1V2_dada2_read_info_03052026.xlsx,
1535,9161401601,AE1614,20160711,,
1536,9161401610,AE1614,20160711,,
1537,9161401611,AE1614,20160711,,
1538,9161401612,AE1614,20160711,,
1539,9161401613,AE1614,20160711,,
1540,9161401614,AE1614,20160711,,
1541,9161401615,AE1614,20160711,,
1542,9161401616,AE1614,20160711,,
1543,9161401617,AE1614,20160711,,
1544,9161401618,AE1614,20160711,,
1545,9161401619,AE1614,20160711,,
1546,9161401602,AE1614,20160711,,
1547,9161401620,AE1614,20160711,,
1548,9161401621,AE1614,20160711,,
1549,9161401622,AE1614,20160711,,
1550,9161401623,AE1614,20160711,,
1551,9161401624,AE1614,20160711,,
1552,9161401603,AE1614,20160711,,
1553,9161401604,AE1614,20160711,,
1554,9161401605,AE1614,20160711,,
1555,9161401606,AE1614,20160711,,
1556,9161401607,AE1614,20160711,,
1557,9161401608,AE1614,20160711,,
1558,9161401609,AE1614,20160711,,
1559,9161401701,AE1614,20160712,,
1560,9161401710,AE1614,20160712,,
1561,9161401711,AE1614,20160712,,
1562,9161401712,AE1614,20160712,,
1563,9161401713,AE1614,20160712,,
1564,9161401714,AE1614,20160712,,
1565,9161401715,AE1614,20160712,,
1566,9161401716,AE1614,20160712,,
1567,9161401717,AE1614,20160712,,
1568,9161401718,AE1614,20160712,,
1569,9161401719,AE1614,20160712,,
1570,9161401702,AE1614,20160712,,
1571,9161401720,AE1614,20160712,,
1572,9161401721,AE1614,20160712,,
1573,9161401722,AE1614,20160712,,
1574,9161401723,AE1614,20160712,,
1575,9161401724,AE1614,20160712,,
1576,9161401703,AE1614,20160712,,
1577,9161401704,AE1614,20160712,,
1578,9161401705,AE1614,20160712,,
1579,9161401706,AE1614,20160712,,
1580,9161401707,AE1614,20160712,,
1581,9161401708,AE1614,20160712,,
1582,9161401709,AE1614,20160712,,
1583,9161401801,AE1614,20160712,V1V2_dada2_read_info_03052026.xlsx,
1584,9161401810,AE1614,20160712,,
1585,9161401811,AE1614,20160712,V1V2_dada2_read_info_03052026.xlsx,
1586,9161401812,AE1614,20160712,,
1587,9161401813,AE1614,20160712,V1V2_dada2_read_info_03052026.xlsx,
1588,9161401814,AE1614,20160712,,
1589,9161401815,AE1614,20160712,V1V2_dada2_read_info_03052026.xlsx,
1590,9161401816,AE1614,20160712,,
1591,9161401817,AE1614,20160712,,
1592,9161401818,AE1614,20160712,,
1593,9161401819,AE1614,20160712,,
1594,9161401802,AE1614,20160712,,
1595,9161401820,AE1614,20160712,,
1596,9161401821,AE1614,20160712,,
1597,9161401822,AE1614,20160712,,
1598,9161401823,AE1614,20160712,,
1599,9161401824,AE1614,20160712,,
1600,9161401803,AE1614,20160712,V1V2_dada2_read_info_03052026.xlsx,
1601,9161401804,AE1614,20160712,,
1602,9161401805,AE1614,20160712,V1V2_dada2_read_info_03052026.xlsx,
1603,9161401806,AE1614,20160712,,
1604,9161401807,AE1614,20160712,V1V2_dada2_read_info_03052026.xlsx,
1605,9161401808,AE1614,20160712,,
1606,9161401809,AE1614,20160712,V1V2_dada2_read_info_03052026.xlsx,
1607,9161401901,AE1614,20160712,,
1608,9161401902,AE1614,20160712,,
1609,9161401903,AE1614,20160712,,
1610,9161401904,AE1614,20160712,,
1611,9161401905,AE1614,20160712,,
1612,9161401906,AE1614,20160712,,
1613,9161400201,AE1614,20160709,V1V2_dada2_read_info_03052026.xlsx,
1614,9161400210,AE1614,20160709,,
1615,9161400211,AE1614,20160709,V1V2_dada2_read_info_03052026.xlsx,
1616,9161400212,AE1614,20160709,,
1617,9161400213,AE1614,20160709,V1V2_dada2_read_info_03052026.xlsx,
1618,9161400214,AE1614,20160709,,
1619,9161400215,AE1614,20160709,V1V2_dada2_read_info_03052026.xlsx,
1620,9161400216,AE1614,20160709,,
1621,9161400217,AE1614,20160709,,
1622,9161400218,AE1614,20160709,,
1623,9161400219,AE1614,20160709,,
1624,9161400202,AE1614,20160709,,
1625,9161400220,AE1614,20160709,,
1626,9161400221,AE1614,20160709,,
1627,9161400222,AE1614,20160709,,
1628,9161400223,AE1614,20160709,,
1629,9161400224,AE1614,20160709,,
1630,9161400203,AE1614,20160709,V1V2_dada2_read_info_03052026.xlsx,
1631,9161400204,AE1614,20160709,,
1632,9161400205,AE1614,20160709,V1V2_dada2_read_info_03052026.xlsx,
1633,9161400206,AE1614,20160709,,
1634,9161400207,AE1614,20160709,V1V2_dada2_read_info_03052026.xlsx,
1635,9161400208,AE1614,20160709,,
1636,9161400209,AE1614,20160709,V1V2_dada2_read_info_03052026.xlsx,
1637,9161402001,AE1614,20160712,,
1638,9161402010,AE1614,20160712,,
1639,9161402011,AE1614,20160712,,
1640,9161402012,AE1614,20160712,,
1641,9161402013,AE1614,20160712,,
1642,9161402014,AE1614,20160712,,
1643,9161402015,AE1614,20160712,,
1644,9161402016,AE1614,20160712,,
1645,9161402017,AE1614,20160712,,
1646,9161402018,AE1614,20160712,,
1647,9161402019,AE1614,20160712,,
1648,9161402002,AE1614,20160712,,
1649,9161402020,AE1614,20160712,,
1650,9161402021,AE1614,20160712,,
1651,9161402022,AE1614,20160712,,
1652,9161402023,AE1614,20160712,,
1653,9161402024,AE1614,20160712,,
1654,9161402003,AE1614,20160712,,
1655,9161402004,AE1614,20160712,,
1656,9161402005,AE1614,20160712,,
1657,9161402006,AE1614,20160712,,
1658,9161402007,AE1614,20160712,,
1659,9161402008,AE1614,20160712,,
1660,9161402009,AE1614,20160712,,
1661,9161400301,AE1614,20160709,,
1662,9161400310,AE1614,20160709,,
1663,9161400311,AE1614,20160709,,
1664,9161400312,AE1614,20160709,,
1665,9161400313,AE1614,20160709,,
1666,9161400314,AE1614,20160709,,
1667,9161400315,AE1614,20160709,,
1668,9161400316,AE1614,20160709,,
1669,9161400317,AE1614,20160709,,
1670,9161400318,AE1614,20160709,,
1671,9161400319,AE1614,20160709,,
1672,9161400302,AE1614,20160709,,
1673,9161400320,AE1614,20160709,,
1674,9161400321,AE1614,20160709,,
1675,9161400322,AE1614,20160709,,
1676,9161400323,AE1614,20160709,,
1677,9161400324,AE1614,20160709,,
1678,9161400303,AE1614,20160709,,
1679,9161400304,AE1614,20160709,,
1680,9161400305,AE1614,20160709,,
1681,9161400306,AE1614,20160709,,
1682,9161400307,AE1614,20160709,,
1683,9161400308,AE1614,20160709,,
1684,9161400309,AE1614,20160709,,
1685,9161400401,AE1614,20160710,V1V2_dada2_read_info_03052026.xlsx,
1686,9161400410,AE1614,20160710,V1V2_dada2_read_info_03052026.xlsx,
1687,9161400411,AE1614,20160710,,
1688,9161400412,AE1614,20160710,,
1689,9161400413,AE1614,20160710,,
1690,9161400414,AE1614,20160710,,
1691,9161400415,AE1614,20160710,,
1692,9161400402,AE1614,20160710,V1V2_dada2_read_info_03052026.xlsx,
1693,9161400403,AE1614,20160710,,
1694,9161400404,AE1614,20160710,,
1695,9161400405,AE1614,20160710,V1V2_dada2_read_info_03052026.xlsx,
1696,9161400406,AE1614,20160710,V1V2_dada2_read_info_03052026.xlsx,
1697,9161400407,AE1614,20160710,V1V2_dada2_read_info_03052026.xlsx,
1698,9161400408,AE1614,20160710,V1V2_dada2_read_info_03052026.xlsx,
1699,9161400409,AE1614,20160710,V1V2_dada2_read_info_03052026.xlsx,
1700,9161400501,AE1614,20160710,V1V2_dada2_read_info_03052026.xlsx,
1701,9161400510,AE1614,20160710,,
1702,9161400511,AE1614,20160710,V1V2_dada2_read_info_03052026.xlsx,
1703,9161400512,AE1614,20160710,,
1704,9161400513,AE1614,20160710,V1V2_dada2_read_info_03052026.xlsx,
1705,9161400514,AE1614,20160710,,
1706,9161400515,AE1614,20160710,V1V2_dada2_read_info_03052026.xlsx,
1707,9161400516,AE1614,20160710,,
1708,9161400517,AE1614,20160710,,
1709,9161400518,AE1614,20160710,,
1710,9161400519,AE1614,20160710,,
1711,9161400502,AE1614,20160710,,
1712,9161400520,AE1614,20160710,,
1713,9161400521,AE1614,20160710,,
1714,9161400522,AE1614,20160710,,
1715,9161400523,AE1614,20160710,,
1716,9161400524,AE1614,20160710,,
1717,9161400503,AE1614,20160710,V1V2_dada2_read_info_03052026.xlsx,
1718,9161400504,AE1614,20160710,,
1719,9161400505,AE1614,20160710,V1V2_dada2_read_info_03052026.xlsx,
1720,9161400506,AE1614,20160710,,
1721,9161400507,AE1614,20160710,V1V2_dada2_read_info_03052026.xlsx,
1722,9161400508,AE1614,20160710,,
1723,9161400509,AE1614,20160710,V1V2_dada2_read_info_03052026.xlsx,
1724,9161400601,AE1614,20160710,,
1725,9161400610,AE1614,20160710,,
1726,9161400611,AE1614,20160710,,
1727,9161400612,AE1614,20160710,,
1728,9161400613,AE1614,20160710,,
1729,9161400614,AE1614,20160710,,
1730,9161400615,AE1614,20160710,,
1731,9161400616,AE1614,20160710,,
1732,9161400617,AE1614,20160710,,
1733,9161400618,AE1614,20160710,,
1734,9161400619,AE1614,20160710,,
1735,9161400602,AE1614,20160710,,
1736,9161400620,AE1614,20160710,,
1737,9161400621,AE1614,20160710,,
1738,9161400622,AE1614,20160710,,
1739,9161400623,AE1614,20160710,,
1740,9161400624,AE1614,20160710,,
1741,9161400603,AE1614,20160710,,
1742,9161400604,AE1614,20160710,,
1743,9161400605,AE1614,20160710,,
1744,9161400606,AE1614,20160710,,
1745,9161400607,AE1614,20160710,,
1746,9161400608,AE1614,20160710,,
1747,9161400609,AE1614,20160710,,
1748,9161400701,AE1614,20160710,V1V2_dada2_read_info_03052026.xlsx,
1749,9161400710,AE1614,20160710,,
1750,9161400711,AE1614,20160710,V1V2_dada2_read_info_03052026.xlsx,
1751,9161400712,AE1614,20160710,,
1752,9161400713,AE1614,20160710,V1V2_dada2_read_info_03052026.xlsx,
1753,9161400714,AE1614,20160710,,
1754,9161400715,AE1614,20160710,V1V2_dada2_read_info_03052026.xlsx,
1755,9161400716,AE1614,20160710,,
1756,9161400717,AE1614,20160710,,
1757,9161400718,AE1614,20160710,,
1758,9161400719,AE1614,20160710,,
1759,9161400702,AE1614,20160710,,
1760,9161400720,AE1614,20160710,,
1761,9161400721,AE1614,20160710,,
1762,9161400722,AE1614,20160710,,
1763,9161400723,AE1614,20160710,,
1764,9161400724,AE1614,20160710,,
1765,9161400703,AE1614,20160710,V1V2_dada2_read_info_03052026.xlsx,
1766,9161400704,AE1614,20160710,,
1767,9161400705,AE1614,20160710,V1V2_dada2_read_info_03052026.xlsx,
1768,9161400706,AE1614,20160710,,
1769,9161400707,AE1614,20160710,V1V2_dada2_read_info_03052026.xlsx,
1770,9161400708,AE1614,20160710,,
1771,9161400709,AE1614,20160710,V1V2_dada2_read_info_03052026.xlsx,
1772,9161400801,AE1614,20160710,V1V2_dada2_read_info_03052026.xlsx,
1773,9161400810,AE1614,20160710,,
1774,9161400811,AE1614,20160710,V1V2_dada2_read_info_03052026.xlsx,
1775,9161400812,AE1614,20160710,,
1776,9161400813,AE1614,20160710,V1V2_dada2_read_info_03052026.xlsx,
1777,9161400814,AE1614,20160710,,
1778,9161400815,AE1614,20160710,V1V2_dada2_read_info_03052026.xlsx,
1779,9161400816,AE1614,20160710,,
1780,9161400817,AE1614,20160710,,
1781,9161400818,AE1614,20160710,,
1782,9161400819,AE1614,20160710,,
1783,9161400802,AE1614,20160710,,
1784,9161400820,AE1614,20160710,,
1785,9161400821,AE1614,20160710,,
1786,9161400822,AE1614,20160710,,
1787,9161400823,AE1614,20160710,,
1788,9161400824,AE1614,20160710,,
1789,9161400803,AE1614,20160710,V1V2_dada2_read_info_03052026.xlsx,
1790,9161400804,AE1614,20160710,,
1791,9161400805,AE1614,20160710,V1V2_dada2_read_info_03052026.xlsx,
1792,9161400806,AE1614,20160710,,
1793,9161400807,AE1614,20160710,V1V2_dada2_read_info_03052026.xlsx,
1794,9161400808,AE1614,20160710,,
1795,9161400809,AE1614,20160710,V1V2_dada2_read_info_03052026.xlsx,
1796,9161400901,AE1614,20160710,,
1797,9161400910,AE1614,20160710,,
1798,9161400911,AE1614,20160710,,
1799,9161400912,AE1614,20160710,,
1800,9161400913,AE1614,20160710,,
1801,9161400914,AE1614,20160710,,
1802,9161400915,AE1614,20160710,,
1803,9161400916,AE1614,20160710,,
1804,9161400917,AE1614,20160710,,
1805,9161400918,AE1614,20160710,,
1806,9161400919,AE1614,20160710,,
1807,9161400902,AE1614,20160710,,
1808,9161400920,AE1614,20160710,,
1809,9161400921,AE1614,20160710,,
1810,9161400922,AE1614,20160710,,
1811,9161400923,AE1614,20160710,,
1812,9161400924,AE1614,20160710,,
1813,9161400903,AE1614,20160710,,
1814,9161400904,AE1614,20160710,,
1815,9161400905,AE1614,20160710,,
1816,9161400906,AE1614,20160710,,
1817,9161400907,AE1614,20160710,,
1818,9161400908,AE1614,20160710,,
1819,9161400909,AE1614,20160710,,
1820,1035901006,AE1909,20190513,,
1821,1035901007,AE1909,20190513,,
1822,1035901008,AE1909,20190513,,
1823,1035901009,AE1909,20190513,,
1824,1035901010,AE1909,20190513,,
1825,1035901011,AE1909,20190513,,
1826,1035901012,AE1909,20190513,,
1827,1035901013,AE1909,20190513,,
1828,1035901014,AE1909,20190513,,
1829,1035901015,AE1909,20190513,,
1830,1035901016,AE1909,20190513,,
1831,1035901017,AE1909,20190513,,
1832,1035901018,AE1909,20190513,,
1833,1035901019,AE1909,20190513,,
1834,1035901020,AE1909,20190513,,
1835,1035901021,AE1909,20190513,,
1836,1035901022,AE1909,20190513,,
1837,1035901023,AE1909,20190513,,
1838,1035901024,AE1909,20190513,,
1839,1035901201,AE1909,20190514,,
1840,1035901202,AE1909,20190514,,
1841,1035901203,AE1909,20190514,,
1842,1035901204,AE1909,20190514,,
1843,1035901205,AE1909,20190514,,
1844,1035901206,AE1909,20190514,,
1845,1035901207,AE1909,20190514,,
1846,1035901208,AE1909,20190514,,
1847,1035901209,AE1909,20190514,,
1848,1035901210,AE1909,20190514,,
1849,1035901211,AE1909,20190514,,
1850,1035901212,AE1909,20190514,,
1851,1035901213,AE1909,20190514,,
1852,1035901214,AE1909,20190514,,
1853,1035901215,AE1909,20190514,,
1854,1035901216,AE1909,20190514,,
1855,1035901501,AE1909,20190514,,
1856,1035901502,AE1909,20190514,,
1857,1035901503,AE1909,20190514,,
1858,1035901504,AE1909,20190514,,
1859,1035901505,AE1909,20190514,,
1860,1035901506,AE1909,20190514,,
1861,1035901507,AE1909,20190514,,
1862,1035901508,AE1909,20190514,,
1863,1035901509,AE1909,20190514,,
1864,1035901510,AE1909,20190514,,
1865,1035901511,AE1909,20190514,,
1866,1035901512,AE1909,20190514,,
1867,1035901513,AE1909,20190514,,
1868,1035901514,AE1909,20190514,,
1869,1035901515,AE1909,20190514,,
1870,1035901516,AE1909,20190514,,
1871,1035901517,AE1909,20190514,,
1872,1035901518,AE1909,20190514,,
1873,1035901519,AE1909,20190514,,
1874,1035901520,AE1909,20190514,,
1875,1035901521,AE1909,20190514,,
1876,1035901522,AE1909,20190514,,
1877,1035901523,AE1909,20190514,,
1878,1035901524,AE1909,20190514,,
1879,1035901601,AE1909,20190514,,
1880,1035901602,AE1909,20190514,,
1881,1035901603,AE1909,20190514,,
1882,1035901604,AE1909,20190514,,
1883,1035901605,AE1909,20190514,,
1884,1035901606,AE1909,20190514,,
1885,1035901607,AE1909,20190514,,
1886,1035901608,AE1909,20190514,,
1887,1035901609,AE1909,20190514,,
1888,1035901610,AE1909,-999,,
1889,1035901611,AE1909,-999,,
1890,1035901612,AE1909,-999,,
1891,1035901613,AE1909,-999,,
1892,1035901614,AE1909,-999,,
1893,1035901615,AE1909,-999,,
1894,1035901616,AE1909,-999,,
1895,1035901617,AE1909,-999,,
1896,1035901618,AE1909,-999,,
1897,1035901619,AE1909,-999,,
1898,1035901620,AE1909,-999,,
1899,1035901621,AE1909,-999,,
1900,1035901622,AE1909,-999,,
1901,1035901623,AE1909,-999,,
1902,1035901624,AE1909,-999,,
1903,1035902001,AE1909,20190516,V1V2_dada2_read_info_03052026.xlsx,V4_dada2_read_info_03052026.xlsx
1904,1035902002,AE1909,20190516,,
1905,1035902003,AE1909,20190516,V1V2_dada2_read_info_03052026.xlsx,V4_dada2_read_info_03052026.xlsx
1906,1035902004,AE1909,20190516,,
1907,1035902005,AE1909,20190516,V1V2_dada2_read_info_03052026.xlsx,V4_dada2_read_info_03052026.xlsx
1908,1035902006,AE1909,20190516,,
1909,1035902007,AE1909,20190516,V1V2_dada2_read_info_03052026.xlsx,V4_dada2_read_info_03052026.xlsx
1910,1035902008,AE1909,20190516,,
1911,1035902009,AE1909,20190516,V1V2_dada2_read_info_03052026.xlsx,V4_dada2_read_info_03052026.xlsx
1912,1035902010,AE1909,20190516,,
1913,1035902011,AE1909,20190516,V1V2_dada2_read_info_03052026.xlsx,V4_dada2_read_info_03052026.xlsx
1914,1035902012,AE1909,20190516,,
1915,1035902013,AE1909,20190516,V1V2_dada2_read_info_03052026.xlsx,V4_dada2_read_info_03052026.xlsx
1916,1035902014,AE1909,20190516,,
1917,1035902015,AE1909,20190516,V1V2_dada2_read_info_03052026.xlsx,V4_dada2_read_info_03052026.xlsx
1918,1035902016,AE1909,20190516,,
1919,1035902017,AE1909,20190516,V1V2_dada2_read_info_03052026.xlsx,V4_dada2_read_info_03052026.xlsx
1920,1035902018,AE1909,20190516,,
1921,1035902019,AE1909,20190516,V1V2_dada2_read_info_03052026.xlsx,V4_dada2_read_info_03052026.xlsx
1922,1035902020,AE1909,20190516,,
1923,1035902021,AE1909,20190516,V1V2_dada2_read_info_03052026.xlsx,V4_dada2_read_info_03052026.xlsx
1924,1035902022,AE1909,20190516,,
1925,1035902023,AE1909,20190516,V1V2_dada2_read_info_03052026.xlsx,V4_dada2_read_info_03052026.xlsx
1926,1035902024,AE1909,20190516,,
1927,1036001001,AE1912,20190607,,
1928,1036001002,AE1912,20190607,,
1929,1036001003,AE1912,20190607,,
1930,1036001004,AE1912,20190607,,
1931,1036001005,AE1912,20190607,,
1932,1036001006,AE1912,20190607,,
1933,1036001007,AE1912,20190607,,
1934,1036001008,AE1912,20190607,,
1935,1036001009,AE1912,20190607,,
1936,1036001010,AE1912,20190607,,
1937,1036001011,AE1912,20190607,,
1938,1036001012,AE1912,20190607,,
1939,1036001013,AE1912,20190607,,
1940,1036001014,AE1912,20190607,,
1941,1036001015,AE1912,20190607,,
1942,1036001016,AE1912,20190607,,
1943,1036001017,AE1912,20190607,,
1944,1036001018,AE1912,20190607,,
1945,1036001019,AE1912,20190607,,
1946,1036001020,AE1912,20190607,,
1947,1036001021,AE1912,20190607,,
1948,1036001022,AE1912,20190607,,
1949,1036001023,AE1912,20190607,,
1950,1036001024,AE1912,20190607,,
1951,1036001201,AE1912,20190608,,
1952,1036001202,AE1912,20190608,,
1953,1036001203,AE1912,20190608,,
1954,1036001204,AE1912,20190608,,
1955,1036001205,AE1912,20190608,,
1956,1036001206,AE1912,20190608,,
1957,1036001207,AE1912,20190608,,
1958,1036001208,AE1912,20190608,,
1959,1036001209,AE1912,20190608,,
1960,1036001210,AE1912,20190608,,
1961,1036001211,AE1912,20190608,,
1962,1036001212,AE1912,20190608,,
1963,1036001213,AE1912,20190608,,
1964,1036001214,AE1912,20190608,,
1965,1036001215,AE1912,20190608,,
1966,1036001216,AE1912,20190608,,
1967,1036001217,AE1912,20190608,,
1968,1036001218,AE1912,20190608,,
1969,1036001219,AE1912,20190608,,
1970,1036001220,AE1912,20190608,,
1971,1036001221,AE1912,20190608,,
1972,1036001222,AE1912,20190608,,
1973,1036001223,AE1912,20190608,,
1974,1036001501,AE1912,20190608,,
1975,1036001502,AE1912,20190608,,
1976,1036001503,AE1912,20190608,,
1977,1036001504,AE1912,20190608,,
1978,1036001505,AE1912,20190608,,
1979,1036001506,AE1912,20190608,,
1980,1036001507,AE1912,20190608,,
1981,1036001508,AE1912,20190608,,
1982,1036001509,AE1912,20190608,,
1983,1036001510,AE1912,20190608,,
1984,1036001511,AE1912,20190608,,
1985,1036001512,AE1912,20190608,,
1986,1036001513,AE1912,20190608,,
1987,1036001514,AE1912,20190608,,
1988,1036001515,AE1912,20190608,,
1989,1036001516,AE1912,20190608,,
1990,1036001517,AE1912,20190608,,
1991,1036001518,AE1912,20190608,,
1992,1036001519,AE1912,20190608,,
1993,1036001520,AE1912,20190608,,
1994,1036001521,AE1912,20190608,,
1995,1036001522,AE1912,20190608,,
1996,1036001523,AE1912,20190608,,
1997,1036001524,AE1912,20190608,,
1998,1036001601,AE1912,20190608,,
1999,1036001602,AE1912,20190608,,
2000,1036001603,AE1912,20190608,,
2001,1036001604,AE1912,20190608,,
2002,1036001605,AE1912,20190608,,
2003,1036001606,AE1912,20190608,,
2004,1036001607,AE1912,20190608,,
2005,1036001608,AE1912,20190608,,
2006,1036001609,AE1912,20190608,,
2007,1036001610,AE1912,20190608,,
2008,1036001611,AE1912,20190608,,
2009,1036001612,AE1912,20190608,,
2010,1036001613,AE1912,20190608,,
2011,1036001614,AE1912,20190608,,
2012,1036001615,AE1912,20190608,,
2013,1036001616,AE1912,20190608,,
2014,1036001617,AE1912,20190608,,
2015,1036001618,AE1912,20190608,,
2016,1036001619,AE1912,20190608,,
2017,1036001620,AE1912,20190608,,
2018,1036001621,AE1912,20190608,,
2019,1036001622,AE1912,20190608,,
2020,1036001623,AE1912,20190608,,
2021,1036001624,AE1912,-999,,
2022,1036001801,AE1912,20190609,,
2023,1036001802,AE1912,20190609,,
2024,1036001803,AE1912,20190609,,
2025,1036001804,AE1912,20190609,,
2026,1036001805,AE1912,20190609,,
2027,1036001806,AE1912,20190609,,
2028,1036001807,AE1912,20190609,,
2029,1036001808,AE1912,20190609,,
2030,1036001809,AE1912,20190609,,
2031,1036001810,AE1912,20190609,,
2032,1036001811,AE1912,20190609,,
2033,1036001812,AE1912,20190609,,
2034,1036001813,AE1912,20190609,,
2035,1036001814,AE1912,20190609,,
2036,1036001815,AE1912,20190609,,
2037,1036001816,AE1912,20190609,,
2038,1036001817,AE1912,20190609,,
2039,1036001818,AE1912,20190609,,
2040,1036001819,AE1912,20190609,,
2041,1036001820,AE1912,20190609,,
2042,1036001821,AE1912,20190609,,
2043,1036001822,AE1912,20190609,,
2044,1036001823,AE1912,-999,,
2045,1036001824,AE1912,-999,,
2046,1036001901,AE1912,20190609,V1V2_dada2_read_info_03052026.xlsx,V4_dada2_read_info_03052026.xlsx
2047,1036001902,AE1912,20190609,,
2048,1036001903,AE1912,20190609,V1V2_dada2_read_info_03052026.xlsx,V4_dada2_read_info_03052026.xlsx
2049,1036001904,AE1912,20190609,,
2050,1036001905,AE1912,20190609,V1V2_dada2_read_info_03052026.xlsx,V4_dada2_read_info_03052026.xlsx
2051,1036001906,AE1912,20190609,,
2052,1036001907,AE1912,20190609,V1V2_dada2_read_info_03052026.xlsx,V4_dada2_read_info_03052026.xlsx
2053,1036001908,AE1912,20190609,,
2054,1036001909,AE1912,20190609,V1V2_dada2_read_info_03052026.xlsx,V4_dada2_read_info_03052026.xlsx
2055,1036001910,AE1912,20190609,,
2056,1036001911,AE1912,20190609,V1V2_dada2_read_info_03052026.xlsx,V4_dada2_read_info_03052026.xlsx
2057,1036001912,AE1912,20190609,,
2058,1036001913,AE1912,20190609,V1V2_dada2_read_info_03052026.xlsx,V4_dada2_read_info_03052026.xlsx
2059,1036001914,AE1912,20190609,,
2060,1036001915,AE1912,20190609,V1V2_dada2_read_info_03052026.xlsx,V4_dada2_read_info_03052026.xlsx
2061,1036001916,AE1912,20190609,,
2062,1036001917,AE1912,20190609,V1V2_dada2_read_info_03052026.xlsx,V4_dada2_read_info_03052026.xlsx
2063,1036001918,AE1912,20190609,,
2064,1036001919,AE1912,20190609,V1V2_dada2_read_info_03052026.xlsx,V4_dada2_read_info_03052026.xlsx
2065,1036001920,AE1912,20190609,,
2066,1036001921,AE1912,20190609,V1V2_dada2_read_info_03052026.xlsx,V4_dada2_read_info_03052026.xlsx
2067,1036001922,AE1912,20190609,,
2068,1036001923,AE1912,20190609,V1V2_dada2_read_info_03052026.xlsx,V4_dada2_read_info_03052026.xlsx
2069,1036001924,AE1912,20190609,,
2070,1036100901,AE1917,20190715,,
2071,1036100902,AE1917,20190715,,
2072,1036100903,AE1917,20190715,,
2073,1036100904,AE1917,20190715,,
2074,1036100905,AE1917,20190715,,
2075,1036100906,AE1917,20190715,,
2076,1036100907,AE1917,20190715,,
2077,1036100908,AE1917,20190715,,
2078,1036100909,AE1917,20190715,,
2079,1036100910,AE1917,20190715,,
2080,1036100911,AE1917,20190715,,
2081,1036100912,AE1917,20190715,,
2082,1036100913,AE1917,20190715,,
2083,1036100914,AE1917,20190715,,
2084,1036100915,AE1917,20190715,,
2085,1036100916,AE1917,20190715,,
2086,1036100917,AE1917,20190715,,
2087,1036100918,AE1917,20190715,,
2088,1036100919,AE1917,20190715,,
2089,1036100920,AE1917,20190715,,
2090,1036100921,AE1917,20190715,,
2091,1036100922,AE1917,20190715,,
2092,1036100923,AE1917,20190715,,
2093,1036100924,AE1917,20190715,,
2094,1036101501,AE1917,20190717,,
2095,1036101502,AE1917,20190717,,
2096,1036101503,AE1917,20190717,,
2097,1036101504,AE1917,20190717,,
2098,1036101505,AE1917,20190717,,
2099,1036101506,AE1917,20190717,,
2100,1036101507,AE1917,20190717,,
2101,1036101508,AE1917,20190717,,
2102,1036101509,AE1917,20190717,,
2103,1036101510,AE1917,20190717,,
2104,1036101511,AE1917,20190717,,
2105,1036101512,AE1917,20190717,,
2106,1036101513,AE1917,20190717,,
2107,1036101514,AE1917,20190717,,
2108,1036101515,AE1917,20190717,,
2109,1036101516,AE1917,20190717,,
2110,1036101701,AE1917,20190717,,
2111,1036101702,AE1917,20190717,,
2112,1036101703,AE1917,20190717,,
2113,1036101704,AE1917,20190717,,
2114,1036101705,AE1917,20190717,,
2115,1036101706,AE1917,20190717,,
2116,1036101707,AE1917,20190717,,
2117,1036101708,AE1917,20190717,,
2118,1036101709,AE1917,20190717,,
2119,1036101710,AE1917,20190717,,
2120,1036101711,AE1917,20190717,,
2121,1036101712,AE1917,20190717,,
2122,1036101713,AE1917,20190717,,
2123,1036101714,AE1917,20190717,,
2124,1036101715,AE1917,20190717,,
2125,1036101716,AE1917,20190717,,
2126,1036101717,AE1917,20190717,,
2127,1036101718,AE1917,20190717,,
2128,1036101719,AE1917,20190717,,
2129,1036101720,AE1917,20190717,,
2130,1036101721,AE1917,20190717,,
2131,1036101722,AE1917,20190717,,
2132,1036101723,AE1917,20190717,,
2133,1036101724,AE1917,20190717,,
2134,1036101801,AE1917,20190717,,
2135,1036101802,AE1917,20190717,,
2136,1036101803,AE1917,20190717,,
2137,1036101804,AE1917,20190717,,
2138,1036101805,AE1917,20190717,,
2139,1036101806,AE1917,20190717,,
2140,1036101807,AE1917,20190717,,
2141,1036101808,AE1917,20190717,,
2142,1036101809,AE1917,-999,,
2143,1036101810,AE1917,-999,,
2144,1036101811,AE1917,-999,,
2145,1036101812,AE1917,-999,,
2146,1036101813,AE1917,-999,,
2147,1036101814,AE1917,-999,,
2148,1036101815,AE1917,-999,,
2149,1036101816,AE1917,-999,,
2150,1036101817,AE1917,-999,,
2151,1036101818,AE1917,-999,,
2152,1036101819,AE1917,-999,,
2153,1036101820,AE1917,-999,,
2154,1036101821,AE1917,-999,,
2155,1036101822,AE1917,-999,,
2156,1036101823,AE1917,-999,,
2157,1036101824,AE1917,-999,,
2158,1036101901,AE1917,20190718,V1V2_dada2_read_info_03052026.xlsx,V4_dada2_read_info_03052026.xlsx
2159,1036101902,AE1917,20190718,,
2160,1036101903,AE1917,20190718,,
2161,1036101904,AE1917,20190718,V1V2_dada2_read_info_03052026.xlsx,V4_dada2_read_info_03052026.xlsx
2162,1036101905,AE1917,20190718,,
2163,1036101906,AE1917,20190718,V1V2_dada2_read_info_03052026.xlsx,V4_dada2_read_info_03052026.xlsx
2164,1036101907,AE1917,20190718,,
2165,1036101908,AE1917,20190718,V1V2_dada2_read_info_03052026.xlsx,V4_dada2_read_info_03052026.xlsx
2166,1036101909,AE1917,20190718,,
2167,1036101910,AE1917,20190718,V1V2_dada2_read_info_03052026.xlsx,V4_dada2_read_info_03052026.xlsx
2168,1036101911,AE1917,20190718,V1V2_dada2_read_info_03052026.xlsx,V4_dada2_read_info_03052026.xlsx
2169,1036101912,AE1917,20190718,,
2170,1036101913,AE1917,20190718,,V4_dada2_read_info_03052026.xlsx
2171,1036101914,AE1917,20190718,,
2172,1036101915,AE1917,20190718,V1V2_dada2_read_info_03052026.xlsx,V4_dada2_read_info_03052026.xlsx
2173,1036101916,AE1917,20190718,,
2174,1036101917,AE1917,20190718,,
2175,1036101918,AE1917,20190718,V1V2_dada2_read_info_03052026.xlsx,V4_dada2_read_info_03052026.xlsx
2176,1036101919,AE1917,20190718,V1V2_dada2_read_info_03052026.xlsx,V4_dada2_read_info_03052026.xlsx
2177,1036101920,AE1917,20190718,,
2178,1036101921,AE1917,20190718,V1V2_dada2_read_info_03052026.xlsx,V4_dada2_read_info_03052026.xlsx
2179,1036101922,AE1917,20190718,,
2180,1036101923,AE1917,20190718,V1V2_dada2_read_info_03052026.xlsx,V4_dada2_read_info_03052026.xlsx
2181,1036101924,AE1917,20190718,,
2182,1036200901,AE1921,20190817,,
2183,1036200902,AE1921,20190817,,
2184,1036200903,AE1921,20190817,,
2185,1036200904,AE1921,20190817,,
2186,1036200905,AE1921,20190817,,
2187,1036200906,AE1921,20190817,,
2188,1036200907,AE1921,20190817,,
2189,1036200908,AE1921,20190817,,
2190,1036200909,AE1921,20190817,,
2191,1036200910,AE1921,20190817,,
2192,1036200911,AE1921,20190817,,
2193,1036200912,AE1921,20190817,,
2194,1036200913,AE1921,20190817,,
2195,1036200914,AE1921,20190817,,
2196,1036201001,AE1921,20190818,,
2197,1036201002,AE1921,20190818,,
2198,1036201003,AE1921,20190818,,
2199,1036201004,AE1921,20190818,,
2200,1036201005,AE1921,20190818,,
2201,1036201006,AE1921,20190818,,
2202,1036201007,AE1921,20190818,,
2203,1036201008,AE1921,20190818,,
2204,1036201009,AE1921,20190818,,
2205,1036201010,AE1921,20190818,,
2206,1036201011,AE1921,20190818,,
2207,1036201012,AE1921,20190818,,
2208,1036201013,AE1921,20190818,,
2209,1036201014,AE1921,20190818,,
2210,1036201015,AE1921,20190818,,
2211,1036201016,AE1921,20190818,,
2212,1036201017,AE1921,20190818,,
2213,1036201018,AE1921,20190818,,
2214,1036201019,AE1921,20190818,,
2215,1036201020,AE1921,20190818,,
2216,1036201021,AE1921,20190818,,
2217,1036201022,AE1921,20190818,,
2218,1036201023,AE1921,20190818,,
2219,1036201024,AE1921,20190818,,
2220,1036201201,AE1921,20190819,,
2221,1036201202,AE1921,20190819,,
2222,1036201203,AE1921,20190819,,
2223,1036201204,AE1921,20190819,,
2224,1036201205,AE1921,20190819,,
2225,1036201206,AE1921,20190819,,
2226,1036201207,AE1921,20190819,,
2227,1036201208,AE1921,20190819,,
2228,1036201209,AE1921,20190819,,
2229,1036201210,AE1921,20190819,,
2230,1036201211,AE1921,20190819,,
2231,1036201212,AE1921,20190819,,
2232,1036201213,AE1921,20190819,,
2233,1036201214,AE1921,20190819,,
2234,1036201215,AE1921,20190819,,
2235,1036201216,AE1921,20190819,,
2236,1036201501,AE1921,20190819,,
2237,1036201502,AE1921,20190819,,
2238,1036201503,AE1921,20190819,,
2239,1036201504,AE1921,20190819,,
2240,1036201505,AE1921,20190819,,
2241,1036201506,AE1921,20190819,,
2242,1036201507,AE1921,20190819,,
2243,1036201508,AE1921,20190819,,
2244,1036201509,AE1921,20190819,,
2245,1036201510,AE1921,20190819,,
2246,1036201511,AE1921,20190819,,
2247,1036201512,AE1921,20190819,,
2248,1036201513,AE1921,20190819,,
2249,1036201514,AE1921,20190819,,
2250,1036201515,AE1921,20190819,,
2251,1036201516,AE1921,20190819,,
2252,1036201517,AE1921,20190819,,
2253,1036201518,AE1921,20190819,,
2254,1036201519,AE1921,20190819,,
2255,1036201520,AE1921,20190819,,
2256,1036201521,AE1921,20190819,,
2257,1036201522,AE1921,20190819,,
2258,1036201523,AE1921,20190819,,
2259,1036201524,AE1921,20190819,,
2260,1036201701,AE1921,20190820,,
2261,1036201702,AE1921,-999,,
2262,1036201703,AE1921,-999,,
2263,1036201704,AE1921,20190820,,
2264,1036201705,AE1921,-999,,
2265,1036201706,AE1921,-999,,
2266,1036201707,AE1921,20190820,,
2267,1036201708,AE1921,-999,,
2268,1036201709,AE1921,-999,,
2269,1036201710,AE1921,-999,,
2270,1036201711,AE1921,-999,,
2271,1036201712,AE1921,-999,,
2272,1036201713,AE1921,-999,,
2273,1036201714,AE1921,-999,,
2274,1036201715,AE1921,-999,,
2275,1036201716,AE1921,-999,,
2276,1036201717,AE1921,-999,,
2277,1036201718,AE1921,-999,,
2278,1036201719,AE1921,-999,,
2279,1036201720,AE1921,-999,,
2280,1036201721,AE1921,-999,,
2281,1036201722,AE1921,-999,,
2282,1036201723,AE1921,-999,,
2283,1036201724,AE1921,-999,,
2284,1036202201,AE1921,20190821,V1V2_dada2_read_info_03052026.xlsx,V4_dada2_read_info_03052026.xlsx
2285,1036202202,AE1921,20190821,,
2286,1036202203,AE1921,20190821,V1V2_dada2_read_info_03052026.xlsx,V4_dada2_read_info_03052026.xlsx
2287,1036202204,AE1921,20190821,,
2288,1036202205,AE1921,20190821,V1V2_dada2_read_info_03052026.xlsx,V4_dada2_read_info_03052026.xlsx
2289,1033900707,AE1718,20170913,,
2290,1033900708,AE1718,20170913,,
2291,1033900709,AE1718,20170913,,
2292,1033900710,AE1718,20170913,,
2293,1033900711,AE1718,20170913,,
2294,1033900712,AE1718,20170913,,
2295,1033900713,AE1718,20170913,,
2296,1033900714,AE1718,20170913,,
2297,1033900715,AE1718,20170913,,
2298,1033900716,AE1718,20170913,,
2299,1033900717,AE1718,20170913,,
2300,1033900718,AE1718,20170913,,
2301,1033900719,AE1718,20170913,,
2302,1033900720,AE1718,20170913,,
2303,1033900721,AE1718,20170913,,
2304,1033900722,AE1718,20170913,,
2305,1033900723,AE1718,20170913,,
2306,1033900724,AE1718,20170913,,
2307,1033900801,AE1718,20170913,,
2308,1033900802,AE1718,20170913,,
2309,1033900803,AE1718,20170913,,
2310,1033900804,AE1718,20170913,,
2311,1033900805,AE1718,20170913,,
2312,1033900806,AE1718,20170913,,
2313,1033900807,AE1718,20170913,,
2314,1033900808,AE1718,20170913,,
2315,1033900809,AE1718,20170913,,
2316,1033900810,AE1718,20170913,,
2317,1033900811,AE1718,20170913,,
2318,1033900812,AE1718,20170913,,
2319,1033900813,AE1718,20170913,,
2320,1033900814,AE1718,20170913,,
2321,1033900815,AE1718,20170913,,
2322,1033900816,AE1718,20170913,,
2323,1033900817,AE1718,20170913,,
2324,1033900818,AE1718,20170913,,
2325,1033900819,AE1718,20170913,,
2326,1033900820,AE1718,20170913,,
2327,1033900821,AE1718,20170913,,
2328,1033900822,AE1718,20170913,,
2329,1033900823,AE1718,20170913,,
2330,1033900824,AE1718,20170913,,
2331,1033901101,AE1718,20170914,,
2332,1033901102,AE1718,20170914,V1V2_dada2_read_info_03052026.xlsx,V4_dada2_read_info_03052026.xlsx
2333,1033901103,AE1718,20170914,,
2334,1033901104,AE1718,20170914,V1V2_dada2_read_info_03052026.xlsx,V4_dada2_read_info_03052026.xlsx
2335,1033901105,AE1718,20170914,,
2336,1033901106,AE1718,20170914,,
2337,1033901107,AE1718,20170914,V1V2_dada2_read_info_03052026.xlsx,V4_dada2_read_info_03052026.xlsx
2338,1033901108,AE1718,20170914,,
2339,1033901109,AE1718,20170914,V1V2_dada2_read_info_03052026.xlsx,V4_dada2_read_info_03052026.xlsx
2340,1033901110,AE1718,20170914,,
2341,1033901111,AE1718,20170914,,
2342,1033901112,AE1718,20170914,V1V2_dada2_read_info_03052026.xlsx,V4_dada2_read_info_03052026.xlsx
2343,1033901113,AE1718,20170914,V1V2_dada2_read_info_03052026.xlsx,V4_dada2_read_info_03052026.xlsx
2344,1033901114,AE1718,20170914,,
2345,1033901115,AE1718,20170914,V1V2_dada2_read_info_03052026.xlsx,V4_dada2_read_info_03052026.xlsx
2346,1033901116,AE1718,20170914,,
2347,1033901117,AE1718,20170914,V1V2_dada2_read_info_03052026.xlsx,V4_dada2_read_info_03052026.xlsx
2348,1033901118,AE1718,20170914,,
2349,1033901119,AE1718,20170914,,
2350,1033901120,AE1718,20170914,V1V2_dada2_read_info_03052026.xlsx,
2351,1033901121,AE1718,20170914,V1V2_dada2_read_info_03052026.xlsx,
2352,1033901122,AE1718,20170914,V1V2_dada2_read_info_03052026.xlsx,
2353,1033901123,AE1718,20170914,V1V2_dada2_read_info_03052026.xlsx,
2354,1033901124,AE1718,20170914,,
2355,1034401309,AE1805,20180212,V1V2_dada2_read_info_03052026.xlsx,V4_dada2_read_info_03052026.xlsx
2356,1034401310,AE1805,20180212,,
2357,1034401311,AE1805,20180212,V1V2_dada2_read_info_03052026.xlsx,V4_dada2_read_info_03052026.xlsx
2358,1034401312,AE1805,20180212,,
2359,1034401313,AE1805,20180212,V1V2_dada2_read_info_03052026.xlsx,V4_dada2_read_info_03052026.xlsx
2360,1034401314,AE1805,20180212,,
2361,1034401315,AE1805,20180212,V1V2_dada2_read_info_03052026.xlsx,V4_dada2_read_info_03052026.xlsx
2362,1034401316,AE1805,20180212,,
2363,1034401317,AE1805,20180212,V1V2_dada2_read_info_03052026.xlsx,V4_dada2_read_info_03052026.xlsx
2364,1034401318,AE1805,20180212,,
2365,1034401319,AE1805,20180212,V1V2_dada2_read_info_03052026.xlsx,V4_dada2_read_info_03052026.xlsx
2366,1034401320,AE1805,20180212,,
2367,1034401321,AE1805,20180212,V1V2_dada2_read_info_03052026.xlsx,V4_dada2_read_info_03052026.xlsx
2368,1034401322,AE1805,20180212,,
2369,1034401323,AE1805,20180212,V1V2_dada2_read_info_03052026.xlsx,V4_dada2_read_info_03052026.xlsx
2370,1034401324,AE1805,20180212,,
2371,1034500201,AE1807,20180314,,
2372,1034500202,AE1807,20180314,,
2373,1034500203,AE1807,20180314,,
2374,1034500204,AE1807,20180314,,
2375,1034500205,AE1807,20180314,,
2376,1034500206,AE1807,20180314,,
2377,1034500207,AE1807,20180314,,
2378,1034500208,AE1807,20180314,,
2379,1034500209,AE1807,20180314,,
2380,1034500210,AE1807,20180314,,
2381,1034500211,AE1807,20180314,,
2382,1034500212,AE1807,20180314,,
2383,1034500213,AE1807,20180314,,
2384,1034500214,AE1807,20180314,,
2385,1034500215,AE1807,20180314,,
2386,1034500216,AE1807,20180314,,
2387,1034500217,AE1807,20180314,,
2388,1034500218,AE1807,20180314,,
2389,1034500219,AE1807,20180314,,
2390,1034500220,AE1807,20180314,,
2391,1034500221,AE1807,20180314,,
2392,1034500222,AE1807,20180314,,
2393,1034500223,AE1807,20180314,,
2394,1034500224,AE1807,20180314,,
2395,1034500401,AE1807,20180315,,
2396,1034500402,AE1807,20180315,,
2397,1034500403,AE1807,20180315,,
2398,1034500404,AE1807,20180315,,
2399,1034500405,AE1807,20180315,,
2400,1034500406,AE1807,20180315,,
2401,1034500407,AE1807,20180315,,
2402,1034500408,AE1807,20180315,,
2403,1034500409,AE1807,20180315,,
2404,1034500410,AE1807,20180315,,
2405,1034500411,AE1807,20180315,,
2406,1034500412,AE1807,20180315,,
2407,1034500413,AE1807,20180315,,
2408,1034500414,AE1807,20180315,,
2409,1034500415,AE1807,20180315,,
2410,1034500416,AE1807,20180315,,
2411,1034500501,AE1807,20180315,,
2412,1034500502,AE1807,20180315,,
2413,1034500503,AE1807,20180315,,
2414,1034500504,AE1807,20180315,,
2415,1034500505,AE1807,20180315,,
2416,1034500506,AE1807,20180315,,
2417,1034500507,AE1807,20180315,,
2418,1034500508,AE1807,20180315,,
2419,1034500509,AE1807,20180315,,
2420,1034500510,AE1807,20180315,,
2421,1034500511,AE1807,20180315,,
2422,1034500512,AE1807,20180315,,
2423,1034500513,AE1807,20180315,,
2424,1034500514,AE1807,20180315,,
2425,1034500515,AE1807,20180315,,
2426,1034500516,AE1807,20180315,,
2427,1034500517,AE1807,20180315,,
2428,1034500518,AE1807,20180315,,
2429,1034500519,AE1807,20180315,,
2430,1034500520,AE1807,20180315,,
2431,1034500521,AE1807,20180315,,
2432,1034500522,AE1807,20180315,,
2433,1034500523,AE1807,20180315,,
2434,1034500524,AE1807,20180315,,
2435,1034600101,AE1810,20180412,,
2436,1034600102,AE1810,20180412,,
2437,1034600103,AE1810,20180412,,
2438,1034600104,AE1810,20180412,,
2439,1034600105,AE1810,20180412,,
2440,1034600106,AE1810,20180412,,
2441,1034600107,AE1810,20180412,,
2442,1034600108,AE1810,20180412,,
2443,1034600109,AE1810,20180412,,
2444,1034600110,AE1810,20180412,,
2445,1034600111,AE1810,20180412,,
2446,1034600112,AE1810,20180412,,
2447,1034600113,AE1810,20180412,,
2448,1034600114,AE1810,20180412,,
2449,1034600115,AE1810,20180412,,
2450,1034600116,AE1810,20180412,,
2451,1034600117,AE1810,20180412,,
2452,1034600118,AE1810,20180412,,
2453,1034600119,AE1810,20180412,,
2454,1034600120,AE1810,20180412,,
2455,1034600121,AE1810,20180412,,
2456,1034600122,AE1810,20180412,,
2457,1034600123,AE1810,20180412,,
2458,1034600124,AE1810,20180412,,
2459,1034600301,AE1810,20180413,,
2460,1034600302,AE1810,20180413,,
2461,1034600303,AE1810,20180413,,
2462,1034600304,AE1810,20180413,,
2463,1034600305,AE1810,20180413,,
2464,1034600306,AE1810,20180413,,
2465,1034600307,AE1810,20180413,,
2466,1034600308,AE1810,20180413,,
2467,1034600309,AE1810,20180413,,
2468,1034600310,AE1810,20180413,,
2469,1034600311,AE1810,20180413,,
2470,1034600312,AE1810,20180413,,
2471,1034600313,AE1810,20180413,,
2472,1034600314,AE1810,20180413,,
2473,1034600315,AE1810,20180413,,
2474,1034600316,AE1810,20180413,,
2475,1034600317,AE1810,20180413,,
2476,1034600318,AE1810,20180413,,
2477,1034600319,AE1810,20180413,,
2478,1034600320,AE1810,20180413,,
2479,1034600321,AE1810,20180413,,
2480,1034600322,AE1810,20180413,,
2481,1034600323,AE1810,20180413,,
2482,1034600324,AE1810,20180413,,
2483,1034600501,AE1810,20180414,,
2484,1034600502,AE1810,20180414,,
2485,1034600503,AE1810,20180414,,
2486,1034600504,AE1810,20180414,,
2487,1034600505,AE1810,20180414,,
2488,1034600506,AE1810,20180414,,
2489,1034600507,AE1810,20180414,,
2490,1034600508,AE1810,20180414,,
2491,1034600509,AE1810,20180414,,
2492,1034600510,AE1810,20180414,,
2493,1034600511,AE1810,20180414,,
2494,1034600512,AE1810,20180414,,
2495,1034600513,AE1810,20180414,,
2496,1034600514,AE1810,20180414,,
2497,1034600515,AE1810,20180414,,
2498,1034600516,AE1810,20180414,,
2499,1034600601,AE1810,20180414,,
2500,1034600602,AE1810,20180414,,
2501,1034600603,AE1810,20180414,,
2502,1034600604,AE1810,20180414,,
2503,1034600605,AE1810,20180414,,
2504,1034600606,AE1810,20180414,,
2505,1034600607,AE1810,20180414,,
2506,1034600608,AE1810,20180414,,
2507,1034600609,AE1810,20180414,,
2508,1034600610,AE1810,20180414,,
2509,1034600611,AE1810,20180414,,
2510,1034600612,AE1810,20180414,,
2511,1034600613,AE1810,20180414,,
2512,1034600614,AE1810,20180414,,
2513,1034600615,AE1810,20180414,,
2514,1034600616,AE1810,20180414,,
2515,1034600617,AE1810,20180414,,
2516,1034600618,AE1810,20180414,,
2517,1034600619,AE1810,20180414,,
2518,1034600620,AE1810,20180414,,
2519,1034600621,AE1810,20180414,,
2520,1034600622,AE1810,20180414,,
2521,1034600623,AE1810,20180414,,
2522,1034600624,AE1810,20180414,,
2523,1034600701,AE1810,20180414,,
2524,1034600702,AE1810,20180414,,
2525,1034600703,AE1810,20180414,,
2526,1034600704,AE1810,20180414,,
2527,1034600705,AE1810,20180414,,
2528,1034600706,AE1810,20180414,,
2529,1034600707,AE1810,20180414,,
2530,1034600708,AE1810,20180414,,
2531,1034600709,AE1810,20180414,,
2532,1034600710,AE1810,-999,,
2533,1034600711,AE1810,-999,,
2534,1034600712,AE1810,-999,,
2535,1034600713,AE1810,-999,,
2536,1034600714,AE1810,-999,,
2537,1034600715,AE1810,-999,,
2538,1034600716,AE1810,-999,,
2539,1034600717,AE1810,-999,,
2540,1034600718,AE1810,-999,,
2541,1034600719,AE1810,-999,,
2542,1034600720,AE1810,-999,,
2543,1034600721,AE1810,-999,,
2544,1034600722,AE1810,-999,,
2545,1034600723,AE1810,-999,,
2546,1034600724,AE1810,-999,,
2547,1034601201,AE1810,20180416,V1V2_dada2_read_info_03052026.xlsx,V4_dada2_read_info_03052026.xlsx
2548,1034601202,AE1810,20180416,,
2549,1034601203,AE1810,20180416,V1V2_dada2_read_info_03052026.xlsx,V4_dada2_read_info_03052026.xlsx
2550,1034601204,AE1810,20180416,,
2551,1034601205,AE1810,20180416,V1V2_dada2_read_info_03052026.xlsx,V4_dada2_read_info_03052026.xlsx
2552,1034601206,AE1810,20180416,,
2553,1034601207,AE1810,20180416,V1V2_dada2_read_info_03052026.xlsx,V4_dada2_read_info_03052026.xlsx
2554,1034601208,AE1810,20180416,,
2555,1034601209,AE1810,20180416,V1V2_dada2_read_info_03052026.xlsx,V4_dada2_read_info_03052026.xlsx
2556,1034601210,AE1810,20180416,,
2557,1034601211,AE1810,20180416,V1V2_dada2_read_info_03052026.xlsx,V4_dada2_read_info_03052026.xlsx
2558,1034601212,AE1810,20180416,,
2559,1034601213,AE1810,20180416,V1V2_dada2_read_info_03052026.xlsx,V4_dada2_read_info_03052026.xlsx
2560,1034601214,AE1810,20180416,,
2561,1034601215,AE1810,20180416,V1V2_dada2_read_info_03052026.xlsx,V4_dada2_read_info_03052026.xlsx
2562,1034601216,AE1810,20180416,,
2563,1034601217,AE1810,20180416,V1V2_dada2_read_info_03052026.xlsx,V4_dada2_read_info_03052026.xlsx
2564,1034601218,AE1810,20180416,,
2565,1034601219,AE1810,20180416,V1V2_dada2_read_info_03052026.xlsx,V4_dada2_read_info_03052026.xlsx
2566,1034601220,AE1810,20180416,,
2567,1034601221,AE1810,20180416,V1V2_dada2_read_info_03052026.xlsx,V4_dada2_read_info_03052026.xlsx
2568,1034601222,AE1810,20180416,,
2569,1034601223,AE1810,20180416,V1V2_dada2_read_info_03052026.xlsx,V4_dada2_read_info_03052026.xlsx
2570,1034601224,AE1810,20180416,,
2571,1034700801,AE1814,20180523,,
2572,1034700802,AE1814,20180523,,
2573,1034700803,AE1814,20180523,,
2574,1034700804,AE1814,20180523,,
2575,1034700805,AE1814,20180523,,
2576,1034700806,AE1814,20180523,,
2577,1034700807,AE1814,20180523,,
2578,1034700808,AE1814,20180523,,
2579,1034700809,AE1814,20180523,,
2580,1034700810,AE1814,20180523,,
2581,1034700811,AE1814,20180523,,
2582,1034700812,AE1814,20180523,,
2583,1034700813,AE1814,20180523,,
2584,1034700814,AE1814,20180523,,
2585,1034700815,AE1814,20180523,,
2586,1034700901,AE1814,20180523,,
2587,1034700902,AE1814,20180523,,
2588,1034700903,AE1814,20180523,,
2589,1034700904,AE1814,20180523,,
2590,1034700905,AE1814,20180523,,
2591,1034700906,AE1814,20180523,,
2592,1034700907,AE1814,20180523,,
2593,1034700908,AE1814,20180523,,
2594,1034700909,AE1814,20180523,,
2595,1034700910,AE1814,20180523,,
2596,1034700911,AE1814,20180523,,
2597,1034700912,AE1814,20180523,,
2598,1034700913,AE1814,20180523,,
2599,1034700914,AE1814,20180523,,
2600,1034700915,AE1814,20180523,,
2601,1034700916,AE1814,20180523,,
2602,1034700917,AE1814,20180523,,
2603,1034700918,AE1814,20180523,,
2604,1034700919,AE1814,20180523,,
2605,1034700920,AE1814,20180523,,
2606,1034700921,AE1814,20180523,,
2607,1034700922,AE1814,20180523,,
2608,1034700923,AE1814,20180523,,
2609,1034700924,AE1814,20180523,,
2610,1034701001,AE1814,20180524,,
2611,1034701002,AE1814,20180524,,
2612,1034701003,AE1814,20180524,,
2613,1034701004,AE1814,20180524,,
2614,1034701005,AE1814,20180524,,
2615,1034701006,AE1814,20180524,,
2616,1034701007,AE1814,20180524,,
2617,1034701008,AE1814,20180524,,
2618,1034701009,AE1814,20180524,,
2619,1034701010,AE1814,20180524,,
2620,1034701011,AE1814,20180524,,
2621,1034701012,AE1814,20180524,,
2622,1034701013,AE1814,20180524,,
2623,1034701014,AE1814,20180524,,
2624,1034701015,AE1814,20180524,,
2625,1034701016,AE1814,20180524,,
2626,1034701201,AE1814,20180524,,
2627,1034701202,AE1814,20180524,,
2628,1034701203,AE1814,20180524,,
2629,1034701204,AE1814,20180524,,
2630,1034701205,AE1814,20180524,,
2631,1034701206,AE1814,20180524,,
2632,1034701207,AE1814,20180524,,
2633,1034701208,AE1814,20180524,,
2634,1034701209,AE1814,20180524,,
2635,1034701210,AE1814,20180524,,
2636,1034701211,AE1814,20180524,,
2637,1034701212,AE1814,20180524,,
2638,1034701213,AE1814,20180524,,
2639,1034701214,AE1814,20180524,,
2640,1034701215,AE1814,20180524,,
2641,1034701216,AE1814,20180524,,
2642,1034701217,AE1814,20180524,,
2643,1034701218,AE1814,20180524,,
2644,1034701219,AE1814,20180524,,
2645,1034701220,AE1814,20180524,,
2646,1034701221,AE1814,20180524,,
2647,1034701222,AE1814,20180524,,
2648,1034701223,AE1814,20180524,,
2649,1034701224,AE1814,20180524,,
2650,1034701301,AE1814,-999,,
2651,1034701302,AE1814,-999,,
2652,1034701303,AE1814,-999,,
2653,1034701304,AE1814,-999,,
2654,1034701305,AE1814,-999,,
2655,1034701306,AE1814,-999,,
2656,1034701307,AE1814,-999,,
2657,1034701308,AE1814,-999,,
2658,1034701309,AE1814,-999,,
2659,1034701310,AE1814,-999,,
2660,1034701311,AE1814,-999,,
2661,1034701312,AE1814,-999,,
2662,1034701313,AE1814,-999,,
2663,1034701314,AE1814,-999,,
2664,1034701315,AE1814,-999,,
2665,1034701316,AE1814,20180524,,
2666,1034701317,AE1814,20180524,,
2667,1034701318,AE1814,20180524,,
2668,1034701319,AE1814,20180524,,
2669,1034701320,AE1814,20180524,,
2670,1034701321,AE1814,20180524,,
2671,1034701322,AE1814,20180524,,
2672,1034701323,AE1814,20180524,,
2673,1034701324,AE1814,20180524,,
2674,1034701601,AE1814,20180525,V1V2_dada2_read_info_03052026.xlsx,V4_dada2_read_info_03052026.xlsx
2675,1034701602,AE1814,20180525,,
2676,1034701603,AE1814,20180525,V1V2_dada2_read_info_03052026.xlsx,V4_dada2_read_info_03052026.xlsx
2677,1034701604,AE1814,20180525,,
2678,1034701605,AE1814,20180525,V1V2_dada2_read_info_03052026.xlsx,V4_dada2_read_info_03052026.xlsx
2679,1034701606,AE1814,20180525,,
2680,1034701607,AE1814,20180525,V1V2_dada2_read_info_03052026.xlsx,V4_dada2_read_info_03052026.xlsx
2681,1034701608,AE1814,20180525,,
2682,1034701609,AE1814,20180525,V1V2_dada2_read_info_03052026.xlsx,V4_dada2_read_info_03052026.xlsx
2683,1034701610,AE1814,20180525,,
2684,1034701611,AE1814,20180525,V1V2_dada2_read_info_03052026.xlsx,V4_dada2_read_info_03052026.xlsx
2685,1034701612,AE1814,20180525,,
2686,1034701613,AE1814,20180525,V1V2_dada2_read_info_03052026.xlsx,V4_dada2_read_info_03052026.xlsx
2687,1034701614,AE1814,20180525,,
2688,1034701615,AE1814,20180525,V1V2_dada2_read_info_03052026.xlsx,V4_dada2_read_info_03052026.xlsx
2689,1034701616,AE1814,20180525,,
2690,1034701617,AE1814,20180525,V1V2_dada2_read_info_03052026.xlsx,V4_dada2_read_info_03052026.xlsx
2691,1034701618,AE1814,20180525,,
2692,1034701619,AE1814,20180525,V1V2_dada2_read_info_03052026.xlsx,V4_dada2_read_info_03052026.xlsx
2693,1034701620,AE1814,20180525,,
2694,1034701621,AE1814,20180525,V1V2_dada2_read_info_03052026.xlsx,V4_dada2_read_info_03052026.xlsx
2695,1034701622,AE1814,20180525,,
2696,1034701623,AE1814,20180525,V1V2_dada2_read_info_03052026.xlsx,V4_dada2_read_info_03052026.xlsx
2697,1034701624,AE1814,20180525,,
2698,1034800601,AE1817,20180612,,
2699,1034800602,AE1817,20180612,,
2700,1034800603,AE1817,20180612,,
2701,1034800604,AE1817,20180612,,
2702,1034800605,AE1817,20180612,,
2703,1034800606,AE1817,20180612,,
2704,1034800607,AE1817,20180612,,
2705,1034800608,AE1817,20180612,,
2706,1034800609,AE1817,20180612,,
2707,1034800610,AE1817,20180612,,
2708,1034800611,AE1817,20180612,,
2709,1034800612,AE1817,20180612,,
2710,1034800613,AE1817,20180612,,
2711,1034800614,AE1817,20180612,,
2712,1034800615,AE1817,20180612,,
2713,1034800801,AE1817,20180613,,
2714,1034800802,AE1817,20180613,,
2715,1034800803,AE1817,20180613,,
2716,1034800804,AE1817,20180613,,
2717,1034800805,AE1817,20180613,,
2718,1034800806,AE1817,20180613,,
2719,1034800807,AE1817,20180613,,
2720,1034800808,AE1817,20180613,,
2721,1034800809,AE1817,20180613,,
2722,1034800810,AE1817,20180613,,
2723,1034800811,AE1817,20180613,,
2724,1034800812,AE1817,20180613,,
2725,1034800813,AE1817,20180613,,
2726,1034800814,AE1817,20180613,,
2727,1034800815,AE1817,20180613,,
2728,1034800816,AE1817,20180613,,
2729,1034800817,AE1817,20180613,,
2730,1034800818,AE1817,20180613,,
2731,1034800819,AE1817,20180613,,
2732,1034800820,AE1817,20180613,,
2733,1034800821,AE1817,20180613,,
2734,1034800822,AE1817,20180613,,
2735,1034800823,AE1817,20180613,,
2736,1034800824,AE1817,20180613,,
2737,1034800901,AE1817,20180614,V1V2_dada2_read_info_03052026.xlsx,V4_dada2_read_info_03052026.xlsx
2738,1034800902,AE1817,20180614,,
2739,1034800903,AE1817,20180614,V1V2_dada2_read_info_03052026.xlsx,V4_dada2_read_info_03052026.xlsx
2740,1034800904,AE1817,20180614,,
2741,1034800905,AE1817,20180614,V1V2_dada2_read_info_03052026.xlsx,V4_dada2_read_info_03052026.xlsx
2742,1034800906,AE1817,20180614,,
2743,1034800907,AE1817,20180614,V1V2_dada2_read_info_03052026.xlsx,V4_dada2_read_info_03052026.xlsx
2744,1034800908,AE1817,20180614,,
2745,1034800909,AE1817,20180614,V1V2_dada2_read_info_03052026.xlsx,V4_dada2_read_info_03052026.xlsx
2746,1034800910,AE1817,20180614,,
2747,1034800911,AE1817,20180614,V1V2_dada2_read_info_03052026.xlsx,V4_dada2_read_info_03052026.xlsx
2748,1034800912,AE1817,20180614,,
2749,1034800913,AE1817,20180614,V1V2_dada2_read_info_03052026.xlsx,V4_dada2_read_info_03052026.xlsx
2750,1034800914,AE1817,20180614,,
2751,1034800915,AE1817,20180614,,
2752,1034800916,AE1817,20180614,V1V2_dada2_read_info_03052026.xlsx,V4_dada2_read_info_03052026.xlsx
2753,1034800917,AE1817,20180614,V1V2_dada2_read_info_03052026.xlsx,V4_dada2_read_info_03052026.xlsx
2754,1034800918,AE1817,20180614,,
2755,1034800919,AE1817,20180614,V1V2_dada2_read_info_03052026.xlsx,V4_dada2_read_info_03052026.xlsx
2756,1034800920,AE1817,20180614,,
2757,1034800921,AE1817,20180614,V1V2_dada2_read_info_03052026.xlsx,V4_dada2_read_info_03052026.xlsx
2758,1034800922,AE1817,20180614,,
2759,1034800923,AE1817,20180614,V1V2_dada2_read_info_03052026.xlsx,V4_dada2_read_info_03052026.xlsx
2760,1034800924,AE1817,20180614,,
2761,1034801201,AE1817,20180615,,
2762,1034801202,AE1817,20180615,,
2763,1034801203,AE1817,20180615,,
2764,1034801204,AE1817,20180615,,
2765,1034801205,AE1817,20180615,,
2766,1034801206,AE1817,20180615,,
2767,1034801207,AE1817,20180615,,
2768,1034801208,AE1817,20180615,,
2769,1034801209,AE1817,20180615,,
2770,1034801210,AE1817,20180615,,
2771,1034801211,AE1817,20180615,,
2772,1034801212,AE1817,20180615,,
2773,1034801213,AE1817,20180615,,
2774,1034801214,AE1817,20180615,,
2775,1034801215,AE1817,20180615,,
2776,1034801216,AE1817,20180615,,
2777,1034801301,AE1817,20180615,,
2778,1034801302,AE1817,20180615,,
2779,1034801303,AE1817,20180615,,
2780,1034801304,AE1817,20180615,,
2781,1034801305,AE1817,20180615,,
2782,1034801306,AE1817,20180615,,
2783,1034801307,AE1817,20180615,,
2784,1034801308,AE1817,20180615,,
2785,1034801309,AE1817,20180615,,
2786,1034801310,AE1817,20180615,,
2787,1034801311,AE1817,20180615,,
2788,1034801312,AE1817,20180615,,
2789,1034801313,AE1817,20180615,,
2790,1034801314,AE1817,20180615,,
2791,1034801315,AE1817,20180615,,
2792,1034801316,AE1817,20180615,,
2793,1034801317,AE1817,20180615,,
2794,1034801318,AE1817,20180615,,
2795,1034801319,AE1817,20180615,,
2796,1034801320,AE1817,20180615,,
2797,1034801321,AE1817,20180615,,
2798,1034801322,AE1817,20180615,,
2799,1034801323,AE1817,20180615,,
2800,1034801324,AE1817,20180615,,
2801,1034801401,AE1817,20180615,,
2802,1034801402,AE1817,20180615,,
2803,1034801403,AE1817,20180615,,
2804,1034801404,AE1817,20180615,,
2805,1034801405,AE1817,20180615,,
2806,1034801406,AE1817,20180615,,
2807,1034801407,AE1817,20180615,,
2808,1034801408,AE1817,20180615,,
2809,1034801409,AE1817,20180615,,
2810,1034801410,AE1817,20180615,,
2811,1034801411,AE1817,20180615,,
2812,1034801412,AE1817,20180615,,
2813,1034801413,AE1817,20180615,,
2814,1034801414,AE1817,20180615,,
2815,1034801415,AE1817,20180615,,
2816,1034801416,AE1817,20180615,,
2817,1034801417,AE1817,20180615,,
2818,1034801418,AE1817,20180615,,
2819,1034801419,AE1817,20180615,,
2820,1034801420,AE1817,20180615,,
2821,1034801421,AE1817,20180615,,
2822,1034801422,AE1817,20180615,,
2823,1034801423,AE1817,20180615,,
2824,1034801424,AE1817,20180615,,
2825,1034900401,AE1820,20180718,,
2826,1034900402,AE1820,20180718,,
2827,1034900403,AE1820,20180718,,
2828,1034900404,AE1820,20180718,,
2829,1034900405,AE1820,20180718,,
2830,1034900406,AE1820,20180718,,
2831,1034900407,AE1820,20180718,,
2832,1034900408,AE1820,20180718,,
2833,1034900409,AE1820,20180718,,
2834,1034900410,AE1820,20180718,,
2835,1034900411,AE1820,20180718,,
2836,1034900412,AE1820,20180718,,
2837,1034900413,AE1820,20180718,,
2838,1034900414,AE1820,20180718,,
2839,1034900415,AE1820,20180718,,
2840,1034900416,AE1820,20180718,,
2841,1034900417,AE1820,20180718,,
2842,1034900418,AE1820,20180718,,
2843,1034900419,AE1820,20180718,,
2844,1034900420,AE1820,20180718,,
2845,1034900421,AE1820,20180718,,
2846,1034900422,AE1820,20180718,,
2847,1034900423,AE1820,20180718,,
2848,1034900424,AE1820,20180718,,
2849,1034901401,AE1820,20180720,,
2850,1034901402,AE1820,20180720,,
2851,1034901403,AE1820,20180720,,
2852,1034901404,AE1820,20180720,,
2853,1034901405,AE1820,20180720,,
2854,1034901406,AE1820,20180720,,
2855,1034901407,AE1820,20180720,,
2856,1034901408,AE1820,20180720,,
2857,1034901409,AE1820,20180720,,
2858,1034901410,AE1820,20180720,,
2859,1034901411,AE1820,20180720,,
2860,1034901412,AE1820,20180720,,
2861,1034901413,AE1820,20180720,,
2862,1034901414,AE1820,20180720,,
2863,1034901415,AE1820,20180720,,
2864,1034901601,AE1820,20180721,,
2865,1034901602,AE1820,20180721,,
2866,1034901603,AE1820,20180721,,
2867,1034901604,AE1820,20180721,,
2868,1034901605,AE1820,20180721,,
2869,1034901606,AE1820,20180721,,
2870,1034901607,AE1820,20180721,,
2871,1034901608,AE1820,20180721,,
2872,1034901609,AE1820,20180721,,
2873,1034901610,AE1820,20180721,,
2874,1034901611,AE1820,20180721,,
2875,1034901612,AE1820,20180721,,
2876,1034901613,AE1820,20180721,,
2877,1034901614,AE1820,20180721,,
2878,1034901615,AE1820,20180721,,
2879,1034901616,AE1820,20180721,,
2880,1034901701,AE1820,20180721,,
2881,1034901702,AE1820,20180721,,
2882,1034901703,AE1820,20180721,,
2883,1034901704,AE1820,20180721,,
2884,1034901705,AE1820,20180721,,
2885,1034901706,AE1820,20180721,,
2886,1034901707,AE1820,20180721,,
2887,1034901708,AE1820,20180721,,
2888,1034901709,AE1820,20180721,,
2889,1034901710,AE1820,20180721,,
2890,1034901711,AE1820,20180721,,
2891,1034901712,AE1820,20180721,,
2892,1034901713,AE1820,20180721,,
2893,1034901714,AE1820,20180721,,
2894,1034901715,AE1820,20180721,,
2895,1034901716,AE1820,20180721,,
2896,1034901717,AE1820,20180721,,
2897,1034901718,AE1820,20180721,,
2898,1034901719,AE1820,20180721,,
2899,1034901720,AE1820,20180721,,
2900,1034901721,AE1820,20180721,,
2901,1034901722,AE1820,20180721,,
2902,1034901723,AE1820,20180721,,
2903,1034901724,AE1820,20180721,,
2904,1034901801,AE1820,20180721,,
2905,1034901802,AE1820,20180721,,
2906,1034901803,AE1820,20180721,,
2907,1034901804,AE1820,20180721,,
2908,1034901805,AE1820,20180721,,
2909,1034901806,AE1820,20180721,,
2910,1034901807,AE1820,20180721,,
2911,1034901808,AE1820,20180721,,
2912,1034901809,AE1820,20180721,,
2913,1034901810,AE1820,-999,,
2914,1034901811,AE1820,-999,,
2915,1034901812,AE1820,-999,,
2916,1034901813,AE1820,-999,,
2917,1034901814,AE1820,-999,,
2918,1034901815,AE1820,-999,,
2919,1034901816,AE1820,-999,,
2920,1034901817,AE1820,-999,,
2921,1034901818,AE1820,-999,,
2922,1034901819,AE1820,-999,,
2923,1034901820,AE1820,-999,,
2924,1034901821,AE1820,-999,,
2925,9161401408,AE1614,20160711,,
2926,9161401409,AE1614,20160711,V1V2_dada2_read_info_03052026.xlsx,
2927,9161401501,AE1614,20160711,V1V2_dada2_read_info_03052026.xlsx,
2928,9161401510,AE1614,20160711,,
2929,9161401511,AE1614,20160711,V1V2_dada2_read_info_03052026.xlsx,
2930,9161401512,AE1614,20160711,,
2931,9161401513,AE1614,20160711,V1V2_dada2_read_info_03052026.xlsx,
2932,9161401514,AE1614,20160711,,
2933,1034902006,AE1820,20180722,,
2934,1034902007,AE1820,20180722,V1V2_dada2_read_info_03052026.xlsx,V4_dada2_read_info_03052026.xlsx
2935,1034902008,AE1820,20180722,,
2936,1034902009,AE1820,20180722,V1V2_dada2_read_info_03052026.xlsx,V4_dada2_read_info_03052026.xlsx
2937,1034902010,AE1820,20180722,,
2938,1034902011,AE1820,20180722,V1V2_dada2_read_info_03052026.xlsx,V4_dada2_read_info_03052026.xlsx
2939,1034902012,AE1820,20180722,,
2940,1034902013,AE1820,20180722,V1V2_dada2_read_info_03052026.xlsx,V4_dada2_read_info_03052026.xlsx
2941,1034902014,AE1820,20180722,,
2942,1034902015,AE1820,20180722,V1V2_dada2_read_info_03052026.xlsx,V4_dada2_read_info_03052026.xlsx
2943,1034902016,AE1820,20180722,,
2944,1034902017,AE1820,20180722,V1V2_dada2_read_info_03052026.xlsx,V4_dada2_read_info_03052026.xlsx
2945,1034902018,AE1820,20180722,,
2946,1034902019,AE1820,20180722,V1V2_dada2_read_info_03052026.xlsx,V4_dada2_read_info_03052026.xlsx
2947,1034902020,AE1820,20180722,,
2948,1034902021,AE1820,20180722,V1V2_dada2_read_info_03052026.xlsx,V4_dada2_read_info_03052026.xlsx
2949,1034902022,AE1820,20180722,,
2950,1034902023,AE1820,20180722,V1V2_dada2_read_info_03052026.xlsx,V4_dada2_read_info_03052026.xlsx
2951,1034902024,AE1820,20180722,,
2952,1034902601,AE1820,20180723,,
2953,1034902602,AE1820,-999,,
2954,1034902603,AE1820,-999,,
2955,1034902604,AE1820,-999,,
2956,1034902605,AE1820,-999,,
2957,1034902606,AE1820,-999,,
2958,1034902607,AE1820,-999,,
2959,1034902608,AE1820,-999,,
2960,1034902609,AE1820,-999,,
2961,1034902610,AE1820,-999,,
2962,1034902611,AE1820,-999,,
2963,1034902612,AE1820,-999,,
2964,1034902613,AE1820,-999,,
2965,1034902614,AE1820,-999,,
2966,1034902615,AE1820,-999,,
2967,1034902616,AE1820,-999,,
2968,1034902617,AE1820,-999,,
2969,1034902618,AE1820,-999,,
2970,1034902619,AE1820,-999,,
2971,1034902620,AE1820,-999,,
2972,1034902621,AE1820,-999,,
2973,1034902622,AE1820,-999,,
2974,1034902623,AE1820,-999,,
2975,1034902624,AE1820,-999,,
2976,1035000801,AE1822,20180813,,
2977,1035000802,AE1822,20180813,,
2978,1035000803,AE1822,20180813,,
2979,1035000804,AE1822,20180813,,
2980,1035000805,AE1822,20180813,,
2981,1035000806,AE1822,20180813,,
2982,1035000807,AE1822,20180813,,
2983,1035000808,AE1822,20180813,,
2984,1035000809,AE1822,20180813,,
2985,1035000810,AE1822,20180813,,
2986,1035000811,AE1822,20180813,,
2987,1035000812,AE1822,20180813,,
2988,1035000813,AE1822,20180813,,
2989,1035000814,AE1822,20180813,,
2990,1035000815,AE1822,20180813,,
2991,1035000901,AE1822,20180813,,
2992,1035000902,AE1822,20180813,,
2993,1035000903,AE1822,20180813,,
2994,1035000904,AE1822,20180813,,
2995,1035000905,AE1822,20180813,,
2996,1035000906,AE1822,20180813,,
2997,1035000907,AE1822,20180813,,
2998,1035000908,AE1822,20180813,,
2999,1035000909,AE1822,20180813,,
3000,1035000910,AE1822,20180813,,
3001,1035000911,AE1822,20180813,,
3002,1035000912,AE1822,20180813,,
3003,1035000913,AE1822,20180813,,
3004,1035000914,AE1822,20180813,,
3005,1035000915,AE1822,20180813,,
3006,1035000916,AE1822,20180813,,
3007,1035000917,AE1822,20180813,,
3008,1035000918,AE1822,20180813,,
3009,1035000919,AE1822,20180813,,
3010,1035000920,AE1822,20180813,,
3011,1035000921,AE1822,20180813,,
3012,1035000922,AE1822,20180813,,
3013,1035000923,AE1822,20180813,,
3014,1035000924,AE1822,20180813,,
3015,1035001001,AE1822,20180814,,
3016,1035001002,AE1822,20180814,,
3017,1035001003,AE1822,20180814,,
3018,1035001004,AE1822,20180814,,
3019,1035001005,AE1822,20180814,,
3020,1035001006,AE1822,20180814,,
3021,1035001007,AE1822,20180814,,
3022,1035001008,AE1822,20180814,,
3023,1035001009,AE1822,20180814,,
3024,1035001010,AE1822,20180814,,
3025,1035001011,AE1822,20180814,,
3026,1035001012,AE1822,20180814,,
3027,1035001013,AE1822,20180814,,
3028,1035001014,AE1822,20180814,,
3029,1035001015,AE1822,20180814,,
3030,1035001016,AE1822,20180814,,
3031,1035001201,AE1822,20180814,,
3032,1035001202,AE1822,20180814,,
3033,1035001203,AE1822,20180814,,
3034,1035001204,AE1822,20180814,,
3035,1035001205,AE1822,20180814,,
3036,1035001206,AE1822,20180814,,
3037,1035001207,AE1822,20180814,,
3038,1035001208,AE1822,20180814,,
3039,1035001209,AE1822,20180814,,
3040,1035001210,AE1822,20180814,,
3041,1035001211,AE1822,20180814,,
3042,1035001212,AE1822,20180814,,
3043,1035001213,AE1822,20180814,,
3044,1035001214,AE1822,20180814,,
3045,1035001215,AE1822,20180814,,
3046,1035001216,AE1822,20180814,,
3047,1035001217,AE1822,20180814,,
3048,1035001218,AE1822,20180814,,
3049,1035001219,AE1822,20180814,,
3050,1035001220,AE1822,20180814,,
3051,1035001221,AE1822,20180814,,
3052,1035001222,AE1822,20180814,,
3053,1035001223,AE1822,20180814,,
3054,1035001224,AE1822,20180814,,
3055,1035001301,AE1822,20180814,,
3056,1035001302,AE1822,20180814,,
3057,1035001303,AE1822,20180814,,
3058,1035001304,AE1822,20180814,,
3059,1035001305,AE1822,20180814,,
3060,1035001306,AE1822,20180814,,
3061,1035001307,AE1822,20180814,,
3062,1035001308,AE1822,20180814,,
3063,1035001309,AE1822,20180814,,
3064,1035001310,AE1822,-999,,
3065,1035001311,AE1822,-999,,
3066,1035001312,AE1822,-999,,
3067,1035001313,AE1822,-999,,
3068,1035001314,AE1822,-999,,
3069,1035001315,AE1822,-999,,
3070,1035001316,AE1822,-999,,
3071,1035001317,AE1822,-999,,
3072,1035001318,AE1822,-999,,
3073,1035001319,AE1822,-999,,
3074,1035001320,AE1822,-999,,
3075,1035001321,AE1822,-999,,
3076,1035001322,AE1822,-999,,
3077,1035001323,AE1822,-999,,
3078,1035001324,AE1822,-999,,
3079,1035001601,AE1822,20180815,V1V2_dada2_read_info_03052026.xlsx,V4_dada2_read_info_03052026.xlsx
3080,1035001602,AE1822,20180815,,
3081,1035001603,AE1822,20180815,V1V2_dada2_read_info_03052026.xlsx,V4_dada2_read_info_03052026.xlsx
3082,1035001604,AE1822,20180815,,
3083,1035001605,AE1822,20180815,V1V2_dada2_read_info_03052026.xlsx,V4_dada2_read_info_03052026.xlsx
3084,1035001606,AE1822,20180815,,
3085,1035001607,AE1822,20180815,V1V2_dada2_read_info_03052026.xlsx,V4_dada2_read_info_03052026.xlsx
3086,1035001608,AE1822,20180815,,
3087,1035001609,AE1822,20180815,V1V2_dada2_read_info_03052026.xlsx,V4_dada2_read_info_03052026.xlsx
3088,1035001610,AE1822,20180815,,
3089,1035001611,AE1822,20180815,V1V2_dada2_read_info_03052026.xlsx,V4_dada2_read_info_03052026.xlsx
3090,1035001612,AE1822,20180815,,
3091,1035001613,AE1822,20180815,V1V2_dada2_read_info_03052026.xlsx,V4_dada2_read_info_03052026.xlsx
3092,1035001614,AE1822,20180815,,
3093,1035001615,AE1822,20180815,V1V2_dada2_read_info_03052026.xlsx,V4_dada2_read_info_03052026.xlsx
3094,1035001616,AE1822,20180815,,
3095,1035001617,AE1822,20180815,V1V2_dada2_read_info_03052026.xlsx,V4_dada2_read_info_03052026.xlsx
3096,1035001618,AE1822,20180815,,
3097,1035001619,AE1822,20180815,V1V2_dada2_read_info_03052026.xlsx,V4_dada2_read_info_03052026.xlsx
3098,1035001620,AE1822,20180815,,
3099,1035001621,AE1822,20180815,V1V2_dada2_read_info_03052026.xlsx,V4_dada2_read_info_03052026.xlsx
3100,1035001622,AE1822,20180815,,
3101,1035001623,AE1822,20180815,V1V2_dada2_read_info_03052026.xlsx,V4_dada2_read_info_03052026.xlsx
3102,1035001624,AE1822,20180815,,
3103,1035100801,AE1825,20180911,,
3104,1035100802,AE1825,20180911,,
3105,1035100803,AE1825,20180911,,
3106,1035100804,AE1825,20180911,,
3107,1035100805,AE1825,20180911,,
3108,1035100806,AE1825,20180911,,
3109,1035100807,AE1825,20180911,,
3110,1035100808,AE1825,20180911,,
3111,1035100809,AE1825,20180911,,
3112,1035100810,AE1825,20180911,,
3113,1035100811,AE1825,20180911,,
3114,1035100812,AE1825,20180911,,
3115,1035100813,AE1825,20180911,,
3116,1035100814,AE1825,20180911,,
3117,1035100815,AE1825,20180911,,
3118,1035100816,AE1825,20180911,,
3119,1035100817,AE1825,20180911,,
3120,1035100818,AE1825,20180911,,
3121,1035100819,AE1825,20180911,,
3122,1035100820,AE1825,20180911,,
3123,1035100821,AE1825,20180911,,
3124,1035100822,AE1825,20180911,,
3125,1035100823,AE1825,20180911,,
3126,1035100824,AE1825,20180911,,
3127,1035101001,AE1825,20180911,,
3128,1035101002,AE1825,20180911,,
3129,1035101003,AE1825,20180911,,
3130,1035101004,AE1825,20180911,,
3131,1035101005,AE1825,20180911,,
3132,1035101006,AE1825,20180911,,
3133,1035101007,AE1825,20180911,,
3134,1035101008,AE1825,20180911,,
3135,1035101009,AE1825,20180911,,
3136,1035101010,AE1825,20180911,,
3137,1035101011,AE1825,20180911,,
3138,1035101012,AE1825,20180911,,
3139,1035101013,AE1825,20180911,,
3140,1035101014,AE1825,20180911,,
3141,1035101015,AE1825,20180911,,
3142,1035101016,AE1825,20180911,,
3143,1035101017,AE1825,20180911,,
3144,1035101018,AE1825,20180911,,
3145,1035101019,AE1825,20180911,,
3146,1035101020,AE1825,20180911,,
3147,1035101021,AE1825,20180911,,
3148,1035101022,AE1825,20180911,,
3149,1035101023,AE1825,20180911,,
3150,1035101024,AE1825,20180911,,
3151,1035101101,AE1825,20180912,,
3152,1035101102,AE1825,20180912,,
3153,1035101103,AE1825,20180912,,
3154,1035101104,AE1825,20180912,,
3155,1035101105,AE1825,20180912,,
3156,1035101106,AE1825,20180912,,
3157,1035101107,AE1825,20180912,,
3158,1035101108,AE1825,20180912,,
3159,1035101109,AE1825,20180912,,
3160,1035101110,AE1825,20180912,,
3161,1035101111,AE1825,20180912,,
3162,1035101112,AE1825,20180912,,
3163,1035101113,AE1825,20180912,,
3164,1035101114,AE1825,20180912,,
3165,1035101115,AE1825,20180912,,
3166,1035101116,AE1825,20180912,,
3167,1035101201,AE1825,20180912,,
3168,1035101202,AE1825,20180912,,
3169,1035101203,AE1825,20180912,,
3170,1035101204,AE1825,20180912,,
3171,1035101205,AE1825,20180912,,
3172,1035101206,AE1825,20180912,,
3173,1035101207,AE1825,20180912,,
3174,1035101208,AE1825,20180912,,
3175,1035101209,AE1825,20180912,,
3176,1035101210,AE1825,20180912,,
3177,1035101211,AE1825,20180912,,
3178,1035101212,AE1825,20180912,,
3179,1035101213,AE1825,20180912,,
3180,1035101214,AE1825,20180912,,
3181,1035101215,AE1825,20180912,,
3182,1035101216,AE1825,20180912,,
3183,1035101217,AE1825,20180912,,
3184,1035101218,AE1825,20180912,,
3185,1035101219,AE1825,20180912,,
3186,1035101220,AE1825,20180912,,
3187,1035101221,AE1825,20180912,,
3188,1035101222,AE1825,20180912,,
3189,1035101223,AE1825,20180912,,
3190,1035101224,AE1825,20180912,,
3191,1035101301,AE1825,20180912,,
3192,1035101302,AE1825,20180912,,
3193,1035101303,AE1825,20180912,,
3194,1035101304,AE1825,20180912,,
3195,1035101305,AE1825,20180912,,
3196,1035101306,AE1825,20180912,,
3197,1035101307,AE1825,20180912,,
3198,1035101308,AE1825,20180912,,
3199,1035101309,AE1825,20180912,,
3200,1035101310,AE1825,-999,,
3201,1035101311,AE1825,-999,,
3202,1035101312,AE1825,-999,,
3203,1035101313,AE1825,-999,,
3204,1035101314,AE1825,-999,,
3205,1035101315,AE1825,-999,,
3206,1035101316,AE1825,-999,,
3207,1035101317,AE1825,-999,,
3208,1035101318,AE1825,-999,,
3209,1035101319,AE1825,-999,,
3210,1035101320,AE1825,-999,,
3211,1035101321,AE1825,-999,,
3212,1035101322,AE1825,-999,,
3213,1035101323,AE1825,-999,,
3214,1035101324,AE1825,-999,,
3215,1035101601,AE1825,20180913,V1V2_dada2_read_info_03052026.xlsx,V4_dada2_read_info_03052026.xlsx
3216,1035101602,AE1825,20180913,,
3217,1035101603,AE1825,20180913,V1V2_dada2_read_info_03052026.xlsx,V4_dada2_read_info_03052026.xlsx
3218,1035101604,AE1825,20180913,,
3219,1035101605,AE1825,20180913,V1V2_dada2_read_info_03052026.xlsx,V4_dada2_read_info_03052026.xlsx
3220,1035101606,AE1825,20180913,,
3221,1035101607,AE1825,20180913,V1V2_dada2_read_info_03052026.xlsx,V4_dada2_read_info_03052026.xlsx
3222,1035101608,AE1825,20180913,,
3223,1035101609,AE1825,20180913,V1V2_dada2_read_info_03052026.xlsx,V4_dada2_read_info_03052026.xlsx
3224,1035101610,AE1825,20180913,,
3225,1035101611,AE1825,20180913,V1V2_dada2_read_info_03052026.xlsx,V4_dada2_read_info_03052026.xlsx
3226,1035101612,AE1825,20180913,,
3227,1035101613,AE1825,20180913,V1V2_dada2_read_info_03052026.xlsx,V4_dada2_read_info_03052026.xlsx
3228,1035101614,AE1825,20180913,,
3229,1035101615,AE1825,20180913,V1V2_dada2_read_info_03052026.xlsx,V4_dada2_read_info_03052026.xlsx
3230,1035101616,AE1825,20180913,,
3231,1035101617,AE1825,20180913,V1V2_dada2_read_info_03052026.xlsx,V4_dada2_read_info_03052026.xlsx
3232,1035101618,AE1825,20180913,,
3233,1035101619,AE1825,20180913,V1V2_dada2_read_info_03052026.xlsx,V4_dada2_read_info_03052026.xlsx
3234,1035101620,AE1825,20180913,,
3235,1035101621,AE1825,20180913,V1V2_dada2_read_info_03052026.xlsx,V4_dada2_read_info_03052026.xlsx
3236,1035101622,AE1825,20180913,,
3237,1035101623,AE1825,20180913,V1V2_dada2_read_info_03052026.xlsx,V4_dada2_read_info_03052026.xlsx
3238,1035101624,AE1825,20180913,,
3239,1035200901,AE1829,20181018,,
3240,1035200902,AE1829,20181018,,
3241,1035200903,AE1829,20181018,,
3242,1035200904,AE1829,20181018,,
3243,1035200905,AE1829,20181018,,
3244,1035200906,AE1829,20181018,,
3245,1035200907,AE1829,20181018,,
3246,1035200908,AE1829,20181018,,
3247,1035200909,AE1829,20181018,,
3248,1035200910,AE1829,20181018,,
3249,1035200911,AE1829,20181018,,
3250,1035200912,AE1829,20181018,,
3251,1035200913,AE1829,20181018,,
3252,1035200914,AE1829,20181018,,
3253,1035200915,AE1829,20181018,,
3254,1035200916,AE1829,20181018,,
3255,1035200917,AE1829,20181018,,
3256,1035200918,AE1829,20181018,,
3257,1035200919,AE1829,20181018,,
3258,1035200920,AE1829,20181018,,
3259,1035200921,AE1829,20181018,,
3260,1035200922,AE1829,20181018,,
3261,1035200923,AE1829,20181018,,
3262,1035200924,AE1829,20181018,,
3263,1035201501,AE1829,20181021,,
3264,1035201502,AE1829,20181021,,
3265,1035201503,AE1829,20181021,,
3266,1035201504,AE1829,20181021,,
3267,1035201505,AE1829,20181021,,
3268,1035201506,AE1829,20181021,,
3269,1035201507,AE1829,20181021,,
3270,1035201508,AE1829,20181021,,
3271,1035201509,AE1829,20181021,,
3272,1035201510,AE1829,20181021,,
3273,1035201511,AE1829,20181021,,
3274,1035201512,AE1829,20181021,,
3275,1035201513,AE1829,20181021,,
3276,1035201514,AE1829,20181021,,
3277,1035201515,AE1829,20181021,,
3278,1035201516,AE1829,20181021,,
3279,1035201701,AE1829,20181021,,
3280,1035201702,AE1829,20181021,,
3281,1035201703,AE1829,20181021,,
3282,1035201704,AE1829,20181021,,
3283,1035201705,AE1829,20181021,,
3284,1035201706,AE1829,20181021,,
3285,1035201707,AE1829,20181021,,
3286,1035201708,AE1829,20181021,,
3287,1035201709,AE1829,20181021,,
3288,1035201710,AE1829,20181021,,
3289,1035201711,AE1829,20181021,,
3290,1035201712,AE1829,20181021,,
3291,1035201713,AE1829,20181021,,
3292,1035201714,AE1829,20181021,,
3293,1035201715,AE1829,20181021,,
3294,1035201716,AE1829,20181021,,
3295,1035201717,AE1829,20181021,,
3296,1035201718,AE1829,20181021,,
3297,1035201719,AE1829,20181021,,
3298,1035201720,AE1829,20181021,,
3299,1035201721,AE1829,20181021,,
3300,1035201722,AE1829,20181021,,
3301,1035201723,AE1829,20181021,,
3302,1035201724,AE1829,20181021,,
3303,1035201801,AE1829,20181021,,
3304,1035201802,AE1829,20181021,,
3305,1035201803,AE1829,20181021,,
3306,1035201804,AE1829,20181021,,
3307,1035201805,AE1829,20181021,,
3308,1035201806,AE1829,20181021,,
3309,1035201807,AE1829,20181021,,
3310,1035201808,AE1829,20181021,,
3311,1035201809,AE1829,20181021,,
3312,1035201810,AE1829,20181021,,
3313,1035201811,AE1829,20181021,,
3314,1035201812,AE1829,-999,,
3315,1035201813,AE1829,-999,,
3316,1035201814,AE1829,-999,,
3317,1035201815,AE1829,-999,,
3318,1035201816,AE1829,-999,,
3319,1035201817,AE1829,-999,,
3320,1035201818,AE1829,-999,,
3321,1035201819,AE1829,-999,,
3322,1035201820,AE1829,-999,,
3323,1035201821,AE1829,-999,,
3324,1035201822,AE1829,-999,,
3325,1035201823,AE1829,-999,,
3326,1035201824,AE1829,-999,,
3327,1035202101,AE1829,20181023,V1V2_dada2_read_info_03052026.xlsx,V4_dada2_read_info_03052026.xlsx
3328,1035202102,AE1829,20181023,,
3329,1035202103,AE1829,20181023,,
3330,1035202104,AE1829,20181023,V1V2_dada2_read_info_03052026.xlsx,V4_dada2_read_info_03052026.xlsx
3331,1035202105,AE1829,20181023,,
3332,1035202106,AE1829,20181023,V1V2_dada2_read_info_03052026.xlsx,V4_dada2_read_info_03052026.xlsx
3333,1035202107,AE1829,20181023,,
3334,1035202108,AE1829,20181023,V1V2_dada2_read_info_03052026.xlsx,V4_dada2_read_info_03052026.xlsx
3335,1035202109,AE1829,20181023,,
3336,1035202110,AE1829,20181023,V1V2_dada2_read_info_03052026.xlsx,V4_dada2_read_info_03052026.xlsx
3337,1035202111,AE1829,20181023,V1V2_dada2_read_info_03052026.xlsx,V4_dada2_read_info_03052026.xlsx
3338,1035202112,AE1829,20181023,,
3339,1035202113,AE1829,20181023,V1V2_dada2_read_info_03052026.xlsx,V4_dada2_read_info_03052026.xlsx
3340,1035202114,AE1829,20181023,,
3341,1035202115,AE1829,20181023,V1V2_dada2_read_info_03052026.xlsx,V4_dada2_read_info_03052026.xlsx
3342,1035202116,AE1829,20181023,,
3343,1035202117,AE1829,20181023,V1V2_dada2_read_info_03052026.xlsx,V4_dada2_read_info_03052026.xlsx
3344,1035202118,AE1829,20181023,,
3345,1035202119,AE1829,20181023,V1V2_dada2_read_info_03052026.xlsx,V4_dada2_read_info_03052026.xlsx
3346,1035202120,AE1829,20181023,,
3347,1035202121,AE1829,20181023,V1V2_dada2_read_info_03052026.xlsx,V4_dada2_read_info_03052026.xlsx
3348,1035202122,AE1829,20181023,,
3349,1035202123,AE1829,20181023,V1V2_dada2_read_info_03052026.xlsx,V4_dada2_read_info_03052026.xlsx
3350,1035202124,AE1829,20181023,,
3351,1035300901,AE1831,20181106,,
3352,1035300902,AE1831,20181106,,
3353,1035300903,AE1831,20181106,,
3354,1035300904,AE1831,20181106,,
3355,1035300905,AE1831,20181106,,
3356,1035300906,AE1831,20181106,,
3357,1035300907,AE1831,20181106,,
3358,1035300908,AE1831,20181106,,
3359,1035300909,AE1831,20181106,,
3360,1035300910,AE1831,20181106,,
3361,1035300911,AE1831,20181106,,
3362,1035300912,AE1831,20181106,,
3363,1035300913,AE1831,20181106,,
3364,1035300914,AE1831,20181106,,
3365,1035300915,AE1831,20181106,,
3366,1035300916,AE1831,20181106,,
3367,1035300917,AE1831,20181106,,
3368,1035300918,AE1831,20181106,,
3369,1035300919,AE1831,20181106,,
3370,1035300920,AE1831,20181106,,
3371,1035300921,AE1831,20181106,,
3372,1035300922,AE1831,20181106,,
3373,1035300923,AE1831,20181106,,
3374,1035300924,AE1831,20181106,,
3375,1035301101,AE1831,20181107,,
3376,1035301102,AE1831,20181107,,
3377,1035301103,AE1831,20181107,,
3378,1035301104,AE1831,20181107,,
3379,1035301105,AE1831,20181107,,
3380,1035301106,AE1831,20181107,,
3381,1035301107,AE1831,20181107,,
3382,1035301108,AE1831,20181107,,
3383,1035301109,AE1831,20181107,,
3384,1035301110,AE1831,20181107,,
3385,1035301111,AE1831,20181107,,
3386,1035301112,AE1831,20181107,,
3387,1035301113,AE1831,20181107,,
3388,1035301114,AE1831,20181107,,
3389,1035301115,AE1831,20181107,,
3390,1035301116,AE1831,20181107,,
3391,1035301117,AE1831,20181107,,
3392,1035301201,AE1831,20181107,,
3393,1035301202,AE1831,20181107,,
3394,1035301203,AE1831,20181107,,
3395,1035301204,AE1831,20181107,,
3396,1035301205,AE1831,20181107,,
3397,1035301206,AE1831,20181107,,
3398,1035301207,AE1831,20181107,,
3399,1035301208,AE1831,20181107,,
3400,1035301209,AE1831,20181107,,
3401,1035301210,AE1831,20181107,,
3402,1035301211,AE1831,20181107,,
3403,1035301212,AE1831,20181107,,
3404,1035301213,AE1831,20181107,,
3405,1035301214,AE1831,20181107,,
3406,1035301215,AE1831,20181107,,
3407,1035301216,AE1831,20181107,,
3408,1035301217,AE1831,20181107,,
3409,1035301218,AE1831,20181107,,
3410,1035301219,AE1831,20181107,,
3411,1035301220,AE1831,20181107,,
3412,1035301221,AE1831,20181107,,
3413,1035301222,AE1831,20181107,,
3414,1035301223,AE1831,20181107,,
3415,1035301224,AE1831,20181107,,
3416,1035301301,AE1831,20181107,,
3417,1035301302,AE1831,20181107,,
3418,1035301303,AE1831,20181107,,
3419,1035301304,AE1831,20181107,,
3420,1035301305,AE1831,20181107,,
3421,1035301306,AE1831,20181107,,
3422,1035301307,AE1831,20181107,,
3423,1035301308,AE1831,20181107,,
3424,1035301309,AE1831,20181107,,
3425,1035301310,AE1831,-999,,
3426,1035301311,AE1831,-999,,
3427,1035301312,AE1831,-999,,
3428,1035301313,AE1831,-999,,
3429,1035301314,AE1831,-999,,
3430,1035301315,AE1831,-999,,
3431,1035301316,AE1831,-999,,
3432,1035301317,AE1831,-999,,
3433,1035301318,AE1831,-999,,
3434,1035301319,AE1831,-999,,
3435,1035301320,AE1831,-999,,
3436,1035301321,AE1831,-999,,
3437,1035301322,AE1831,-999,,
3438,1035301323,AE1831,-999,,
3439,1035301324,AE1831,-999,,
3440,1035301701,AE1831,20181108,V1V2_dada2_read_info_03052026.xlsx,V4_dada2_read_info_03052026.xlsx
3441,1035301702,AE1831,20181108,,
3442,1035301703,AE1831,20181108,,
3443,1035301704,AE1831,20181108,V1V2_dada2_read_info_03052026.xlsx,V4_dada2_read_info_03052026.xlsx
3444,1035301705,AE1831,20181108,,
3445,1035301706,AE1831,20181108,,
3446,1035301707,AE1831,20181108,V1V2_dada2_read_info_03052026.xlsx,V4_dada2_read_info_03052026.xlsx
3447,1035301708,AE1831,20181108,,
3448,1035301709,AE1831,20181108,V1V2_dada2_read_info_03052026.xlsx,V4_dada2_read_info_03052026.xlsx
3449,1035301710,AE1831,20181108,,
3450,1035301711,AE1831,20181108,,
3451,1035301712,AE1831,20181108,,
3452,1035301713,AE1831,20181108,V1V2_dada2_read_info_03052026.xlsx,V4_dada2_read_info_03052026.xlsx
3453,1035301714,AE1831,20181108,V1V2_dada2_read_info_03052026.xlsx,V4_dada2_read_info_03052026.xlsx
3454,1035301715,AE1831,20181108,,
3455,1035301716,AE1831,20181108,,
3456,1035301717,AE1831,20181108,V1V2_dada2_read_info_03052026.xlsx,V4_dada2_read_info_03052026.xlsx
3457,1035301718,AE1831,20181108,,
3458,1035301719,AE1831,20181108,,
3459,1035301720,AE1831,20181108,,
3460,1035301721,AE1831,20181108,V1V2_dada2_read_info_03052026.xlsx,V4_dada2_read_info_03052026.xlsx
3461,1035301722,AE1831,20181108,V1V2_dada2_read_info_03052026.xlsx,V4_dada2_read_info_03052026.xlsx
3462,1035301723,AE1831,20181108,V1V2_dada2_read_info_03052026.xlsx,V4_dada2_read_info_03052026.xlsx
3463,1035301724,AE1831,20181108,,
3464,1035401101,AE1836,20181214,,
3465,1035401102,AE1836,20181214,,
3466,1035401103,AE1836,20181214,,
3467,1035401104,AE1836,20181214,,
3468,1035401105,AE1836,20181214,,
3469,1035401106,AE1836,20181214,,
3470,1035401107,AE1836,20181214,,
3471,1035401108,AE1836,20181214,,
3472,1035401109,AE1836,20181214,,
3473,1035401110,AE1836,20181214,,
3474,1035401111,AE1836,20181214,,
3475,1035401112,AE1836,20181214,,
3476,1035401113,AE1836,20181214,,
3477,1035401114,AE1836,20181214,,
3478,1035401201,AE1836,20181214,,
3479,1035401202,AE1836,20181214,,
3480,1035401203,AE1836,20181214,,
3481,1035401204,AE1836,20181214,,
3482,1035401205,AE1836,20181214,,
3483,1035401206,AE1836,20181214,,
3484,1035401207,AE1836,20181214,,
3485,1035401208,AE1836,20181214,,
3486,1035401209,AE1836,20181214,,
3487,1035401210,AE1836,20181214,,
3488,1035401211,AE1836,20181214,,
3489,1035401212,AE1836,20181214,,
3490,1035401213,AE1836,20181214,,
3491,1035401214,AE1836,20181214,,
3492,1035401215,AE1836,20181214,,
3493,1035401216,AE1836,20181214,,
3494,1035401217,AE1836,20181214,,
3495,1035401218,AE1836,20181214,,
3496,1035401219,AE1836,20181214,,
3497,1035401220,AE1836,20181214,,
3498,1035401221,AE1836,20181214,,
3499,1035401222,AE1836,20181214,,
3500,1035401223,AE1836,20181214,,
3501,1035401224,AE1836,20181214,,
3502,1035401301,AE1836,20181215,,
3503,1035401302,AE1836,20181215,,
3504,1035401303,AE1836,20181215,,
3505,1035401304,AE1836,20181215,,
3506,1035401305,AE1836,20181215,,
3507,1035401306,AE1836,20181215,,
3508,1035401307,AE1836,20181215,,
3509,1035401308,AE1836,20181215,,
3510,1035401309,AE1836,20181215,,
3511,1035401310,AE1836,20181215,,
3512,1035401311,AE1836,20181215,,
3513,1035401312,AE1836,20181215,,
3514,1035401313,AE1836,20181215,,
3515,1035401314,AE1836,20181215,,
3516,1035401315,AE1836,20181215,,
3517,1035401316,AE1836,20181215,,
3518,1035401601,AE1836,20181215,,
3519,1035401602,AE1836,20181215,,
3520,1035401603,AE1836,20181215,,
3521,1035401604,AE1836,20181215,,
3522,1035401605,AE1836,20181215,,
3523,1035401606,AE1836,20181215,,
3524,1035401607,AE1836,20181215,,
3525,1035401608,AE1836,20181215,,
3526,1035401609,AE1836,20181215,,
3527,1035401610,AE1836,20181215,,
3528,1035401611,AE1836,20181215,,
3529,1035401612,AE1836,20181215,,
3530,1035401613,AE1836,20181215,,
3531,1035401614,AE1836,20181215,,
3532,1035401615,AE1836,20181215,,
3533,1035401616,AE1836,20181215,,
3534,1035401617,AE1836,20181215,,
3535,1035401618,AE1836,20181215,,
3536,1035401619,AE1836,20181215,,
3537,1035401620,AE1836,20181215,,
3538,1035401621,AE1836,20181215,,
3539,1035401622,AE1836,20181215,,
3540,1035401623,AE1836,20181215,,
3541,1035401624,AE1836,20181215,,
3542,1035401701,AE1836,20181215,,
3543,1035401702,AE1836,20181215,,
3544,1035401703,AE1836,20181215,,
3545,1035401704,AE1836,20181215,,
3546,1035401705,AE1836,20181215,,
3547,1035401706,AE1836,20181215,,
3548,1035401707,AE1836,20181215,,
3549,1035401708,AE1836,20181215,,
3550,1035401709,AE1836,20181215,,
3551,1035401710,AE1836,-999,,
3552,1035401711,AE1836,-999,,
3553,1035401712,AE1836,-999,,
3554,1035401713,AE1836,-999,,
3555,1035401714,AE1836,-999,,
3556,1035401715,AE1836,-999,,
3557,1035401716,AE1836,-999,,
3558,1035401717,AE1836,-999,,
3559,1035401718,AE1836,-999,,
3560,1035401719,AE1836,-999,,
3561,1035401720,AE1836,-999,,
3562,1035401721,AE1836,-999,,
3563,1035401722,AE1836,-999,,
3564,1035401723,AE1836,-999,,
3565,1035401724,AE1836,-999,,
3566,1035402001,AE1836,20181216,V1V2_dada2_read_info_03052026.xlsx,V4_dada2_read_info_03052026.xlsx
3567,1035402002,AE1836,20181216,,
3568,1035402003,AE1836,20181216,V1V2_dada2_read_info_03052026.xlsx,V4_dada2_read_info_03052026.xlsx
3569,1035402004,AE1836,20181216,,
3570,1035402005,AE1836,20181216,V1V2_dada2_read_info_03052026.xlsx,V4_dada2_read_info_03052026.xlsx
3571,1035402006,AE1836,20181216,,
3572,1035402007,AE1836,20181216,V1V2_dada2_read_info_03052026.xlsx,V4_dada2_read_info_03052026.xlsx
3573,1035402008,AE1836,20181216,,
3574,1035402009,AE1836,20181216,V1V2_dada2_read_info_03052026.xlsx,V4_dada2_read_info_03052026.xlsx
3575,1035402010,AE1836,20181216,,
3576,1035402011,AE1836,20181216,V1V2_dada2_read_info_03052026.xlsx,V4_dada2_read_info_03052026.xlsx
3577,1035402012,AE1836,20181216,,
3578,1035402013,AE1836,20181216,V1V2_dada2_read_info_03052026.xlsx,V4_dada2_read_info_03052026.xlsx
3579,1035402014,AE1836,20181216,,
3580,1035402015,AE1836,20181216,V1V2_dada2_read_info_03052026.xlsx,V4_dada2_read_info_03052026.xlsx
3581,1035402016,AE1836,20181216,,
3582,1035402017,AE1836,20181216,,
3583,1035402018,AE1836,20181216,V1V2_dada2_read_info_03052026.xlsx,V4_dada2_read_info_03052026.xlsx
3584,1035402019,AE1836,20181216,V1V2_dada2_read_info_03052026.xlsx,V4_dada2_read_info_03052026.xlsx
3585,1035402020,AE1836,20181216,,
3586,1035402021,AE1836,20181216,V1V2_dada2_read_info_03052026.xlsx,V4_dada2_read_info_03052026.xlsx
3587,1035402022,AE1836,20181216,,
3588,1035402023,AE1836,20181216,V1V2_dada2_read_info_03052026.xlsx,V4_dada2_read_info_03052026.xlsx
3589,1035402024,AE1836,20181216,,
3590,1035500901,AE1902,20190111,,
3591,1035500902,AE1902,20190111,,
3592,1035500903,AE1902,20190111,,
3593,1035500904,AE1902,20190111,,
3594,1035500905,AE1902,20190111,,
3595,1035500906,AE1902,20190111,,
3596,1035500907,AE1902,20190111,,
3597,1035500908,AE1902,20190111,,
3598,1035500909,AE1902,20190111,,
3599,1035500910,AE1902,20190111,,
3600,1035500911,AE1902,20190111,,
3601,1035500912,AE1902,20190111,,
3602,1035500913,AE1902,20190111,,
3603,1035500914,AE1902,20190111,,
3604,1035500915,AE1902,20190111,,
3605,1035500916,AE1902,20190111,,
3606,1035500917,AE1902,20190111,,
3607,1035500918,AE1902,20190111,,
3608,1035500919,AE1902,20190111,,
3609,1035500920,AE1902,20190111,,
3610,1035500921,AE1902,20190111,,
3611,1035500922,AE1902,20190111,,
3612,1035500923,AE1902,20190111,,
3613,1035500924,AE1902,20190111,,
3614,1035501001,AE1902,20190112,,
3615,1035501002,AE1902,20190112,,
3616,1035501003,AE1902,20190112,,
3617,1035501004,AE1902,20190112,,
3618,1035501005,AE1902,20190112,,
3619,1035501006,AE1902,20190112,,
3620,1035501007,AE1902,20190112,,
3621,1035501008,AE1902,20190112,,
3622,1035501009,AE1902,20190112,,
3623,1035501010,AE1902,20190112,,
3624,1035501011,AE1902,20190112,,
3625,1035501012,AE1902,20190112,,
3626,1035501013,AE1902,20190112,,
3627,1035501014,AE1902,20190112,,
3628,1035501015,AE1902,20190112,,
3629,1035501016,AE1902,20190112,,
3630,1035501301,AE1902,20190112,,
3631,1035501302,AE1902,20190112,,
3632,1035501303,AE1902,20190112,,
3633,1035501304,AE1902,20190112,,
3634,1035501305,AE1902,20190112,,
3635,1035501306,AE1902,20190112,,
3636,1035501307,AE1902,20190112,,
3637,1035501308,AE1902,20190112,,
3638,1035501309,AE1902,20190112,,
3639,1035501310,AE1902,20190112,,
3640,1035501311,AE1902,20190112,,
3641,1035501312,AE1902,20190112,,
3642,1035501313,AE1902,20190112,,
3643,1035501314,AE1902,20190112,,
3644,1035501315,AE1902,20190112,,
3645,1035501316,AE1902,20190112,,
3646,1035501317,AE1902,20190112,,
3647,1035501318,AE1902,20190112,,
3648,1035501319,AE1902,20190112,,
3649,1035501320,AE1902,20190112,,
3650,1035501321,AE1902,20190112,,
3651,1035501322,AE1902,20190112,,
3652,1035501323,AE1902,20190112,,
3653,1035501324,AE1902,20190112,,
3654,1035501401,AE1902,20190112,,
3655,1035501402,AE1902,20190112,,
3656,9161400101,AE1614,20160709,,
3657,9161400110,AE1614,20160709,,
3658,9161400111,AE1614,20160709,,
3659,9161400112,AE1614,20160709,,
3660,9161400113,AE1614,20160709,,
3661,9161400114,AE1614,20160709,,
3662,9161400115,AE1614,20160709,,
3663,9161400116,AE1614,20160709,,
3664,9161400117,AE1614,20160709,,
3665,9161400118,AE1614,20160709,,
3666,9161400119,AE1614,20160709,,
3667,9161400102,AE1614,20160709,,
3668,9161400120,AE1614,20160709,,
3669,9161400121,AE1614,20160709,,
3670,9161400122,AE1614,20160709,,
3671,9161400123,AE1614,20160709,,
3672,9161400124,AE1614,20160709,,
3673,9161400103,AE1614,20160709,,
3674,9161400104,AE1614,20160709,,
3675,9161400105,AE1614,20160709,,
3676,9161400106,AE1614,20160709,,
3677,9161400107,AE1614,20160709,,
3678,9161400108,AE1614,20160709,,
3679,9161400109,AE1614,20160709,,
3680,9161401001,AE1614,20160710,,
3681,9161401010,AE1614,20160710,,
3682,9161401011,AE1614,20160710,,
3683,9161401012,AE1614,20160710,,
3684,9161401013,AE1614,20160710,,
3685,9161401014,AE1614,20160710,,
3686,9161401015,AE1614,20160710,,
3687,9161401016,AE1614,20160710,,
3688,9161401017,AE1614,20160710,,
3689,9161401018,AE1614,20160710,,
3690,9161401019,AE1614,20160710,,
3691,9161401002,AE1614,20160710,,
3692,9161401020,AE1614,20160710,,
3693,9161401021,AE1614,20160710,,
3694,9161401022,AE1614,20160710,,
3695,9161401023,AE1614,20160710,,
3696,9161401024,AE1614,20160710,,
3697,9161401003,AE1614,20160710,,
3698,9161401004,AE1614,20160710,,
3699,9161401005,AE1614,20160710,,
3700,9161401006,AE1614,20160710,,
3701,9161401007,AE1614,20160710,,
3702,9161401008,AE1614,20160710,,
3703,9161401009,AE1614,20160710,,
3704,9161401101,AE1614,20160711,V1V2_dada2_read_info_03052026.xlsx,
3705,9161401110,AE1614,20160711,,
3706,9161401111,AE1614,20160711,V1V2_dada2_read_info_03052026.xlsx,
3707,9161401112,AE1614,20160711,,
3708,9161401113,AE1614,20160711,V1V2_dada2_read_info_03052026.xlsx,
3709,9161401114,AE1614,20160711,,
3710,9161401115,AE1614,20160711,V1V2_dada2_read_info_03052026.xlsx,
3711,9161401116,AE1614,20160711,,
3712,9161401117,AE1614,20160711,,
3713,9161401118,AE1614,20160711,,
3714,9161401119,AE1614,20160711,,
3715,9161401102,AE1614,20160711,,
3716,9161401120,AE1614,20160711,,
3717,9161401121,AE1614,20160711,,
3718,9161401122,AE1614,20160711,,
3719,9161401123,AE1614,20160711,,
3720,9161401124,AE1614,20160711,,
3721,9161401103,AE1614,20160711,V1V2_dada2_read_info_03052026.xlsx,
3722,9161401104,AE1614,20160711,,
3723,9161401105,AE1614,20160711,V1V2_dada2_read_info_03052026.xlsx,
3724,9161401106,AE1614,20160711,,
3725,9161401107,AE1614,20160711,V1V2_dada2_read_info_03052026.xlsx,
3726,9161401108,AE1614,20160711,,
3727,9161401109,AE1614,20160711,V1V2_dada2_read_info_03052026.xlsx,
3728,9161401201,AE1614,20160711,V1V2_dada2_read_info_03052026.xlsx,
3729,9161401210,AE1614,20160711,,
3730,9161401211,AE1614,20160711,V1V2_dada2_read_info_03052026.xlsx,
3731,9161401212,AE1614,20160711,,
3732,9161401213,AE1614,20160711,V1V2_dada2_read_info_03052026.xlsx,
3733,9161401214,AE1614,20160711,,
3734,9161401215,AE1614,20160711,V1V2_dada2_read_info_03052026.xlsx,
3735,9161401216,AE1614,20160711,,
3736,9161401217,AE1614,20160711,,
3737,9161401218,AE1614,20160711,,
3738,9161401219,AE1614,20160711,,
3739,9161401202,AE1614,20160711,,
3740,9161401220,AE1614,20160711,,
3741,9161401221,AE1614,20160711,,
3742,9161401222,AE1614,20160711,,
3743,9161401223,AE1614,20160711,,
3744,9161401224,AE1614,20160711,,
3745,9161401203,AE1614,20160711,V1V2_dada2_read_info_03052026.xlsx,
3746,9161401204,AE1614,20160711,,
3747,9161401205,AE1614,20160711,V1V2_dada2_read_info_03052026.xlsx,
3748,9161401206,AE1614,20160711,,
3749,9161401207,AE1614,20160711,V1V2_dada2_read_info_03052026.xlsx,
3750,9161401208,AE1614,20160711,,
3751,9161401209,AE1614,20160711,V1V2_dada2_read_info_03052026.xlsx,
3752,9161401301,AE1614,20160711,,
3753,9161401310,AE1614,20160711,,
3754,9161401311,AE1614,20160711,,
3755,9161401312,AE1614,20160711,,
3756,9161401313,AE1614,20160711,,
3757,9161401314,AE1614,20160711,,
3758,9161401315,AE1614,20160711,,
3759,9161401316,AE1614,20160711,,
3760,9161401317,AE1614,20160711,,
3761,9161401318,AE1614,20160711,,
3762,9161401319,AE1614,20160711,,
3763,9161401302,AE1614,20160711,,
3764,9161401320,AE1614,20160711,,
3765,9161401321,AE1614,20160711,,
3766,9161401322,AE1614,20160711,,
3767,9161401323,AE1614,20160711,,
3768,9161401324,AE1614,20160711,,
3769,9161401303,AE1614,20160711,,
3770,9161401304,AE1614,20160711,,
3771,9161401305,AE1614,20160711,,
3772,9161401306,AE1614,20160711,,
3773,9161401307,AE1614,20160711,,
3774,9161401308,AE1614,20160711,,
3775,9161401309,AE1614,20160711,,
3776,9161401401,AE1614,20160711,V1V2_dada2_read_info_03052026.xlsx,
3777,9161401410,AE1614,20160711,,
3778,9161401411,AE1614,20160711,V1V2_dada2_read_info_03052026.xlsx,
3779,9161401412,AE1614,20160711,,
3780,9161401413,AE1614,20160711,V1V2_dada2_read_info_03052026.xlsx,
3781,9161401414,AE1614,20160711,,
3782,9161401415,AE1614,20160711,V1V2_dada2_read_info_03052026.xlsx,
3783,9161401416,AE1614,20160711,,
3784,9161401417,AE1614,20160711,,
3785,9161401418,AE1614,20160711,,
3786,9161401419,AE1614,20160711,,
3787,9161401402,AE1614,20160711,,
3788,9161401420,AE1614,20160711,,
3789,9161401421,AE1614,20160711,,
3790,9161401422,AE1614,20160711,,
3791,9161401423,AE1614,20160711,,
3792,9161401424,AE1614,20160711,,
3793,9161401403,AE1614,20160711,V1V2_dada2_read_info_03052026.xlsx,
3794,9161401404,AE1614,20160711,,
3795,9161401405,AE1614,20160711,V1V2_dada2_read_info_03052026.xlsx,
3796,9161401406,AE1614,20160711,,
3797,9161401407,AE1614,20160711,V1V2_dada2_read_info_03052026.xlsx,
3798,9161401408,AE1614,20160711,,
3799,9161401409,AE1614,20160711,V1V2_dada2_read_info_03052026.xlsx,
3800,9161401501,AE1614,20160711,V1V2_dada2_read_info_03052026.xlsx,
3801,9161401510,AE1614,20160711,,
3802,9161401511,AE1614,20160711,V1V2_dada2_read_info_03052026.xlsx,
3803,9161401512,AE1614,20160711,,
3804,9161401513,AE1614,20160711,V1V2_dada2_read_info_03052026.xlsx,
3805,9161401514,AE1614,20160711,,
3806,9161401515,AE1614,20160711,V1V2_dada2_read_info_03052026.xlsx,
3807,9161401516,AE1614,20160711,,
3808,9161401517,AE1614,20160711,,
3809,9161401518,AE1614,20160711,,
3810,9161401519,AE1614,20160711,,
3811,9161401502,AE1614,20160711,,
3812,9161401520,AE1614,20160711,,
3813,9161401521,AE1614,20160711,,
3814,9161401522,AE1614,20160711,,
3815,9161401523,AE1614,20160711,,
3816,9161401524,AE1614,20160711,,
3817,9161401503,AE1614,20160711,V1V2_dada2_read_info_03052026.xlsx,
3818,9161401504,AE1614,20160711,,
3819,9161401505,AE1614,20160711,,
3820,9161401506,AE1614,20160711,,
3821,9161401507,AE1614,20160711,V1V2_dada2_read_info_03052026.xlsx,
3822,9161401508,AE1614,20160711,,
3823,9161401509,AE1614,20160711,V1V2_dada2_read_info_03052026.xlsx,
3824,9161401601,AE1614,20160711,,
3825,9161401610,AE1614,20160711,,
3826,9161401611,AE1614,20160711,,
3827,9161401612,AE1614,20160711,,
3828,9161401613,AE1614,20160711,,
3829,9161401614,AE1614,20160711,,
3830,9161401615,AE1614,20160711,,
3831,9161401616,AE1614,20160711,,
3832,9161401617,AE1614,20160711,,
3833,9161401618,AE1614,20160711,,
3834,9161401619,AE1614,20160711,,
3835,9161401602,AE1614,20160711,,
3836,9161401620,AE1614,20160711,,
3837,9161401621,AE1614,20160711,,
3838,9161401622,AE1614,20160711,,
3839,9161401623,AE1614,20160711,,
3840,9161401624,AE1614,20160711,,
3841,9161401603,AE1614,20160711,,
3842,9161401604,AE1614,20160711,,
3843,9161401605,AE1614,20160711,,
3844,9161401606,AE1614,20160711,,
3845,9161401607,AE1614,20160711,,
3846,9161401608,AE1614,20160711,,
3847,9161401609,AE1614,20160711,,
3848,9161401701,AE1614,20160712,,
3849,9161401710,AE1614,20160712,,
3850,9161401711,AE1614,20160712,,
3851,9161401712,AE1614,20160712,,
3852,9161401713,AE1614,20160712,,
3853,9161401714,AE1614,20160712,,
3854,9161401715,AE1614,20160712,,
3855,9161401716,AE1614,20160712,,
3856,9161401717,AE1614,20160712,,
3857,9161401718,AE1614,20160712,,
3858,9161401719,AE1614,20160712,,
3859,9161401702,AE1614,20160712,,
3860,9161401720,AE1614,20160712,,
3861,9161401721,AE1614,20160712,,
3862,9161401722,AE1614,20160712,,
3863,9161401723,AE1614,20160712,,
3864,9161401724,AE1614,20160712,,
3865,9161401703,AE1614,20160712,,
3866,9161401704,AE1614,20160712,,
3867,9161401705,AE1614,20160712,,
3868,9161401706,AE1614,20160712,,
3869,9161401707,AE1614,20160712,,
3870,9161401708,AE1614,20160712,,
3871,9161401709,AE1614,20160712,,
3872,9161401801,AE1614,20160712,V1V2_dada2_read_info_03052026.xlsx,
3873,9161401810,AE1614,20160712,,
3874,9161401811,AE1614,20160712,V1V2_dada2_read_info_03052026.xlsx,
3875,9161401812,AE1614,20160712,,
3876,9161401813,AE1614,20160712,V1V2_dada2_read_info_03052026.xlsx,
3877,9161401814,AE1614,20160712,,
3878,9161401815,AE1614,20160712,V1V2_dada2_read_info_03052026.xlsx,
3879,9161401816,AE1614,20160712,,
3880,9161401817,AE1614,20160712,,
3881,9161401818,AE1614,20160712,,
3882,9161401819,AE1614,20160712,,
3883,9161401802,AE1614,20160712,,
3884,9161401820,AE1614,20160712,,
3885,9161401821,AE1614,20160712,,
3886,9161401822,AE1614,20160712,,
3887,9161401823,AE1614,20160712,,
3888,9161401824,AE1614,20160712,,
3889,9161401803,AE1614,20160712,V1V2_dada2_read_info_03052026.xlsx,
3890,9161401804,AE1614,20160712,,
3891,9161401805,AE1614,20160712,V1V2_dada2_read_info_03052026.xlsx,
3892,9161401806,AE1614,20160712,,
3893,9161401807,AE1614,20160712,V1V2_dada2_read_info_03052026.xlsx,
3894,9161401808,AE1614,20160712,,
3895,9161401809,AE1614,20160712,V1V2_dada2_read_info_03052026.xlsx,
3896,9161401901,AE1614,20160712,,
3897,9161401902,AE1614,20160712,,
3898,9161401903,AE1614,20160712,,
3899,9161401904,AE1614,20160712,,
3900,9161401905,AE1614,20160712,,
3901,9161401906,AE1614,20160712,,
3902,9161400201,AE1614,20160709,V1V2_dada2_read_info_03052026.xlsx,
3903,9161400210,AE1614,20160709,,
3904,9161400211,AE1614,20160709,V1V2_dada2_read_info_03052026.xlsx,
3905,9161400212,AE1614,20160709,,
3906,9161400213,AE1614,20160709,V1V2_dada2_read_info_03052026.xlsx,
3907,9161400214,AE1614,20160709,,
3908,9161400215,AE1614,20160709,V1V2_dada2_read_info_03052026.xlsx,
3909,9161400216,AE1614,20160709,,
3910,9161400217,AE1614,20160709,,
3911,9161400218,AE1614,20160709,,
3912,9161400219,AE1614,20160709,,
3913,9161400202,AE1614,20160709,,
3914,9161400220,AE1614,20160709,,
3915,9161400221,AE1614,20160709,,
3916,9161400222,AE1614,20160709,,
3917,9161400223,AE1614,20160709,,
3918,9161400224,AE1614,20160709,,
3919,9161400203,AE1614,20160709,V1V2_dada2_read_info_03052026.xlsx,
3920,9161400204,AE1614,20160709,,
3921,9161400205,AE1614,20160709,V1V2_dada2_read_info_03052026.xlsx,
3922,9161400206,AE1614,20160709,,
3923,9161400207,AE1614,20160709,V1V2_dada2_read_info_03052026.xlsx,
3924,9161400208,AE1614,20160709,,
3925,9161400209,AE1614,20160709,V1V2_dada2_read_info_03052026.xlsx,
3926,9161402001,AE1614,20160712,,
3927,9161402010,AE1614,20160712,,
3928,9161402011,AE1614,20160712,,
3929,9161402012,AE1614,20160712,,
3930,9161402013,AE1614,20160712,,
3931,9161402014,AE1614,20160712,,
3932,9161402015,AE1614,20160712,,
3933,9161402016,AE1614,20160712,,
3934,9161402017,AE1614,20160712,,
3935,9161402018,AE1614,20160712,,
3936,9161402019,AE1614,20160712,,
3937,9161402002,AE1614,20160712,,
3938,9161402020,AE1614,20160712,,
3939,9161402021,AE1614,20160712,,
3940,9161402022,AE1614,20160712,,
3941,9161402023,AE1614,20160712,,
3942,9161402024,AE1614,20160712,,
3943,9161402003,AE1614,20160712,,
3944,9161402004,AE1614,20160712,,
3945,9161402005,AE1614,20160712,,
3946,9161402006,AE1614,20160712,,
3947,9161402007,AE1614,20160712,,
3948,9161402008,AE1614,20160712,,
3949,9161402009,AE1614,20160712,,
3950,9161400301,AE1614,20160709,,
3951,9161400310,AE1614,20160709,,
3952,9161400311,AE1614,20160709,,
3953,9161400312,AE1614,20160709,,
3954,9161400313,AE1614,20160709,,
3955,9161400314,AE1614,20160709,,
3956,9161400315,AE1614,20160709,,
3957,9161400316,AE1614,20160709,,
3958,9161400317,AE1614,20160709,,
3959,9161400318,AE1614,20160709,,
3960,9161400319,AE1614,20160709,,
3961,9161400302,AE1614,20160709,,
3962,9161400320,AE1614,20160709,,
3963,9161400321,AE1614,20160709,,
3964,9161400322,AE1614,20160709,,
3965,9161400323,AE1614,20160709,,
3966,9161400324,AE1614,20160709,,
3967,9161400303,AE1614,20160709,,
3968,9161400304,AE1614,20160709,,
3969,9161400305,AE1614,20160709,,
3970,9161400306,AE1614,20160709,,
3971,9161400307,AE1614,20160709,,
3972,9161400308,AE1614,20160709,,
3973,9161400309,AE1614,20160709,,
3974,9161400401,AE1614,20160710,V1V2_dada2_read_info_03052026.xlsx,
3975,9161400410,AE1614,20160710,V1V2_dada2_read_info_03052026.xlsx,
3976,9161400411,AE1614,20160710,,
3977,9161400412,AE1614,20160710,,
3978,9161400413,AE1614,20160710,,
3979,9161400414,AE1614,20160710,,
3980,9161400415,AE1614,20160710,,
3981,9161400402,AE1614,20160710,V1V2_dada2_read_info_03052026.xlsx,
3982,9161400403,AE1614,20160710,,
3983,9161400404,AE1614,20160710,,
3984,9161400405,AE1614,20160710,V1V2_dada2_read_info_03052026.xlsx,
3985,9161400406,AE1614,20160710,V1V2_dada2_read_info_03052026.xlsx,
3986,9161400407,AE1614,20160710,V1V2_dada2_read_info_03052026.xlsx,
3987,9161400408,AE1614,20160710,V1V2_dada2_read_info_03052026.xlsx,
3988,9161400409,AE1614,20160710,V1V2_dada2_read_info_03052026.xlsx,
3989,9161400501,AE1614,20160710,V1V2_dada2_read_info_03052026.xlsx,
3990,9161400510,AE1614,20160710,,
3991,9161400511,AE1614,20160710,V1V2_dada2_read_info_03052026.xlsx,
3992,9161400512,AE1614,20160710,,
3993,9161400513,AE1614,20160710,V1V2_dada2_read_info_03052026.xlsx,
3994,9161400514,AE1614,20160710,,
3995,9161400515,AE1614,20160710,V1V2_dada2_read_info_03052026.xlsx,
3996,9161400516,AE1614,20160710,,
3997,9161400517,AE1614,20160710,,
3998,9161400518,AE1614,20160710,,
3999,9161400519,AE1614,20160710,,
4000,9161400502,AE1614,20160710,,
4001,9161400520,AE1614,20160710,,
4002,9161400521,AE1614,20160710,,
4003,9161400522,AE1614,20160710,,
4004,9161400523,AE1614,20160710,,
4005,9161400524,AE1614,20160710,,
4006,9161400503,AE1614,20160710,V1V2_dada2_read_info_03052026.xlsx,
4007,9161400504,AE1614,20160710,,
4008,9161400505,AE1614,20160710,V1V2_dada2_read_info_03052026.xlsx,
4009,9161400506,AE1614,20160710,,
4010,9161400507,AE1614,20160710,V1V2_dada2_read_info_03052026.xlsx,
4011,9161400508,AE1614,20160710,,
4012,9161400509,AE1614,20160710,V1V2_dada2_read_info_03052026.xlsx,
4013,9161400601,AE1614,20160710,,
4014,9161400610,AE1614,20160710,,
4015,9161400611,AE1614,20160710,,
4016,9161400612,AE1614,20160710,,
4017,9161400613,AE1614,20160710,,
4018,9161400614,AE1614,20160710,,
4019,9161400615,AE1614,20160710,,
4020,9161400616,AE1614,20160710,,
4021,9161400617,AE1614,20160710,,
4022,9161400618,AE1614,20160710,,
4023,9161400619,AE1614,20160710,,
4024,9161400602,AE1614,20160710,,
4025,9161400620,AE1614,20160710,,
4026,9161400621,AE1614,20160710,,
4027,9161400622,AE1614,20160710,,
4028,9161400623,AE1614,20160710,,
4029,9161400624,AE1614,20160710,,
4030,9161400603,AE1614,20160710,,
4031,9161400604,AE1614,20160710,,
4032,9161400605,AE1614,20160710,,
4033,9161400606,AE1614,20160710,,
4034,9161400607,AE1614,20160710,,
4035,9161400608,AE1614,20160710,,
4036,9161400609,AE1614,20160710,,
4037,9161400701,AE1614,20160710,V1V2_dada2_read_info_03052026.xlsx,
4038,9161400710,AE1614,20160710,,
4039,9161400711,AE1614,20160710,V1V2_dada2_read_info_03052026.xlsx,
4040,9161400712,AE1614,20160710,,
4041,9161400713,AE1614,20160710,V1V2_dada2_read_info_03052026.xlsx,
4042,9161400714,AE1614,20160710,,
4043,9161400715,AE1614,20160710,V1V2_dada2_read_info_03052026.xlsx,
4044,9161400716,AE1614,20160710,,
4045,9161400717,AE1614,20160710,,
4046,9161400718,AE1614,20160710,,
4047,9161400719,AE1614,20160710,,
4048,9161400702,AE1614,20160710,,
4049,9161400720,AE1614,20160710,,
4050,9161400721,AE1614,20160710,,
4051,9161400722,AE1614,20160710,,
4052,9161400723,AE1614,20160710,,
4053,9161400724,AE1614,20160710,,
4054,9161400703,AE1614,20160710,V1V2_dada2_read_info_03052026.xlsx,
4055,9161400704,AE1614,20160710,,
4056,9161400705,AE1614,20160710,V1V2_dada2_read_info_03052026.xlsx,
4057,9161400706,AE1614,20160710,,
4058,9161400707,AE1614,20160710,V1V2_dada2_read_info_03052026.xlsx,
4059,9161400708,AE1614,20160710,,
4060,9161400709,AE1614,20160710,V1V2_dada2_read_info_03052026.xlsx,
4061,9161400801,AE1614,20160710,V1V2_dada2_read_info_03052026.xlsx,
4062,9161400810,AE1614,20160710,,
4063,9161400811,AE1614,20160710,V1V2_dada2_read_info_03052026.xlsx,
4064,9161400812,AE1614,20160710,,
4065,9161400813,AE1614,20160710,V1V2_dada2_read_info_03052026.xlsx,
4066,9161400814,AE1614,20160710,,
4067,9161400815,AE1614,20160710,V1V2_dada2_read_info_03052026.xlsx,
4068,9161400816,AE1614,20160710,,
4069,9161400817,AE1614,20160710,,
4070,9161400818,AE1614,20160710,,
4071,9161400819,AE1614,20160710,,
4072,9161400802,AE1614,20160710,,
4073,9161400820,AE1614,20160710,,
4074,9161400821,AE1614,20160710,,
4075,9161400822,AE1614,20160710,,
4076,9161400823,AE1614,20160710,,
4077,9161400824,AE1614,20160710,,
4078,9161400803,AE1614,20160710,V1V2_dada2_read_info_03052026.xlsx,
4079,9161400804,AE1614,20160710,,
4080,9161400805,AE1614,20160710,V1V2_dada2_read_info_03052026.xlsx,
4081,9161400806,AE1614,20160710,,
4082,9161400807,AE1614,20160710,V1V2_dada2_read_info_03052026.xlsx,
4083,9161400808,AE1614,20160710,,
4084,9161400809,AE1614,20160710,V1V2_dada2_read_info_03052026.xlsx,
4085,9161400901,AE1614,20160710,,
4086,9161400910,AE1614,20160710,,
4087,9161400911,AE1614,20160710,,
4088,9161400912,AE1614,20160710,,
4089,9161400913,AE1614,20160710,,
4090,9161400914,AE1614,20160710,,
4091,9161400915,AE1614,20160710,,
4092,9161400916,AE1614,20160710,,
4093,9161400917,AE1614,20160710,,
4094,9161400918,AE1614,20160710,,
4095,9161400919,AE1614,20160710,,
4096,9161400902,AE1614,20160710,,
4097,9161400920,AE1614,20160710,,
4098,9161400921,AE1614,20160710,,
4099,9161400922,AE1614,20160710,,
4100,9161400923,AE1614,20160710,,
4101,9161400924,AE1614,20160710,,
4102,9161400903,AE1614,20160710,,
4103,9161400904,AE1614,20160710,,
4104,9161400905,AE1614,20160710,,
4105,9161400906,AE1614,20160710,,
4106,9161400907,AE1614,20160710,,
4107,9161400908,AE1614,20160710,,
4108,9161400909,AE1614,20160710,,
4109,1035901006,AE1909,20190513,,
4110,1035901007,AE1909,20190513,,
4111,1035901008,AE1909,20190513,,
4112,1035901009,AE1909,20190513,,
4113,1035901010,AE1909,20190513,,
4114,1035901011,AE1909,20190513,,
4115,1035901012,AE1909,20190513,,
4116,1035901013,AE1909,20190513,,
4117,1035901014,AE1909,20190513,,
4118,1035901015,AE1909,20190513,,
4119,1035901016,AE1909,20190513,,
4120,1035901017,AE1909,20190513,,
4121,1035901018,AE1909,20190513,,
4122,1035901019,AE1909,20190513,,
4123,1035901020,AE1909,20190513,,
4124,1035901021,AE1909,20190513,,
4125,1035901022,AE1909,20190513,,
4126,1035901023,AE1909,20190513,,
4127,1035901024,AE1909,20190513,,
4128,1035901201,AE1909,20190514,,
4129,1035901202,AE1909,20190514,,
4130,1035901203,AE1909,20190514,,
4131,1035901204,AE1909,20190514,,
4132,1035901205,AE1909,20190514,,
4133,1035901206,AE1909,20190514,,
4134,1035901207,AE1909,20190514,,
4135,1035901208,AE1909,20190514,,
4136,1035901209,AE1909,20190514,,
4137,1035901210,AE1909,20190514,,
4138,1035901211,AE1909,20190514,,
4139,1035901212,AE1909,20190514,,
4140,1035901213,AE1909,20190514,,
4141,1035901214,AE1909,20190514,,
4142,1035901215,AE1909,20190514,,
4143,1035901216,AE1909,20190514,,
4144,1035901501,AE1909,20190514,,
4145,1035901502,AE1909,20190514,,
4146,1035901503,AE1909,20190514,,
4147,1035901504,AE1909,20190514,,
4148,1035901505,AE1909,20190514,,
4149,1035901506,AE1909,20190514,,
4150,1035901507,AE1909,20190514,,
4151,1035901508,AE1909,20190514,,
4152,1035901509,AE1909,20190514,,
4153,1035901510,AE1909,20190514,,
4154,1035901511,AE1909,20190514,,
4155,1035901512,AE1909,20190514,,
4156,1035901513,AE1909,20190514,,
4157,1035901514,AE1909,20190514,,
4158,1035901515,AE1909,20190514,,
4159,1035901516,AE1909,20190514,,
4160,1035901517,AE1909,20190514,,
4161,1035901518,AE1909,20190514,,
4162,1035901519,AE1909,20190514,,
4163,1035901520,AE1909,20190514,,
4164,1035901521,AE1909,20190514,,
4165,1035901522,AE1909,20190514,,
4166,1035901523,AE1909,20190514,,
4167,1035901524,AE1909,20190514,,
4168,1035901601,AE1909,20190514,,
4169,1035901602,AE1909,20190514,,
4170,1035901603,AE1909,20190514,,
4171,1035901604,AE1909,20190514,,
4172,1035901605,AE1909,20190514,,
4173,1035901606,AE1909,20190514,,
4174,1035901607,AE1909,20190514,,
4175,1035901608,AE1909,20190514,,
4176,1035901609,AE1909,20190514,,
4177,1035901610,AE1909,-999,,
4178,1035901611,AE1909,-999,,
4179,1035901612,AE1909,-999,,
4180,1035901613,AE1909,-999,,
4181,1035901614,AE1909,-999,,
4182,1035901615,AE1909,-999,,
4183,1035901616,AE1909,-999,,
4184,1035901617,AE1909,-999,,
4185,1035901618,AE1909,-999,,
4186,1035901619,AE1909,-999,,
4187,1035901620,AE1909,-999,,
4188,1035901621,AE1909,-999,,
4189,1035901622,AE1909,-999,,
4190,1035901623,AE1909,-999,,
4191,1035901624,AE1909,-999,,
4192,1035902001,AE1909,20190516,V1V2_dada2_read_info_03052026.xlsx,V4_dada2_read_info_03052026.xlsx
4193,1035902002,AE1909,20190516,,
4194,1035902003,AE1909,20190516,V1V2_dada2_read_info_03052026.xlsx,V4_dada2_read_info_03052026.xlsx
4195,1035902004,AE1909,20190516,,
4196,1035902005,AE1909,20190516,V1V2_dada2_read_info_03052026.xlsx,V4_dada2_read_info_03052026.xlsx
4197,1035902006,AE1909,20190516,,
4198,1035902007,AE1909,20190516,V1V2_dada2_read_info_03052026.xlsx,V4_dada2_read_info_03052026.xlsx
4199,1035902008,AE1909,20190516,,
4200,1035902009,AE1909,20190516,V1V2_dada2_read_info_03052026.xlsx,V4_dada2_read_info_03052026.xlsx
4201,1035902010,AE1909,20190516,,
4202,1035902011,AE1909,20190516,V1V2_dada2_read_info_03052026.xlsx,V4_dada2_read_info_03052026.xlsx
4203,1035902012,AE1909,20190516,,
4204,1035902013,AE1909,20190516,V1V2_dada2_read_info_03052026.xlsx,V4_dada2_read_info_03052026.xlsx
4205,1035902014,AE1909,20190516,,
4206,1035902015,AE1909,20190516,V1V2_dada2_read_info_03052026.xlsx,V4_dada2_read_info_03052026.xlsx
4207,1035902016,AE1909,20190516,,
4208,1035902017,AE1909,20190516,V1V2_dada2_read_info_03052026.xlsx,V4_dada2_read_info_03052026.xlsx
4209,1035902018,AE1909,20190516,,
4210,1035902019,AE1909,20190516,V1V2_dada2_read_info_03052026.xlsx,V4_dada2_read_info_03052026.xlsx
4211,1035902020,AE1909,20190516,,
4212,1035902021,AE1909,20190516,V1V2_dada2_read_info_03052026.xlsx,V4_dada2_read_info_03052026.xlsx
4213,1035902022,AE1909,20190516,,
4214,1035902023,AE1909,20190516,V1V2_dada2_read_info_03052026.xlsx,V4_dada2_read_info_03052026.xlsx
4215,1035902024,AE1909,20190516,,
4216,1036001001,AE1912,20190607,,
4217,1036001002,AE1912,20190607,,
4218,1036001003,AE1912,20190607,,
4219,1036001004,AE1912,20190607,,
4220,1036001005,AE1912,20190607,,
4221,1036001006,AE1912,20190607,,
4222,1036001007,AE1912,20190607,,
4223,1036001008,AE1912,20190607,,
4224,1036001009,AE1912,20190607,,
4225,1036001010,AE1912,20190607,,
4226,1036001011,AE1912,20190607,,
4227,1036001012,AE1912,20190607,,
4228,1036001013,AE1912,20190607,,
4229,1036001014,AE1912,20190607,,
4230,1036001015,AE1912,20190607,,
4231,1036001016,AE1912,20190607,,
4232,1036001017,AE1912,20190607,,
4233,1036001018,AE1912,20190607,,
4234,1036001019,AE1912,20190607,,
4235,1036001020,AE1912,20190607,,
4236,1036001021,AE1912,20190607,,
4237,1036001022,AE1912,20190607,,
4238,1036001023,AE1912,20190607,,
4239,1036001024,AE1912,20190607,,
4240,1036001201,AE1912,20190608,,
4241,1036001202,AE1912,20190608,,
4242,1036001203,AE1912,20190608,,
4243,1036001204,AE1912,20190608,,
4244,1036001205,AE1912,20190608,,
4245,1036001206,AE1912,20190608,,
4246,1036001207,AE1912,20190608,,
4247,1036001208,AE1912,20190608,,
4248,1036001209,AE1912,20190608,,
4249,1036001210,AE1912,20190608,,
4250,1036001211,AE1912,20190608,,
4251,1036001212,AE1912,20190608,,
4252,1036001213,AE1912,20190608,,
4253,1036001214,AE1912,20190608,,
4254,1036001215,AE1912,20190608,,
4255,1036001216,AE1912,20190608,,
4256,1036001217,AE1912,20190608,,
4257,1036001218,AE1912,20190608,,
4258,1036001219,AE1912,20190608,,
4259,1036001220,AE1912,20190608,,
4260,1036001221,AE1912,20190608,,
4261,1036001222,AE1912,20190608,,
4262,1036001223,AE1912,20190608,,
4263,1036001501,AE1912,20190608,,
4264,1036001502,AE1912,20190608,,
4265,1036001503,AE1912,20190608,,
4266,1036001504,AE1912,20190608,,
4267,1036001505,AE1912,20190608,,
4268,1036001506,AE1912,20190608,,
4269,1036001507,AE1912,20190608,,
4270,1036001508,AE1912,20190608,,
4271,1036001509,AE1912,20190608,,
4272,1036001510,AE1912,20190608,,
4273,1036001511,AE1912,20190608,,
4274,1036001512,AE1912,20190608,,
4275,1036001513,AE1912,20190608,,
4276,1036001514,AE1912,20190608,,
4277,1036001515,AE1912,20190608,,
4278,1036001516,AE1912,20190608,,
4279,1036001517,AE1912,20190608,,
4280,1036001518,AE1912,20190608,,
4281,1036001519,AE1912,20190608,,
4282,1036001520,AE1912,20190608,,
4283,1036001521,AE1912,20190608,,
4284,1036001522,AE1912,20190608,,
4285,1036001523,AE1912,20190608,,
4286,1036001524,AE1912,20190608,,
4287,1036001601,AE1912,20190608,,
4288,1036001602,AE1912,20190608,,
4289,1036001603,AE1912,20190608,,
4290,1036001604,AE1912,20190608,,
4291,1036001605,AE1912,20190608,,
4292,1036001606,AE1912,20190608,,
4293,1036001607,AE1912,20190608,,
4294,1036001608,AE1912,20190608,,
4295,1036001609,AE1912,20190608,,
4296,1036001610,AE1912,20190608,,
4297,1036001611,AE1912,20190608,,
4298,1036001612,AE1912,20190608,,
4299,1036001613,AE1912,20190608,,
4300,1036001614,AE1912,20190608,,
4301,1036001615,AE1912,20190608,,
4302,1036001616,AE1912,20190608,,
4303,1036001617,AE1912,20190608,,
4304,1036001618,AE1912,20190608,,
4305,1036001619,AE1912,20190608,,
4306,1036001620,AE1912,20190608,,
4307,1036001621,AE1912,20190608,,
4308,1036001622,AE1912,20190608,,
4309,1036001623,AE1912,20190608,,
4310,1036001624,AE1912,-999,,
4311,1036001801,AE1912,20190609,,
4312,1036001802,AE1912,20190609,,
4313,1036001803,AE1912,20190609,,
4314,1036001804,AE1912,20190609,,
4315,1036001805,AE1912,20190609,,
4316,1036001806,AE1912,20190609,,
4317,1036001807,AE1912,20190609,,
4318,1036001808,AE1912,20190609,,
4319,1036001809,AE1912,20190609,,
4320,1036001810,AE1912,20190609,,
4321,1036001811,AE1912,20190609,,
4322,1036001812,AE1912,20190609,,
4323,1036001813,AE1912,20190609,,
4324,1036001814,AE1912,20190609,,
4325,1036001815,AE1912,20190609,,
4326,1036001816,AE1912,20190609,,
4327,1036001817,AE1912,20190609,,
4328,1036001818,AE1912,20190609,,
4329,1036001819,AE1912,20190609,,
4330,1036001820,AE1912,20190609,,
4331,1036001821,AE1912,20190609,,
4332,1036001822,AE1912,20190609,,
4333,1036001823,AE1912,-999,,
4334,1036001824,AE1912,-999,,
4335,1036001901,AE1912,20190609,V1V2_dada2_read_info_03052026.xlsx,V4_dada2_read_info_03052026.xlsx
4336,1036001902,AE1912,20190609,,
4337,1036001903,AE1912,20190609,V1V2_dada2_read_info_03052026.xlsx,V4_dada2_read_info_03052026.xlsx
4338,1036001904,AE1912,20190609,,
4339,1036001905,AE1912,20190609,V1V2_dada2_read_info_03052026.xlsx,V4_dada2_read_info_03052026.xlsx
4340,1036001906,AE1912,20190609,,
4341,1036001907,AE1912,20190609,V1V2_dada2_read_info_03052026.xlsx,V4_dada2_read_info_03052026.xlsx
4342,1036001908,AE1912,20190609,,
4343,1036001909,AE1912,20190609,V1V2_dada2_read_info_03052026.xlsx,V4_dada2_read_info_03052026.xlsx
4344,1036001910,AE1912,20190609,,
4345,1036001911,AE1912,20190609,V1V2_dada2_read_info_03052026.xlsx,V4_dada2_read_info_03052026.xlsx
4346,1036001912,AE1912,20190609,,
4347,1036001913,AE1912,20190609,V1V2_dada2_read_info_03052026.xlsx,V4_dada2_read_info_03052026.xlsx
4348,1036001914,AE1912,20190609,,
4349,1036001915,AE1912,20190609,V1V2_dada2_read_info_03052026.xlsx,V4_dada2_read_info_03052026.xlsx
4350,1036001916,AE1912,20190609,,
4351,1036001917,AE1912,20190609,V1V2_dada2_read_info_03052026.xlsx,V4_dada2_read_info_03052026.xlsx
4352,1036001918,AE1912,20190609,,
4353,1036001919,AE1912,20190609,V1V2_dada2_read_info_03052026.xlsx,V4_dada2_read_info_03052026.xlsx
4354,1036001920,AE1912,20190609,,
4355,1036001921,AE1912,20190609,V1V2_dada2_read_info_03052026.xlsx,V4_dada2_read_info_03052026.xlsx
4356,1036001922,AE1912,20190609,,
4357,1036001923,AE1912,20190609,V1V2_dada2_read_info_03052026.xlsx,V4_dada2_read_info_03052026.xlsx
4358,1036001924,AE1912,20190609,,
4359,1036100901,AE1917,20190715,,
4360,1036100902,AE1917,20190715,,
4361,1036100903,AE1917,20190715,,
4362,1036100904,AE1917,20190715,,
4363,1036100905,AE1917,20190715,,
4364,1036100906,AE1917,20190715,,
4365,1036100907,AE1917,20190715,,
4366,1036100908,AE1917,20190715,,
4367,1036100909,AE1917,20190715,,
4368,1036100910,AE1917,20190715,,
4369,1036100911,AE1917,20190715,,
4370,1036100912,AE1917,20190715,,
4371,1036100913,AE1917,20190715,,
4372,1036100914,AE1917,20190715,,
4373,1036100915,AE1917,20190715,,
4374,1036100916,AE1917,20190715,,
4375,1036100917,AE1917,20190715,,
4376,1036100918,AE1917,20190715,,
4377,1036100919,AE1917,20190715,,
4378,1036100920,AE1917,20190715,,
4379,1036100921,AE1917,20190715,,
4380,1036100922,AE1917,20190715,,
4381,1036100923,AE1917,20190715,,
4382,1036100924,AE1917,20190715,,
4383,1036101501,AE1917,20190717,,
4384,1036101502,AE1917,20190717,,
4385,1036101503,AE1917,20190717,,
4386,1036101504,AE1917,20190717,,
4387,1036101505,AE1917,20190717,,
4388,1036101506,AE1917,20190717,,
4389,1036101507,AE1917,20190717,,
4390,1036101508,AE1917,20190717,,
4391,1036101509,AE1917,20190717,,
4392,1036101510,AE1917,20190717,,
4393,1036101511,AE1917,20190717,,
4394,1036101512,AE1917,20190717,,
4395,1036101513,AE1917,20190717,,
4396,1036101514,AE1917,20190717,,
4397,1036101515,AE1917,20190717,,
4398,1036101516,AE1917,20190717,,
4399,1036101701,AE1917,20190717,,
4400,1036101702,AE1917,20190717,,
4401,1036101703,AE1917,20190717,,
4402,1036101704,AE1917,20190717,,
4403,1036101705,AE1917,20190717,,
4404,1036101706,AE1917,20190717,,
4405,1036101707,AE1917,20190717,,
4406,1036101708,AE1917,20190717,,
4407,1036101709,AE1917,20190717,,
4408,1036101710,AE1917,20190717,,
4409,1036101711,AE1917,20190717,,
4410,1036101712,AE1917,20190717,,
4411,1036101713,AE1917,20190717,,
4412,1036101714,AE1917,20190717,,
4413,1036101715,AE1917,20190717,,
4414,1036101716,AE1917,20190717,,
4415,1036101717,AE1917,20190717,,
4416,1036101718,AE1917,20190717,,
4417,1036101719,AE1917,20190717,,
4418,1036101720,AE1917,20190717,,
4419,1036101721,AE1917,20190717,,
4420,1036101722,AE1917,20190717,,
4421,1036101723,AE1917,20190717,,
4422,1036101724,AE1917,20190717,,
4423,1036101801,AE1917,20190717,,
4424,1036101802,AE1917,20190717,,
4425,1036101803,AE1917,20190717,,
4426,1036101804,AE1917,20190717,,
4427,1036101805,AE1917,20190717,,
4428,1036101806,AE1917,20190717,,
4429,1036101807,AE1917,20190717,,
4430,1036101808,AE1917,20190717,,
4431,1036101809,AE1917,-999,,
4432,1036101810,AE1917,-999,,
4433,1036101811,AE1917,-999,,
4434,1036101812,AE1917,-999,,
4435,1036101813,AE1917,-999,,
4436,1036101814,AE1917,-999,,
4437,1036101815,AE1917,-999,,
4438,1036101816,AE1917,-999,,
4439,1036101817,AE1917,-999,,
4440,1036101818,AE1917,-999,,
4441,1036101819,AE1917,-999,,
4442,1036101820,AE1917,-999,,
4443,1036101821,AE1917,-999,,
4444,1036101822,AE1917,-999,,
4445,1036101823,AE1917,-999,,
4446,1036101824,AE1917,-999,,
4447,1036101901,AE1917,20190718,V1V2_dada2_read_info_03052026.xlsx,V4_dada2_read_info_03052026.xlsx
4448,1036101902,AE1917,20190718,,
4449,1036101903,AE1917,20190718,,
4450,1036101904,AE1917,20190718,V1V2_dada2_read_info_03052026.xlsx,V4_dada2_read_info_03052026.xlsx
4451,1036101905,AE1917,20190718,,
4452,1036101906,AE1917,20190718,V1V2_dada2_read_info_03052026.xlsx,V4_dada2_read_info_03052026.xlsx
4453,1036101907,AE1917,20190718,,
4454,1036101908,AE1917,20190718,V1V2_dada2_read_info_03052026.xlsx,V4_dada2_read_info_03052026.xlsx
4455,1036101909,AE1917,20190718,,
4456,1036101910,AE1917,20190718,V1V2_dada2_read_info_03052026.xlsx,V4_dada2_read_info_03052026.xlsx
4457,1036101911,AE1917,20190718,V1V2_dada2_read_info_03052026.xlsx,V4_dada2_read_info_03052026.xlsx
4458,1036101912,AE1917,20190718,,
4459,1036101913,AE1917,20190718,,V4_dada2_read_info_03052026.xlsx
4460,1036101914,AE1917,20190718,,
4461,1036101915,AE1917,20190718,V1V2_dada2_read_info_03052026.xlsx,V4_dada2_read_info_03052026.xlsx
4462,1036101916,AE1917,20190718,,
4463,1036101917,AE1917,20190718,,
4464,1036101918,AE1917,20190718,V1V2_dada2_read_info_03052026.xlsx,V4_dada2_read_info_03052026.xlsx
4465,1036101919,AE1917,20190718,V1V2_dada2_read_info_03052026.xlsx,V4_dada2_read_info_03052026.xlsx
4466,1036101920,AE1917,20190718,,
4467,1036101921,AE1917,20190718,V1V2_dada2_read_info_03052026.xlsx,V4_dada2_read_info_03052026.xlsx
4468,1036101922,AE1917,20190718,,
4469,1036101923,AE1917,20190718,V1V2_dada2_read_info_03052026.xlsx,V4_dada2_read_info_03052026.xlsx
4470,1036101924,AE1917,20190718,,
4471,1036200901,AE1921,20190817,,
4472,1036200902,AE1921,20190817,,
4473,1036200903,AE1921,20190817,,
4474,1036200904,AE1921,20190817,,
4475,1036200905,AE1921,20190817,,
4476,1036200906,AE1921,20190817,,
4477,1036200907,AE1921,20190817,,
4478,1036200908,AE1921,20190817,,
4479,1036200909,AE1921,20190817,,
4480,1036200910,AE1921,20190817,,
4481,1036200911,AE1921,20190817,,
4482,1036200912,AE1921,20190817,,
4483,1036200913,AE1921,20190817,,
4484,1036200914,AE1921,20190817,,
4485,1036201001,AE1921,20190818,,
4486,1036201002,AE1921,20190818,,
4487,1036201003,AE1921,20190818,,
4488,1036201004,AE1921,20190818,,
4489,1036201005,AE1921,20190818,,
4490,1036201006,AE1921,20190818,,
4491,1036201007,AE1921,20190818,,
4492,1036201008,AE1921,20190818,,
4493,1036201009,AE1921,20190818,,
4494,1036201010,AE1921,20190818,,
4495,1036201011,AE1921,20190818,,
4496,1036201012,AE1921,20190818,,
4497,1036201013,AE1921,20190818,,
4498,1036201014,AE1921,20190818,,
4499,1036201015,AE1921,20190818,,
4500,1036201016,AE1921,20190818,,
4501,1036201017,AE1921,20190818,,
4502,1036201018,AE1921,20190818,,
4503,1036201019,AE1921,20190818,,
4504,1036201020,AE1921,20190818,,
4505,1036201021,AE1921,20190818,,
4506,1036201022,AE1921,20190818,,
4507,1036201023,AE1921,20190818,,
4508,1036201024,AE1921,20190818,,
4509,1036201201,AE1921,20190819,,
4510,1036201202,AE1921,20190819,,
4511,1036201203,AE1921,20190819,,
4512,1036201204,AE1921,20190819,,
4513,1036201205,AE1921,20190819,,
4514,1036201206,AE1921,20190819,,
4515,1036201207,AE1921,20190819,,
4516,1036201208,AE1921,20190819,,
4517,1036201209,AE1921,20190819,,
4518,1036201210,AE1921,20190819,,
4519,1036201211,AE1921,20190819,,
4520,1036201212,AE1921,20190819,,
4521,1036201213,AE1921,20190819,,
4522,1036201214,AE1921,20190819,,
4523,1036201215,AE1921,20190819,,
4524,1036201216,AE1921,20190819,,
4525,1036201501,AE1921,20190819,,
4526,1036201502,AE1921,20190819,,
4527,1036201503,AE1921,20190819,,
4528,1036201504,AE1921,20190819,,
4529,1036201505,AE1921,20190819,,
4530,1036201506,AE1921,20190819,,
4531,1036201507,AE1921,20190819,,
4532,1036201508,AE1921,20190819,,
4533,1036201509,AE1921,20190819,,
4534,1036201510,AE1921,20190819,,
4535,1036201511,AE1921,20190819,,
4536,1036201512,AE1921,20190819,,
4537,1036201513,AE1921,20190819,,
4538,1036201514,AE1921,20190819,,
4539,1036201515,AE1921,20190819,,
4540,1036201516,AE1921,20190819,,
4541,1036201517,AE1921,20190819,,
4542,1036201518,AE1921,20190819,,
4543,1036201519,AE1921,20190819,,
4544,1036201520,AE1921,20190819,,
4545,1036201521,AE1921,20190819,,
4546,1036201522,AE1921,20190819,,
4547,1036201523,AE1921,20190819,,
4548,1036201524,AE1921,20190819,,
4549,1036201701,AE1921,20190820,,
4550,1036201702,AE1921,-999,,
4551,1036201703,AE1921,-999,,
4552,1036201704,AE1921,20190820,,
4553,1036201705,AE1921,-999,,
4554,1036201706,AE1921,-999,,
4555,1036201707,AE1921,20190820,,
4556,1036201708,AE1921,-999,,
4557,1036201709,AE1921,-999,,
4558,1036201710,AE1921,-999,,
4559,1036201711,AE1921,-999,,
4560,1036201712,AE1921,-999,,
4561,1036201713,AE1921,-999,,
4562,1036201714,AE1921,-999,,
4563,1036201715,AE1921,-999,,
4564,1036201716,AE1921,-999,,
4565,1036201717,AE1921,-999,,
4566,1036201718,AE1921,-999,,
4567,1036201719,AE1921,-999,,
4568,1036201720,AE1921,-999,,
4569,1036201721,AE1921,-999,,
4570,1036201722,AE1921,-999,,
4571,1036201723,AE1921,-999,,
4572,1036201724,AE1921,-999,,
4573,1036202201,AE1921,20190821,V1V2_dada2_read_info_03052026.xlsx,V4_dada2_read_info_03052026.xlsx
4574,1036202202,AE1921,20190821,,
4575,1036202203,AE1921,20190821,V1V2_dada2_read_info_03052026.xlsx,V4_dada2_read_info_03052026.xlsx
4576,1036202204,AE1921,20190821,,
4577,1036202205,AE1921,20190821,V1V2_dada2_read_info_03052026.xlsx,V4_dada2_read_info_03052026.xlsx
4578,1033900707,AE1718,20170913,,
4579,1033900708,AE1718,20170913,,
4580,1033900709,AE1718,20170913,,
4581,1033900710,AE1718,20170913,,
4582,1033900711,AE1718,20170913,,
4583,1033900712,AE1718,20170913,,
4584,1033900713,AE1718,20170913,,
4585,1033900714,AE1718,20170913,,
4586,1033900715,AE1718,20170913,,
4587,1033900716,AE1718,20170913,,
4588,1033900717,AE1718,20170913,,
4589,1033900718,AE1718,20170913,,
4590,1033900719,AE1718,20170913,,
4591,1033900720,AE1718,20170913,,
4592,1033900721,AE1718,20170913,,
4593,1033900722,AE1718,20170913,,
4594,1033900723,AE1718,20170913,,
4595,1033900724,AE1718,20170913,,
4596,1033900801,AE1718,20170913,,
4597,1033900802,AE1718,20170913,,
4598,1033900803,AE1718,20170913,,
4599,1033900804,AE1718,20170913,,
4600,1033900805,AE1718,20170913,,
4601,1033900806,AE1718,20170913,,
4602,1033900807,AE1718,20170913,,
4603,1033900808,AE1718,20170913,,
4604,1033900809,AE1718,20170913,,
4605,1033900810,AE1718,20170913,,
4606,1033900811,AE1718,20170913,,
4607,1033900812,AE1718,20170913,,
4608,1033900813,AE1718,20170913,,
4609,1033900814,AE1718,20170913,,
4610,1033900815,AE1718,20170913,,
4611,1033900816,AE1718,20170913,,
4612,1033900817,AE1718,20170913,,
4613,1033900818,AE1718,20170913,,
4614,1033900819,AE1718,20170913,,
4615,1033900820,AE1718,20170913,,
4616,1033900821,AE1718,20170913,,
4617,1033900822,AE1718,20170913,,
4618,1033900823,AE1718,20170913,,
4619,1033900824,AE1718,20170913,,
4620,1033901101,AE1718,20170914,,
4621,1033901102,AE1718,20170914,V1V2_dada2_read_info_03052026.xlsx,V4_dada2_read_info_03052026.xlsx
4622,1033901103,AE1718,20170914,,
4623,1033901104,AE1718,20170914,V1V2_dada2_read_info_03052026.xlsx,V4_dada2_read_info_03052026.xlsx
4624,1033901105,AE1718,20170914,,
4625,1033901106,AE1718,20170914,,
4626,1033901107,AE1718,20170914,V1V2_dada2_read_info_03052026.xlsx,V4_dada2_read_info_03052026.xlsx
4627,1033901108,AE1718,20170914,,
4628,1033901109,AE1718,20170914,V1V2_dada2_read_info_03052026.xlsx,V4_dada2_read_info_03052026.xlsx
4629,1033901110,AE1718,20170914,,
4630,1033901111,AE1718,20170914,,
4631,1033901112,AE1718,20170914,V1V2_dada2_read_info_03052026.xlsx,V4_dada2_read_info_03052026.xlsx
4632,1033901113,AE1718,20170914,V1V2_dada2_read_info_03052026.xlsx,V4_dada2_read_info_03052026.xlsx
4633,1033901114,AE1718,20170914,,
4634,1033901115,AE1718,20170914,V1V2_dada2_read_info_03052026.xlsx,V4_dada2_read_info_03052026.xlsx
4635,1033901116,AE1718,20170914,,
4636,1033901117,AE1718,20170914,V1V2_dada2_read_info_03052026.xlsx,V4_dada2_read_info_03052026.xlsx
4637,1033901118,AE1718,20170914,,
4638,1033901119,AE1718,20170914,,
4639,1033901120,AE1718,20170914,V1V2_dada2_read_info_03052026.xlsx,
4640,1033901121,AE1718,20170914,V1V2_dada2_read_info_03052026.xlsx,
4641,1033901122,AE1718,20170914,V1V2_dada2_read_info_03052026.xlsx,
4642,1033901123,AE1718,20170914,V1V2_dada2_read_info_03052026.xlsx,
4643,1033901124,AE1718,20170914,,
4644,1034401309,AE1805,20180212,V1V2_dada2_read_info_03052026.xlsx,V4_dada2_read_info_03052026.xlsx
4645,1034401310,AE1805,20180212,,
4646,1034401311,AE1805,20180212,V1V2_dada2_read_info_03052026.xlsx,V4_dada2_read_info_03052026.xlsx
4647,1034401312,AE1805,20180212,,
4648,1034401313,AE1805,20180212,V1V2_dada2_read_info_03052026.xlsx,V4_dada2_read_info_03052026.xlsx
4649,1034401314,AE1805,20180212,,
4650,1034401315,AE1805,20180212,V1V2_dada2_read_info_03052026.xlsx,V4_dada2_read_info_03052026.xlsx
4651,1034401316,AE1805,20180212,,
4652,1034401317,AE1805,20180212,V1V2_dada2_read_info_03052026.xlsx,V4_dada2_read_info_03052026.xlsx
4653,1034401318,AE1805,20180212,,
4654,1034401319,AE1805,20180212,V1V2_dada2_read_info_03052026.xlsx,V4_dada2_read_info_03052026.xlsx
4655,1034401320,AE1805,20180212,,
4656,1034401321,AE1805,20180212,V1V2_dada2_read_info_03052026.xlsx,V4_dada2_read_info_03052026.xlsx
4657,1034401322,AE1805,20180212,,
4658,1034401323,AE1805,20180212,V1V2_dada2_read_info_03052026.xlsx,V4_dada2_read_info_03052026.xlsx
4659,1034401324,AE1805,20180212,,
4660,1034500201,AE1807,20180314,,
4661,1034500202,AE1807,20180314,,
4662,1034500203,AE1807,20180314,,
4663,1034500204,AE1807,20180314,,
4664,1034500205,AE1807,20180314,,
4665,1034500206,AE1807,20180314,,
4666,1034500207,AE1807,20180314,,
4667,1034500208,AE1807,20180314,,
4668,1034500209,AE1807,20180314,,
4669,1034500210,AE1807,20180314,,
4670,1034500211,AE1807,20180314,,
4671,1034500212,AE1807,20180314,,
4672,1034500213,AE1807,20180314,,
4673,1034500214,AE1807,20180314,,
4674,1034500215,AE1807,20180314,,
4675,1034500216,AE1807,20180314,,
4676,1034500217,AE1807,20180314,,
4677,1034500218,AE1807,20180314,,
4678,1034500219,AE1807,20180314,,
4679,1034500220,AE1807,20180314,,
4680,1034500221,AE1807,20180314,,
4681,1034500222,AE1807,20180314,,
4682,1034500223,AE1807,20180314,,
4683,1034500224,AE1807,20180314,,
4684,1034500401,AE1807,20180315,,
4685,1034500402,AE1807,20180315,,
4686,1034500403,AE1807,20180315,,
4687,1034500404,AE1807,20180315,,
4688,1034500405,AE1807,20180315,,
4689,1034500406,AE1807,20180315,,
4690,1034500407,AE1807,20180315,,
4691,1034500408,AE1807,20180315,,
4692,1034500409,AE1807,20180315,,
4693,1034500410,AE1807,20180315,,
4694,1034500411,AE1807,20180315,,
4695,1034500412,AE1807,20180315,,
4696,1034500413,AE1807,20180315,,
4697,1034500414,AE1807,20180315,,
4698,1034500415,AE1807,20180315,,
4699,1034500416,AE1807,20180315,,
4700,1034500501,AE1807,20180315,,
4701,1034500502,AE1807,20180315,,
4702,1034500503,AE1807,20180315,,
4703,1034500504,AE1807,20180315,,
4704,1034500505,AE1807,20180315,,
4705,1034500506,AE1807,20180315,,
4706,1034500507,AE1807,20180315,,
4707,1034500508,AE1807,20180315,,
4708,1034500509,AE1807,20180315,,
4709,1034500510,AE1807,20180315,,
4710,1034500511,AE1807,20180315,,
4711,1034500512,AE1807,20180315,,
4712,1034500513,AE1807,20180315,,
4713,1034500514,AE1807,20180315,,
4714,1034500515,AE1807,20180315,,
4715,1034500516,AE1807,20180315,,
4716,1034500517,AE1807,20180315,,
4717,1034500518,AE1807,20180315,,
4718,1034500519,AE1807,20180315,,
4719,1034500520,AE1807,20180315,,
4720,1034500521,AE1807,20180315,,
4721,1034500522,AE1807,20180315,,
4722,1034500523,AE1807,20180315,,
4723,1034500524,AE1807,20180315,,
4724,1034600101,AE1810,20180412,,
4725,1034600102,AE1810,20180412,,
4726,1034600103,AE1810,20180412,,
4727,1034600104,AE1810,20180412,,
4728,1034600105,AE1810,20180412,,
4729,1034600106,AE1810,20180412,,
4730,1034600107,AE1810,20180412,,
4731,1034600108,AE1810,20180412,,
4732,1034600109,AE1810,20180412,,
4733,1034600110,AE1810,20180412,,
4734,1034600111,AE1810,20180412,,
4735,1034600112,AE1810,20180412,,
4736,1034600113,AE1810,20180412,,
4737,1034600114,AE1810,20180412,,
4738,1034600115,AE1810,20180412,,
4739,1034600116,AE1810,20180412,,
4740,1034600117,AE1810,20180412,,
4741,1034600118,AE1810,20180412,,
4742,1034600119,AE1810,20180412,,
4743,1034600120,AE1810,20180412,,
4744,1034600121,AE1810,20180412,,
4745,1034600122,AE1810,20180412,,
4746,1034600123,AE1810,20180412,,
4747,1034600124,AE1810,20180412,,
4748,1034600301,AE1810,20180413,,
4749,1034600302,AE1810,20180413,,
4750,1034600303,AE1810,20180413,,
4751,1034600304,AE1810,20180413,,
4752,1034600305,AE1810,20180413,,
4753,1034600306,AE1810,20180413,,
4754,1034600307,AE1810,20180413,,
4755,1034600308,AE1810,20180413,,
4756,1034600309,AE1810,20180413,,
4757,1034600310,AE1810,20180413,,
4758,1034600311,AE1810,20180413,,
4759,1034600312,AE1810,20180413,,
4760,1034600313,AE1810,20180413,,
4761,1034600314,AE1810,20180413,,
4762,1034600315,AE1810,20180413,,
4763,1034600316,AE1810,20180413,,
4764,1034600317,AE1810,20180413,,
4765,1034600318,AE1810,20180413,,
4766,1034600319,AE1810,20180413,,
4767,1034600320,AE1810,20180413,,
4768,1034600321,AE1810,20180413,,
4769,1034600322,AE1810,20180413,,
4770,1034600323,AE1810,20180413,,
4771,1034600324,AE1810,20180413,,
4772,1034600501,AE1810,20180414,,
4773,1034600502,AE1810,20180414,,
4774,1034600503,AE1810,20180414,,
4775,1034600504,AE1810,20180414,,
4776,1034600505,AE1810,20180414,,
4777,1034600506,AE1810,20180414,,
4778,1034600507,AE1810,20180414,,
4779,1034600508,AE1810,20180414,,
4780,1034600509,AE1810,20180414,,
4781,1034600510,AE1810,20180414,,
4782,1034600511,AE1810,20180414,,
4783,1034600512,AE1810,20180414,,
4784,1034600513,AE1810,20180414,,
4785,1034600514,AE1810,20180414,,
4786,1034600515,AE1810,20180414,,
4787,1034600516,AE1810,20180414,,
4788,1034600601,AE1810,20180414,,
4789,1034600602,AE1810,20180414,,
4790,1034600603,AE1810,20180414,,
4791,1034600604,AE1810,20180414,,
4792,1034600605,AE1810,20180414,,
4793,1034600606,AE1810,20180414,,
4794,1034600607,AE1810,20180414,,
4795,1034600608,AE1810,20180414,,
4796,1034600609,AE1810,20180414,,
4797,1034600610,AE1810,20180414,,
4798,1034600611,AE1810,20180414,,
4799,1034600612,AE1810,20180414,,
4800,1034600613,AE1810,20180414,,
4801,1034600614,AE1810,20180414,,
4802,1034600615,AE1810,20180414,,
4803,1034600616,AE1810,20180414,,
4804,1034600617,AE1810,20180414,,
4805,1034600618,AE1810,20180414,,
4806,1034600619,AE1810,20180414,,
4807,1034600620,AE1810,20180414,,
4808,1034600621,AE1810,20180414,,
4809,1034600622,AE1810,20180414,,
4810,1034600623,AE1810,20180414,,
4811,1034600624,AE1810,20180414,,
4812,1034600701,AE1810,20180414,,
4813,1034600702,AE1810,20180414,,
4814,1034600703,AE1810,20180414,,
4815,1034600704,AE1810,20180414,,
4816,1034600705,AE1810,20180414,,
4817,1034600706,AE1810,20180414,,
4818,1034600707,AE1810,20180414,,
4819,1034600708,AE1810,20180414,,
4820,1034600709,AE1810,20180414,,
4821,1034600710,AE1810,-999,,
4822,1034600711,AE1810,-999,,
4823,1034600712,AE1810,-999,,
4824,1034600713,AE1810,-999,,
4825,1034600714,AE1810,-999,,
4826,1034600715,AE1810,-999,,
4827,1034600716,AE1810,-999,,
4828,1034600717,AE1810,-999,,
4829,1034600718,AE1810,-999,,
4830,1034600719,AE1810,-999,,
4831,1034600720,AE1810,-999,,
4832,1034600721,AE1810,-999,,
4833,1034600722,AE1810,-999,,
4834,1034600723,AE1810,-999,,
4835,1034600724,AE1810,-999,,
4836,1034601201,AE1810,20180416,V1V2_dada2_read_info_03052026.xlsx,V4_dada2_read_info_03052026.xlsx
4837,1034601202,AE1810,20180416,,
4838,1034601203,AE1810,20180416,V1V2_dada2_read_info_03052026.xlsx,V4_dada2_read_info_03052026.xlsx
4839,1034601204,AE1810,20180416,,
4840,1034601205,AE1810,20180416,V1V2_dada2_read_info_03052026.xlsx,V4_dada2_read_info_03052026.xlsx
4841,1034601206,AE1810,20180416,,
4842,1034601207,AE1810,20180416,V1V2_dada2_read_info_03052026.xlsx,V4_dada2_read_info_03052026.xlsx
4843,1034601208,AE1810,20180416,,
4844,1034601209,AE1810,20180416,V1V2_dada2_read_info_03052026.xlsx,V4_dada2_read_info_03052026.xlsx
4845,1034601210,AE1810,20180416,,
4846,1034601211,AE1810,20180416,V1V2_dada2_read_info_03052026.xlsx,V4_dada2_read_info_03052026.xlsx
4847,1034601212,AE1810,20180416,,
4848,1034601213,AE1810,20180416,V1V2_dada2_read_info_03052026.xlsx,V4_dada2_read_info_03052026.xlsx
4849,1034601214,AE1810,20180416,,
4850,1034601215,AE1810,20180416,V1V2_dada2_read_info_03052026.xlsx,V4_dada2_read_info_03052026.xlsx
4851,1034601216,AE1810,20180416,,
4852,1034601217,AE1810,20180416,V1V2_dada2_read_info_03052026.xlsx,V4_dada2_read_info_03052026.xlsx
4853,1034601218,AE1810,20180416,,
4854,1034601219,AE1810,20180416,V1V2_dada2_read_info_03052026.xlsx,V4_dada2_read_info_03052026.xlsx
4855,1034601220,AE1810,20180416,,
4856,1034601221,AE1810,20180416,V1V2_dada2_read_info_03052026.xlsx,V4_dada2_read_info_03052026.xlsx
4857,1034601222,AE1810,20180416,,
4858,1034601223,AE1810,20180416,V1V2_dada2_read_info_03052026.xlsx,V4_dada2_read_info_03052026.xlsx
4859,1034601224,AE1810,20180416,,
4860,1034700801,AE1814,20180523,,
4861,1034700802,AE1814,20180523,,
4862,1034700803,AE1814,20180523,,
4863,1034700804,AE1814,20180523,,
4864,1034700805,AE1814,20180523,,
4865,1034700806,AE1814,20180523,,
4866,1034700807,AE1814,20180523,,
4867,1034700808,AE1814,20180523,,
4868,1034700809,AE1814,20180523,,
4869,1034700810,AE1814,20180523,,
4870,1034700811,AE1814,20180523,,
4871,1034700812,AE1814,20180523,,
4872,1034700813,AE1814,20180523,,
4873,1034700814,AE1814,20180523,,
4874,1034700815,AE1814,20180523,,
4875,1034700901,AE1814,20180523,,
4876,1034700902,AE1814,20180523,,
4877,1034700903,AE1814,20180523,,
4878,1034700904,AE1814,20180523,,
4879,1034700905,AE1814,20180523,,
4880,1034700906,AE1814,20180523,,
4881,1034700907,AE1814,20180523,,
4882,1034700908,AE1814,20180523,,
4883,1034700909,AE1814,20180523,,
4884,1034700910,AE1814,20180523,,
4885,1034700911,AE1814,20180523,,
4886,1034700912,AE1814,20180523,,
4887,1034700913,AE1814,20180523,,
4888,1034700914,AE1814,20180523,,
4889,1034700915,AE1814,20180523,,
4890,1034700916,AE1814,20180523,,
4891,1034700917,AE1814,20180523,,
4892,1034700918,AE1814,20180523,,
4893,1034700919,AE1814,20180523,,
4894,1034700920,AE1814,20180523,,
4895,1034700921,AE1814,20180523,,
4896,1034700922,AE1814,20180523,,
4897,1034700923,AE1814,20180523,,
4898,1034700924,AE1814,20180523,,
4899,1034701001,AE1814,20180524,,
4900,1034701002,AE1814,20180524,,
4901,1034701003,AE1814,20180524,,
4902,1034701004,AE1814,20180524,,
4903,1034701005,AE1814,20180524,,
4904,1034701006,AE1814,20180524,,
4905,1034701007,AE1814,20180524,,
4906,1034701008,AE1814,20180524,,
4907,1034701009,AE1814,20180524,,
4908,1034701010,AE1814,20180524,,
4909,1034701011,AE1814,20180524,,
4910,1034701012,AE1814,20180524,,
4911,1034701013,AE1814,20180524,,
4912,1034701014,AE1814,20180524,,
4913,1034701015,AE1814,20180524,,
4914,1034701016,AE1814,20180524,,
4915,1034701201,AE1814,20180524,,
4916,1034701202,AE1814,20180524,,
4917,1034701203,AE1814,20180524,,
4918,1034701204,AE1814,20180524,,
4919,1034701205,AE1814,20180524,,
4920,1034701206,AE1814,20180524,,
4921,1034701207,AE1814,20180524,,
4922,1034701208,AE1814,20180524,,
4923,1034701209,AE1814,20180524,,
4924,1034701210,AE1814,20180524,,
4925,1034701211,AE1814,20180524,,
4926,1034701212,AE1814,20180524,,
4927,1034701213,AE1814,20180524,,
4928,1034701214,AE1814,20180524,,
4929,1034701215,AE1814,20180524,,
4930,1034701216,AE1814,20180524,,
4931,1034701217,AE1814,20180524,,
4932,1034701218,AE1814,20180524,,
4933,1034701219,AE1814,20180524,,
4934,1034701220,AE1814,20180524,,
4935,1034701221,AE1814,20180524,,
4936,1034701222,AE1814,20180524,,
4937,1034701223,AE1814,20180524,,
4938,1034701224,AE1814,20180524,,
4939,1034701301,AE1814,-999,,
4940,1034701302,AE1814,-999,,
4941,1034701303,AE1814,-999,,
4942,1034701304,AE1814,-999,,
4943,1034701305,AE1814,-999,,
4944,1034701306,AE1814,-999,,
4945,1034701307,AE1814,-999,,
4946,1034701308,AE1814,-999,,
4947,1034701309,AE1814,-999,,
4948,1034701310,AE1814,-999,,
4949,1034701311,AE1814,-999,,
4950,1034701312,AE1814,-999,,
4951,1034701313,AE1814,-999,,
4952,1034701314,AE1814,-999,,
4953,1034701315,AE1814,-999,,
4954,1034701316,AE1814,20180524,,
4955,1034701317,AE1814,20180524,,
4956,1034701318,AE1814,20180524,,
4957,1034701319,AE1814,20180524,,
4958,1034701320,AE1814,20180524,,
4959,1034701321,AE1814,20180524,,
4960,1034701322,AE1814,20180524,,
4961,1034701323,AE1814,20180524,,
4962,1034701324,AE1814,20180524,,
4963,1034701601,AE1814,20180525,V1V2_dada2_read_info_03052026.xlsx,V4_dada2_read_info_03052026.xlsx
4964,1034701602,AE1814,20180525,,
4965,1034701603,AE1814,20180525,V1V2_dada2_read_info_03052026.xlsx,V4_dada2_read_info_03052026.xlsx
4966,1034701604,AE1814,20180525,,
4967,1034701605,AE1814,20180525,V1V2_dada2_read_info_03052026.xlsx,V4_dada2_read_info_03052026.xlsx
4968,1034701606,AE1814,20180525,,
4969,1034701607,AE1814,20180525,V1V2_dada2_read_info_03052026.xlsx,V4_dada2_read_info_03052026.xlsx
4970,1034701608,AE1814,20180525,,
4971,1034701609,AE1814,20180525,V1V2_dada2_read_info_03052026.xlsx,V4_dada2_read_info_03052026.xlsx
4972,1034701610,AE1814,20180525,,
4973,1034701611,AE1814,20180525,V1V2_dada2_read_info_03052026.xlsx,V4_dada2_read_info_03052026.xlsx
4974,1034701612,AE1814,20180525,,
4975,1034701613,AE1814,20180525,V1V2_dada2_read_info_03052026.xlsx,V4_dada2_read_info_03052026.xlsx
4976,1034701614,AE1814,20180525,,
4977,1034701615,AE1814,20180525,V1V2_dada2_read_info_03052026.xlsx,V4_dada2_read_info_03052026.xlsx
4978,1034701616,AE1814,20180525,,
4979,1034701617,AE1814,20180525,V1V2_dada2_read_info_03052026.xlsx,V4_dada2_read_info_03052026.xlsx
4980,1034701618,AE1814,20180525,,
4981,1034701619,AE1814,20180525,V1V2_dada2_read_info_03052026.xlsx,V4_dada2_read_info_03052026.xlsx
4982,1034701620,AE1814,20180525,,
4983,1034701621,AE1814,20180525,V1V2_dada2_read_info_03052026.xlsx,V4_dada2_read_info_03052026.xlsx
4984,1034701622,AE1814,20180525,,
4985,1034701623,AE1814,20180525,V1V2_dada2_read_info_03052026.xlsx,V4_dada2_read_info_03052026.xlsx
4986,1034701624,AE1814,20180525,,
4987,1034800601,AE1817,20180612,,
4988,1034800602,AE1817,20180612,,
4989,1034800603,AE1817,20180612,,
4990,1034800604,AE1817,20180612,,
4991,1034800605,AE1817,20180612,,
4992,1034800606,AE1817,20180612,,
4993,1034800607,AE1817,20180612,,
4994,1034800608,AE1817,20180612,,
4995,1034800609,AE1817,20180612,,
4996,1034800610,AE1817,20180612,,
4997,1034800611,AE1817,20180612,,
4998,1034800612,AE1817,20180612,,
4999,1034800613,AE1817,20180612,,
5000,1034800614,AE1817,20180612,,
5001,1034800615,AE1817,20180612,,
5002,1034800801,AE1817,20180613,,
5003,1034800802,AE1817,20180613,,
5004,1034800803,AE1817,20180613,,
5005,1034800804,AE1817,20180613,,
5006,1034800805,AE1817,20180613,,
5007,1034800806,AE1817,20180613,,
5008,1034800807,AE1817,20180613,,
5009,1034800808,AE1817,20180613,,
5010,1034800809,AE1817,20180613,,
5011,1034800810,AE1817,20180613,,
5012,1034800811,AE1817,20180613,,
5013,1034800812,AE1817,20180613,,
5014,1034800813,AE1817,20180613,,
5015,1034800814,AE1817,20180613,,
5016,1034800815,AE1817,20180613,,
5017,1034800816,AE1817,20180613,,
5018,1034800817,AE1817,20180613,,
5019,1034800818,AE1817,20180613,,
5020,1034800819,AE1817,20180613,,
5021,1034800820,AE1817,20180613,,
5022,1034800821,AE1817,20180613,,
5023,1034800822,AE1817,20180613,,
5024,1034800823,AE1817,20180613,,
5025,1034800824,AE1817,20180613,,
5026,1034800901,AE1817,20180614,V1V2_dada2_read_info_03052026.xlsx,V4_dada2_read_info_03052026.xlsx
5027,1034800902,AE1817,20180614,,
5028,1034800903,AE1817,20180614,V1V2_dada2_read_info_03052026.xlsx,V4_dada2_read_info_03052026.xlsx
5029,1034800904,AE1817,20180614,,
5030,1034800905,AE1817,20180614,V1V2_dada2_read_info_03052026.xlsx,V4_dada2_read_info_03052026.xlsx
5031,1034800906,AE1817,20180614,,
5032,1034800907,AE1817,20180614,V1V2_dada2_read_info_03052026.xlsx,V4_dada2_read_info_03052026.xlsx
5033,1034800908,AE1817,20180614,,
5034,1034800909,AE1817,20180614,V1V2_dada2_read_info_03052026.xlsx,V4_dada2_read_info_03052026.xlsx
5035,1034800910,AE1817,20180614,,
5036,1034800911,AE1817,20180614,V1V2_dada2_read_info_03052026.xlsx,V4_dada2_read_info_03052026.xlsx
5037,1034800912,AE1817,20180614,,
5038,1034800913,AE1817,20180614,V1V2_dada2_read_info_03052026.xlsx,V4_dada2_read_info_03052026.xlsx
5039,1034800914,AE1817,20180614,,
5040,1034800915,AE1817,20180614,,
5041,1034800916,AE1817,20180614,V1V2_dada2_read_info_03052026.xlsx,V4_dada2_read_info_03052026.xlsx
5042,1034800917,AE1817,20180614,V1V2_dada2_read_info_03052026.xlsx,V4_dada2_read_info_03052026.xlsx
5043,1034800918,AE1817,20180614,,
5044,1034800919,AE1817,20180614,V1V2_dada2_read_info_03052026.xlsx,V4_dada2_read_info_03052026.xlsx
5045,1034800920,AE1817,20180614,,
5046,1034800921,AE1817,20180614,V1V2_dada2_read_info_03052026.xlsx,V4_dada2_read_info_03052026.xlsx
5047,1034800922,AE1817,20180614,,
5048,1034800923,AE1817,20180614,V1V2_dada2_read_info_03052026.xlsx,V4_dada2_read_info_03052026.xlsx
5049,1034800924,AE1817,20180614,,
5050,1034801201,AE1817,20180615,,
5051,1034801202,AE1817,20180615,,
5052,1034801203,AE1817,20180615,,
5053,1034801204,AE1817,20180615,,
5054,1034801205,AE1817,20180615,,
5055,1034801206,AE1817,20180615,,
5056,1034801207,AE1817,20180615,,
5057,1034801208,AE1817,20180615,,
5058,1034801209,AE1817,20180615,,
5059,1034801210,AE1817,20180615,,
5060,1034801211,AE1817,20180615,,
5061,1034801212,AE1817,20180615,,
5062,1034801213,AE1817,20180615,,
5063,1034801214,AE1817,20180615,,
5064,1034801215,AE1817,20180615,,
5065,1034801216,AE1817,20180615,,
5066,1034801301,AE1817,20180615,,
5067,1034801302,AE1817,20180615,,
5068,1034801303,AE1817,20180615,,
5069,1034801304,AE1817,20180615,,
5070,1034801305,AE1817,20180615,,
5071,1034801306,AE1817,20180615,,
5072,1034801307,AE1817,20180615,,
5073,1034801308,AE1817,20180615,,
5074,1034801309,AE1817,20180615,,
5075,1034801310,AE1817,20180615,,
5076,1034801311,AE1817,20180615,,
5077,1034801312,AE1817,20180615,,
5078,1034801313,AE1817,20180615,,
5079,1034801314,AE1817,20180615,,
5080,1034801315,AE1817,20180615,,
5081,1034801316,AE1817,20180615,,
5082,1034801317,AE1817,20180615,,
5083,1034801318,AE1817,20180615,,
5084,1034801319,AE1817,20180615,,
5085,1034801320,AE1817,20180615,,
5086,1034801321,AE1817,20180615,,
5087,1034801322,AE1817,20180615,,
5088,1034801323,AE1817,20180615,,
5089,1034801324,AE1817,20180615,,
5090,1034801401,AE1817,20180615,,
5091,1034801402,AE1817,20180615,,
5092,1034801403,AE1817,20180615,,
5093,1034801404,AE1817,20180615,,
5094,1034801405,AE1817,20180615,,
5095,1034801406,AE1817,20180615,,
5096,1034801407,AE1817,20180615,,
5097,1034801408,AE1817,20180615,,
5098,1034801409,AE1817,20180615,,
5099,1034801410,AE1817,20180615,,
5100,1034801411,AE1817,20180615,,
5101,1034801412,AE1817,20180615,,
5102,1034801413,AE1817,20180615,,
5103,1034801414,AE1817,20180615,,
5104,1034801415,AE1817,20180615,,
5105,1034801416,AE1817,20180615,,
5106,1034801417,AE1817,20180615,,
5107,1034801418,AE1817,20180615,,
5108,1034801419,AE1817,20180615,,
5109,1034801420,AE1817,20180615,,
5110,1034801421,AE1817,20180615,,
5111,1034801422,AE1817,20180615,,
5112,1034801423,AE1817,20180615,,
5113,1034801424,AE1817,20180615,,
5114,1034900401,AE1820,20180718,,
5115,1034900402,AE1820,20180718,,
5116,1034900403,AE1820,20180718,,
5117,1034900404,AE1820,20180718,,
5118,1034900405,AE1820,20180718,,
5119,1034900406,AE1820,20180718,,
5120,1034900407,AE1820,20180718,,
5121,1034900408,AE1820,20180718,,
5122,1034900409,AE1820,20180718,,
5123,1034900410,AE1820,20180718,,
5124,1034900411,AE1820,20180718,,
5125,1034900412,AE1820,20180718,,
5126,1034900413,AE1820,20180718,,
5127,1034900414,AE1820,20180718,,
5128,1034900415,AE1820,20180718,,
5129,1034900416,AE1820,20180718,,
5130,1034900417,AE1820,20180718,,
5131,1034900418,AE1820,20180718,,
5132,1034900419,AE1820,20180718,,
5133,1034900420,AE1820,20180718,,
5134,1034900421,AE1820,20180718,,
5135,1034900422,AE1820,20180718,,
5136,1034900423,AE1820,20180718,,
5137,1034900424,AE1820,20180718,,
5138,1034901401,AE1820,20180720,,
5139,1034901402,AE1820,20180720,,
5140,1034901403,AE1820,20180720,,
5141,1034901404,AE1820,20180720,,
5142,1034901405,AE1820,20180720,,
5143,1034901406,AE1820,20180720,,
5144,1034901407,AE1820,20180720,,
5145,1034901408,AE1820,20180720,,
5146,1034901409,AE1820,20180720,,
5147,1034901410,AE1820,20180720,,
5148,1034901411,AE1820,20180720,,
5149,1034901412,AE1820,20180720,,
5150,1034901413,AE1820,20180720,,
5151,1034901414,AE1820,20180720,,
5152,1034901415,AE1820,20180720,,
5153,1034901601,AE1820,20180721,,
5154,1034901602,AE1820,20180721,,
5155,1034901603,AE1820,20180721,,
5156,1034901604,AE1820,20180721,,
5157,1034901605,AE1820,20180721,,
5158,1034901606,AE1820,20180721,,
5159,1034901607,AE1820,20180721,,
5160,1034901608,AE1820,20180721,,
5161,1034901609,AE1820,20180721,,
5162,1034901610,AE1820,20180721,,
5163,1034901611,AE1820,20180721,,
5164,1034901612,AE1820,20180721,,
5165,1034901613,AE1820,20180721,,
5166,1034901614,AE1820,20180721,,
5167,1034901615,AE1820,20180721,,
5168,1034901616,AE1820,20180721,,
5169,1034901701,AE1820,20180721,,
5170,1034901702,AE1820,20180721,,
5171,1034901703,AE1820,20180721,,
5172,1034901704,AE1820,20180721,,
5173,1034901705,AE1820,20180721,,
5174,1034901706,AE1820,20180721,,
5175,1034901707,AE1820,20180721,,
5176,1034901708,AE1820,20180721,,
5177,1034901709,AE1820,20180721,,
5178,1034901710,AE1820,20180721,,
5179,1034901711,AE1820,20180721,,
5180,1034901712,AE1820,20180721,,
5181,1034901713,AE1820,20180721,,
5182,1034901714,AE1820,20180721,,
5183,1034901715,AE1820,20180721,,
5184,1034901716,AE1820,20180721,,
5185,1034901717,AE1820,20180721,,
5186,1034901718,AE1820,20180721,,
5187,1034901719,AE1820,20180721,,
5188,1034901720,AE1820,20180721,,
5189,1034901721,AE1820,20180721,,
5190,1034901722,AE1820,20180721,,
5191,1034901723,AE1820,20180721,,
5192,1034901724,AE1820,20180721,,
5193,1034901801,AE1820,20180721,,
5194,1034901802,AE1820,20180721,,
5195,1034901803,AE1820,20180721,,
5196,1034901804,AE1820,20180721,,
5197,1034901805,AE1820,20180721,,
5198,1034901806,AE1820,20180721,,
5199,1034901807,AE1820,20180721,,
5200,1034901808,AE1820,20180721,,
5201,1034901809,AE1820,20180721,,
5202,1034901810,AE1820,-999,,
5203,1034901811,AE1820,-999,,
5204,1034901812,AE1820,-999,,
5205,1034901813,AE1820,-999,,
5206,1034901814,AE1820,-999,,
5207,1034901815,AE1820,-999,,
5208,1034901816,AE1820,-999,,
5209,1034901817,AE1820,-999,,
5210,1034901818,AE1820,-999,,
5211,1034901819,AE1820,-999,,
5212,1034901820,AE1820,-999,,
5213,1034901821,AE1820,-999,,
5214,9161401408,AE1614,20160711,,
5215,9161401409,AE1614,20160711,V1V2_dada2_read_info_03052026.xlsx,
5216,9161401501,AE1614,20160711,V1V2_dada2_read_info_03052026.xlsx,
5217,9161401510,AE1614,20160711,,
5218,9161401511,AE1614,20160711,V1V2_dada2_read_info_03052026.xlsx,
5219,9161401512,AE1614,20160711,,
5220,9161401513,AE1614,20160711,V1V2_dada2_read_info_03052026.xlsx,
5221,9161401514,AE1614,20160711,,
5222,1034902006,AE1820,20180722,,
5223,1034902007,AE1820,20180722,V1V2_dada2_read_info_03052026.xlsx,V4_dada2_read_info_03052026.xlsx
5224,1034902008,AE1820,20180722,,
5225,1034902009,AE1820,20180722,V1V2_dada2_read_info_03052026.xlsx,V4_dada2_read_info_03052026.xlsx
5226,1034902010,AE1820,20180722,,
5227,1034902011,AE1820,20180722,V1V2_dada2_read_info_03052026.xlsx,V4_dada2_read_info_03052026.xlsx
5228,1034902012,AE1820,20180722,,
5229,1034902013,AE1820,20180722,V1V2_dada2_read_info_03052026.xlsx,V4_dada2_read_info_03052026.xlsx
5230,1034902014,AE1820,20180722,,
5231,1034902015,AE1820,20180722,V1V2_dada2_read_info_03052026.xlsx,V4_dada2_read_info_03052026.xlsx
5232,1034902016,AE1820,20180722,,
5233,1034902017,AE1820,20180722,V1V2_dada2_read_info_03052026.xlsx,V4_dada2_read_info_03052026.xlsx
5234,1034902018,AE1820,20180722,,
5235,1034902019,AE1820,20180722,V1V2_dada2_read_info_03052026.xlsx,V4_dada2_read_info_03052026.xlsx
5236,1034902020,AE1820,20180722,,
5237,1034902021,AE1820,20180722,V1V2_dada2_read_info_03052026.xlsx,V4_dada2_read_info_03052026.xlsx
5238,1034902022,AE1820,20180722,,
5239,1034902023,AE1820,20180722,V1V2_dada2_read_info_03052026.xlsx,V4_dada2_read_info_03052026.xlsx
5240,1034902024,AE1820,20180722,,
5241,1034902601,AE1820,20180723,,
5242,1034902602,AE1820,-999,,
5243,1034902603,AE1820,-999,,
5244,1034902604,AE1820,-999,,
5245,1034902605,AE1820,-999,,
5246,1034902606,AE1820,-999,,
5247,1034902607,AE1820,-999,,
5248,1034902608,AE1820,-999,,
5249,1034902609,AE1820,-999,,
5250,1034902610,AE1820,-999,,
5251,1034902611,AE1820,-999,,
5252,1034902612,AE1820,-999,,
5253,1034902613,AE1820,-999,,
5254,1034902614,AE1820,-999,,
5255,1034902615,AE1820,-999,,
5256,1034902616,AE1820,-999,,
5257,1034902617,AE1820,-999,,
5258,1034902618,AE1820,-999,,
5259,1034902619,AE1820,-999,,
5260,1034902620,AE1820,-999,,
5261,1034902621,AE1820,-999,,
5262,1034902622,AE1820,-999,,
5263,1034902623,AE1820,-999,,
5264,1034902624,AE1820,-999,,
5265,1035000801,AE1822,20180813,,
5266,1035000802,AE1822,20180813,,
5267,1035000803,AE1822,20180813,,
5268,1035000804,AE1822,20180813,,
5269,1035000805,AE1822,20180813,,
5270,1035000806,AE1822,20180813,,
5271,1035000807,AE1822,20180813,,
5272,1035000808,AE1822,20180813,,
5273,1035000809,AE1822,20180813,,
5274,1035000810,AE1822,20180813,,
5275,1035000811,AE1822,20180813,,
5276,1035000812,AE1822,20180813,,
5277,1035000813,AE1822,20180813,,
5278,1035000814,AE1822,20180813,,
5279,1035000815,AE1822,20180813,,
5280,1035000901,AE1822,20180813,,
5281,1035000902,AE1822,20180813,,
5282,1035000903,AE1822,20180813,,
5283,1035000904,AE1822,20180813,,
5284,1035000905,AE1822,20180813,,
5285,1035000906,AE1822,20180813,,
5286,1035000907,AE1822,20180813,,
5287,1035000908,AE1822,20180813,,
5288,1035000909,AE1822,20180813,,
5289,1035000910,AE1822,20180813,,
5290,1035000911,AE1822,20180813,,
5291,1035000912,AE1822,20180813,,
5292,1035000913,AE1822,20180813,,
5293,1035000914,AE1822,20180813,,
5294,1035000915,AE1822,20180813,,
5295,1035000916,AE1822,20180813,,
5296,1035000917,AE1822,20180813,,
5297,1035000918,AE1822,20180813,,
5298,1035000919,AE1822,20180813,,
5299,1035000920,AE1822,20180813,,
5300,1035000921,AE1822,20180813,,
5301,1035000922,AE1822,20180813,,
5302,1035000923,AE1822,20180813,,
5303,1035000924,AE1822,20180813,,
5304,1035001001,AE1822,20180814,,
5305,1035001002,AE1822,20180814,,
5306,1035001003,AE1822,20180814,,
5307,1035001004,AE1822,20180814,,
5308,1035001005,AE1822,20180814,,
5309,1035001006,AE1822,20180814,,
5310,1035001007,AE1822,20180814,,
5311,1035001008,AE1822,20180814,,
5312,1035001009,AE1822,20180814,,
5313,1035001010,AE1822,20180814,,
5314,1035001011,AE1822,20180814,,
5315,1035001012,AE1822,20180814,,
5316,1035001013,AE1822,20180814,,
5317,1035001014,AE1822,20180814,,
5318,1035001015,AE1822,20180814,,
5319,1035001016,AE1822,20180814,,
5320,1035001201,AE1822,20180814,,
5321,1035001202,AE1822,20180814,,
5322,1035001203,AE1822,20180814,,
5323,1035001204,AE1822,20180814,,
5324,1035001205,AE1822,20180814,,
5325,1035001206,AE1822,20180814,,
5326,1035001207,AE1822,20180814,,
5327,1035001208,AE1822,20180814,,
5328,1035001209,AE1822,20180814,,
5329,1035001210,AE1822,20180814,,
5330,1035001211,AE1822,20180814,,
5331,1035001212,AE1822,20180814,,
5332,1035001213,AE1822,20180814,,
5333,1035001214,AE1822,20180814,,
5334,1035001215,AE1822,20180814,,
5335,1035001216,AE1822,20180814,,
5336,1035001217,AE1822,20180814,,
5337,1035001218,AE1822,20180814,,
5338,1035001219,AE1822,20180814,,
5339,1035001220,AE1822,20180814,,
5340,1035001221,AE1822,20180814,,
5341,1035001222,AE1822,20180814,,
5342,1035001223,AE1822,20180814,,
5343,1035001224,AE1822,20180814,,
5344,1035001301,AE1822,20180814,,
5345,1035001302,AE1822,20180814,,
5346,1035001303,AE1822,20180814,,
5347,1035001304,AE1822,20180814,,
5348,1035001305,AE1822,20180814,,
5349,1035001306,AE1822,20180814,,
5350,1035001307,AE1822,20180814,,
5351,1035001308,AE1822,20180814,,
5352,1035001309,AE1822,20180814,,
5353,1035001310,AE1822,-999,,
5354,1035001311,AE1822,-999,,
5355,1035001312,AE1822,-999,,
5356,1035001313,AE1822,-999,,
5357,1035001314,AE1822,-999,,
5358,1035001315,AE1822,-999,,
5359,1035001316,AE1822,-999,,
5360,1035001317,AE1822,-999,,
5361,1035001318,AE1822,-999,,
5362,1035001319,AE1822,-999,,
5363,1035001320,AE1822,-999,,
5364,1035001321,AE1822,-999,,
5365,1035001322,AE1822,-999,,
5366,1035001323,AE1822,-999,,
5367,1035001324,AE1822,-999,,
5368,1035001601,AE1822,20180815,V1V2_dada2_read_info_03052026.xlsx,V4_dada2_read_info_03052026.xlsx
5369,1035001602,AE1822,20180815,,
5370,1035001603,AE1822,20180815,V1V2_dada2_read_info_03052026.xlsx,V4_dada2_read_info_03052026.xlsx
5371,1035001604,AE1822,20180815,,
5372,1035001605,AE1822,20180815,V1V2_dada2_read_info_03052026.xlsx,V4_dada2_read_info_03052026.xlsx
5373,1035001606,AE1822,20180815,,
5374,1035001607,AE1822,20180815,V1V2_dada2_read_info_03052026.xlsx,V4_dada2_read_info_03052026.xlsx
5375,1035001608,AE1822,20180815,,
5376,1035001609,AE1822,20180815,V1V2_dada2_read_info_03052026.xlsx,V4_dada2_read_info_03052026.xlsx
5377,1035001610,AE1822,20180815,,
5378,1035001611,AE1822,20180815,V1V2_dada2_read_info_03052026.xlsx,V4_dada2_read_info_03052026.xlsx
5379,1035001612,AE1822,20180815,,
5380,1035001613,AE1822,20180815,V1V2_dada2_read_info_03052026.xlsx,V4_dada2_read_info_03052026.xlsx
5381,1035001614,AE1822,20180815,,
5382,1035001615,AE1822,20180815,V1V2_dada2_read_info_03052026.xlsx,V4_dada2_read_info_03052026.xlsx
5383,1035001616,AE1822,20180815,,
5384,1035001617,AE1822,20180815,V1V2_dada2_read_info_03052026.xlsx,V4_dada2_read_info_03052026.xlsx
5385,1035001618,AE1822,20180815,,
5386,1035001619,AE1822,20180815,V1V2_dada2_read_info_03052026.xlsx,V4_dada2_read_info_03052026.xlsx
5387,1035001620,AE1822,20180815,,
5388,1035001621,AE1822,20180815,V1V2_dada2_read_info_03052026.xlsx,V4_dada2_read_info_03052026.xlsx
5389,1035001622,AE1822,20180815,,
5390,1035001623,AE1822,20180815,V1V2_dada2_read_info_03052026.xlsx,V4_dada2_read_info_03052026.xlsx
5391,1035001624,AE1822,20180815,,
5392,1035100801,AE1825,20180911,,
5393,1035100802,AE1825,20180911,,
5394,1035100803,AE1825,20180911,,
5395,1035100804,AE1825,20180911,,
5396,1035100805,AE1825,20180911,,
5397,1035100806,AE1825,20180911,,
5398,1035100807,AE1825,20180911,,
5399,1035100808,AE1825,20180911,,
5400,1035100809,AE1825,20180911,,
5401,1035100810,AE1825,20180911,,
5402,1035100811,AE1825,20180911,,
5403,1035100812,AE1825,20180911,,
5404,1035100813,AE1825,20180911,,
5405,1035100814,AE1825,20180911,,
5406,1035100815,AE1825,20180911,,
5407,1035100816,AE1825,20180911,,
5408,1035100817,AE1825,20180911,,
5409,1035100818,AE1825,20180911,,
5410,1035100819,AE1825,20180911,,
5411,1035100820,AE1825,20180911,,
5412,1035100821,AE1825,20180911,,
5413,1035100822,AE1825,20180911,,
5414,1035100823,AE1825,20180911,,
5415,1035100824,AE1825,20180911,,
5416,1035101001,AE1825,20180911,,
5417,1035101002,AE1825,20180911,,
5418,1035101003,AE1825,20180911,,
5419,1035101004,AE1825,20180911,,
5420,1035101005,AE1825,20180911,,
5421,1035101006,AE1825,20180911,,
5422,1035101007,AE1825,20180911,,
5423,1035101008,AE1825,20180911,,
5424,1035101009,AE1825,20180911,,
5425,1035101010,AE1825,20180911,,
5426,1035101011,AE1825,20180911,,
5427,1035101012,AE1825,20180911,,
5428,1035101013,AE1825,20180911,,
5429,1035101014,AE1825,20180911,,
5430,1035101015,AE1825,20180911,,
5431,1035101016,AE1825,20180911,,
5432,1035101017,AE1825,20180911,,
5433,1035101018,AE1825,20180911,,
5434,1035101019,AE1825,20180911,,
5435,1035101020,AE1825,20180911,,
5436,1035101021,AE1825,20180911,,
5437,1035101022,AE1825,20180911,,
5438,1035101023,AE1825,20180911,,
5439,1035101024,AE1825,20180911,,
5440,1035101101,AE1825,20180912,,
5441,1035101102,AE1825,20180912,,
5442,1035101103,AE1825,20180912,,
5443,1035101104,AE1825,20180912,,
5444,1035101105,AE1825,20180912,,
5445,1035101106,AE1825,20180912,,
5446,1035101107,AE1825,20180912,,
5447,1035101108,AE1825,20180912,,
5448,1035101109,AE1825,20180912,,
5449,1035101110,AE1825,20180912,,
5450,1035101111,AE1825,20180912,,
5451,1035101112,AE1825,20180912,,
5452,1035101113,AE1825,20180912,,
5453,1035101114,AE1825,20180912,,
5454,1035101115,AE1825,20180912,,
5455,1035101116,AE1825,20180912,,
5456,1035101201,AE1825,20180912,,
5457,1035101202,AE1825,20180912,,
5458,1035101203,AE1825,20180912,,
5459,1035101204,AE1825,20180912,,
5460,1035101205,AE1825,20180912,,
5461,1035101206,AE1825,20180912,,
5462,1035101207,AE1825,20180912,,
5463,1035101208,AE1825,20180912,,
5464,1035101209,AE1825,20180912,,
5465,1035101210,AE1825,20180912,,
5466,1035101211,AE1825,20180912,,
5467,1035101212,AE1825,20180912,,
5468,1035101213,AE1825,20180912,,
5469,1035101214,AE1825,20180912,,
5470,1035101215,AE1825,20180912,,
5471,1035101216,AE1825,20180912,,
5472,1035101217,AE1825,20180912,,
5473,1035101218,AE1825,20180912,,
5474,1035101219,AE1825,20180912,,
5475,1035101220,AE1825,20180912,,
5476,1035101221,AE1825,20180912,,
5477,1035101222,AE1825,20180912,,
5478,1035101223,AE1825,20180912,,
5479,1035101224,AE1825,20180912,,
5480,1035101301,AE1825,20180912,,
5481,1035101302,AE1825,20180912,,
5482,1035101303,AE1825,20180912,,
5483,1035101304,AE1825,20180912,,
5484,1035101305,AE1825,20180912,,
5485,1035101306,AE1825,20180912,,
5486,1035101307,AE1825,20180912,,
5487,1035101308,AE1825,20180912,,
5488,1035101309,AE1825,20180912,,
5489,1035101310,AE1825,-999,,
5490,1035101311,AE1825,-999,,
5491,1035101312,AE1825,-999,,
5492,1035101313,AE1825,-999,,
5493,1035101314,AE1825,-999,,
5494,1035101315,AE1825,-999,,
5495,1035101316,AE1825,-999,,
5496,1035101317,AE1825,-999,,
5497,1035101318,AE1825,-999,,
5498,1035101319,AE1825,-999,,
5499,1035101320,AE1825,-999,,
5500,1035101321,AE1825,-999,,
5501,1035101322,AE1825,-999,,
5502,1035101323,AE1825,-999,,
5503,1035101324,AE1825,-999,,
5504,1035101601,AE1825,20180913,V1V2_dada2_read_info_03052026.xlsx,V4_dada2_read_info_03052026.xlsx
5505,1035101602,AE1825,20180913,,
5506,1035101603,AE1825,20180913,V1V2_dada2_read_info_03052026.xlsx,V4_dada2_read_info_03052026.xlsx
5507,1035101604,AE1825,20180913,,
5508,1035101605,AE1825,20180913,V1V2_dada2_read_info_03052026.xlsx,V4_dada2_read_info_03052026.xlsx
5509,1035101606,AE1825,20180913,,
5510,1035101607,AE1825,20180913,V1V2_dada2_read_info_03052026.xlsx,V4_dada2_read_info_03052026.xlsx
5511,1035101608,AE1825,20180913,,
5512,1035101609,AE1825,20180913,V1V2_dada2_read_info_03052026.xlsx,V4_dada2_read_info_03052026.xlsx
5513,1035101610,AE1825,20180913,,
5514,1035101611,AE1825,20180913,V1V2_dada2_read_info_03052026.xlsx,V4_dada2_read_info_03052026.xlsx
5515,1035101612,AE1825,20180913,,
5516,1035101613,AE1825,20180913,V1V2_dada2_read_info_03052026.xlsx,V4_dada2_read_info_03052026.xlsx
5517,1035101614,AE1825,20180913,,
5518,1035101615,AE1825,20180913,V1V2_dada2_read_info_03052026.xlsx,V4_dada2_read_info_03052026.xlsx
5519,1035101616,AE1825,20180913,,
5520,1035101617,AE1825,20180913,V1V2_dada2_read_info_03052026.xlsx,V4_dada2_read_info_03052026.xlsx
5521,1035101618,AE1825,20180913,,
5522,1035101619,AE1825,20180913,V1V2_dada2_read_info_03052026.xlsx,V4_dada2_read_info_03052026.xlsx
5523,1035101620,AE1825,20180913,,
5524,1035101621,AE1825,20180913,V1V2_dada2_read_info_03052026.xlsx,V4_dada2_read_info_03052026.xlsx
5525,1035101622,AE1825,20180913,,
5526,1035101623,AE1825,20180913,V1V2_dada2_read_info_03052026.xlsx,V4_dada2_read_info_03052026.xlsx
5527,1035101624,AE1825,20180913,,
5528,1035200901,AE1829,20181018,,
5529,1035200902,AE1829,20181018,,
5530,1035200903,AE1829,20181018,,
5531,1035200904,AE1829,20181018,,
5532,1035200905,AE1829,20181018,,
5533,1035200906,AE1829,20181018,,
5534,1035200907,AE1829,20181018,,
5535,1035200908,AE1829,20181018,,
5536,1035200909,AE1829,20181018,,
5537,1035200910,AE1829,20181018,,
5538,1035200911,AE1829,20181018,,
5539,1035200912,AE1829,20181018,,
5540,1035200913,AE1829,20181018,,
5541,1035200914,AE1829,20181018,,
5542,1035200915,AE1829,20181018,,
5543,1035200916,AE1829,20181018,,
5544,1035200917,AE1829,20181018,,
5545,1035200918,AE1829,20181018,,
5546,1035200919,AE1829,20181018,,
5547,1035200920,AE1829,20181018,,
5548,1035200921,AE1829,20181018,,
5549,1035200922,AE1829,20181018,,
5550,1035200923,AE1829,20181018,,
5551,1035200924,AE1829,20181018,,
5552,1035201501,AE1829,20181021,,
5553,1035201502,AE1829,20181021,,
5554,1035201503,AE1829,20181021,,
5555,1035201504,AE1829,20181021,,
5556,1035201505,AE1829,20181021,,
5557,1035201506,AE1829,20181021,,
5558,1035201507,AE1829,20181021,,
5559,1035201508,AE1829,20181021,,
5560,1035201509,AE1829,20181021,,
5561,1035201510,AE1829,20181021,,
5562,1035201511,AE1829,20181021,,
5563,1035201512,AE1829,20181021,,
5564,1035201513,AE1829,20181021,,
5565,1035201514,AE1829,20181021,,
5566,1035201515,AE1829,20181021,,
5567,1035201516,AE1829,20181021,,
5568,1035201701,AE1829,20181021,,
5569,1035201702,AE1829,20181021,,
5570,1035201703,AE1829,20181021,,
5571,1035201704,AE1829,20181021,,
5572,1035201705,AE1829,20181021,,
5573,1035201706,AE1829,20181021,,
5574,1035201707,AE1829,20181021,,
5575,1035201708,AE1829,20181021,,
5576,1035201709,AE1829,20181021,,
5577,1035201710,AE1829,20181021,,
5578,1035201711,AE1829,20181021,,
5579,1035201712,AE1829,20181021,,
5580,1035201713,AE1829,20181021,,
5581,1035201714,AE1829,20181021,,
5582,1035201715,AE1829,20181021,,
5583,1035201716,AE1829,20181021,,
5584,1035201717,AE1829,20181021,,
5585,1035201718,AE1829,20181021,,
5586,1035201719,AE1829,20181021,,
5587,1035201720,AE1829,20181021,,
5588,1035201721,AE1829,20181021,,
5589,1035201722,AE1829,20181021,,
5590,1035201723,AE1829,20181021,,
5591,1035201724,AE1829,20181021,,
5592,1035201801,AE1829,20181021,,
5593,1035201802,AE1829,20181021,,
5594,1035201803,AE1829,20181021,,
5595,1035201804,AE1829,20181021,,
5596,1035201805,AE1829,20181021,,
5597,1035201806,AE1829,20181021,,
5598,1035201807,AE1829,20181021,,
5599,1035201808,AE1829,20181021,,
5600,1035201809,AE1829,20181021,,
5601,1035201810,AE1829,20181021,,
5602,1035201811,AE1829,20181021,,
5603,1035201812,AE1829,-999,,
5604,1035201813,AE1829,-999,,
5605,1035201814,AE1829,-999,,
5606,1035201815,AE1829,-999,,
5607,1035201816,AE1829,-999,,
5608,1035201817,AE1829,-999,,
5609,1035201818,AE1829,-999,,
5610,1035201819,AE1829,-999,,
5611,1035201820,AE1829,-999,,
5612,1035201821,AE1829,-999,,
5613,1035201822,AE1829,-999,,
5614,1035201823,AE1829,-999,,
5615,1035201824,AE1829,-999,,
5616,1035202101,AE1829,20181023,V1V2_dada2_read_info_03052026.xlsx,V4_dada2_read_info_03052026.xlsx
5617,1035202102,AE1829,20181023,,
5618,1035202103,AE1829,20181023,,
5619,1035202104,AE1829,20181023,V1V2_dada2_read_info_03052026.xlsx,V4_dada2_read_info_03052026.xlsx
5620,1035202105,AE1829,20181023,,
5621,1035202106,AE1829,20181023,V1V2_dada2_read_info_03052026.xlsx,V4_dada2_read_info_03052026.xlsx
5622,1035202107,AE1829,20181023,,
5623,1035202108,AE1829,20181023,V1V2_dada2_read_info_03052026.xlsx,V4_dada2_read_info_03052026.xlsx
5624,1035202109,AE1829,20181023,,
5625,1035202110,AE1829,20181023,V1V2_dada2_read_info_03052026.xlsx,V4_dada2_read_info_03052026.xlsx
5626,1035202111,AE1829,20181023,V1V2_dada2_read_info_03052026.xlsx,V4_dada2_read_info_03052026.xlsx
5627,1035202112,AE1829,20181023,,
5628,1035202113,AE1829,20181023,V1V2_dada2_read_info_03052026.xlsx,V4_dada2_read_info_03052026.xlsx
5629,1035202114,AE1829,20181023,,
5630,1035202115,AE1829,20181023,V1V2_dada2_read_info_03052026.xlsx,V4_dada2_read_info_03052026.xlsx
5631,1035202116,AE1829,20181023,,
5632,1035202117,AE1829,20181023,V1V2_dada2_read_info_03052026.xlsx,V4_dada2_read_info_03052026.xlsx
5633,1035202118,AE1829,20181023,,
5634,1035202119,AE1829,20181023,V1V2_dada2_read_info_03052026.xlsx,V4_dada2_read_info_03052026.xlsx
5635,1035202120,AE1829,20181023,,
5636,1035202121,AE1829,20181023,V1V2_dada2_read_info_03052026.xlsx,V4_dada2_read_info_03052026.xlsx
5637,1035202122,AE1829,20181023,,
5638,1035202123,AE1829,20181023,V1V2_dada2_read_info_03052026.xlsx,V4_dada2_read_info_03052026.xlsx
5639,1035202124,AE1829,20181023,,
5640,1035300901,AE1831,20181106,,
5641,1035300902,AE1831,20181106,,
5642,1035300903,AE1831,20181106,,
5643,1035300904,AE1831,20181106,,
5644,1035300905,AE1831,20181106,,
5645,1035300906,AE1831,20181106,,
5646,1035300907,AE1831,20181106,,
5647,1035300908,AE1831,20181106,,
5648,1035300909,AE1831,20181106,,
5649,1035300910,AE1831,20181106,,
5650,1035300911,AE1831,20181106,,
5651,1035300912,AE1831,20181106,,
5652,1035300913,AE1831,20181106,,
5653,1035300914,AE1831,20181106,,
5654,1035300915,AE1831,20181106,,
5655,1035300916,AE1831,20181106,,
5656,1035300917,AE1831,20181106,,
5657,1035300918,AE1831,20181106,,
5658,1035300919,AE1831,20181106,,
5659,1035300920,AE1831,20181106,,
5660,1035300921,AE1831,20181106,,
5661,1035300922,AE1831,20181106,,
5662,1035300923,AE1831,20181106,,
5663,1035300924,AE1831,20181106,,
5664,1035301101,AE1831,20181107,,
5665,1035301102,AE1831,20181107,,
5666,1035301103,AE1831,20181107,,
5667,1035301104,AE1831,20181107,,
5668,1035301105,AE1831,20181107,,
5669,1035301106,AE1831,20181107,,
5670,1035301107,AE1831,20181107,,
5671,1035301108,AE1831,20181107,,
5672,1035301109,AE1831,20181107,,
5673,1035301110,AE1831,20181107,,
5674,1035301111,AE1831,20181107,,
5675,1035301112,AE1831,20181107,,
5676,1035301113,AE1831,20181107,,
5677,1035301114,AE1831,20181107,,
5678,1035301115,AE1831,20181107,,
5679,1035301116,AE1831,20181107,,
5680,1035301117,AE1831,20181107,,
5681,1035301201,AE1831,20181107,,
5682,1035301202,AE1831,20181107,,
5683,1035301203,AE1831,20181107,,
5684,1035301204,AE1831,20181107,,
5685,1035301205,AE1831,20181107,,
5686,1035301206,AE1831,20181107,,
5687,1035301207,AE1831,20181107,,
5688,1035301208,AE1831,20181107,,
5689,1035301209,AE1831,20181107,,
5690,1035301210,AE1831,20181107,,
5691,1035301211,AE1831,20181107,,
5692,1035301212,AE1831,20181107,,
5693,1035301213,AE1831,20181107,,
5694,1035301214,AE1831,20181107,,
5695,1035301215,AE1831,20181107,,
5696,1035301216,AE1831,20181107,,
5697,1035301217,AE1831,20181107,,
5698,1035301218,AE1831,20181107,,
5699,1035301219,AE1831,20181107,,
5700,1035301220,AE1831,20181107,,
5701,1035301221,AE1831,20181107,,
5702,1035301222,AE1831,20181107,,
5703,1035301223,AE1831,20181107,,
5704,1035301224,AE1831,20181107,,
5705,1035301301,AE1831,20181107,,
5706,1035301302,AE1831,20181107,,
5707,1035301303,AE1831,20181107,,
5708,1035301304,AE1831,20181107,,
5709,1035301305,AE1831,20181107,,
5710,1035301306,AE1831,20181107,,
5711,1035301307,AE1831,20181107,,
5712,1035301308,AE1831,20181107,,
5713,1035301309,AE1831,20181107,,
5714,1035301310,AE1831,-999,,
5715,1035301311,AE1831,-999,,
5716,1035301312,AE1831,-999,,
5717,1035301313,AE1831,-999,,
5718,1035301314,AE1831,-999,,
5719,1035301315,AE1831,-999,,
5720,1035301316,AE1831,-999,,
5721,1035301317,AE1831,-999,,
5722,1035301318,AE1831,-999,,
5723,1035301319,AE1831,-999,,
5724,1035301320,AE1831,-999,,
5725,1035301321,AE1831,-999,,
5726,1035301322,AE1831,-999,,
5727,1035301323,AE1831,-999,,
5728,1035301324,AE1831,-999,,
5729,1035301701,AE1831,20181108,V1V2_dada2_read_info_03052026.xlsx,V4_dada2_read_info_03052026.xlsx
5730,1035301702,AE1831,20181108,,
5731,1035301703,AE1831,20181108,,
5732,1035301704,AE1831,20181108,V1V2_dada2_read_info_03052026.xlsx,V4_dada2_read_info_03052026.xlsx
5733,1035301705,AE1831,20181108,,
5734,1035301706,AE1831,20181108,,
5735,1035301707,AE1831,20181108,V1V2_dada2_read_info_03052026.xlsx,V4_dada2_read_info_03052026.xlsx
5736,1035301708,AE1831,20181108,,
5737,1035301709,AE1831,20181108,V1V2_dada2_read_info_03052026.xlsx,V4_dada2_read_info_03052026.xlsx
5738,1035301710,AE1831,20181108,,
5739,1035301711,AE1831,20181108,,
5740,1035301712,AE1831,20181108,,
5741,1035301713,AE1831,20181108,V1V2_dada2_read_info_03052026.xlsx,V4_dada2_read_info_03052026.xlsx
5742,1035301714,AE1831,20181108,V1V2_dada2_read_info_03052026.xlsx,V4_dada2_read_info_03052026.xlsx
5743,1035301715,AE1831,20181108,,
5744,1035301716,AE1831,20181108,,
5745,1035301717,AE1831,20181108,V1V2_dada2_read_info_03052026.xlsx,V4_dada2_read_info_03052026.xlsx
5746,1035301718,AE1831,20181108,,
5747,1035301719,AE1831,20181108,,
5748,1035301720,AE1831,20181108,,
5749,1035301721,AE1831,20181108,V1V2_dada2_read_info_03052026.xlsx,V4_dada2_read_info_03052026.xlsx
5750,1035301722,AE1831,20181108,V1V2_dada2_read_info_03052026.xlsx,V4_dada2_read_info_03052026.xlsx
5751,1035301723,AE1831,20181108,V1V2_dada2_read_info_03052026.xlsx,V4_dada2_read_info_03052026.xlsx
5752,1035301724,AE1831,20181108,,
5753,1035401101,AE1836,20181214,,
5754,1035401102,AE1836,20181214,,
5755,1035401103,AE1836,20181214,,
5756,1035401104,AE1836,20181214,,
5757,1035401105,AE1836,20181214,,
5758,1035401106,AE1836,20181214,,
5759,1035401107,AE1836,20181214,,
5760,1035401108,AE1836,20181214,,
5761,1035401109,AE1836,20181214,,
5762,1035401110,AE1836,20181214,,
5763,1035401111,AE1836,20181214,,
5764,1035401112,AE1836,20181214,,
5765,1035401113,AE1836,20181214,,
5766,1035401114,AE1836,20181214,,
5767,1035401201,AE1836,20181214,,
5768,1035401202,AE1836,20181214,,
5769,1035401203,AE1836,20181214,,
5770,1035401204,AE1836,20181214,,
5771,1035401205,AE1836,20181214,,
5772,1035401206,AE1836,20181214,,
5773,1035401207,AE1836,20181214,,
5774,1035401208,AE1836,20181214,,
5775,1035401209,AE1836,20181214,,
5776,1035401210,AE1836,20181214,,
5777,1035401211,AE1836,20181214,,
5778,1035401212,AE1836,20181214,,
5779,1035401213,AE1836,20181214,,
5780,1035401214,AE1836,20181214,,
5781,1035401215,AE1836,20181214,,
5782,1035401216,AE1836,20181214,,
5783,1035401217,AE1836,20181214,,
5784,1035401218,AE1836,20181214,,
5785,1035401219,AE1836,20181214,,
5786,1035401220,AE1836,20181214,,
5787,1035401221,AE1836,20181214,,
5788,1035401222,AE1836,20181214,,
5789,1035401223,AE1836,20181214,,
5790,1035401224,AE1836,20181214,,
5791,1035401301,AE1836,20181215,,
5792,1035401302,AE1836,20181215,,
5793,1035401303,AE1836,20181215,,
5794,1035401304,AE1836,20181215,,
5795,1035401305,AE1836,20181215,,
5796,1035401306,AE1836,20181215,,
5797,1035401307,AE1836,20181215,,
5798,1035401308,AE1836,20181215,,
5799,1035401309,AE1836,20181215,,
5800,1035401310,AE1836,20181215,,
5801,1035401311,AE1836,20181215,,
5802,1035401312,AE1836,20181215,,
5803,1035401313,AE1836,20181215,,
5804,1035401314,AE1836,20181215,,
5805,1035401315,AE1836,20181215,,
5806,1035401316,AE1836,20181215,,
5807,1035401601,AE1836,20181215,,
5808,1035401602,AE1836,20181215,,
5809,1035401603,AE1836,20181215,,
5810,1035401604,AE1836,20181215,,
5811,1035401605,AE1836,20181215,,
5812,1035401606,AE1836,20181215,,
5813,1035401607,AE1836,20181215,,
5814,1035401608,AE1836,20181215,,
5815,1035401609,AE1836,20181215,,
5816,1035401610,AE1836,20181215,,
5817,1035401611,AE1836,20181215,,
5818,1035401612,AE1836,20181215,,
5819,1035401613,AE1836,20181215,,
5820,1035401614,AE1836,20181215,,
5821,1035401615,AE1836,20181215,,
5822,1035401616,AE1836,20181215,,
5823,1035401617,AE1836,20181215,,
5824,1035401618,AE1836,20181215,,
5825,1035401619,AE1836,20181215,,
5826,1035401620,AE1836,20181215,,
5827,1035401621,AE1836,20181215,,
5828,1035401622,AE1836,20181215,,
5829,1035401623,AE1836,20181215,,
5830,1035401624,AE1836,20181215,,
5831,1035401701,AE1836,20181215,,
5832,1035401702,AE1836,20181215,,
5833,1035401703,AE1836,20181215,,
5834,1035401704,AE1836,20181215,,
5835,1035401705,AE1836,20181215,,
5836,1035401706,AE1836,20181215,,
5837,1035401707,AE1836,20181215,,
5838,1035401708,AE1836,20181215,,
5839,1035401709,AE1836,20181215,,
5840,1035401710,AE1836,-999,,
5841,1035401711,AE1836,-999,,
5842,1035401712,AE1836,-999,,
5843,1035401713,AE1836,-999,,
5844,1035401714,AE1836,-999,,
5845,1035401715,AE1836,-999,,
5846,1035401716,AE1836,-999,,
5847,1035401717,AE1836,-999,,
5848,1035401718,AE1836,-999,,
5849,1035401719,AE1836,-999,,
5850,1035401720,AE1836,-999,,
5851,1035401721,AE1836,-999,,
5852,1035401722,AE1836,-999,,
5853,1035401723,AE1836,-999,,
5854,1035401724,AE1836,-999,,
5855,1035402001,AE1836,20181216,V1V2_dada2_read_info_03052026.xlsx,V4_dada2_read_info_03052026.xlsx
5856,1035402002,AE1836,20181216,,
5857,1035402003,AE1836,20181216,V1V2_dada2_read_info_03052026.xlsx,V4_dada2_read_info_03052026.xlsx
5858,1035402004,AE1836,20181216,,
5859,1035402005,AE1836,20181216,V1V2_dada2_read_info_03052026.xlsx,V4_dada2_read_info_03052026.xlsx
5860,1035402006,AE1836,20181216,,
5861,1035402007,AE1836,20181216,V1V2_dada2_read_info_03052026.xlsx,V4_dada2_read_info_03052026.xlsx
5862,1035402008,AE1836,20181216,,
5863,1035402009,AE1836,20181216,V1V2_dada2_read_info_03052026.xlsx,V4_dada2_read_info_03052026.xlsx
5864,1035402010,AE1836,20181216,,
5865,1035402011,AE1836,20181216,V1V2_dada2_read_info_03052026.xlsx,V4_dada2_read_info_03052026.xlsx
5866,1035402012,AE1836,20181216,,
5867,1035402013,AE1836,20181216,V1V2_dada2_read_info_03052026.xlsx,V4_dada2_read_info_03052026.xlsx
5868,1035402014,AE1836,20181216,,
5869,1035402015,AE1836,20181216,V1V2_dada2_read_info_03052026.xlsx,V4_dada2_read_info_03052026.xlsx
5870,1035402016,AE1836,20181216,,
5871,1035402017,AE1836,20181216,,
5872,1035402018,AE1836,20181216,V1V2_dada2_read_info_03052026.xlsx,V4_dada2_read_info_03052026.xlsx
5873,1035402019,AE1836,20181216,V1V2_dada2_read_info_03052026.xlsx,V4_dada2_read_info_03052026.xlsx
5874,1035402020,AE1836,20181216,,
5875,1035402021,AE1836,20181216,V1V2_dada2_read_info_03052026.xlsx,V4_dada2_read_info_03052026.xlsx
5876,1035402022,AE1836,20181216,,
5877,1035402023,AE1836,20181216,V1V2_dada2_read_info_03052026.xlsx,V4_dada2_read_info_03052026.xlsx
5878,1035402024,AE1836,20181216,,
5879,1035500901,AE1902,20190111,,
5880,1035500902,AE1902,20190111,,
5881,1035500903,AE1902,20190111,,
5882,1035500904,AE1902,20190111,,
5883,1035500905,AE1902,20190111,,
5884,1035500906,AE1902,20190111,,
5885,1035500907,AE1902,20190111,,
5886,1035500908,AE1902,20190111,,
5887,1035500909,AE1902,20190111,,
5888,1035500910,AE1902,20190111,,
5889,1035500911,AE1902,20190111,,
5890,1035500912,AE1902,20190111,,
5891,1035500913,AE1902,20190111,,
5892,1035500914,AE1902,20190111,,
5893,1035500915,AE1902,20190111,,
5894,1035500916,AE1902,20190111,,
5895,1035500917,AE1902,20190111,,
5896,1035500918,AE1902,20190111,,
5897,1035500919,AE1902,20190111,,
5898,1035500920,AE1902,20190111,,
5899,1035500921,AE1902,20190111,,
5900,1035500922,AE1902,20190111,,
5901,1035500923,AE1902,20190111,,
5902,1035500924,AE1902,20190111,,
5903,1035501001,AE1902,20190112,,
5904,1035501002,AE1902,20190112,,
5905,1035501003,AE1902,20190112,,
5906,1035501004,AE1902,20190112,,
5907,1035501005,AE1902,20190112,,
5908,1035501006,AE1902,20190112,,
5909,1035501007,AE1902,20190112,,
5910,1035501008,AE1902,20190112,,
5911,1035501009,AE1902,20190112,,
5912,1035501010,AE1902,20190112,,
5913,1035501011,AE1902,20190112,,
5914,1035501012,AE1902,20190112,,
5915,1035501013,AE1902,20190112,,
5916,1035501014,AE1902,20190112,,
5917,1035501015,AE1902,20190112,,
5918,1035501016,AE1902,20190112,,
5919,1035501301,AE1902,20190112,,
5920,1035501302,AE1902,20190112,,
5921,1035501303,AE1902,20190112,,
5922,1035501304,AE1902,20190112,,
5923,1035501305,AE1902,20190112,,
5924,1035501306,AE1902,20190112,,
5925,1035501307,AE1902,20190112,,
5926,1035501308,AE1902,20190112,,
5927,1035501309,AE1902,20190112,,
5928,1035501310,AE1902,20190112,,
5929,1035501311,AE1902,20190112,,
5930,1035501312,AE1902,20190112,,
5931,1035501313,AE1902,20190112,,
5932,1035501314,AE1902,20190112,,
5933,1035501315,AE1902,20190112,,
5934,1035501316,AE1902,20190112,,
5935,1035501317,AE1902,20190112,,
5936,1035501318,AE1902,20190112,,
5937,1035501319,AE1902,20190112,,
5938,1035501320,AE1902,20190112,,
5939,1035501321,AE1902,20190112,,
5940,1035501322,AE1902,20190112,,
5941,1035501323,AE1902,20190112,,
5942,1035501324,AE1902,20190112,,
5943,1035501401,AE1902,20190112,,
5944,1035501402,AE1902,20190112,,
5945,9161400101,AE1614,20160709,,
5946,9161400110,AE1614,20160709,,
5947,9161400111,AE1614,20160709,,
5948,9161400112,AE1614,20160709,,
5949,9161400113,AE1614,20160709,,
5950,9161400114,AE1614,20160709,,
5951,9161400115,AE1614,20160709,,
5952,9161400116,AE1614,20160709,,
5953,9161400117,AE1614,20160709,,
5954,9161400118,AE1614,20160709,,
5955,9161400119,AE1614,20160709,,
5956,9161400102,AE1614,20160709,,
5957,9161400120,AE1614,20160709,,
5958,9161400121,AE1614,20160709,,
5959,9161400122,AE1614,20160709,,
5960,9161400123,AE1614,20160709,,
5961,9161400124,AE1614,20160709,,
5962,9161400103,AE1614,20160709,,
5963,9161400104,AE1614,20160709,,
5964,9161400105,AE1614,20160709,,
5965,9161400106,AE1614,20160709,,
5966,9161400107,AE1614,20160709,,
5967,9161400108,AE1614,20160709,,
5968,9161400109,AE1614,20160709,,
5969,9161401001,AE1614,20160710,,
5970,9161401010,AE1614,20160710,,
5971,9161401011,AE1614,20160710,,
5972,9161401012,AE1614,20160710,,
5973,9161401013,AE1614,20160710,,
5974,9161401014,AE1614,20160710,,
5975,9161401015,AE1614,20160710,,
5976,9161401016,AE1614,20160710,,
5977,9161401017,AE1614,20160710,,
5978,9161401018,AE1614,20160710,,
5979,9161401019,AE1614,20160710,,
5980,9161401002,AE1614,20160710,,
5981,9161401020,AE1614,20160710,,
5982,9161401021,AE1614,20160710,,
5983,9161401022,AE1614,20160710,,
5984,9161401023,AE1614,20160710,,
5985,9161401024,AE1614,20160710,,
5986,9161401003,AE1614,20160710,,
5987,9161401004,AE1614,20160710,,
5988,9161401005,AE1614,20160710,,
5989,9161401006,AE1614,20160710,,
5990,9161401007,AE1614,20160710,,
5991,9161401008,AE1614,20160710,,
5992,9161401009,AE1614,20160710,,
5993,9161401101,AE1614,20160711,V1V2_dada2_read_info_03052026.xlsx,
5994,9161401110,AE1614,20160711,,
5995,9161401111,AE1614,20160711,V1V2_dada2_read_info_03052026.xlsx,
5996,9161401112,AE1614,20160711,,
5997,9161401113,AE1614,20160711,V1V2_dada2_read_info_03052026.xlsx,
5998,9161401114,AE1614,20160711,,
5999,9161401115,AE1614,20160711,V1V2_dada2_read_info_03052026.xlsx,
6000,9161401116,AE1614,20160711,,
6001,9161401117,AE1614,20160711,,
6002,9161401118,AE1614,20160711,,
6003,9161401119,AE1614,20160711,,
6004,9161401102,AE1614,20160711,,
6005,9161401120,AE1614,20160711,,
6006,9161401121,AE1614,20160711,,
6007,9161401122,AE1614,20160711,,
6008,9161401123,AE1614,20160711,,
6009,9161401124,AE1614,20160711,,
6010,9161401103,AE1614,20160711,V1V2_dada2_read_info_03052026.xlsx,
6011,9161401104,AE1614,20160711,,
6012,9161401105,AE1614,20160711,V1V2_dada2_read_info_03052026.xlsx,
6013,9161401106,AE1614,20160711,,
6014,9161401107,AE1614,20160711,V1V2_dada2_read_info_03052026.xlsx,
6015,9161401108,AE1614,20160711,,
6016,9161401109,AE1614,20160711,V1V2_dada2_read_info_03052026.xlsx,
6017,9161401201,AE1614,20160711,V1V2_dada2_read_info_03052026.xlsx,
6018,9161401210,AE1614,20160711,,
6019,9161401211,AE1614,20160711,V1V2_dada2_read_info_03052026.xlsx,
6020,9161401212,AE1614,20160711,,
6021,9161401213,AE1614,20160711,V1V2_dada2_read_info_03052026.xlsx,
6022,9161401214,AE1614,20160711,,
6023,9161401215,AE1614,20160711,V1V2_dada2_read_info_03052026.xlsx,
6024,9161401216,AE1614,20160711,,
6025,9161401217,AE1614,20160711,,
6026,9161401218,AE1614,20160711,,
6027,9161401219,AE1614,20160711,,
6028,9161401202,AE1614,20160711,,
6029,9161401220,AE1614,20160711,,
6030,9161401221,AE1614,20160711,,
6031,9161401222,AE1614,20160711,,
6032,9161401223,AE1614,20160711,,
6033,9161401224,AE1614,20160711,,
6034,9161401203,AE1614,20160711,V1V2_dada2_read_info_03052026.xlsx,
6035,9161401204,AE1614,20160711,,
6036,9161401205,AE1614,20160711,V1V2_dada2_read_info_03052026.xlsx,
6037,9161401206,AE1614,20160711,,
6038,9161401207,AE1614,20160711,V1V2_dada2_read_info_03052026.xlsx,
6039,9161401208,AE1614,20160711,,
6040,9161401209,AE1614,20160711,V1V2_dada2_read_info_03052026.xlsx,
6041,9161401301,AE1614,20160711,,
6042,9161401310,AE1614,20160711,,
6043,9161401311,AE1614,20160711,,
6044,9161401312,AE1614,20160711,,
6045,9161401313,AE1614,20160711,,
6046,9161401314,AE1614,20160711,,
6047,9161401315,AE1614,20160711,,
6048,9161401316,AE1614,20160711,,
6049,9161401317,AE1614,20160711,,
6050,9161401318,AE1614,20160711,,
6051,9161401319,AE1614,20160711,,
6052,9161401302,AE1614,20160711,,
6053,9161401320,AE1614,20160711,,
6054,9161401321,AE1614,20160711,,
6055,9161401322,AE1614,20160711,,
6056,9161401323,AE1614,20160711,,
6057,9161401324,AE1614,20160711,,
6058,9161401303,AE1614,20160711,,
6059,9161401304,AE1614,20160711,,
6060,9161401305,AE1614,20160711,,
6061,9161401306,AE1614,20160711,,
6062,9161401307,AE1614,20160711,,
6063,9161401308,AE1614,20160711,,
6064,9161401309,AE1614,20160711,,
6065,9161401401,AE1614,20160711,V1V2_dada2_read_info_03052026.xlsx,
6066,9161401410,AE1614,20160711,,
6067,9161401411,AE1614,20160711,V1V2_dada2_read_info_03052026.xlsx,
6068,9161401412,AE1614,20160711,,
6069,9161401413,AE1614,20160711,V1V2_dada2_read_info_03052026.xlsx,
6070,9161401414,AE1614,20160711,,
6071,9161401415,AE1614,20160711,V1V2_dada2_read_info_03052026.xlsx,
6072,9161401416,AE1614,20160711,,
6073,9161401417,AE1614,20160711,,
6074,9161401418,AE1614,20160711,,
6075,9161401419,AE1614,20160711,,
6076,9161401402,AE1614,20160711,,
6077,9161401420,AE1614,20160711,,
6078,9161401421,AE1614,20160711,,
6079,9161401422,AE1614,20160711,,
6080,9161401423,AE1614,20160711,,
6081,9161401424,AE1614,20160711,,
6082,9161401403,AE1614,20160711,V1V2_dada2_read_info_03052026.xlsx,
6083,9161401404,AE1614,20160711,,
6084,9161401405,AE1614,20160711,V1V2_dada2_read_info_03052026.xlsx,
6085,9161401406,AE1614,20160711,,
6086,9161401407,AE1614,20160711,V1V2_dada2_read_info_03052026.xlsx,
6087,9161401408,AE1614,20160711,,
6088,9161401409,AE1614,20160711,V1V2_dada2_read_info_03052026.xlsx,
6089,9161401501,AE1614,20160711,V1V2_dada2_read_info_03052026.xlsx,
6090,9161401510,AE1614,20160711,,
6091,9161401511,AE1614,20160711,V1V2_dada2_read_info_03052026.xlsx,
6092,9161401512,AE1614,20160711,,
6093,9161401513,AE1614,20160711,V1V2_dada2_read_info_03052026.xlsx,
6094,9161401514,AE1614,20160711,,
6095,9161401515,AE1614,20160711,V1V2_dada2_read_info_03052026.xlsx,
6096,9161401516,AE1614,20160711,,
6097,9161401517,AE1614,20160711,,
6098,9161401518,AE1614,20160711,,
6099,9161401519,AE1614,20160711,,
6100,9161401502,AE1614,20160711,,
6101,9161401520,AE1614,20160711,,
6102,9161401521,AE1614,20160711,,
6103,9161401522,AE1614,20160711,,
6104,9161401523,AE1614,20160711,,
6105,9161401524,AE1614,20160711,,
6106,9161401503,AE1614,20160711,V1V2_dada2_read_info_03052026.xlsx,
6107,9161401504,AE1614,20160711,,
6108,9161401505,AE1614,20160711,,
6109,9161401506,AE1614,20160711,,
6110,9161401507,AE1614,20160711,V1V2_dada2_read_info_03052026.xlsx,
6111,9161401508,AE1614,20160711,,
6112,9161401509,AE1614,20160711,V1V2_dada2_read_info_03052026.xlsx,
6113,9161401601,AE1614,20160711,,
6114,9161401610,AE1614,20160711,,
6115,9161401611,AE1614,20160711,,
6116,9161401612,AE1614,20160711,,
6117,9161401613,AE1614,20160711,,
6118,9161401614,AE1614,20160711,,
6119,9161401615,AE1614,20160711,,
6120,9161401616,AE1614,20160711,,
6121,9161401617,AE1614,20160711,,
6122,9161401618,AE1614,20160711,,
6123,9161401619,AE1614,20160711,,
6124,9161401602,AE1614,20160711,,
6125,9161401620,AE1614,20160711,,
6126,9161401621,AE1614,20160711,,
6127,9161401622,AE1614,20160711,,
6128,9161401623,AE1614,20160711,,
6129,9161401624,AE1614,20160711,,
6130,9161401603,AE1614,20160711,,
6131,9161401604,AE1614,20160711,,
6132,9161401605,AE1614,20160711,,
6133,9161401606,AE1614,20160711,,
6134,9161401607,AE1614,20160711,,
6135,9161401608,AE1614,20160711,,
6136,9161401609,AE1614,20160711,,
6137,9161401701,AE1614,20160712,,
6138,9161401710,AE1614,20160712,,
6139,9161401711,AE1614,20160712,,
6140,9161401712,AE1614,20160712,,
6141,9161401713,AE1614,20160712,,
6142,9161401714,AE1614,20160712,,
6143,9161401715,AE1614,20160712,,
6144,9161401716,AE1614,20160712,,
6145,9161401717,AE1614,20160712,,
6146,9161401718,AE1614,20160712,,
6147,9161401719,AE1614,20160712,,
6148,9161401702,AE1614,20160712,,
6149,9161401720,AE1614,20160712,,
6150,9161401721,AE1614,20160712,,
6151,9161401722,AE1614,20160712,,
6152,9161401723,AE1614,20160712,,
6153,9161401724,AE1614,20160712,,
6154,9161401703,AE1614,20160712,,
6155,9161401704,AE1614,20160712,,
6156,9161401705,AE1614,20160712,,
6157,9161401706,AE1614,20160712,,
6158,9161401707,AE1614,20160712,,
6159,9161401708,AE1614,20160712,,
6160,9161401709,AE1614,20160712,,
6161,9161401801,AE1614,20160712,V1V2_dada2_read_info_03052026.xlsx,
6162,9161401810,AE1614,20160712,,
6163,9161401811,AE1614,20160712,V1V2_dada2_read_info_03052026.xlsx,
6164,9161401812,AE1614,20160712,,
6165,9161401813,AE1614,20160712,V1V2_dada2_read_info_03052026.xlsx,
6166,9161401814,AE1614,20160712,,
6167,9161401815,AE1614,20160712,V1V2_dada2_read_info_03052026.xlsx,
6168,9161401816,AE1614,20160712,,
6169,9161401817,AE1614,20160712,,
6170,9161401818,AE1614,20160712,,
6171,9161401819,AE1614,20160712,,
6172,9161401802,AE1614,20160712,,
6173,9161401820,AE1614,20160712,,
6174,9161401821,AE1614,20160712,,
6175,9161401822,AE1614,20160712,,
6176,9161401823,AE1614,20160712,,
6177,9161401824,AE1614,20160712,,
6178,9161401803,AE1614,20160712,V1V2_dada2_read_info_03052026.xlsx,
6179,9161401804,AE1614,20160712,,
6180,9161401805,AE1614,20160712,V1V2_dada2_read_info_03052026.xlsx,
6181,9161401806,AE1614,20160712,,
6182,9161401807,AE1614,20160712,V1V2_dada2_read_info_03052026.xlsx,
6183,9161401808,AE1614,20160712,,
6184,9161401809,AE1614,20160712,V1V2_dada2_read_info_03052026.xlsx,
6185,9161401901,AE1614,20160712,,
6186,9161401902,AE1614,20160712,,
6187,9161401903,AE1614,20160712,,
6188,9161401904,AE1614,20160712,,
6189,9161401905,AE1614,20160712,,
6190,9161401906,AE1614,20160712,,
6191,9161400201,AE1614,20160709,V1V2_dada2_read_info_03052026.xlsx,
6192,9161400210,AE1614,20160709,,
6193,9161400211,AE1614,20160709,V1V2_dada2_read_info_03052026.xlsx,
6194,9161400212,AE1614,20160709,,
6195,9161400213,AE1614,20160709,V1V2_dada2_read_info_03052026.xlsx,
6196,9161400214,AE1614,20160709,,
6197,9161400215,AE1614,20160709,V1V2_dada2_read_info_03052026.xlsx,
6198,9161400216,AE1614,20160709,,
6199,9161400217,AE1614,20160709,,
6200,9161400218,AE1614,20160709,,
6201,9161400219,AE1614,20160709,,
6202,9161400202,AE1614,20160709,,
6203,9161400220,AE1614,20160709,,
6204,9161400221,AE1614,20160709,,
6205,9161400222,AE1614,20160709,,
6206,9161400223,AE1614,20160709,,
6207,9161400224,AE1614,20160709,,
6208,9161400203,AE1614,20160709,V1V2_dada2_read_info_03052026.xlsx,
6209,9161400204,AE1614,20160709,,
6210,9161400205,AE1614,20160709,V1V2_dada2_read_info_03052026.xlsx,
6211,9161400206,AE1614,20160709,,
6212,9161400207,AE1614,20160709,V1V2_dada2_read_info_03052026.xlsx,
6213,9161400208,AE1614,20160709,,
6214,9161400209,AE1614,20160709,V1V2_dada2_read_info_03052026.xlsx,
6215,9161402001,AE1614,20160712,,
6216,9161402010,AE1614,20160712,,
6217,9161402011,AE1614,20160712,,
6218,9161402012,AE1614,20160712,,
6219,9161402013,AE1614,20160712,,
6220,9161402014,AE1614,20160712,,
6221,9161402015,AE1614,20160712,,
6222,9161402016,AE1614,20160712,,
6223,9161402017,AE1614,20160712,,
6224,9161402018,AE1614,20160712,,
6225,9161402019,AE1614,20160712,,
6226,9161402002,AE1614,20160712,,
6227,9161402020,AE1614,20160712,,
6228,9161402021,AE1614,20160712,,
6229,9161402022,AE1614,20160712,,
6230,9161402023,AE1614,20160712,,
6231,9161402024,AE1614,20160712,,
6232,9161402003,AE1614,20160712,,
6233,9161402004,AE1614,20160712,,
6234,9161402005,AE1614,20160712,,
6235,9161402006,AE1614,20160712,,
6236,9161402007,AE1614,20160712,,
6237,9161402008,AE1614,20160712,,
6238,9161402009,AE1614,20160712,,
6239,9161400301,AE1614,20160709,,
6240,9161400310,AE1614,20160709,,
6241,9161400311,AE1614,20160709,,
6242,9161400312,AE1614,20160709,,
6243,9161400313,AE1614,20160709,,
6244,9161400314,AE1614,20160709,,
6245,9161400315,AE1614,20160709,,
6246,9161400316,AE1614,20160709,,
6247,9161400317,AE1614,20160709,,
6248,9161400318,AE1614,20160709,,
6249,9161400319,AE1614,20160709,,
6250,9161400302,AE1614,20160709,,
6251,9161400320,AE1614,20160709,,
6252,9161400321,AE1614,20160709,,
6253,9161400322,AE1614,20160709,,
6254,9161400323,AE1614,20160709,,
6255,9161400324,AE1614,20160709,,
6256,9161400303,AE1614,20160709,,
6257,9161400304,AE1614,20160709,,
6258,9161400305,AE1614,20160709,,
6259,9161400306,AE1614,20160709,,
6260,9161400307,AE1614,20160709,,
6261,9161400308,AE1614,20160709,,
6262,9161400309,AE1614,20160709,,
6263,9161400401,AE1614,20160710,V1V2_dada2_read_info_03052026.xlsx,
6264,9161400410,AE1614,20160710,V1V2_dada2_read_info_03052026.xlsx,
6265,9161400411,AE1614,20160710,,
6266,9161400412,AE1614,20160710,,
6267,9161400413,AE1614,20160710,,
6268,9161400414,AE1614,20160710,,
6269,9161400415,AE1614,20160710,,
6270,9161400402,AE1614,20160710,V1V2_dada2_read_info_03052026.xlsx,
6271,9161400403,AE1614,20160710,,
6272,9161400404,AE1614,20160710,,
6273,9161400405,AE1614,20160710,V1V2_dada2_read_info_03052026.xlsx,
6274,9161400406,AE1614,20160710,V1V2_dada2_read_info_03052026.xlsx,
6275,9161400407,AE1614,20160710,V1V2_dada2_read_info_03052026.xlsx,
6276,9161400408,AE1614,20160710,V1V2_dada2_read_info_03052026.xlsx,
6277,9161400409,AE1614,20160710,V1V2_dada2_read_info_03052026.xlsx,
6278,9161400501,AE1614,20160710,V1V2_dada2_read_info_03052026.xlsx,
6279,9161400510,AE1614,20160710,,
6280,9161400511,AE1614,20160710,V1V2_dada2_read_info_03052026.xlsx,
6281,9161400512,AE1614,20160710,,
6282,9161400513,AE1614,20160710,V1V2_dada2_read_info_03052026.xlsx,
6283,9161400514,AE1614,20160710,,
6284,9161400515,AE1614,20160710,V1V2_dada2_read_info_03052026.xlsx,
6285,9161400516,AE1614,20160710,,
6286,9161400517,AE1614,20160710,,
6287,9161400518,AE1614,20160710,,
6288,9161400519,AE1614,20160710,,
6289,9161400502,AE1614,20160710,,
6290,9161400520,AE1614,20160710,,
6291,9161400521,AE1614,20160710,,
6292,9161400522,AE1614,20160710,,
6293,9161400523,AE1614,20160710,,
6294,9161400524,AE1614,20160710,,
6295,9161400503,AE1614,20160710,V1V2_dada2_read_info_03052026.xlsx,
6296,9161400504,AE1614,20160710,,
6297,9161400505,AE1614,20160710,V1V2_dada2_read_info_03052026.xlsx,
6298,9161400506,AE1614,20160710,,
6299,9161400507,AE1614,20160710,V1V2_dada2_read_info_03052026.xlsx,
6300,9161400508,AE1614,20160710,,
6301,9161400509,AE1614,20160710,V1V2_dada2_read_info_03052026.xlsx,
6302,9161400601,AE1614,20160710,,
6303,9161400610,AE1614,20160710,,
6304,9161400611,AE1614,20160710,,
6305,9161400612,AE1614,20160710,,
6306,9161400613,AE1614,20160710,,
6307,9161400614,AE1614,20160710,,
6308,9161400615,AE1614,20160710,,
6309,9161400616,AE1614,20160710,,
6310,9161400617,AE1614,20160710,,
6311,9161400618,AE1614,20160710,,
6312,9161400619,AE1614,20160710,,
6313,9161400602,AE1614,20160710,,
6314,9161400620,AE1614,20160710,,
6315,9161400621,AE1614,20160710,,
6316,9161400622,AE1614,20160710,,
6317,9161400623,AE1614,20160710,,
6318,9161400624,AE1614,20160710,,
6319,9161400603,AE1614,20160710,,
6320,9161400604,AE1614,20160710,,
6321,9161400605,AE1614,20160710,,
6322,9161400606,AE1614,20160710,,
6323,9161400607,AE1614,20160710,,
6324,9161400608,AE1614,20160710,,
6325,9161400609,AE1614,20160710,,
6326,9161400701,AE1614,20160710,V1V2_dada2_read_info_03052026.xlsx,
6327,9161400710,AE1614,20160710,,
6328,9161400711,AE1614,20160710,V1V2_dada2_read_info_03052026.xlsx,
6329,9161400712,AE1614,20160710,,
6330,9161400713,AE1614,20160710,V1V2_dada2_read_info_03052026.xlsx,
6331,9161400714,AE1614,20160710,,
6332,9161400715,AE1614,20160710,V1V2_dada2_read_info_03052026.xlsx,
6333,9161400716,AE1614,20160710,,
6334,9161400717,AE1614,20160710,,
6335,9161400718,AE1614,20160710,,
6336,9161400719,AE1614,20160710,,
6337,9161400702,AE1614,20160710,,
6338,9161400720,AE1614,20160710,,
6339,9161400721,AE1614,20160710,,
6340,9161400722,AE1614,20160710,,
6341,9161400723,AE1614,20160710,,
6342,9161400724,AE1614,20160710,,
6343,9161400703,AE1614,20160710,V1V2_dada2_read_info_03052026.xlsx,
6344,9161400704,AE1614,20160710,,
6345,9161400705,AE1614,20160710,V1V2_dada2_read_info_03052026.xlsx,
6346,9161400706,AE1614,20160710,,
6347,9161400707,AE1614,20160710,V1V2_dada2_read_info_03052026.xlsx,
6348,9161400708,AE1614,20160710,,
6349,9161400709,AE1614,20160710,V1V2_dada2_read_info_03052026.xlsx,
6350,9161400801,AE1614,20160710,V1V2_dada2_read_info_03052026.xlsx,
6351,9161400810,AE1614,20160710,,
6352,9161400811,AE1614,20160710,V1V2_dada2_read_info_03052026.xlsx,
6353,9161400812,AE1614,20160710,,
6354,9161400813,AE1614,20160710,V1V2_dada2_read_info_03052026.xlsx,
6355,9161400814,AE1614,20160710,,
6356,9161400815,AE1614,20160710,V1V2_dada2_read_info_03052026.xlsx,
6357,9161400816,AE1614,20160710,,
6358,9161400817,AE1614,20160710,,
6359,9161400818,AE1614,20160710,,
6360,9161400819,AE1614,20160710,,
6361,9161400802,AE1614,20160710,,
6362,9161400820,AE1614,20160710,,
6363,9161400821,AE1614,20160710,,
6364,9161400822,AE1614,20160710,,
6365,9161400823,AE1614,20160710,,
6366,9161400824,AE1614,20160710,,
6367,9161400803,AE1614,20160710,V1V2_dada2_read_info_03052026.xlsx,
6368,9161400804,AE1614,20160710,,
6369,9161400805,AE1614,20160710,V1V2_dada2_read_info_03052026.xlsx,
6370,9161400806,AE1614,20160710,,
6371,9161400807,AE1614,20160710,V1V2_dada2_read_info_03052026.xlsx,
6372,9161400808,AE1614,20160710,,
6373,9161400809,AE1614,20160710,V1V2_dada2_read_info_03052026.xlsx,
6374,9161400901,AE1614,20160710,,
6375,9161400910,AE1614,20160710,,
6376,9161400911,AE1614,20160710,,
6377,9161400912,AE1614,20160710,,
6378,9161400913,AE1614,20160710,,
6379,9161400914,AE1614,20160710,,
6380,9161400915,AE1614,20160710,,
6381,9161400916,AE1614,20160710,,
6382,9161400917,AE1614,20160710,,
6383,9161400918,AE1614,20160710,,
6384,9161400919,AE1614,20160710,,
6385,9161400902,AE1614,20160710,,
6386,9161400920,AE1614,20160710,,
6387,9161400921,AE1614,20160710,,
6388,9161400922,AE1614,20160710,,
6389,9161400923,AE1614,20160710,,
6390,9161400924,AE1614,20160710,,
6391,9161400903,AE1614,20160710,,
6392,9161400904,AE1614,20160710,,
6393,9161400905,AE1614,20160710,,
6394,9161400906,AE1614,20160710,,
6395,9161400907,AE1614,20160710,,
6396,9161400908,AE1614,20160710,,
6397,9161400909,AE1614,20160710,,
6398,1035901006,AE1909,20190513,,
6399,1035901007,AE1909,20190513,,
6400,1035901008,AE1909,20190513,,
6401,1035901009,AE1909,20190513,,
6402,1035901010,AE1909,20190513,,
6403,1035901011,AE1909,20190513,,
6404,1035901012,AE1909,20190513,,
6405,1035901013,AE1909,20190513,,
6406,1035901014,AE1909,20190513,,
6407,1035901015,AE1909,20190513,,
6408,1035901016,AE1909,20190513,,
6409,1035901017,AE1909,20190513,,
6410,1035901018,AE1909,20190513,,
6411,1035901019,AE1909,20190513,,
6412,1035901020,AE1909,20190513,,
6413,1035901021,AE1909,20190513,,
6414,1035901022,AE1909,20190513,,
6415,1035901023,AE1909,20190513,,
6416,1035901024,AE1909,20190513,,
6417,1035901201,AE1909,20190514,,
6418,1035901202,AE1909,20190514,,
6419,1035901203,AE1909,20190514,,
6420,1035901204,AE1909,20190514,,
6421,1035901205,AE1909,20190514,,
6422,1035901206,AE1909,20190514,,
6423,1035901207,AE1909,20190514,,
6424,1035901208,AE1909,20190514,,
6425,1035901209,AE1909,20190514,,
6426,1035901210,AE1909,20190514,,
6427,1035901211,AE1909,20190514,,
6428,1035901212,AE1909,20190514,,
6429,1035901213,AE1909,20190514,,
6430,1035901214,AE1909,20190514,,
6431,1035901215,AE1909,20190514,,
6432,1035901216,AE1909,20190514,,
6433,1035901501,AE1909,20190514,,
6434,1035901502,AE1909,20190514,,
6435,1035901503,AE1909,20190514,,
6436,1035901504,AE1909,20190514,,
6437,1035901505,AE1909,20190514,,
6438,1035901506,AE1909,20190514,,
6439,1035901507,AE1909,20190514,,
6440,1035901508,AE1909,20190514,,
6441,1035901509,AE1909,20190514,,
6442,1035901510,AE1909,20190514,,
6443,1035901511,AE1909,20190514,,
6444,1035901512,AE1909,20190514,,
6445,1035901513,AE1909,20190514,,
6446,1035901514,AE1909,20190514,,
6447,1035901515,AE1909,20190514,,
6448,1035901516,AE1909,20190514,,
6449,1035901517,AE1909,20190514,,
6450,1035901518,AE1909,20190514,,
6451,1035901519,AE1909,20190514,,
6452,1035901520,AE1909,20190514,,
6453,1035901521,AE1909,20190514,,
6454,1035901522,AE1909,20190514,,
6455,1035901523,AE1909,20190514,,
6456,1035901524,AE1909,20190514,,
6457,1035901601,AE1909,20190514,,
6458,1035901602,AE1909,20190514,,
6459,1035901603,AE1909,20190514,,
6460,1035901604,AE1909,20190514,,
6461,1035901605,AE1909,20190514,,
6462,1035901606,AE1909,20190514,,
6463,1035901607,AE1909,20190514,,
6464,1035901608,AE1909,20190514,,
6465,1035901609,AE1909,20190514,,
6466,1035901610,AE1909,-999,,
6467,1035901611,AE1909,-999,,
6468,1035901612,AE1909,-999,,
6469,1035901613,AE1909,-999,,
6470,1035901614,AE1909,-999,,
6471,1035901615,AE1909,-999,,
6472,1035901616,AE1909,-999,,
6473,1035901617,AE1909,-999,,
6474,1035901618,AE1909,-999,,
6475,1035901619,AE1909,-999,,
6476,1035901620,AE1909,-999,,
6477,1035901621,AE1909,-999,,
6478,1035901622,AE1909,-999,,
6479,1035901623,AE1909,-999,,
6480,1035901624,AE1909,-999,,
6481,1035902001,AE1909,20190516,V1V2_dada2_read_info_03052026.xlsx,V4_dada2_read_info_03052026.xlsx
6482,1035902002,AE1909,20190516,,
6483,1035902003,AE1909,20190516,V1V2_dada2_read_info_03052026.xlsx,V4_dada2_read_info_03052026.xlsx
6484,1035902004,AE1909,20190516,,
6485,1035902005,AE1909,20190516,V1V2_dada2_read_info_03052026.xlsx,V4_dada2_read_info_03052026.xlsx
6486,1035902006,AE1909,20190516,,
6487,1035902007,AE1909,20190516,V1V2_dada2_read_info_03052026.xlsx,V4_dada2_read_info_03052026.xlsx
6488,1035902008,AE1909,20190516,,
6489,1035902009,AE1909,20190516,V1V2_dada2_read_info_03052026.xlsx,V4_dada2_read_info_03052026.xlsx
6490,1035902010,AE1909,20190516,,
6491,1035902011,AE1909,20190516,V1V2_dada2_read_info_03052026.xlsx,V4_dada2_read_info_03052026.xlsx
6492,1035902012,AE1909,20190516,,
6493,1035902013,AE1909,20190516,V1V2_dada2_read_info_03052026.xlsx,V4_dada2_read_info_03052026.xlsx
6494,1035902014,AE1909,20190516,,
6495,1035902015,AE1909,20190516,V1V2_dada2_read_info_03052026.xlsx,V4_dada2_read_info_03052026.xlsx
6496,1035902016,AE1909,20190516,,
6497,1035902017,AE1909,20190516,V1V2_dada2_read_info_03052026.xlsx,V4_dada2_read_info_03052026.xlsx
6498,1035902018,AE1909,20190516,,
6499,1035902019,AE1909,20190516,V1V2_dada2_read_info_03052026.xlsx,V4_dada2_read_info_03052026.xlsx
6500,1035902020,AE1909,20190516,,
6501,1035902021,AE1909,20190516,V1V2_dada2_read_info_03052026.xlsx,V4_dada2_read_info_03052026.xlsx
6502,1035902022,AE1909,20190516,,
6503,1035902023,AE1909,20190516,V1V2_dada2_read_info_03052026.xlsx,V4_dada2_read_info_03052026.xlsx
6504,1035902024,AE1909,20190516,,
6505,1036001001,AE1912,20190607,,
6506,1036001002,AE1912,20190607,,
6507,1036001003,AE1912,20190607,,
6508,1036001004,AE1912,20190607,,
6509,1036001005,AE1912,20190607,,
6510,1036001006,AE1912,20190607,,
6511,1036001007,AE1912,20190607,,
6512,1036001008,AE1912,20190607,,
6513,1036001009,AE1912,20190607,,
6514,1036001010,AE1912,20190607,,
6515,1036001011,AE1912,20190607,,
6516,1036001012,AE1912,20190607,,
6517,1036001013,AE1912,20190607,,
6518,1036001014,AE1912,20190607,,
6519,1036001015,AE1912,20190607,,
6520,1036001016,AE1912,20190607,,
6521,1036001017,AE1912,20190607,,
6522,1036001018,AE1912,20190607,,
6523,1036001019,AE1912,20190607,,
6524,1036001020,AE1912,20190607,,
6525,1036001021,AE1912,20190607,,
6526,1036001022,AE1912,20190607,,
6527,1036001023,AE1912,20190607,,
6528,1036001024,AE1912,20190607,,
6529,1036001201,AE1912,20190608,,
6530,1036001202,AE1912,20190608,,
6531,1036001203,AE1912,20190608,,
6532,1036001204,AE1912,20190608,,
6533,1036001205,AE1912,20190608,,
6534,1036001206,AE1912,20190608,,
6535,1036001207,AE1912,20190608,,
6536,1036001208,AE1912,20190608,,
6537,1036001209,AE1912,20190608,,
6538,1036001210,AE1912,20190608,,
6539,1036001211,AE1912,20190608,,
6540,1036001212,AE1912,20190608,,
6541,1036001213,AE1912,20190608,,
6542,1036001214,AE1912,20190608,,
6543,1036001215,AE1912,20190608,,
6544,1036001216,AE1912,20190608,,
6545,1036001217,AE1912,20190608,,
6546,1036001218,AE1912,20190608,,
6547,1036001219,AE1912,20190608,,
6548,1036001220,AE1912,20190608,,
6549,1036001221,AE1912,20190608,,
6550,1036001222,AE1912,20190608,,
6551,1036001223,AE1912,20190608,,
6552,1036001501,AE1912,20190608,,
6553,1036001502,AE1912,20190608,,
6554,1036001503,AE1912,20190608,,
6555,1036001504,AE1912,20190608,,
6556,1036001505,AE1912,20190608,,
6557,1036001506,AE1912,20190608,,
6558,1036001507,AE1912,20190608,,
6559,1036001508,AE1912,20190608,,
6560,1036001509,AE1912,20190608,,
6561,1036001510,AE1912,20190608,,
6562,1036001511,AE1912,20190608,,
6563,1036001512,AE1912,20190608,,
6564,1036001513,AE1912,20190608,,
6565,1036001514,AE1912,20190608,,
6566,1036001515,AE1912,20190608,,
6567,1036001516,AE1912,20190608,,
6568,1036001517,AE1912,20190608,,
6569,1036001518,AE1912,20190608,,
6570,1036001519,AE1912,20190608,,
6571,1036001520,AE1912,20190608,,
6572,1036001521,AE1912,20190608,,
6573,1036001522,AE1912,20190608,,
6574,1036001523,AE1912,20190608,,
6575,1036001524,AE1912,20190608,,
6576,1036001601,AE1912,20190608,,
6577,1036001602,AE1912,20190608,,
6578,1036001603,AE1912,20190608,,
6579,1036001604,AE1912,20190608,,
6580,1036001605,AE1912,20190608,,
6581,1036001606,AE1912,20190608,,
6582,1036001607,AE1912,20190608,,
6583,1036001608,AE1912,20190608,,
6584,1036001609,AE1912,20190608,,
6585,1036001610,AE1912,20190608,,
6586,1036001611,AE1912,20190608,,
6587,1036001612,AE1912,20190608,,
6588,1036001613,AE1912,20190608,,
6589,1036001614,AE1912,20190608,,
6590,1036001615,AE1912,20190608,,
6591,1036001616,AE1912,20190608,,
6592,1036001617,AE1912,20190608,,
6593,1036001618,AE1912,20190608,,
6594,1036001619,AE1912,20190608,,
6595,1036001620,AE1912,20190608,,
6596,1036001621,AE1912,20190608,,
6597,1036001622,AE1912,20190608,,
6598,1036001623,AE1912,20190608,,
6599,1036001624,AE1912,-999,,
6600,1036001801,AE1912,20190609,,
6601,1036001802,AE1912,20190609,,
6602,1036001803,AE1912,20190609,,
6603,1036001804,AE1912,20190609,,
6604,1036001805,AE1912,20190609,,
6605,1036001806,AE1912,20190609,,
6606,1036001807,AE1912,20190609,,
6607,1036001808,AE1912,20190609,,
6608,1036001809,AE1912,20190609,,
6609,1036001810,AE1912,20190609,,
6610,1036001811,AE1912,20190609,,
6611,1036001812,AE1912,20190609,,
6612,1036001813,AE1912,20190609,,
6613,1036001814,AE1912,20190609,,
6614,1036001815,AE1912,20190609,,
6615,1036001816,AE1912,20190609,,
6616,1036001817,AE1912,20190609,,
6617,1036001818,AE1912,20190609,,
6618,1036001819,AE1912,20190609,,
6619,1036001820,AE1912,20190609,,
6620,1036001821,AE1912,20190609,,
6621,1036001822,AE1912,20190609,,
6622,1036001823,AE1912,-999,,
6623,1036001824,AE1912,-999,,
6624,1036001901,AE1912,20190609,V1V2_dada2_read_info_03052026.xlsx,V4_dada2_read_info_03052026.xlsx
6625,1036001902,AE1912,20190609,,
6626,1036001903,AE1912,20190609,V1V2_dada2_read_info_03052026.xlsx,V4_dada2_read_info_03052026.xlsx
6627,1036001904,AE1912,20190609,,
6628,1036001905,AE1912,20190609,V1V2_dada2_read_info_03052026.xlsx,V4_dada2_read_info_03052026.xlsx
6629,1036001906,AE1912,20190609,,
6630,1036001907,AE1912,20190609,V1V2_dada2_read_info_03052026.xlsx,V4_dada2_read_info_03052026.xlsx
6631,1036001908,AE1912,20190609,,
6632,1036001909,AE1912,20190609,V1V2_dada2_read_info_03052026.xlsx,V4_dada2_read_info_03052026.xlsx
6633,1036001910,AE1912,20190609,,
6634,1036001911,AE1912,20190609,V1V2_dada2_read_info_03052026.xlsx,V4_dada2_read_info_03052026.xlsx
6635,1036001912,AE1912,20190609,,
6636,1036001913,AE1912,20190609,V1V2_dada2_read_info_03052026.xlsx,V4_dada2_read_info_03052026.xlsx
6637,1036001914,AE1912,20190609,,
6638,1036001915,AE1912,20190609,V1V2_dada2_read_info_03052026.xlsx,V4_dada2_read_info_03052026.xlsx
6639,1036001916,AE1912,20190609,,
6640,1036001917,AE1912,20190609,V1V2_dada2_read_info_03052026.xlsx,V4_dada2_read_info_03052026.xlsx
6641,1036001918,AE1912,20190609,,
6642,1036001919,AE1912,20190609,V1V2_dada2_read_info_03052026.xlsx,V4_dada2_read_info_03052026.xlsx
6643,1036001920,AE1912,20190609,,
6644,1036001921,AE1912,20190609,V1V2_dada2_read_info_03052026.xlsx,V4_dada2_read_info_03052026.xlsx
6645,1036001922,AE1912,20190609,,
6646,1036001923,AE1912,20190609,V1V2_dada2_read_info_03052026.xlsx,V4_dada2_read_info_03052026.xlsx
6647,1036001924,AE1912,20190609,,
6648,1036100901,AE1917,20190715,,
6649,1036100902,AE1917,20190715,,
6650,1036100903,AE1917,20190715,,
6651,1036100904,AE1917,20190715,,
6652,1036100905,AE1917,20190715,,
6653,1036100906,AE1917,20190715,,
6654,1036100907,AE1917,20190715,,
6655,1036100908,AE1917,20190715,,
6656,1036100909,AE1917,20190715,,
6657,1036100910,AE1917,20190715,,
6658,1036100911,AE1917,20190715,,
6659,1036100912,AE1917,20190715,,
6660,1036100913,AE1917,20190715,,
6661,1036100914,AE1917,20190715,,
6662,1036100915,AE1917,20190715,,
6663,1036100916,AE1917,20190715,,
6664,1036100917,AE1917,20190715,,
6665,1036100918,AE1917,20190715,,
6666,1036100919,AE1917,20190715,,
6667,1036100920,AE1917,20190715,,
6668,1036100921,AE1917,20190715,,
6669,1036100922,AE1917,20190715,,
6670,1036100923,AE1917,20190715,,
6671,1036100924,AE1917,20190715,,
6672,1036101501,AE1917,20190717,,
6673,1036101502,AE1917,20190717,,
6674,1036101503,AE1917,20190717,,
6675,1036101504,AE1917,20190717,,
6676,1036101505,AE1917,20190717,,
6677,1036101506,AE1917,20190717,,
6678,1036101507,AE1917,20190717,,
6679,1036101508,AE1917,20190717,,
6680,1036101509,AE1917,20190717,,
6681,1036101510,AE1917,20190717,,
6682,1036101511,AE1917,20190717,,
6683,1036101512,AE1917,20190717,,
6684,1036101513,AE1917,20190717,,
6685,1036101514,AE1917,20190717,,
6686,1036101515,AE1917,20190717,,
6687,1036101516,AE1917,20190717,,
6688,1036101701,AE1917,20190717,,
6689,1036101702,AE1917,20190717,,
6690,1036101703,AE1917,20190717,,
6691,1036101704,AE1917,20190717,,
6692,1036101705,AE1917,20190717,,
6693,1036101706,AE1917,20190717,,
6694,1036101707,AE1917,20190717,,
6695,1036101708,AE1917,20190717,,
6696,1036101709,AE1917,20190717,,
6697,1036101710,AE1917,20190717,,
6698,1036101711,AE1917,20190717,,
6699,1036101712,AE1917,20190717,,
6700,1036101713,AE1917,20190717,,
6701,1036101714,AE1917,20190717,,
6702,1036101715,AE1917,20190717,,
6703,1036101716,AE1917,20190717,,
6704,1036101717,AE1917,20190717,,
6705,1036101718,AE1917,20190717,,
6706,1036101719,AE1917,20190717,,
6707,1036101720,AE1917,20190717,,
6708,1036101721,AE1917,20190717,,
6709,1036101722,AE1917,20190717,,
6710,1036101723,AE1917,20190717,,
6711,1036101724,AE1917,20190717,,
6712,1036101801,AE1917,20190717,,
6713,1036101802,AE1917,20190717,,
6714,1036101803,AE1917,20190717,,
6715,1036101804,AE1917,20190717,,
6716,1036101805,AE1917,20190717,,
6717,1036101806,AE1917,20190717,,
6718,1036101807,AE1917,20190717,,
6719,1036101808,AE1917,20190717,,
6720,1036101809,AE1917,-999,,
6721,1036101810,AE1917,-999,,
6722,1036101811,AE1917,-999,,
6723,1036101812,AE1917,-999,,
6724,1036101813,AE1917,-999,,
6725,1036101814,AE1917,-999,,
6726,1036101815,AE1917,-999,,
6727,1036101816,AE1917,-999,,
6728,1036101817,AE1917,-999,,
6729,1036101818,AE1917,-999,,
6730,1036101819,AE1917,-999,,
6731,1036101820,AE1917,-999,,
6732,1036101821,AE1917,-999,,
6733,1036101822,AE1917,-999,,
6734,1036101823,AE1917,-999,,
6735,1036101824,AE1917,-999,,
6736,1036101901,AE1917,20190718,V1V2_dada2_read_info_03052026.xlsx,V4_dada2_read_info_03052026.xlsx
6737,1036101902,AE1917,20190718,,
6738,1036101903,AE1917,20190718,,
6739,1036101904,AE1917,20190718,V1V2_dada2_read_info_03052026.xlsx,V4_dada2_read_info_03052026.xlsx
6740,1036101905,AE1917,20190718,,
6741,1036101906,AE1917,20190718,V1V2_dada2_read_info_03052026.xlsx,V4_dada2_read_info_03052026.xlsx
6742,1036101907,AE1917,20190718,,
6743,1036101908,AE1917,20190718,V1V2_dada2_read_info_03052026.xlsx,V4_dada2_read_info_03052026.xlsx
6744,1036101909,AE1917,20190718,,
6745,1036101910,AE1917,20190718,V1V2_dada2_read_info_03052026.xlsx,V4_dada2_read_info_03052026.xlsx
6746,1036101911,AE1917,20190718,V1V2_dada2_read_info_03052026.xlsx,V4_dada2_read_info_03052026.xlsx
6747,1036101912,AE1917,20190718,,
6748,1036101913,AE1917,20190718,,V4_dada2_read_info_03052026.xlsx
6749,1036101914,AE1917,20190718,,
6750,1036101915,AE1917,20190718,V1V2_dada2_read_info_03052026.xlsx,V4_dada2_read_info_03052026.xlsx
6751,1036101916,AE1917,20190718,,
6752,1036101917,AE1917,20190718,,
6753,1036101918,AE1917,20190718,V1V2_dada2_read_info_03052026.xlsx,V4_dada2_read_info_03052026.xlsx
6754,1036101919,AE1917,20190718,V1V2_dada2_read_info_03052026.xlsx,V4_dada2_read_info_03052026.xlsx
6755,1036101920,AE1917,20190718,,
6756,1036101921,AE1917,20190718,V1V2_dada2_read_info_03052026.xlsx,V4_dada2_read_info_03052026.xlsx
6757,1036101922,AE1917,20190718,,
6758,1036101923,AE1917,20190718,V1V2_dada2_read_info_03052026.xlsx,V4_dada2_read_info_03052026.xlsx
6759,1036101924,AE1917,20190718,,
6760,1036200901,AE1921,20190817,,
6761,1036200902,AE1921,20190817,,
6762,1036200903,AE1921,20190817,,
6763,1036200904,AE1921,20190817,,
6764,1036200905,AE1921,20190817,,
6765,1036200906,AE1921,20190817,,
6766,1036200907,AE1921,20190817,,
6767,1036200908,AE1921,20190817,,
6768,1036200909,AE1921,20190817,,
6769,1036200910,AE1921,20190817,,
6770,1036200911,AE1921,20190817,,
6771,1036200912,AE1921,20190817,,
6772,1036200913,AE1921,20190817,,
6773,1036200914,AE1921,20190817,,
6774,1036201001,AE1921,20190818,,
6775,1036201002,AE1921,20190818,,
6776,1036201003,AE1921,20190818,,
6777,1036201004,AE1921,20190818,,
6778,1036201005,AE1921,20190818,,
6779,1036201006,AE1921,20190818,,
6780,1036201007,AE1921,20190818,,
6781,1036201008,AE1921,20190818,,
6782,1036201009,AE1921,20190818,,
6783,1036201010,AE1921,20190818,,
6784,1036201011,AE1921,20190818,,
6785,1036201012,AE1921,20190818,,
6786,1036201013,AE1921,20190818,,
6787,1036201014,AE1921,20190818,,
6788,1036201015,AE1921,20190818,,
6789,1036201016,AE1921,20190818,,
6790,1036201017,AE1921,20190818,,
6791,1036201018,AE1921,20190818,,
6792,1036201019,AE1921,20190818,,
6793,1036201020,AE1921,20190818,,
6794,1036201021,AE1921,20190818,,
6795,1036201022,AE1921,20190818,,
6796,1036201023,AE1921,20190818,,
6797,1036201024,AE1921,20190818,,
6798,1036201201,AE1921,20190819,,
6799,1036201202,AE1921,20190819,,
6800,1036201203,AE1921,20190819,,
6801,1036201204,AE1921,20190819,,
6802,1036201205,AE1921,20190819,,
6803,1036201206,AE1921,20190819,,
6804,1036201207,AE1921,20190819,,
6805,1036201208,AE1921,20190819,,
6806,1036201209,AE1921,20190819,,
6807,1036201210,AE1921,20190819,,
6808,1036201211,AE1921,20190819,,
6809,1036201212,AE1921,20190819,,
6810,1036201213,AE1921,20190819,,
6811,1036201214,AE1921,20190819,,
6812,1036201215,AE1921,20190819,,
6813,1036201216,AE1921,20190819,,
6814,1036201501,AE1921,20190819,,
6815,1036201502,AE1921,20190819,,
6816,1036201503,AE1921,20190819,,
6817,1036201504,AE1921,20190819,,
6818,1036201505,AE1921,20190819,,
6819,1036201506,AE1921,20190819,,
6820,1036201507,AE1921,20190819,,
6821,1036201508,AE1921,20190819,,
6822,1036201509,AE1921,20190819,,
6823,1036201510,AE1921,20190819,,
6824,1036201511,AE1921,20190819,,
6825,1036201512,AE1921,20190819,,
6826,1036201513,AE1921,20190819,,
6827,1036201514,AE1921,20190819,,
6828,1036201515,AE1921,20190819,,
6829,1036201516,AE1921,20190819,,
6830,1036201517,AE1921,20190819,,
6831,1036201518,AE1921,20190819,,
6832,1036201519,AE1921,20190819,,
6833,1036201520,AE1921,20190819,,
6834,1036201521,AE1921,20190819,,
6835,1036201522,AE1921,20190819,,
6836,1036201523,AE1921,20190819,,
6837,1036201524,AE1921,20190819,,
6838,1036201701,AE1921,20190820,,
6839,1036201702,AE1921,-999,,
6840,1036201703,AE1921,-999,,
6841,1036201704,AE1921,20190820,,
6842,1036201705,AE1921,-999,,
6843,1036201706,AE1921,-999,,
6844,1036201707,AE1921,20190820,,
6845,1036201708,AE1921,-999,,
6846,1036201709,AE1921,-999,,
6847,1036201710,AE1921,-999,,
6848,1036201711,AE1921,-999,,
6849,1036201712,AE1921,-999,,
6850,1036201713,AE1921,-999,,
6851,1036201714,AE1921,-999,,
6852,1036201715,AE1921,-999,,
6853,1036201716,AE1921,-999,,
6854,1036201717,AE1921,-999,,
6855,1036201718,AE1921,-999,,
6856,1036201719,AE1921,-999,,
6857,1036201720,AE1921,-999,,
6858,1036201721,AE1921,-999,,
6859,1036201722,AE1921,-999,,
6860,1036201723,AE1921,-999,,
6861,1036201724,AE1921,-999,,
6862,1036202201,AE1921,20190821,V1V2_dada2_read_info_03052026.xlsx,V4_dada2_read_info_03052026.xlsx
6863,1036202202,AE1921,20190821,,
6864,1036202203,AE1921,20190821,V1V2_dada2_read_info_03052026.xlsx,V4_dada2_read_info_03052026.xlsx
6865,1036202204,AE1921,20190821,,
6866,1036202205,AE1921,20190821,V1V2_dada2_read_info_03052026.xlsx,V4_dada2_read_info_03052026.xlsx
6867,1033900707,AE1718,20170913,,
6868,1033900708,AE1718,20170913,,
6869,1033900709,AE1718,20170913,,
6870,1033900710,AE1718,20170913,,
6871,1033900711,AE1718,20170913,,
6872,1033900712,AE1718,20170913,,
6873,1033900713,AE1718,20170913,,
6874,1033900714,AE1718,20170913,,
6875,1033900715,AE1718,20170913,,
6876,1033900716,AE1718,20170913,,
6877,1033900717,AE1718,20170913,,
6878,1033900718,AE1718,20170913,,
6879,1033900719,AE1718,20170913,,
6880,1033900720,AE1718,20170913,,
6881,1033900721,AE1718,20170913,,
6882,1033900722,AE1718,20170913,,
6883,1033900723,AE1718,20170913,,
6884,1033900724,AE1718,20170913,,
6885,1033900801,AE1718,20170913,,
6886,1033900802,AE1718,20170913,,
6887,1033900803,AE1718,20170913,,
6888,1033900804,AE1718,20170913,,
6889,1033900805,AE1718,20170913,,
6890,1033900806,AE1718,20170913,,
6891,1033900807,AE1718,20170913,,
6892,1033900808,AE1718,20170913,,
6893,1033900809,AE1718,20170913,,
6894,1033900810,AE1718,20170913,,
6895,1033900811,AE1718,20170913,,
6896,1033900812,AE1718,20170913,,
6897,1033900813,AE1718,20170913,,
6898,1033900814,AE1718,20170913,,
6899,1033900815,AE1718,20170913,,
6900,1033900816,AE1718,20170913,,
6901,1033900817,AE1718,20170913,,
6902,1033900818,AE1718,20170913,,
6903,1033900819,AE1718,20170913,,
6904,1033900820,AE1718,20170913,,
6905,1033900821,AE1718,20170913,,
6906,1033900822,AE1718,20170913,,
6907,1033900823,AE1718,20170913,,
6908,1033900824,AE1718,20170913,,
6909,1033901101,AE1718,20170914,,
6910,1033901102,AE1718,20170914,V1V2_dada2_read_info_03052026.xlsx,V4_dada2_read_info_03052026.xlsx
6911,1033901103,AE1718,20170914,,
6912,1033901104,AE1718,20170914,V1V2_dada2_read_info_03052026.xlsx,V4_dada2_read_info_03052026.xlsx
6913,1033901105,AE1718,20170914,,
6914,1033901106,AE1718,20170914,,
6915,1033901107,AE1718,20170914,V1V2_dada2_read_info_03052026.xlsx,V4_dada2_read_info_03052026.xlsx
6916,1033901108,AE1718,20170914,,
6917,1033901109,AE1718,20170914,V1V2_dada2_read_info_03052026.xlsx,V4_dada2_read_info_03052026.xlsx
6918,1033901110,AE1718,20170914,,
6919,1033901111,AE1718,20170914,,
6920,1033901112,AE1718,20170914,V1V2_dada2_read_info_03052026.xlsx,V4_dada2_read_info_03052026.xlsx
6921,1033901113,AE1718,20170914,V1V2_dada2_read_info_03052026.xlsx,V4_dada2_read_info_03052026.xlsx
6922,1033901114,AE1718,20170914,,
6923,1033901115,AE1718,20170914,V1V2_dada2_read_info_03052026.xlsx,V4_dada2_read_info_03052026.xlsx
6924,1033901116,AE1718,20170914,,
6925,1033901117,AE1718,20170914,V1V2_dada2_read_info_03052026.xlsx,V4_dada2_read_info_03052026.xlsx
6926,1033901118,AE1718,20170914,,
6927,1033901119,AE1718,20170914,,
6928,1033901120,AE1718,20170914,V1V2_dada2_read_info_03052026.xlsx,
6929,1033901121,AE1718,20170914,V1V2_dada2_read_info_03052026.xlsx,
6930,1033901122,AE1718,20170914,V1V2_dada2_read_info_03052026.xlsx,
6931,1033901123,AE1718,20170914,V1V2_dada2_read_info_03052026.xlsx,
6932,1033901124,AE1718,20170914,,
6933,1034401309,AE1805,20180212,V1V2_dada2_read_info_03052026.xlsx,V4_dada2_read_info_03052026.xlsx
6934,1034401310,AE1805,20180212,,
6935,1034401311,AE1805,20180212,V1V2_dada2_read_info_03052026.xlsx,V4_dada2_read_info_03052026.xlsx
6936,1034401312,AE1805,20180212,,
6937,1034401313,AE1805,20180212,V1V2_dada2_read_info_03052026.xlsx,V4_dada2_read_info_03052026.xlsx
6938,1034401314,AE1805,20180212,,
6939,1034401315,AE1805,20180212,V1V2_dada2_read_info_03052026.xlsx,V4_dada2_read_info_03052026.xlsx
6940,1034401316,AE1805,20180212,,
6941,1034401317,AE1805,20180212,V1V2_dada2_read_info_03052026.xlsx,V4_dada2_read_info_03052026.xlsx
6942,1034401318,AE1805,20180212,,
6943,1034401319,AE1805,20180212,V1V2_dada2_read_info_03052026.xlsx,V4_dada2_read_info_03052026.xlsx
6944,1034401320,AE1805,20180212,,
6945,1034401321,AE1805,20180212,V1V2_dada2_read_info_03052026.xlsx,V4_dada2_read_info_03052026.xlsx
6946,1034401322,AE1805,20180212,,
6947,1034401323,AE1805,20180212,V1V2_dada2_read_info_03052026.xlsx,V4_dada2_read_info_03052026.xlsx
6948,1034401324,AE1805,20180212,,
6949,1034500201,AE1807,20180314,,
6950,1034500202,AE1807,20180314,,
6951,1034500203,AE1807,20180314,,
6952,1034500204,AE1807,20180314,,
6953,1034500205,AE1807,20180314,,
6954,1034500206,AE1807,20180314,,
6955,1034500207,AE1807,20180314,,
6956,1034500208,AE1807,20180314,,
6957,1034500209,AE1807,20180314,,
6958,1034500210,AE1807,20180314,,
6959,1034500211,AE1807,20180314,,
6960,1034500212,AE1807,20180314,,
6961,1034500213,AE1807,20180314,,
6962,1034500214,AE1807,20180314,,
6963,1034500215,AE1807,20180314,,
6964,1034500216,AE1807,20180314,,
6965,1034500217,AE1807,20180314,,
6966,1034500218,AE1807,20180314,,
6967,1034500219,AE1807,20180314,,
6968,1034500220,AE1807,20180314,,
6969,1034500221,AE1807,20180314,,
6970,1034500222,AE1807,20180314,,
6971,1034500223,AE1807,20180314,,
6972,1034500224,AE1807,20180314,,
6973,1034500401,AE1807,20180315,,
6974,1034500402,AE1807,20180315,,
6975,1034500403,AE1807,20180315,,
6976,1034500404,AE1807,20180315,,
6977,1034500405,AE1807,20180315,,
6978,1034500406,AE1807,20180315,,
6979,1034500407,AE1807,20180315,,
6980,1034500408,AE1807,20180315,,
6981,1034500409,AE1807,20180315,,
6982,1034500410,AE1807,20180315,,
6983,1034500411,AE1807,20180315,,
6984,1034500412,AE1807,20180315,,
6985,1034500413,AE1807,20180315,,
6986,1034500414,AE1807,20180315,,
6987,1034500415,AE1807,20180315,,
6988,1034500416,AE1807,20180315,,
6989,1034500501,AE1807,20180315,,
6990,1034500502,AE1807,20180315,,
6991,1034500503,AE1807,20180315,,
6992,1034500504,AE1807,20180315,,
6993,1034500505,AE1807,20180315,,
6994,1034500506,AE1807,20180315,,
6995,1034500507,AE1807,20180315,,
6996,1034500508,AE1807,20180315,,
6997,1034500509,AE1807,20180315,,
6998,1034500510,AE1807,20180315,,
6999,1034500511,AE1807,20180315,,
7000,1034500512,AE1807,20180315,,
7001,1034500513,AE1807,20180315,,
7002,1034500514,AE1807,20180315,,
7003,1034500515,AE1807,20180315,,
7004,1034500516,AE1807,20180315,,
7005,1034500517,AE1807,20180315,,
7006,1034500518,AE1807,20180315,,
7007,1034500519,AE1807,20180315,,
7008,1034500520,AE1807,20180315,,
7009,1034500521,AE1807,20180315,,
7010,1034500522,AE1807,20180315,,
7011,1034500523,AE1807,20180315,,
7012,1034500524,AE1807,20180315,,
7013,1034600101,AE1810,20180412,,
7014,1034600102,AE1810,20180412,,
7015,1034600103,AE1810,20180412,,
7016,1034600104,AE1810,20180412,,
7017,1034600105,AE1810,20180412,,
7018,1034600106,AE1810,20180412,,
7019,1034600107,AE1810,20180412,,
7020,1034600108,AE1810,20180412,,
7021,1034600109,AE1810,20180412,,
7022,1034600110,AE1810,20180412,,
7023,1034600111,AE1810,20180412,,
7024,1034600112,AE1810,20180412,,
7025,1034600113,AE1810,20180412,,
7026,1034600114,AE1810,20180412,,
7027,1034600115,AE1810,20180412,,
7028,1034600116,AE1810,20180412,,
7029,1034600117,AE1810,20180412,,
7030,1034600118,AE1810,20180412,,
7031,1034600119,AE1810,20180412,,
7032,1034600120,AE1810,20180412,,
7033,1034600121,AE1810,20180412,,
7034,1034600122,AE1810,20180412,,
7035,1034600123,AE1810,20180412,,
7036,1034600124,AE1810,20180412,,
7037,1034600301,AE1810,20180413,,
7038,1034600302,AE1810,20180413,,
7039,1034600303,AE1810,20180413,,
7040,1034600304,AE1810,20180413,,
7041,1034600305,AE1810,20180413,,
7042,1034600306,AE1810,20180413,,
7043,1034600307,AE1810,20180413,,
7044,1034600308,AE1810,20180413,,
7045,1034600309,AE1810,20180413,,
7046,1034600310,AE1810,20180413,,
7047,1034600311,AE1810,20180413,,
7048,1034600312,AE1810,20180413,,
7049,1034600313,AE1810,20180413,,
7050,1034600314,AE1810,20180413,,
7051,1034600315,AE1810,20180413,,
7052,1034600316,AE1810,20180413,,
7053,1034600317,AE1810,20180413,,
7054,1034600318,AE1810,20180413,,
7055,1034600319,AE1810,20180413,,
7056,1034600320,AE1810,20180413,,
7057,1034600321,AE1810,20180413,,
7058,1034600322,AE1810,20180413,,
7059,1034600323,AE1810,20180413,,
7060,1034600324,AE1810,20180413,,
7061,1034600501,AE1810,20180414,,
7062,1034600502,AE1810,20180414,,
7063,1034600503,AE1810,20180414,,
7064,1034600504,AE1810,20180414,,
7065,1034600505,AE1810,20180414,,
7066,1034600506,AE1810,20180414,,
7067,1034600507,AE1810,20180414,,
7068,1034600508,AE1810,20180414,,
7069,1034600509,AE1810,20180414,,
7070,1034600510,AE1810,20180414,,
7071,1034600511,AE1810,20180414,,
7072,1034600512,AE1810,20180414,,
7073,1034600513,AE1810,20180414,,
7074,1034600514,AE1810,20180414,,
7075,1034600515,AE1810,20180414,,
7076,1034600516,AE1810,20180414,,
7077,1034600601,AE1810,20180414,,
7078,1034600602,AE1810,20180414,,
7079,1034600603,AE1810,20180414,,
7080,1034600604,AE1810,20180414,,
7081,1034600605,AE1810,20180414,,
7082,1034600606,AE1810,20180414,,
7083,1034600607,AE1810,20180414,,
7084,1034600608,AE1810,20180414,,
7085,1034600609,AE1810,20180414,,
7086,1034600610,AE1810,20180414,,
7087,1034600611,AE1810,20180414,,
7088,1034600612,AE1810,20180414,,
7089,1034600613,AE1810,20180414,,
7090,1034600614,AE1810,20180414,,
7091,1034600615,AE1810,20180414,,
7092,1034600616,AE1810,20180414,,
7093,1034600617,AE1810,20180414,,
7094,1034600618,AE1810,20180414,,
7095,1034600619,AE1810,20180414,,
7096,1034600620,AE1810,20180414,,
7097,1034600621,AE1810,20180414,,
7098,1034600622,AE1810,20180414,,
7099,1034600623,AE1810,20180414,,
7100,1034600624,AE1810,20180414,,
7101,1034600701,AE1810,20180414,,
7102,1034600702,AE1810,20180414,,
7103,1034600703,AE1810,20180414,,
7104,1034600704,AE1810,20180414,,
7105,1034600705,AE1810,20180414,,
7106,1034600706,AE1810,20180414,,
7107,1034600707,AE1810,20180414,,
7108,1034600708,AE1810,20180414,,
7109,1034600709,AE1810,20180414,,
7110,1034600710,AE1810,-999,,
7111,1034600711,AE1810,-999,,
7112,1034600712,AE1810,-999,,
7113,1034600713,AE1810,-999,,
7114,1034600714,AE1810,-999,,
7115,1034600715,AE1810,-999,,
7116,1034600716,AE1810,-999,,
7117,1034600717,AE1810,-999,,
7118,1034600718,AE1810,-999,,
7119,1034600719,AE1810,-999,,
7120,1034600720,AE1810,-999,,
7121,1034600721,AE1810,-999,,
7122,1034600722,AE1810,-999,,
7123,1034600723,AE1810,-999,,
7124,1034600724,AE1810,-999,,
7125,1034601201,AE1810,20180416,V1V2_dada2_read_info_03052026.xlsx,V4_dada2_read_info_03052026.xlsx
7126,1034601202,AE1810,20180416,,
7127,1034601203,AE1810,20180416,V1V2_dada2_read_info_03052026.xlsx,V4_dada2_read_info_03052026.xlsx
7128,1034601204,AE1810,20180416,,
7129,1034601205,AE1810,20180416,V1V2_dada2_read_info_03052026.xlsx,V4_dada2_read_info_03052026.xlsx
7130,1034601206,AE1810,20180416,,
7131,1034601207,AE1810,20180416,V1V2_dada2_read_info_03052026.xlsx,V4_dada2_read_info_03052026.xlsx
7132,1034601208,AE1810,20180416,,
7133,1034601209,AE1810,20180416,V1V2_dada2_read_info_03052026.xlsx,V4_dada2_read_info_03052026.xlsx
7134,1034601210,AE1810,20180416,,
7135,1034601211,AE1810,20180416,V1V2_dada2_read_info_03052026.xlsx,V4_dada2_read_info_03052026.xlsx
7136,1034601212,AE1810,20180416,,
7137,1034601213,AE1810,20180416,V1V2_dada2_read_info_03052026.xlsx,V4_dada2_read_info_03052026.xlsx
7138,1034601214,AE1810,20180416,,
7139,1034601215,AE1810,20180416,V1V2_dada2_read_info_03052026.xlsx,V4_dada2_read_info_03052026.xlsx
7140,1034601216,AE1810,20180416,,
7141,1034601217,AE1810,20180416,V1V2_dada2_read_info_03052026.xlsx,V4_dada2_read_info_03052026.xlsx
7142,1034601218,AE1810,20180416,,
7143,1034601219,AE1810,20180416,V1V2_dada2_read_info_03052026.xlsx,V4_dada2_read_info_03052026.xlsx
7144,1034601220,AE1810,20180416,,
7145,1034601221,AE1810,20180416,V1V2_dada2_read_info_03052026.xlsx,V4_dada2_read_info_03052026.xlsx
7146,1034601222,AE1810,20180416,,
7147,1034601223,AE1810,20180416,V1V2_dada2_read_info_03052026.xlsx,V4_dada2_read_info_03052026.xlsx
7148,1034601224,AE1810,20180416,,
7149,1034700801,AE1814,20180523,,
7150,1034700802,AE1814,20180523,,
7151,1034700803,AE1814,20180523,,
7152,1034700804,AE1814,20180523,,
7153,1034700805,AE1814,20180523,,
7154,1034700806,AE1814,20180523,,
7155,1034700807,AE1814,20180523,,
7156,1034700808,AE1814,20180523,,
7157,1034700809,AE1814,20180523,,
7158,1034700810,AE1814,20180523,,
7159,1034700811,AE1814,20180523,,
7160,1034700812,AE1814,20180523,,
7161,1034700813,AE1814,20180523,,
7162,1034700814,AE1814,20180523,,
7163,1034700815,AE1814,20180523,,
7164,1034700901,AE1814,20180523,,
7165,1034700902,AE1814,20180523,,
7166,1034700903,AE1814,20180523,,
7167,1034700904,AE1814,20180523,,
7168,1034700905,AE1814,20180523,,
7169,1034700906,AE1814,20180523,,
7170,1034700907,AE1814,20180523,,
7171,1034700908,AE1814,20180523,,
7172,1034700909,AE1814,20180523,,
7173,1034700910,AE1814,20180523,,
7174,1034700911,AE1814,20180523,,
7175,1034700912,AE1814,20180523,,
7176,1034700913,AE1814,20180523,,
7177,1034700914,AE1814,20180523,,
7178,1034700915,AE1814,20180523,,
7179,1034700916,AE1814,20180523,,
7180,1034700917,AE1814,20180523,,
7181,1034700918,AE1814,20180523,,
7182,1034700919,AE1814,20180523,,
7183,1034700920,AE1814,20180523,,
7184,1034700921,AE1814,20180523,,
7185,1034700922,AE1814,20180523,,
7186,1034700923,AE1814,20180523,,
7187,1034700924,AE1814,20180523,,
7188,1034701001,AE1814,20180524,,
7189,1034701002,AE1814,20180524,,
7190,1034701003,AE1814,20180524,,
7191,1034701004,AE1814,20180524,,
7192,1034701005,AE1814,20180524,,
7193,1034701006,AE1814,20180524,,
7194,1034701007,AE1814,20180524,,
7195,1034701008,AE1814,20180524,,
7196,1034701009,AE1814,20180524,,
7197,1034701010,AE1814,20180524,,
7198,1034701011,AE1814,20180524,,
7199,1034701012,AE1814,20180524,,
7200,1034701013,AE1814,20180524,,
7201,1034701014,AE1814,20180524,,
7202,1034701015,AE1814,20180524,,
7203,1034701016,AE1814,20180524,,
7204,1034701201,AE1814,20180524,,
7205,1034701202,AE1814,20180524,,
7206,1034701203,AE1814,20180524,,
7207,1034701204,AE1814,20180524,,
7208,1034701205,AE1814,20180524,,
7209,1034701206,AE1814,20180524,,
7210,1034701207,AE1814,20180524,,
7211,1034701208,AE1814,20180524,,
7212,1034701209,AE1814,20180524,,
7213,1034701210,AE1814,20180524,,
7214,1034701211,AE1814,20180524,,
7215,1034701212,AE1814,20180524,,
7216,1034701213,AE1814,20180524,,
7217,1034701214,AE1814,20180524,,
7218,1034701215,AE1814,20180524,,
7219,1034701216,AE1814,20180524,,
7220,1034701217,AE1814,20180524,,
7221,1034701218,AE1814,20180524,,
7222,1034701219,AE1814,20180524,,
7223,1034701220,AE1814,20180524,,
7224,1034701221,AE1814,20180524,,
7225,1034701222,AE1814,20180524,,
7226,1034701223,AE1814,20180524,,
7227,1034701224,AE1814,20180524,,
7228,1034701301,AE1814,-999,,
7229,1034701302,AE1814,-999,,
7230,1034701303,AE1814,-999,,
7231,1034701304,AE1814,-999,,
7232,1034701305,AE1814,-999,,
7233,1034701306,AE1814,-999,,
7234,1034701307,AE1814,-999,,
7235,1034701308,AE1814,-999,,
7236,1034701309,AE1814,-999,,
7237,1034701310,AE1814,-999,,
7238,1034701311,AE1814,-999,,
7239,1034701312,AE1814,-999,,
7240,1034701313,AE1814,-999,,
7241,1034701314,AE1814,-999,,
7242,1034701315,AE1814,-999,,
7243,1034701316,AE1814,20180524,,
7244,1034701317,AE1814,20180524,,
7245,1034701318,AE1814,20180524,,
7246,1034701319,AE1814,20180524,,
7247,1034701320,AE1814,20180524,,
7248,1034701321,AE1814,20180524,,
7249,1034701322,AE1814,20180524,,
7250,1034701323,AE1814,20180524,,
7251,1034701324,AE1814,20180524,,
7252,1034701601,AE1814,20180525,V1V2_dada2_read_info_03052026.xlsx,V4_dada2_read_info_03052026.xlsx
7253,1034701602,AE1814,20180525,,
7254,1034701603,AE1814,20180525,V1V2_dada2_read_info_03052026.xlsx,V4_dada2_read_info_03052026.xlsx
7255,1034701604,AE1814,20180525,,
7256,1034701605,AE1814,20180525,V1V2_dada2_read_info_03052026.xlsx,V4_dada2_read_info_03052026.xlsx
7257,1034701606,AE1814,20180525,,
7258,1034701607,AE1814,20180525,V1V2_dada2_read_info_03052026.xlsx,V4_dada2_read_info_03052026.xlsx
7259,1034701608,AE1814,20180525,,
7260,1034701609,AE1814,20180525,V1V2_dada2_read_info_03052026.xlsx,V4_dada2_read_info_03052026.xlsx
7261,1034701610,AE1814,20180525,,
7262,1034701611,AE1814,20180525,V1V2_dada2_read_info_03052026.xlsx,V4_dada2_read_info_03052026.xlsx
7263,1034701612,AE1814,20180525,,
7264,1034701613,AE1814,20180525,V1V2_dada2_read_info_03052026.xlsx,V4_dada2_read_info_03052026.xlsx
7265,1034701614,AE1814,20180525,,
7266,1034701615,AE1814,20180525,V1V2_dada2_read_info_03052026.xlsx,V4_dada2_read_info_03052026.xlsx
7267,1034701616,AE1814,20180525,,
7268,1034701617,AE1814,20180525,V1V2_dada2_read_info_03052026.xlsx,V4_dada2_read_info_03052026.xlsx
7269,1034701618,AE1814,20180525,,
7270,1034701619,AE1814,20180525,V1V2_dada2_read_info_03052026.xlsx,V4_dada2_read_info_03052026.xlsx
7271,1034701620,AE1814,20180525,,
7272,1034701621,AE1814,20180525,V1V2_dada2_read_info_03052026.xlsx,V4_dada2_read_info_03052026.xlsx
7273,1034701622,AE1814,20180525,,
7274,1034701623,AE1814,20180525,V1V2_dada2_read_info_03052026.xlsx,V4_dada2_read_info_03052026.xlsx
7275,1034701624,AE1814,20180525,,
7276,1034800601,AE1817,20180612,,
7277,1034800602,AE1817,20180612,,
7278,1034800603,AE1817,20180612,,
7279,1034800604,AE1817,20180612,,
7280,1034800605,AE1817,20180612,,
7281,1034800606,AE1817,20180612,,
7282,1034800607,AE1817,20180612,,
7283,1034800608,AE1817,20180612,,
7284,1034800609,AE1817,20180612,,
7285,1034800610,AE1817,20180612,,
7286,1034800611,AE1817,20180612,,
7287,1034800612,AE1817,20180612,,
7288,1034800613,AE1817,20180612,,
7289,1034800614,AE1817,20180612,,
7290,1034800615,AE1817,20180612,,
7291,1034800801,AE1817,20180613,,
7292,1034800802,AE1817,20180613,,
7293,1034800803,AE1817,20180613,,
7294,1034800804,AE1817,20180613,,
7295,1034800805,AE1817,20180613,,
7296,1034800806,AE1817,20180613,,
7297,1034800807,AE1817,20180613,,
7298,1034800808,AE1817,20180613,,
7299,1034800809,AE1817,20180613,,
7300,1034800810,AE1817,20180613,,
7301,1034800811,AE1817,20180613,,
7302,1034800812,AE1817,20180613,,
7303,1034800813,AE1817,20180613,,
7304,1034800814,AE1817,20180613,,
7305,1034800815,AE1817,20180613,,
7306,1034800816,AE1817,20180613,,
7307,1034800817,AE1817,20180613,,
7308,1034800818,AE1817,20180613,,
7309,1034800819,AE1817,20180613,,
7310,1034800820,AE1817,20180613,,
7311,1034800821,AE1817,20180613,,
7312,1034800822,AE1817,20180613,,
7313,1034800823,AE1817,20180613,,
7314,1034800824,AE1817,20180613,,
7315,1034800901,AE1817,20180614,V1V2_dada2_read_info_03052026.xlsx,V4_dada2_read_info_03052026.xlsx
7316,1034800902,AE1817,20180614,,
7317,1034800903,AE1817,20180614,V1V2_dada2_read_info_03052026.xlsx,V4_dada2_read_info_03052026.xlsx
7318,1034800904,AE1817,20180614,,
7319,1034800905,AE1817,20180614,V1V2_dada2_read_info_03052026.xlsx,V4_dada2_read_info_03052026.xlsx
7320,1034800906,AE1817,20180614,,
7321,1034800907,AE1817,20180614,V1V2_dada2_read_info_03052026.xlsx,V4_dada2_read_info_03052026.xlsx
7322,1034800908,AE1817,20180614,,
7323,1034800909,AE1817,20180614,V1V2_dada2_read_info_03052026.xlsx,V4_dada2_read_info_03052026.xlsx
7324,1034800910,AE1817,20180614,,
7325,1034800911,AE1817,20180614,V1V2_dada2_read_info_03052026.xlsx,V4_dada2_read_info_03052026.xlsx
7326,1034800912,AE1817,20180614,,
7327,1034800913,AE1817,20180614,V1V2_dada2_read_info_03052026.xlsx,V4_dada2_read_info_03052026.xlsx
7328,1034800914,AE1817,20180614,,
7329,1034800915,AE1817,20180614,,
7330,1034800916,AE1817,20180614,V1V2_dada2_read_info_03052026.xlsx,V4_dada2_read_info_03052026.xlsx
7331,1034800917,AE1817,20180614,V1V2_dada2_read_info_03052026.xlsx,V4_dada2_read_info_03052026.xlsx
7332,1034800918,AE1817,20180614,,
7333,1034800919,AE1817,20180614,V1V2_dada2_read_info_03052026.xlsx,V4_dada2_read_info_03052026.xlsx
7334,1034800920,AE1817,20180614,,
7335,1034800921,AE1817,20180614,V1V2_dada2_read_info_03052026.xlsx,V4_dada2_read_info_03052026.xlsx
7336,1034800922,AE1817,20180614,,
7337,1034800923,AE1817,20180614,V1V2_dada2_read_info_03052026.xlsx,V4_dada2_read_info_03052026.xlsx
7338,1034800924,AE1817,20180614,,
7339,1034801201,AE1817,20180615,,
7340,1034801202,AE1817,20180615,,
7341,1034801203,AE1817,20180615,,
7342,1034801204,AE1817,20180615,,
7343,1034801205,AE1817,20180615,,
7344,1034801206,AE1817,20180615,,
7345,1034801207,AE1817,20180615,,
7346,1034801208,AE1817,20180615,,
7347,1034801209,AE1817,20180615,,
7348,1034801210,AE1817,20180615,,
7349,1034801211,AE1817,20180615,,
7350,1034801212,AE1817,20180615,,
7351,1034801213,AE1817,20180615,,
7352,1034801214,AE1817,20180615,,
7353,1034801215,AE1817,20180615,,
7354,1034801216,AE1817,20180615,,
7355,1034801301,AE1817,20180615,,
7356,1034801302,AE1817,20180615,,
7357,1034801303,AE1817,20180615,,
7358,1034801304,AE1817,20180615,,
7359,1034801305,AE1817,20180615,,
7360,1034801306,AE1817,20180615,,
7361,1034801307,AE1817,20180615,,
7362,1034801308,AE1817,20180615,,
7363,1034801309,AE1817,20180615,,
7364,1034801310,AE1817,20180615,,
7365,1034801311,AE1817,20180615,,
7366,1034801312,AE1817,20180615,,
7367,1034801313,AE1817,20180615,,
7368,1034801314,AE1817,20180615,,
7369,1034801315,AE1817,20180615,,
7370,1034801316,AE1817,20180615,,
7371,1034801317,AE1817,20180615,,
7372,1034801318,AE1817,20180615,,
7373,1034801319,AE1817,20180615,,
7374,1034801320,AE1817,20180615,,
7375,1034801321,AE1817,20180615,,
7376,1034801322,AE1817,20180615,,
7377,1034801323,AE1817,20180615,,
7378,1034801324,AE1817,20180615,,
7379,1034801401,AE1817,20180615,,
7380,1034801402,AE1817,20180615,,
7381,1034801403,AE1817,20180615,,
7382,1034801404,AE1817,20180615,,
7383,1034801405,AE1817,20180615,,
7384,1034801406,AE1817,20180615,,
7385,1034801407,AE1817,20180615,,
7386,1034801408,AE1817,20180615,,
7387,1034801409,AE1817,20180615,,
7388,1034801410,AE1817,20180615,,
7389,1034801411,AE1817,20180615,,
7390,1034801412,AE1817,20180615,,
7391,1034801413,AE1817,20180615,,
7392,1034801414,AE1817,20180615,,
7393,1034801415,AE1817,20180615,,
7394,1034801416,AE1817,20180615,,
7395,1034801417,AE1817,20180615,,
7396,1034801418,AE1817,20180615,,
7397,1034801419,AE1817,20180615,,
7398,1034801420,AE1817,20180615,,
7399,1034801421,AE1817,20180615,,
7400,1034801422,AE1817,20180615,,
7401,1034801423,AE1817,20180615,,
7402,1034801424,AE1817,20180615,,
7403,1034900401,AE1820,20180718,,
7404,1034900402,AE1820,20180718,,
7405,1034900403,AE1820,20180718,,
7406,1034900404,AE1820,20180718,,
7407,1034900405,AE1820,20180718,,
7408,1034900406,AE1820,20180718,,
7409,1034900407,AE1820,20180718,,
7410,1034900408,AE1820,20180718,,
7411,1034900409,AE1820,20180718,,
7412,1034900410,AE1820,20180718,,
7413,1034900411,AE1820,20180718,,
7414,1034900412,AE1820,20180718,,
7415,1034900413,AE1820,20180718,,
7416,1034900414,AE1820,20180718,,
7417,1034900415,AE1820,20180718,,
7418,1034900416,AE1820,20180718,,
7419,1034900417,AE1820,20180718,,
7420,1034900418,AE1820,20180718,,
7421,1034900419,AE1820,20180718,,
7422,1034900420,AE1820,20180718,,
7423,1034900421,AE1820,20180718,,
7424,1034900422,AE1820,20180718,,
7425,1034900423,AE1820,20180718,,
7426,1034900424,AE1820,20180718,,
7427,1034901401,AE1820,20180720,,
7428,1034901402,AE1820,20180720,,
7429,1034901403,AE1820,20180720,,
7430,1034901404,AE1820,20180720,,
7431,1034901405,AE1820,20180720,,
7432,1034901406,AE1820,20180720,,
7433,1034901407,AE1820,20180720,,
7434,1034901408,AE1820,20180720,,
7435,1034901409,AE1820,20180720,,
7436,1034901410,AE1820,20180720,,
7437,1034901411,AE1820,20180720,,
7438,1034901412,AE1820,20180720,,
7439,1034901413,AE1820,20180720,,
7440,1034901414,AE1820,20180720,,
7441,1034901415,AE1820,20180720,,
7442,1034901601,AE1820,20180721,,
7443,1034901602,AE1820,20180721,,
7444,1034901603,AE1820,20180721,,
7445,1034901604,AE1820,20180721,,
7446,1034901605,AE1820,20180721,,
7447,1034901606,AE1820,20180721,,
7448,1034901607,AE1820,20180721,,
7449,1034901608,AE1820,20180721,,
7450,1034901609,AE1820,20180721,,
7451,1034901610,AE1820,20180721,,
7452,1034901611,AE1820,20180721,,
7453,1034901612,AE1820,20180721,,
7454,1034901613,AE1820,20180721,,
7455,1034901614,AE1820,20180721,,
7456,1034901615,AE1820,20180721,,
7457,1034901616,AE1820,20180721,,
7458,1034901701,AE1820,20180721,,
7459,1034901702,AE1820,20180721,,
7460,1034901703,AE1820,20180721,,
7461,1034901704,AE1820,20180721,,
7462,1034901705,AE1820,20180721,,
7463,1034901706,AE1820,20180721,,
7464,1034901707,AE1820,20180721,,
7465,1034901708,AE1820,20180721,,
7466,1034901709,AE1820,20180721,,
7467,1034901710,AE1820,20180721,,
7468,1034901711,AE1820,20180721,,
7469,1034901712,AE1820,20180721,,
7470,1034901713,AE1820,20180721,,
7471,1034901714,AE1820,20180721,,
7472,1034901715,AE1820,20180721,,
7473,1034901716,AE1820,20180721,,
7474,1034901717,AE1820,20180721,,
7475,1034901718,AE1820,20180721,,
7476,1034901719,AE1820,20180721,,
7477,1034901720,AE1820,20180721,,
7478,1034901721,AE1820,20180721,,
7479,1034901722,AE1820,20180721,,
7480,1034901723,AE1820,20180721,,
7481,1034901724,AE1820,20180721,,
7482,1034901801,AE1820,20180721,,
7483,1034901802,AE1820,20180721,,
7484,1034901803,AE1820,20180721,,
7485,1034901804,AE1820,20180721,,
7486,1034901805,AE1820,20180721,,
7487,1034901806,AE1820,20180721,,
7488,1034901807,AE1820,20180721,,
7489,1034901808,AE1820,20180721,,
7490,1034901809,AE1820,20180721,,
7491,1034901810,AE1820,-999,,
7492,1034901811,AE1820,-999,,
7493,1034901812,AE1820,-999,,
7494,1034901813,AE1820,-999,,
7495,1034901814,AE1820,-999,,
7496,1034901815,AE1820,-999,,
7497,1034901816,AE1820,-999,,
7498,1034901817,AE1820,-999,,
7499,1034901818,AE1820,-999,,
7500,1034901819,AE1820,-999,,
7501,1034901820,AE1820,-999,,
7502,1034901821,AE1820,-999,,
7503,9161401408,AE1614,20160711,,
7504,9161401409,AE1614,20160711,V1V2_dada2_read_info_03052026.xlsx,
7505,9161401501,AE1614,20160711,V1V2_dada2_read_info_03052026.xlsx,
7506,9161401510,AE1614,20160711,,
7507,9161401511,AE1614,20160711,V1V2_dada2_read_info_03052026.xlsx,
7508,9161401512,AE1614,20160711,,
7509,9161401513,AE1614,20160711,V1V2_dada2_read_info_03052026.xlsx,
7510,9161401514,AE1614,20160711,,
7511,1034902006,AE1820,20180722,,
7512,1034902007,AE1820,20180722,V1V2_dada2_read_info_03052026.xlsx,V4_dada2_read_info_03052026.xlsx
7513,1034902008,AE1820,20180722,,
7514,1034902009,AE1820,20180722,V1V2_dada2_read_info_03052026.xlsx,V4_dada2_read_info_03052026.xlsx
7515,1034902010,AE1820,20180722,,
7516,1034902011,AE1820,20180722,V1V2_dada2_read_info_03052026.xlsx,V4_dada2_read_info_03052026.xlsx
7517,1034902012,AE1820,20180722,,
7518,1034902013,AE1820,20180722,V1V2_dada2_read_info_03052026.xlsx,V4_dada2_read_info_03052026.xlsx
7519,1034902014,AE1820,20180722,,
7520,1034902015,AE1820,20180722,V1V2_dada2_read_info_03052026.xlsx,V4_dada2_read_info_03052026.xlsx
7521,1034902016,AE1820,20180722,,
7522,1034902017,AE1820,20180722,V1V2_dada2_read_info_03052026.xlsx,V4_dada2_read_info_03052026.xlsx
7523,1034902018,AE1820,20180722,,
7524,1034902019,AE1820,20180722,V1V2_dada2_read_info_03052026.xlsx,V4_dada2_read_info_03052026.xlsx
7525,1034902020,AE1820,20180722,,
7526,1034902021,AE1820,20180722,V1V2_dada2_read_info_03052026.xlsx,V4_dada2_read_info_03052026.xlsx
7527,1034902022,AE1820,20180722,,
7528,1034902023,AE1820,20180722,V1V2_dada2_read_info_03052026.xlsx,V4_dada2_read_info_03052026.xlsx
7529,1034902024,AE1820,20180722,,
7530,1034902601,AE1820,20180723,,
7531,1034902602,AE1820,-999,,
7532,1034902603,AE1820,-999,,
7533,1034902604,AE1820,-999,,
7534,1034902605,AE1820,-999,,
7535,1034902606,AE1820,-999,,
7536,1034902607,AE1820,-999,,
7537,1034902608,AE1820,-999,,
7538,1034902609,AE1820,-999,,
7539,1034902610,AE1820,-999,,
7540,1034902611,AE1820,-999,,
7541,1034902612,AE1820,-999,,
7542,1034902613,AE1820,-999,,
7543,1034902614,AE1820,-999,,
7544,1034902615,AE1820,-999,,
7545,1034902616,AE1820,-999,,
7546,1034902617,AE1820,-999,,
7547,1034902618,AE1820,-999,,
7548,1034902619,AE1820,-999,,
7549,1034902620,AE1820,-999,,
7550,1034902621,AE1820,-999,,
7551,1034902622,AE1820,-999,,
7552,1034902623,AE1820,-999,,
7553,1034902624,AE1820,-999,,
7554,1035000801,AE1822,20180813,,
7555,1035000802,AE1822,20180813,,
7556,1035000803,AE1822,20180813,,
7557,1035000804,AE1822,20180813,,
7558,1035000805,AE1822,20180813,,
7559,1035000806,AE1822,20180813,,
7560,1035000807,AE1822,20180813,,
7561,1035000808,AE1822,20180813,,
7562,1035000809,AE1822,20180813,,
7563,1035000810,AE1822,20180813,,
7564,1035000811,AE1822,20180813,,
7565,1035000812,AE1822,20180813,,
7566,1035000813,AE1822,20180813,,
7567,1035000814,AE1822,20180813,,
7568,1035000815,AE1822,20180813,,
7569,1035000901,AE1822,20180813,,
7570,1035000902,AE1822,20180813,,
7571,1035000903,AE1822,20180813,,
7572,1035000904,AE1822,20180813,,
7573,1035000905,AE1822,20180813,,
7574,1035000906,AE1822,20180813,,
7575,1035000907,AE1822,20180813,,
7576,1035000908,AE1822,20180813,,
7577,1035000909,AE1822,20180813,,
7578,1035000910,AE1822,20180813,,
7579,1035000911,AE1822,20180813,,
7580,1035000912,AE1822,20180813,,
7581,1035000913,AE1822,20180813,,
7582,1035000914,AE1822,20180813,,
7583,1035000915,AE1822,20180813,,
7584,1035000916,AE1822,20180813,,
7585,1035000917,AE1822,20180813,,
7586,1035000918,AE1822,20180813,,
7587,1035000919,AE1822,20180813,,
7588,1035000920,AE1822,20180813,,
7589,1035000921,AE1822,20180813,,
7590,1035000922,AE1822,20180813,,
7591,1035000923,AE1822,20180813,,
7592,1035000924,AE1822,20180813,,
7593,1035001001,AE1822,20180814,,
7594,1035001002,AE1822,20180814,,
7595,1035001003,AE1822,20180814,,
7596,1035001004,AE1822,20180814,,
7597,1035001005,AE1822,20180814,,
7598,1035001006,AE1822,20180814,,
7599,1035001007,AE1822,20180814,,
7600,1035001008,AE1822,20180814,,
7601,1035001009,AE1822,20180814,,
7602,1035001010,AE1822,20180814,,
7603,1035001011,AE1822,20180814,,
7604,1035001012,AE1822,20180814,,
7605,1035001013,AE1822,20180814,,
7606,1035001014,AE1822,20180814,,
7607,1035001015,AE1822,20180814,,
7608,1035001016,AE1822,20180814,,
7609,1035001201,AE1822,20180814,,
7610,1035001202,AE1822,20180814,,
7611,1035001203,AE1822,20180814,,
7612,1035001204,AE1822,20180814,,
7613,1035001205,AE1822,20180814,,
7614,1035001206,AE1822,20180814,,
7615,1035001207,AE1822,20180814,,
7616,1035001208,AE1822,20180814,,
7617,1035001209,AE1822,20180814,,
7618,1035001210,AE1822,20180814,,
7619,1035001211,AE1822,20180814,,
7620,1035001212,AE1822,20180814,,
7621,1035001213,AE1822,20180814,,
7622,1035001214,AE1822,20180814,,
7623,1035001215,AE1822,20180814,,
7624,1035001216,AE1822,20180814,,
7625,1035001217,AE1822,20180814,,
7626,1035001218,AE1822,20180814,,
7627,1035001219,AE1822,20180814,,
7628,1035001220,AE1822,20180814,,
7629,1035001221,AE1822,20180814,,
7630,1035001222,AE1822,20180814,,
7631,1035001223,AE1822,20180814,,
7632,1035001224,AE1822,20180814,,
7633,1035001301,AE1822,20180814,,
7634,1035001302,AE1822,20180814,,
7635,1035001303,AE1822,20180814,,
7636,1035001304,AE1822,20180814,,
7637,1035001305,AE1822,20180814,,
7638,1035001306,AE1822,20180814,,
7639,1035001307,AE1822,20180814,,
7640,1035001308,AE1822,20180814,,
7641,1035001309,AE1822,20180814,,
7642,1035001310,AE1822,-999,,
7643,1035001311,AE1822,-999,,
7644,1035001312,AE1822,-999,,
7645,1035001313,AE1822,-999,,
7646,1035001314,AE1822,-999,,
7647,1035001315,AE1822,-999,,
7648,1035001316,AE1822,-999,,
7649,1035001317,AE1822,-999,,
7650,1035001318,AE1822,-999,,
7651,1035001319,AE1822,-999,,
7652,1035001320,AE1822,-999,,
7653,1035001321,AE1822,-999,,
7654,1035001322,AE1822,-999,,
7655,1035001323,AE1822,-999,,
7656,1035001324,AE1822,-999,,
7657,1035001601,AE1822,20180815,V1V2_dada2_read_info_03052026.xlsx,V4_dada2_read_info_03052026.xlsx
7658,1035001602,AE1822,20180815,,
7659,1035001603,AE1822,20180815,V1V2_dada2_read_info_03052026.xlsx,V4_dada2_read_info_03052026.xlsx
7660,1035001604,AE1822,20180815,,
7661,1035001605,AE1822,20180815,V1V2_dada2_read_info_03052026.xlsx,V4_dada2_read_info_03052026.xlsx
7662,1035001606,AE1822,20180815,,
7663,1035001607,AE1822,20180815,V1V2_dada2_read_info_03052026.xlsx,V4_dada2_read_info_03052026.xlsx
7664,1035001608,AE1822,20180815,,
7665,1035001609,AE1822,20180815,V1V2_dada2_read_info_03052026.xlsx,V4_dada2_read_info_03052026.xlsx
7666,1035001610,AE1822,20180815,,
7667,1035001611,AE1822,20180815,V1V2_dada2_read_info_03052026.xlsx,V4_dada2_read_info_03052026.xlsx
7668,1035001612,AE1822,20180815,,
7669,1035001613,AE1822,20180815,V1V2_dada2_read_info_03052026.xlsx,V4_dada2_read_info_03052026.xlsx
7670,1035001614,AE1822,20180815,,
7671,1035001615,AE1822,20180815,V1V2_dada2_read_info_03052026.xlsx,V4_dada2_read_info_03052026.xlsx
7672,1035001616,AE1822,20180815,,
7673,1035001617,AE1822,20180815,V1V2_dada2_read_info_03052026.xlsx,V4_dada2_read_info_03052026.xlsx
7674,1035001618,AE1822,20180815,,
7675,1035001619,AE1822,20180815,V1V2_dada2_read_info_03052026.xlsx,V4_dada2_read_info_03052026.xlsx
7676,1035001620,AE1822,20180815,,
7677,1035001621,AE1822,20180815,V1V2_dada2_read_info_03052026.xlsx,V4_dada2_read_info_03052026.xlsx
7678,1035001622,AE1822,20180815,,
7679,1035001623,AE1822,20180815,V1V2_dada2_read_info_03052026.xlsx,V4_dada2_read_info_03052026.xlsx
7680,1035001624,AE1822,20180815,,
7681,1035100801,AE1825,20180911,,
7682,1035100802,AE1825,20180911,,
7683,1035100803,AE1825,20180911,,
7684,1035100804,AE1825,20180911,,
7685,1035100805,AE1825,20180911,,
7686,1035100806,AE1825,20180911,,
7687,1035100807,AE1825,20180911,,
7688,1035100808,AE1825,20180911,,
7689,1035100809,AE1825,20180911,,
7690,1035100810,AE1825,20180911,,
7691,1035100811,AE1825,20180911,,
7692,1035100812,AE1825,20180911,,
7693,1035100813,AE1825,20180911,,
7694,1035100814,AE1825,20180911,,
7695,1035100815,AE1825,20180911,,
7696,1035100816,AE1825,20180911,,
7697,1035100817,AE1825,20180911,,
7698,1035100818,AE1825,20180911,,
7699,1035100819,AE1825,20180911,,
7700,1035100820,AE1825,20180911,,
7701,1035100821,AE1825,20180911,,
7702,1035100822,AE1825,20180911,,
7703,1035100823,AE1825,20180911,,
7704,1035100824,AE1825,20180911,,
7705,1035101001,AE1825,20180911,,
7706,1035101002,AE1825,20180911,,
7707,1035101003,AE1825,20180911,,
7708,1035101004,AE1825,20180911,,
7709,1035101005,AE1825,20180911,,
7710,1035101006,AE1825,20180911,,
7711,1035101007,AE1825,20180911,,
7712,1035101008,AE1825,20180911,,
7713,1035101009,AE1825,20180911,,
7714,1035101010,AE1825,20180911,,
7715,1035101011,AE1825,20180911,,
7716,1035101012,AE1825,20180911,,
7717,1035101013,AE1825,20180911,,
7718,1035101014,AE1825,20180911,,
7719,1035101015,AE1825,20180911,,
7720,1035101016,AE1825,20180911,,
7721,1035101017,AE1825,20180911,,
7722,1035101018,AE1825,20180911,,
7723,1035101019,AE1825,20180911,,
7724,1035101020,AE1825,20180911,,
7725,1035101021,AE1825,20180911,,
7726,1035101022,AE1825,20180911,,
7727,1035101023,AE1825,20180911,,
7728,1035101024,AE1825,20180911,,
7729,1035101101,AE1825,20180912,,
7730,1035101102,AE1825,20180912,,
7731,1035101103,AE1825,20180912,,
7732,1035101104,AE1825,20180912,,
7733,1035101105,AE1825,20180912,,
7734,1035101106,AE1825,20180912,,
7735,1035101107,AE1825,20180912,,
7736,1035101108,AE1825,20180912,,
7737,1035101109,AE1825,20180912,,
7738,1035101110,AE1825,20180912,,
7739,1035101111,AE1825,20180912,,
7740,1035101112,AE1825,20180912,,
7741,1035101113,AE1825,20180912,,
7742,1035101114,AE1825,20180912,,
7743,1035101115,AE1825,20180912,,
7744,1035101116,AE1825,20180912,,
7745,1035101201,AE1825,20180912,,
7746,1035101202,AE1825,20180912,,
7747,1035101203,AE1825,20180912,,
7748,1035101204,AE1825,20180912,,
7749,1035101205,AE1825,20180912,,
7750,1035101206,AE1825,20180912,,
7751,1035101207,AE1825,20180912,,
7752,1035101208,AE1825,20180912,,
7753,1035101209,AE1825,20180912,,
7754,1035101210,AE1825,20180912,,
7755,1035101211,AE1825,20180912,,
7756,1035101212,AE1825,20180912,,
7757,1035101213,AE1825,20180912,,
7758,1035101214,AE1825,20180912,,
7759,1035101215,AE1825,20180912,,
7760,1035101216,AE1825,20180912,,
7761,1035101217,AE1825,20180912,,
7762,1035101218,AE1825,20180912,,
7763,1035101219,AE1825,20180912,,
7764,1035101220,AE1825,20180912,,
7765,1035101221,AE1825,20180912,,
7766,1035101222,AE1825,20180912,,
7767,1035101223,AE1825,20180912,,
7768,1035101224,AE1825,20180912,,
7769,1035101301,AE1825,20180912,,
7770,1035101302,AE1825,20180912,,
7771,1035101303,AE1825,20180912,,
7772,1035101304,AE1825,20180912,,
7773,1035101305,AE1825,20180912,,
7774,1035101306,AE1825,20180912,,
7775,1035101307,AE1825,20180912,,
7776,1035101308,AE1825,20180912,,
7777,1035101309,AE1825,20180912,,
7778,1035101310,AE1825,-999,,
7779,1035101311,AE1825,-999,,
7780,1035101312,AE1825,-999,,
7781,1035101313,AE1825,-999,,
7782,1035101314,AE1825,-999,,
7783,1035101315,AE1825,-999,,
7784,1035101316,AE1825,-999,,
7785,1035101317,AE1825,-999,,
7786,1035101318,AE1825,-999,,
7787,1035101319,AE1825,-999,,
7788,1035101320,AE1825,-999,,
7789,1035101321,AE1825,-999,,
7790,1035101322,AE1825,-999,,
7791,1035101323,AE1825,-999,,
7792,1035101324,AE1825,-999,,
7793,1035101601,AE1825,20180913,V1V2_dada2_read_info_03052026.xlsx,V4_dada2_read_info_03052026.xlsx
7794,1035101602,AE1825,20180913,,
7795,1035101603,AE1825,20180913,V1V2_dada2_read_info_03052026.xlsx,V4_dada2_read_info_03052026.xlsx
7796,1035101604,AE1825,20180913,,
7797,1035101605,AE1825,20180913,V1V2_dada2_read_info_03052026.xlsx,V4_dada2_read_info_03052026.xlsx
7798,1035101606,AE1825,20180913,,
7799,1035101607,AE1825,20180913,V1V2_dada2_read_info_03052026.xlsx,V4_dada2_read_info_03052026.xlsx
7800,1035101608,AE1825,20180913,,
7801,1035101609,AE1825,20180913,V1V2_dada2_read_info_03052026.xlsx,V4_dada2_read_info_03052026.xlsx
7802,1035101610,AE1825,20180913,,
7803,1035101611,AE1825,20180913,V1V2_dada2_read_info_03052026.xlsx,V4_dada2_read_info_03052026.xlsx
7804,1035101612,AE1825,20180913,,
7805,1035101613,AE1825,20180913,V1V2_dada2_read_info_03052026.xlsx,V4_dada2_read_info_03052026.xlsx
7806,1035101614,AE1825,20180913,,
7807,1035101615,AE1825,20180913,V1V2_dada2_read_info_03052026.xlsx,V4_dada2_read_info_03052026.xlsx
7808,1035101616,AE1825,20180913,,
7809,1035101617,AE1825,20180913,V1V2_dada2_read_info_03052026.xlsx,V4_dada2_read_info_03052026.xlsx
7810,1035101618,AE1825,20180913,,
7811,1035101619,AE1825,20180913,V1V2_dada2_read_info_03052026.xlsx,V4_dada2_read_info_03052026.xlsx
7812,1035101620,AE1825,20180913,,
7813,1035101621,AE1825,20180913,V1V2_dada2_read_info_03052026.xlsx,V4_dada2_read_info_03052026.xlsx
7814,1035101622,AE1825,20180913,,
7815,1035101623,AE1825,20180913,V1V2_dada2_read_info_03052026.xlsx,V4_dada2_read_info_03052026.xlsx
7816,1035101624,AE1825,20180913,,
7817,1035200901,AE1829,20181018,,
7818,1035200902,AE1829,20181018,,
7819,1035200903,AE1829,20181018,,
7820,1035200904,AE1829,20181018,,
7821,1035200905,AE1829,20181018,,
7822,1035200906,AE1829,20181018,,
7823,1035200907,AE1829,20181018,,
7824,1035200908,AE1829,20181018,,
7825,1035200909,AE1829,20181018,,
7826,1035200910,AE1829,20181018,,
7827,1035200911,AE1829,20181018,,
7828,1035200912,AE1829,20181018,,
7829,1035200913,AE1829,20181018,,
7830,1035200914,AE1829,20181018,,
7831,1035200915,AE1829,20181018,,
7832,1035200916,AE1829,20181018,,
7833,1035200917,AE1829,20181018,,
7834,1035200918,AE1829,20181018,,
7835,1035200919,AE1829,20181018,,
7836,1035200920,AE1829,20181018,,
7837,1035200921,AE1829,20181018,,
7838,1035200922,AE1829,20181018,,
7839,1035200923,AE1829,20181018,,
7840,1035200924,AE1829,20181018,,
7841,1035201501,AE1829,20181021,,
7842,1035201502,AE1829,20181021,,
7843,1035201503,AE1829,20181021,,
7844,1035201504,AE1829,20181021,,
7845,1035201505,AE1829,20181021,,
7846,1035201506,AE1829,20181021,,
7847,1035201507,AE1829,20181021,,
7848,1035201508,AE1829,20181021,,
7849,1035201509,AE1829,20181021,,
7850,1035201510,AE1829,20181021,,
7851,1035201511,AE1829,20181021,,
7852,1035201512,AE1829,20181021,,
7853,1035201513,AE1829,20181021,,
7854,1035201514,AE1829,20181021,,
7855,1035201515,AE1829,20181021,,
7856,1035201516,AE1829,20181021,,
7857,1035201701,AE1829,20181021,,
7858,1035201702,AE1829,20181021,,
7859,1035201703,AE1829,20181021,,
7860,1035201704,AE1829,20181021,,
7861,1035201705,AE1829,20181021,,
7862,1035201706,AE1829,20181021,,
7863,1035201707,AE1829,20181021,,
7864,1035201708,AE1829,20181021,,
7865,1035201709,AE1829,20181021,,
7866,1035201710,AE1829,20181021,,
7867,1035201711,AE1829,20181021,,
7868,1035201712,AE1829,20181021,,
7869,1035201713,AE1829,20181021,,
7870,1035201714,AE1829,20181021,,
7871,1035201715,AE1829,20181021,,
7872,1035201716,AE1829,20181021,,
7873,1035201717,AE1829,20181021,,
7874,1035201718,AE1829,20181021,,
7875,1035201719,AE1829,20181021,,
7876,1035201720,AE1829,20181021,,
7877,1035201721,AE1829,20181021,,
7878,1035201722,AE1829,20181021,,
7879,1035201723,AE1829,20181021,,
7880,1035201724,AE1829,20181021,,
7881,1035201801,AE1829,20181021,,
7882,1035201802,AE1829,20181021,,
7883,1035201803,AE1829,20181021,,
7884,1035201804,AE1829,20181021,,
7885,1035201805,AE1829,20181021,,
7886,1035201806,AE1829,20181021,,
7887,1035201807,AE1829,20181021,,
7888,1035201808,AE1829,20181021,,
7889,1035201809,AE1829,20181021,,
7890,1035201810,AE1829,20181021,,
7891,1035201811,AE1829,20181021,,
7892,1035201812,AE1829,-999,,
7893,1035201813,AE1829,-999,,
7894,1035201814,AE1829,-999,,
7895,1035201815,AE1829,-999,,
7896,1035201816,AE1829,-999,,
7897,1035201817,AE1829,-999,,
7898,1035201818,AE1829,-999,,
7899,1035201819,AE1829,-999,,
7900,1035201820,AE1829,-999,,
7901,1035201821,AE1829,-999,,
7902,1035201822,AE1829,-999,,
7903,1035201823,AE1829,-999,,
7904,1035201824,AE1829,-999,,
7905,1035202101,AE1829,20181023,V1V2_dada2_read_info_03052026.xlsx,V4_dada2_read_info_03052026.xlsx
7906,1035202102,AE1829,20181023,,
7907,1035202103,AE1829,20181023,,
7908,1035202104,AE1829,20181023,V1V2_dada2_read_info_03052026.xlsx,V4_dada2_read_info_03052026.xlsx
7909,1035202105,AE1829,20181023,,
7910,1035202106,AE1829,20181023,V1V2_dada2_read_info_03052026.xlsx,V4_dada2_read_info_03052026.xlsx
7911,1035202107,AE1829,20181023,,
7912,1035202108,AE1829,20181023,V1V2_dada2_read_info_03052026.xlsx,V4_dada2_read_info_03052026.xlsx
7913,1035202109,AE1829,20181023,,
7914,1035202110,AE1829,20181023,V1V2_dada2_read_info_03052026.xlsx,V4_dada2_read_info_03052026.xlsx
7915,1035202111,AE1829,20181023,V1V2_dada2_read_info_03052026.xlsx,V4_dada2_read_info_03052026.xlsx
7916,1035202112,AE1829,20181023,,
7917,1035202113,AE1829,20181023,V1V2_dada2_read_info_03052026.xlsx,V4_dada2_read_info_03052026.xlsx
7918,1035202114,AE1829,20181023,,
7919,1035202115,AE1829,20181023,V1V2_dada2_read_info_03052026.xlsx,V4_dada2_read_info_03052026.xlsx
7920,1035202116,AE1829,20181023,,
7921,1035202117,AE1829,20181023,V1V2_dada2_read_info_03052026.xlsx,V4_dada2_read_info_03052026.xlsx
7922,1035202118,AE1829,20181023,,
7923,1035202119,AE1829,20181023,V1V2_dada2_read_info_03052026.xlsx,V4_dada2_read_info_03052026.xlsx
7924,1035202120,AE1829,20181023,,
7925,1035202121,AE1829,20181023,V1V2_dada2_read_info_03052026.xlsx,V4_dada2_read_info_03052026.xlsx
7926,1035202122,AE1829,20181023,,
7927,1035202123,AE1829,20181023,V1V2_dada2_read_info_03052026.xlsx,V4_dada2_read_info_03052026.xlsx
7928,1035202124,AE1829,20181023,,
7929,1035300901,AE1831,20181106,,
7930,1035300902,AE1831,20181106,,
7931,1035300903,AE1831,20181106,,
7932,1035300904,AE1831,20181106,,
7933,1035300905,AE1831,20181106,,
7934,1035300906,AE1831,20181106,,
7935,1035300907,AE1831,20181106,,
7936,1035300908,AE1831,20181106,,
7937,1035300909,AE1831,20181106,,
7938,1035300910,AE1831,20181106,,
7939,1035300911,AE1831,20181106,,
7940,1035300912,AE1831,20181106,,
7941,1035300913,AE1831,20181106,,
7942,1035300914,AE1831,20181106,,
7943,1035300915,AE1831,20181106,,
7944,1035300916,AE1831,20181106,,
7945,1035300917,AE1831,20181106,,
7946,1035300918,AE1831,20181106,,
7947,1035300919,AE1831,20181106,,
7948,1035300920,AE1831,20181106,,
7949,1035300921,AE1831,20181106,,
7950,1035300922,AE1831,20181106,,
7951,1035300923,AE1831,20181106,,
7952,1035300924,AE1831,20181106,,
7953,1035301101,AE1831,20181107,,
7954,1035301102,AE1831,20181107,,
7955,1035301103,AE1831,20181107,,
7956,1035301104,AE1831,20181107,,
7957,1035301105,AE1831,20181107,,
7958,1035301106,AE1831,20181107,,
7959,1035301107,AE1831,20181107,,
7960,1035301108,AE1831,20181107,,
7961,1035301109,AE1831,20181107,,
7962,1035301110,AE1831,20181107,,
7963,1035301111,AE1831,20181107,,
7964,1035301112,AE1831,20181107,,
7965,1035301113,AE1831,20181107,,
7966,1035301114,AE1831,20181107,,
7967,1035301115,AE1831,20181107,,
7968,1035301116,AE1831,20181107,,
7969,1035301117,AE1831,20181107,,
7970,1035301201,AE1831,20181107,,
7971,1035301202,AE1831,20181107,,
7972,1035301203,AE1831,20181107,,
7973,1035301204,AE1831,20181107,,
7974,1035301205,AE1831,20181107,,
7975,1035301206,AE1831,20181107,,
7976,1035301207,AE1831,20181107,,
7977,1035301208,AE1831,20181107,,
7978,1035301209,AE1831,20181107,,
7979,1035301210,AE1831,20181107,,
7980,1035301211,AE1831,20181107,,
7981,1035301212,AE1831,20181107,,
7982,1035301213,AE1831,20181107,,
7983,1035301214,AE1831,20181107,,
7984,1035301215,AE1831,20181107,,
7985,1035301216,AE1831,20181107,,
7986,1035301217,AE1831,20181107,,
7987,1035301218,AE1831,20181107,,
7988,1035301219,AE1831,20181107,,
7989,1035301220,AE1831,20181107,,
7990,1035301221,AE1831,20181107,,
7991,1035301222,AE1831,20181107,,
7992,1035301223,AE1831,20181107,,
7993,1035301224,AE1831,20181107,,
7994,1035301301,AE1831,20181107,,
7995,1035301302,AE1831,20181107,,
7996,1035301303,AE1831,20181107,,
7997,1035301304,AE1831,20181107,,
7998,1035301305,AE1831,20181107,,
7999,1035301306,AE1831,20181107,,
8000,1035301307,AE1831,20181107,,
8001,1035301308,AE1831,20181107,,
8002,1035301309,AE1831,20181107,,
8003,1035301310,AE1831,-999,,
8004,1035301311,AE1831,-999,,
8005,1035301312,AE1831,-999,,
8006,1035301313,AE1831,-999,,
8007,1035301314,AE1831,-999,,
8008,1035301315,AE1831,-999,,
8009,1035301316,AE1831,-999,,
8010,1035301317,AE1831,-999,,
8011,1035301318,AE1831,-999,,
8012,1035301319,AE1831,-999,,
8013,1035301320,AE1831,-999,,
8014,1035301321,AE1831,-999,,
8015,1035301322,AE1831,-999,,
8016,1035301323,AE1831,-999,,
8017,1035301324,AE1831,-999,,
8018,1035301701,AE1831,20181108,V1V2_dada2_read_info_03052026.xlsx,V4_dada2_read_info_03052026.xlsx
8019,1035301702,AE1831,20181108,,
8020,1035301703,AE1831,20181108,,
8021,1035301704,AE1831,20181108,V1V2_dada2_read_info_03052026.xlsx,V4_dada2_read_info_03052026.xlsx
8022,1035301705,AE1831,20181108,,
8023,1035301706,AE1831,20181108,,
8024,1035301707,AE1831,20181108,V1V2_dada2_read_info_03052026.xlsx,V4_dada2_read_info_03052026.xlsx
8025,1035301708,AE1831,20181108,,
8026,1035301709,AE1831,20181108,V1V2_dada2_read_info_03052026.xlsx,V4_dada2_read_info_03052026.xlsx
8027,1035301710,AE1831,20181108,,
8028,1035301711,AE1831,20181108,,
8029,1035301712,AE1831,20181108,,
8030,1035301713,AE1831,20181108,V1V2_dada2_read_info_03052026.xlsx,V4_dada2_read_info_03052026.xlsx
8031,1035301714,AE1831,20181108,V1V2_dada2_read_info_03052026.xlsx,V4_dada2_read_info_03052026.xlsx
8032,1035301715,AE1831,20181108,,
8033,1035301716,AE1831,20181108,,
8034,1035301717,AE1831,20181108,V1V2_dada2_read_info_03052026.xlsx,V4_dada2_read_info_03052026.xlsx
8035,1035301718,AE1831,20181108,,
8036,1035301719,AE1831,20181108,,
8037,1035301720,AE1831,20181108,,
8038,1035301721,AE1831,20181108,V1V2_dada2_read_info_03052026.xlsx,V4_dada2_read_info_03052026.xlsx
8039,1035301722,AE1831,20181108,V1V2_dada2_read_info_03052026.xlsx,V4_dada2_read_info_03052026.xlsx
8040,1035301723,AE1831,20181108,V1V2_dada2_read_info_03052026.xlsx,V4_dada2_read_info_03052026.xlsx
8041,1035301724,AE1831,20181108,,
8042,1035401101,AE1836,20181214,,
8043,1035401102,AE1836,20181214,,
8044,1035401103,AE1836,20181214,,
8045,1035401104,AE1836,20181214,,
8046,1035401105,AE1836,20181214,,
8047,1035401106,AE1836,20181214,,
8048,1035401107,AE1836,20181214,,
8049,1035401108,AE1836,20181214,,
8050,1035401109,AE1836,20181214,,
8051,1035401110,AE1836,20181214,,
8052,1035401111,AE1836,20181214,,
8053,1035401112,AE1836,20181214,,
8054,1035401113,AE1836,20181214,,
8055,1035401114,AE1836,20181214,,
8056,1035401201,AE1836,20181214,,
8057,1035401202,AE1836,20181214,,
8058,1035401203,AE1836,20181214,,
8059,1035401204,AE1836,20181214,,
8060,1035401205,AE1836,20181214,,
8061,1035401206,AE1836,20181214,,
8062,1035401207,AE1836,20181214,,
8063,1035401208,AE1836,20181214,,
8064,1035401209,AE1836,20181214,,
8065,1035401210,AE1836,20181214,,
8066,1035401211,AE1836,20181214,,
8067,1035401212,AE1836,20181214,,
8068,1035401213,AE1836,20181214,,
8069,1035401214,AE1836,20181214,,
8070,1035401215,AE1836,20181214,,
8071,1035401216,AE1836,20181214,,
8072,1035401217,AE1836,20181214,,
8073,1035401218,AE1836,20181214,,
8074,1035401219,AE1836,20181214,,
8075,1035401220,AE1836,20181214,,
8076,1035401221,AE1836,20181214,,
8077,1035401222,AE1836,20181214,,
8078,1035401223,AE1836,20181214,,
8079,1035401224,AE1836,20181214,,
8080,1035401301,AE1836,20181215,,
8081,1035401302,AE1836,20181215,,
8082,1035401303,AE1836,20181215,,
8083,1035401304,AE1836,20181215,,
8084,1035401305,AE1836,20181215,,
8085,1035401306,AE1836,20181215,,
8086,1035401307,AE1836,20181215,,
8087,1035401308,AE1836,20181215,,
8088,1035401309,AE1836,20181215,,
8089,1035401310,AE1836,20181215,,
8090,1035401311,AE1836,20181215,,
8091,1035401312,AE1836,20181215,,
8092,1035401313,AE1836,20181215,,
8093,1035401314,AE1836,20181215,,
8094,1035401315,AE1836,20181215,,
8095,1035401316,AE1836,20181215,,
8096,1035401601,AE1836,20181215,,
8097,1035401602,AE1836,20181215,,
8098,1035401603,AE1836,20181215,,
8099,1035401604,AE1836,20181215,,
8100,1035401605,AE1836,20181215,,
8101,1035401606,AE1836,20181215,,
8102,1035401607,AE1836,20181215,,
8103,1035401608,AE1836,20181215,,
8104,1035401609,AE1836,20181215,,
8105,1035401610,AE1836,20181215,,
8106,1035401611,AE1836,20181215,,
8107,1035401612,AE1836,20181215,,
8108,1035401613,AE1836,20181215,,
8109,1035401614,AE1836,20181215,,
8110,1035401615,AE1836,20181215,,
8111,1035401616,AE1836,20181215,,
8112,1035401617,AE1836,20181215,,
8113,1035401618,AE1836,20181215,,
8114,1035401619,AE1836,20181215,,
8115,1035401620,AE1836,20181215,,
8116,1035401621,AE1836,20181215,,
8117,1035401622,AE1836,20181215,,
8118,1035401623,AE1836,20181215,,
8119,1035401624,AE1836,20181215,,
8120,1035401701,AE1836,20181215,,
8121,1035401702,AE1836,20181215,,
8122,1035401703,AE1836,20181215,,
8123,1035401704,AE1836,20181215,,
8124,1035401705,AE1836,20181215,,
8125,1035401706,AE1836,20181215,,
8126,1035401707,AE1836,20181215,,
8127,1035401708,AE1836,20181215,,
8128,1035401709,AE1836,20181215,,
8129,1035401710,AE1836,-999,,
8130,1035401711,AE1836,-999,,
8131,1035401712,AE1836,-999,,
8132,1035401713,AE1836,-999,,
8133,1035401714,AE1836,-999,,
8134,1035401715,AE1836,-999,,
8135,1035401716,AE1836,-999,,
8136,1035401717,AE1836,-999,,
8137,1035401718,AE1836,-999,,
8138,1035401719,AE1836,-999,,
8139,1035401720,AE1836,-999,,
8140,1035401721,AE1836,-999,,
8141,1035401722,AE1836,-999,,
8142,1035401723,AE1836,-999,,
8143,1035401724,AE1836,-999,,
8144,1035402001,AE1836,20181216,V1V2_dada2_read_info_03052026.xlsx,V4_dada2_read_info_03052026.xlsx
8145,1035402002,AE1836,20181216,,
8146,1035402003,AE1836,20181216,V1V2_dada2_read_info_03052026.xlsx,V4_dada2_read_info_03052026.xlsx
8147,1035402004,AE1836,20181216,,
8148,1035402005,AE1836,20181216,V1V2_dada2_read_info_03052026.xlsx,V4_dada2_read_info_03052026.xlsx
8149,1035402006,AE1836,20181216,,
8150,1035402007,AE1836,20181216,V1V2_dada2_read_info_03052026.xlsx,V4_dada2_read_info_03052026.xlsx
8151,1035402008,AE1836,20181216,,
8152,1035402009,AE1836,20181216,V1V2_dada2_read_info_03052026.xlsx,V4_dada2_read_info_03052026.xlsx
8153,1035402010,AE1836,20181216,,
8154,1035402011,AE1836,20181216,V1V2_dada2_read_info_03052026.xlsx,V4_dada2_read_info_03052026.xlsx
8155,1035402012,AE1836,20181216,,
8156,1035402013,AE1836,20181216,V1V2_dada2_read_info_03052026.xlsx,V4_dada2_read_info_03052026.xlsx
8157,1035402014,AE1836,20181216,,
8158,1035402015,AE1836,20181216,V1V2_dada2_read_info_03052026.xlsx,V4_dada2_read_info_03052026.xlsx
8159,1035402016,AE1836,20181216,,
8160,1035402017,AE1836,20181216,,
8161,1035402018,AE1836,20181216,V1V2_dada2_read_info_03052026.xlsx,V4_dada2_read_info_03052026.xlsx
8162,1035402019,AE1836,20181216,V1V2_dada2_read_info_03052026.xlsx,V4_dada2_read_info_03052026.xlsx
8163,1035402020,AE1836,20181216,,
8164,1035402021,AE1836,20181216,V1V2_dada2_read_info_03052026.xlsx,V4_dada2_read_info_03052026.xlsx
8165,1035402022,AE1836,20181216,,
8166,1035402023,AE1836,20181216,V1V2_dada2_read_info_03052026.xlsx,V4_dada2_read_info_03052026.xlsx
8167,1035402024,AE1836,20181216,,
8168,1035500901,AE1902,20190111,,
8169,1035500902,AE1902,20190111,,
8170,1035500903,AE1902,20190111,,
8171,1035500904,AE1902,20190111,,
8172,1035500905,AE1902,20190111,,
8173,1035500906,AE1902,20190111,,
8174,1035500907,AE1902,20190111,,
8175,1035500908,AE1902,20190111,,
8176,1035500909,AE1902,20190111,,
8177,1035500910,AE1902,20190111,,
8178,1035500911,AE1902,20190111,,
8179,1035500912,AE1902,20190111,,
8180,1035500913,AE1902,20190111,,
8181,1035500914,AE1902,20190111,,
8182,1035500915,AE1902,20190111,,
8183,1035500916,AE1902,20190111,,
8184,1035500917,AE1902,20190111,,
8185,1035500918,AE1902,20190111,,
8186,1035500919,AE1902,20190111,,
8187,1035500920,AE1902,20190111,,
8188,1035500921,AE1902,20190111,,
8189,1035500922,AE1902,20190111,,
8190,1035500923,AE1902,20190111,,
8191,1035500924,AE1902,20190111,,
8192,1035501001,AE1902,20190112,,
8193,1035501002,AE1902,20190112,,
8194,1035501003,AE1902,20190112,,
8195,1035501004,AE1902,20190112,,
8196,1035501005,AE1902,20190112,,
8197,1035501006,AE1902,20190112,,
8198,1035501007,AE1902,20190112,,
8199,1035501008,AE1902,20190112,,
8200,1035501009,AE1902,20190112,,
8201,1035501010,AE1902,20190112,,
8202,1035501011,AE1902,20190112,,
8203,1035501012,AE1902,20190112,,
8204,1035501013,AE1902,20190112,,
8205,1035501014,AE1902,20190112,,
8206,1035501015,AE1902,20190112,,
8207,1035501016,AE1902,20190112,,
8208,1035501301,AE1902,20190112,,
8209,1035501302,AE1902,20190112,,
8210,1035501303,AE1902,20190112,,
8211,1035501304,AE1902,20190112,,
8212,1035501305,AE1902,20190112,,
8213,1035501306,AE1902,20190112,,
8214,1035501307,AE1902,20190112,,
8215,1035501308,AE1902,20190112,,
8216,1035501309,AE1902,20190112,,
8217,1035501310,AE1902,20190112,,
8218,1035501311,AE1902,20190112,,
8219,1035501312,AE1902,20190112,,
8220,1035501313,AE1902,20190112,,
8221,1035501314,AE1902,20190112,,
8222,1035501315,AE1902,20190112,,
8223,1035501316,AE1902,20190112,,
8224,1035501317,AE1902,20190112,,
8225,1035501318,AE1902,20190112,,
8226,1035501319,AE1902,20190112,,
8227,1035501320,AE1902,20190112,,
8228,1035501321,AE1902,20190112,,
8229,1035501322,AE1902,20190112,,
8230,1035501323,AE1902,20190112,,
8231,1035501324,AE1902,20190112,,
8232,1035501401,AE1902,20190112,,
8233,1035501402,AE1902,20190112,,
8234,9161400101,AE1614,20160709,,
8235,9161400110,AE1614,20160709,,
8236,9161400111,AE1614,20160709,,
8237,9161400112,AE1614,20160709,,
8238,9161400113,AE1614,20160709,,
8239,9161400114,AE1614,20160709,,
8240,9161400115,AE1614,20160709,,
8241,9161400116,AE1614,20160709,,
8242,9161400117,AE1614,20160709,,
8243,9161400118,AE1614,20160709,,
8244,9161400119,AE1614,20160709,,
8245,9161400102,AE1614,20160709,,
8246,9161400120,AE1614,20160709,,
8247,9161400121,AE1614,20160709,,
8248,9161400122,AE1614,20160709,,
8249,9161400123,AE1614,20160709,,
8250,9161400124,AE1614,20160709,,
8251,9161400103,AE1614,20160709,,
8252,9161400104,AE1614,20160709,,
8253,9161400105,AE1614,20160709,,
8254,9161400106,AE1614,20160709,,
8255,9161400107,AE1614,20160709,,
8256,9161400108,AE1614,20160709,,
8257,9161400109,AE1614,20160709,,
8258,9161401001,AE1614,20160710,,
8259,9161401010,AE1614,20160710,,
8260,9161401011,AE1614,20160710,,
8261,9161401012,AE1614,20160710,,
8262,9161401013,AE1614,20160710,,
8263,9161401014,AE1614,20160710,,
8264,9161401015,AE1614,20160710,,
8265,9161401016,AE1614,20160710,,
8266,9161401017,AE1614,20160710,,
8267,9161401018,AE1614,20160710,,
8268,9161401019,AE1614,20160710,,
8269,9161401002,AE1614,20160710,,
8270,9161401020,AE1614,20160710,,
8271,9161401021,AE1614,20160710,,
8272,9161401022,AE1614,20160710,,
8273,9161401023,AE1614,20160710,,
8274,9161401024,AE1614,20160710,,
8275,9161401003,AE1614,20160710,,
8276,9161401004,AE1614,20160710,,
8277,9161401005,AE1614,20160710,,
8278,9161401006,AE1614,20160710,,
8279,9161401007,AE1614,20160710,,
8280,9161401008,AE1614,20160710,,
8281,9161401009,AE1614,20160710,,
8282,9161401101,AE1614,20160711,V1V2_dada2_read_info_03052026.xlsx,
8283,9161401110,AE1614,20160711,,
8284,9161401111,AE1614,20160711,V1V2_dada2_read_info_03052026.xlsx,
8285,9161401112,AE1614,20160711,,
8286,9161401113,AE1614,20160711,V1V2_dada2_read_info_03052026.xlsx,
8287,9161401114,AE1614,20160711,,
8288,9161401115,AE1614,20160711,V1V2_dada2_read_info_03052026.xlsx,
8289,9161401116,AE1614,20160711,,
8290,9161401117,AE1614,20160711,,
8291,9161401118,AE1614,20160711,,
8292,9161401119,AE1614,20160711,,
8293,9161401102,AE1614,20160711,,
8294,9161401120,AE1614,20160711,,
8295,9161401121,AE1614,20160711,,
8296,9161401122,AE1614,20160711,,
8297,9161401123,AE1614,20160711,,
8298,9161401124,AE1614,20160711,,
8299,9161401103,AE1614,20160711,V1V2_dada2_read_info_03052026.xlsx,
8300,9161401104,AE1614,20160711,,
8301,9161401105,AE1614,20160711,V1V2_dada2_read_info_03052026.xlsx,
8302,9161401106,AE1614,20160711,,
8303,9161401107,AE1614,20160711,V1V2_dada2_read_info_03052026.xlsx,
8304,9161401108,AE1614,20160711,,
8305,9161401109,AE1614,20160711,V1V2_dada2_read_info_03052026.xlsx,
8306,9161401201,AE1614,20160711,V1V2_dada2_read_info_03052026.xlsx,
8307,9161401210,AE1614,20160711,,
8308,9161401211,AE1614,20160711,V1V2_dada2_read_info_03052026.xlsx,
8309,9161401212,AE1614,20160711,,
8310,9161401213,AE1614,20160711,V1V2_dada2_read_info_03052026.xlsx,
8311,9161401214,AE1614,20160711,,
8312,9161401215,AE1614,20160711,V1V2_dada2_read_info_03052026.xlsx,
8313,9161401216,AE1614,20160711,,
8314,9161401217,AE1614,20160711,,
8315,9161401218,AE1614,20160711,,
8316,9161401219,AE1614,20160711,,
8317,9161401202,AE1614,20160711,,
8318,9161401220,AE1614,20160711,,
8319,9161401221,AE1614,20160711,,
8320,9161401222,AE1614,20160711,,
8321,9161401223,AE1614,20160711,,
8322,9161401224,AE1614,20160711,,
8323,9161401203,AE1614,20160711,V1V2_dada2_read_info_03052026.xlsx,
8324,9161401204,AE1614,20160711,,
8325,9161401205,AE1614,20160711,V1V2_dada2_read_info_03052026.xlsx,
8326,9161401206,AE1614,20160711,,
8327,9161401207,AE1614,20160711,V1V2_dada2_read_info_03052026.xlsx,
8328,9161401208,AE1614,20160711,,
8329,9161401209,AE1614,20160711,V1V2_dada2_read_info_03052026.xlsx,
8330,9161401301,AE1614,20160711,,
8331,9161401310,AE1614,20160711,,
8332,9161401311,AE1614,20160711,,
8333,9161401312,AE1614,20160711,,
8334,9161401313,AE1614,20160711,,
8335,9161401314,AE1614,20160711,,
8336,9161401315,AE1614,20160711,,
8337,9161401316,AE1614,20160711,,
8338,9161401317,AE1614,20160711,,
8339,9161401318,AE1614,20160711,,
8340,9161401319,AE1614,20160711,,
8341,9161401302,AE1614,20160711,,
8342,9161401320,AE1614,20160711,,
8343,9161401321,AE1614,20160711,,
8344,9161401322,AE1614,20160711,,
8345,9161401323,AE1614,20160711,,
8346,9161401324,AE1614,20160711,,
8347,9161401303,AE1614,20160711,,
8348,9161401304,AE1614,20160711,,
8349,9161401305,AE1614,20160711,,
8350,9161401306,AE1614,20160711,,
8351,9161401307,AE1614,20160711,,
8352,9161401308,AE1614,20160711,,
8353,9161401309,AE1614,20160711,,
8354,9161401401,AE1614,20160711,V1V2_dada2_read_info_03052026.xlsx,
8355,9161401410,AE1614,20160711,,
8356,9161401411,AE1614,20160711,V1V2_dada2_read_info_03052026.xlsx,
8357,9161401412,AE1614,20160711,,
8358,9161401413,AE1614,20160711,V1V2_dada2_read_info_03052026.xlsx,
8359,9161401414,AE1614,20160711,,
8360,9161401415,AE1614,20160711,V1V2_dada2_read_info_03052026.xlsx,
8361,9161401416,AE1614,20160711,,
8362,9161401417,AE1614,20160711,,
8363,9161401418,AE1614,20160711,,
8364,9161401419,AE1614,20160711,,
8365,9161401402,AE1614,20160711,,
8366,9161401420,AE1614,20160711,,
8367,9161401421,AE1614,20160711,,
8368,9161401422,AE1614,20160711,,
8369,9161401423,AE1614,20160711,,
8370,9161401424,AE1614,20160711,,
8371,9161401403,AE1614,20160711,V1V2_dada2_read_info_03052026.xlsx,
8372,9161401404,AE1614,20160711,,
8373,9161401405,AE1614,20160711,V1V2_dada2_read_info_03052026.xlsx,
8374,9161401406,AE1614,20160711,,
8375,9161401407,AE1614,20160711,V1V2_dada2_read_info_03052026.xlsx,
8376,9161401408,AE1614,20160711,,
8377,9161401409,AE1614,20160711,V1V2_dada2_read_info_03052026.xlsx,
8378,9161401501,AE1614,20160711,V1V2_dada2_read_info_03052026.xlsx,
8379,9161401510,AE1614,20160711,,
8380,9161401511,AE1614,20160711,V1V2_dada2_read_info_03052026.xlsx,
8381,9161401512,AE1614,20160711,,
8382,9161401513,AE1614,20160711,V1V2_dada2_read_info_03052026.xlsx,
8383,9161401514,AE1614,20160711,,
8384,9161401515,AE1614,20160711,V1V2_dada2_read_info_03052026.xlsx,
8385,9161401516,AE1614,20160711,,
8386,9161401517,AE1614,20160711,,
8387,9161401518,AE1614,20160711,,
8388,9161401519,AE1614,20160711,,
8389,9161401502,AE1614,20160711,,
8390,9161401520,AE1614,20160711,,
8391,9161401521,AE1614,20160711,,
8392,9161401522,AE1614,20160711,,
8393,9161401523,AE1614,20160711,,
8394,9161401524,AE1614,20160711,,
8395,9161401503,AE1614,20160711,V1V2_dada2_read_info_03052026.xlsx,
8396,9161401504,AE1614,20160711,,
8397,9161401505,AE1614,20160711,,
8398,9161401506,AE1614,20160711,,
8399,9161401507,AE1614,20160711,V1V2_dada2_read_info_03052026.xlsx,
8400,9161401508,AE1614,20160711,,
8401,9161401509,AE1614,20160711,V1V2_dada2_read_info_03052026.xlsx,
8402,9161401601,AE1614,20160711,,
8403,9161401610,AE1614,20160711,,
8404,9161401611,AE1614,20160711,,
8405,9161401612,AE1614,20160711,,
8406,9161401613,AE1614,20160711,,
8407,9161401614,AE1614,20160711,,
8408,9161401615,AE1614,20160711,,
8409,9161401616,AE1614,20160711,,
8410,9161401617,AE1614,20160711,,
8411,9161401618,AE1614,20160711,,
8412,9161401619,AE1614,20160711,,
8413,9161401602,AE1614,20160711,,
8414,9161401620,AE1614,20160711,,
8415,9161401621,AE1614,20160711,,
8416,9161401622,AE1614,20160711,,
8417,9161401623,AE1614,20160711,,
8418,9161401624,AE1614,20160711,,
8419,9161401603,AE1614,20160711,,
8420,9161401604,AE1614,20160711,,
8421,9161401605,AE1614,20160711,,
8422,9161401606,AE1614,20160711,,
8423,9161401607,AE1614,20160711,,
8424,9161401608,AE1614,20160711,,
8425,9161401609,AE1614,20160711,,
8426,9161401701,AE1614,20160712,,
8427,9161401710,AE1614,20160712,,
8428,9161401711,AE1614,20160712,,
8429,9161401712,AE1614,20160712,,
8430,9161401713,AE1614,20160712,,
8431,9161401714,AE1614,20160712,,
8432,9161401715,AE1614,20160712,,
8433,9161401716,AE1614,20160712,,
8434,9161401717,AE1614,20160712,,
8435,9161401718,AE1614,20160712,,
8436,9161401719,AE1614,20160712,,
8437,9161401702,AE1614,20160712,,
8438,9161401720,AE1614,20160712,,
8439,9161401721,AE1614,20160712,,
8440,9161401722,AE1614,20160712,,
8441,9161401723,AE1614,20160712,,
8442,9161401724,AE1614,20160712,,
8443,9161401703,AE1614,20160712,,
8444,9161401704,AE1614,20160712,,
8445,9161401705,AE1614,20160712,,
8446,9161401706,AE1614,20160712,,
8447,9161401707,AE1614,20160712,,
8448,9161401708,AE1614,20160712,,
8449,9161401709,AE1614,20160712,,
8450,9161401801,AE1614,20160712,V1V2_dada2_read_info_03052026.xlsx,
8451,9161401810,AE1614,20160712,,
8452,9161401811,AE1614,20160712,V1V2_dada2_read_info_03052026.xlsx,
8453,9161401812,AE1614,20160712,,
8454,9161401813,AE1614,20160712,V1V2_dada2_read_info_03052026.xlsx,
8455,9161401814,AE1614,20160712,,
8456,9161401815,AE1614,20160712,V1V2_dada2_read_info_03052026.xlsx,
8457,9161401816,AE1614,20160712,,
8458,9161401817,AE1614,20160712,,
8459,9161401818,AE1614,20160712,,
8460,9161401819,AE1614,20160712,,
8461,9161401802,AE1614,20160712,,
8462,9161401820,AE1614,20160712,,
8463,9161401821,AE1614,20160712,,
8464,9161401822,AE1614,20160712,,
8465,9161401823,AE1614,20160712,,
8466,9161401824,AE1614,20160712,,
8467,9161401803,AE1614,20160712,V1V2_dada2_read_info_03052026.xlsx,
8468,9161401804,AE1614,20160712,,
8469,9161401805,AE1614,20160712,V1V2_dada2_read_info_03052026.xlsx,
8470,9161401806,AE1614,20160712,,
8471,9161401807,AE1614,20160712,V1V2_dada2_read_info_03052026.xlsx,
8472,9161401808,AE1614,20160712,,
8473,9161401809,AE1614,20160712,V1V2_dada2_read_info_03052026.xlsx,
8474,9161401901,AE1614,20160712,,
8475,9161401902,AE1614,20160712,,
8476,9161401903,AE1614,20160712,,
8477,9161401904,AE1614,20160712,,
8478,9161401905,AE1614,20160712,,
8479,9161401906,AE1614,20160712,,
8480,9161400201,AE1614,20160709,V1V2_dada2_read_info_03052026.xlsx,
8481,9161400210,AE1614,20160709,,
8482,9161400211,AE1614,20160709,V1V2_dada2_read_info_03052026.xlsx,
8483,9161400212,AE1614,20160709,,
8484,9161400213,AE1614,20160709,V1V2_dada2_read_info_03052026.xlsx,
8485,9161400214,AE1614,20160709,,
8486,9161400215,AE1614,20160709,V1V2_dada2_read_info_03052026.xlsx,
8487,9161400216,AE1614,20160709,,
8488,9161400217,AE1614,20160709,,
8489,9161400218,AE1614,20160709,,
8490,9161400219,AE1614,20160709,,
8491,9161400202,AE1614,20160709,,
8492,9161400220,AE1614,20160709,,
8493,9161400221,AE1614,20160709,,
8494,9161400222,AE1614,20160709,,
8495,9161400223,AE1614,20160709,,
8496,9161400224,AE1614,20160709,,
8497,9161400203,AE1614,20160709,V1V2_dada2_read_info_03052026.xlsx,
8498,9161400204,AE1614,20160709,,
8499,9161400205,AE1614,20160709,V1V2_dada2_read_info_03052026.xlsx,
8500,9161400206,AE1614,20160709,,
8501,9161400207,AE1614,20160709,V1V2_dada2_read_info_03052026.xlsx,
8502,9161400208,AE1614,20160709,,
8503,9161400209,AE1614,20160709,V1V2_dada2_read_info_03052026.xlsx,
8504,9161402001,AE1614,20160712,,
8505,9161402010,AE1614,20160712,,
8506,9161402011,AE1614,20160712,,
8507,9161402012,AE1614,20160712,,
8508,9161402013,AE1614,20160712,,
8509,9161402014,AE1614,20160712,,
8510,9161402015,AE1614,20160712,,
8511,9161402016,AE1614,20160712,,
8512,9161402017,AE1614,20160712,,
8513,9161402018,AE1614,20160712,,
8514,9161402019,AE1614,20160712,,
8515,9161402002,AE1614,20160712,,
8516,9161402020,AE1614,20160712,,
8517,9161402021,AE1614,20160712,,
8518,9161402022,AE1614,20160712,,
8519,9161402023,AE1614,20160712,,
8520,9161402024,AE1614,20160712,,
8521,9161402003,AE1614,20160712,,
8522,9161402004,AE1614,20160712,,
8523,9161402005,AE1614,20160712,,
8524,9161402006,AE1614,20160712,,
8525,9161402007,AE1614,20160712,,
8526,9161402008,AE1614,20160712,,
8527,9161402009,AE1614,20160712,,
8528,9161400301,AE1614,20160709,,
8529,9161400310,AE1614,20160709,,
8530,9161400311,AE1614,20160709,,
8531,9161400312,AE1614,20160709,,
8532,9161400313,AE1614,20160709,,
8533,9161400314,AE1614,20160709,,
8534,9161400315,AE1614,20160709,,
8535,9161400316,AE1614,20160709,,
8536,9161400317,AE1614,20160709,,
8537,9161400318,AE1614,20160709,,
8538,9161400319,AE1614,20160709,,
8539,9161400302,AE1614,20160709,,
8540,9161400320,AE1614,20160709,,
8541,9161400321,AE1614,20160709,,
8542,9161400322,AE1614,20160709,,
8543,9161400323,AE1614,20160709,,
8544,9161400324,AE1614,20160709,,
8545,9161400303,AE1614,20160709,,
8546,9161400304,AE1614,20160709,,
8547,9161400305,AE1614,20160709,,
8548,9161400306,AE1614,20160709,,
8549,9161400307,AE1614,20160709,,
8550,9161400308,AE1614,20160709,,
8551,9161400309,AE1614,20160709,,
8552,9161400401,AE1614,20160710,V1V2_dada2_read_info_03052026.xlsx,
8553,9161400410,AE1614,20160710,V1V2_dada2_read_info_03052026.xlsx,
8554,9161400411,AE1614,20160710,,
8555,9161400412,AE1614,20160710,,
8556,9161400413,AE1614,20160710,,
8557,9161400414,AE1614,20160710,,
8558,9161400415,AE1614,20160710,,
8559,9161400402,AE1614,20160710,V1V2_dada2_read_info_03052026.xlsx,
8560,9161400403,AE1614,20160710,,
8561,9161400404,AE1614,20160710,,
8562,9161400405,AE1614,20160710,V1V2_dada2_read_info_03052026.xlsx,
8563,9161400406,AE1614,20160710,V1V2_dada2_read_info_03052026.xlsx,
8564,9161400407,AE1614,20160710,V1V2_dada2_read_info_03052026.xlsx,
8565,9161400408,AE1614,20160710,V1V2_dada2_read_info_03052026.xlsx,
8566,9161400409,AE1614,20160710,V1V2_dada2_read_info_03052026.xlsx,
8567,9161400501,AE1614,20160710,V1V2_dada2_read_info_03052026.xlsx,
8568,9161400510,AE1614,20160710,,
8569,9161400511,AE1614,20160710,V1V2_dada2_read_info_03052026.xlsx,
8570,9161400512,AE1614,20160710,,
8571,9161400513,AE1614,20160710,V1V2_dada2_read_info_03052026.xlsx,
8572,9161400514,AE1614,20160710,,
8573,9161400515,AE1614,20160710,V1V2_dada2_read_info_03052026.xlsx,
8574,9161400516,AE1614,20160710,,
8575,9161400517,AE1614,20160710,,
8576,9161400518,AE1614,20160710,,
8577,9161400519,AE1614,20160710,,
8578,9161400502,AE1614,20160710,,
8579,9161400520,AE1614,20160710,,
8580,9161400521,AE1614,20160710,,
8581,9161400522,AE1614,20160710,,
8582,9161400523,AE1614,20160710,,
8583,9161400524,AE1614,20160710,,
8584,9161400503,AE1614,20160710,V1V2_dada2_read_info_03052026.xlsx,
8585,9161400504,AE1614,20160710,,
8586,9161400505,AE1614,20160710,V1V2_dada2_read_info_03052026.xlsx,
8587,9161400506,AE1614,20160710,,
8588,9161400507,AE1614,20160710,V1V2_dada2_read_info_03052026.xlsx,
8589,9161400508,AE1614,20160710,,
8590,9161400509,AE1614,20160710,V1V2_dada2_read_info_03052026.xlsx,
8591,9161400601,AE1614,20160710,,
8592,9161400610,AE1614,20160710,,
8593,9161400611,AE1614,20160710,,
8594,9161400612,AE1614,20160710,,
8595,9161400613,AE1614,20160710,,
8596,9161400614,AE1614,20160710,,
8597,9161400615,AE1614,20160710,,
8598,9161400616,AE1614,20160710,,
8599,9161400617,AE1614,20160710,,
8600,9161400618,AE1614,20160710,,
8601,9161400619,AE1614,20160710,,
8602,9161400602,AE1614,20160710,,
8603,9161400620,AE1614,20160710,,
8604,9161400621,AE1614,20160710,,
8605,9161400622,AE1614,20160710,,
8606,9161400623,AE1614,20160710,,
8607,9161400624,AE1614,20160710,,
8608,9161400603,AE1614,20160710,,
8609,9161400604,AE1614,20160710,,
8610,9161400605,AE1614,20160710,,
8611,9161400606,AE1614,20160710,,
8612,9161400607,AE1614,20160710,,
8613,9161400608,AE1614,20160710,,
8614,9161400609,AE1614,20160710,,
8615,9161400701,AE1614,20160710,V1V2_dada2_read_info_03052026.xlsx,
8616,9161400710,AE1614,20160710,,
8617,9161400711,AE1614,20160710,V1V2_dada2_read_info_03052026.xlsx,
8618,9161400712,AE1614,20160710,,
8619,9161400713,AE1614,20160710,V1V2_dada2_read_info_03052026.xlsx,
8620,9161400714,AE1614,20160710,,
8621,9161400715,AE1614,20160710,V1V2_dada2_read_info_03052026.xlsx,
8622,9161400716,AE1614,20160710,,
8623,9161400717,AE1614,20160710,,
8624,9161400718,AE1614,20160710,,
8625,9161400719,AE1614,20160710,,
8626,9161400702,AE1614,20160710,,
8627,9161400720,AE1614,20160710,,
8628,9161400721,AE1614,20160710,,
8629,9161400722,AE1614,20160710,,
8630,9161400723,AE1614,20160710,,
8631,9161400724,AE1614,20160710,,
8632,9161400703,AE1614,20160710,V1V2_dada2_read_info_03052026.xlsx,
8633,9161400704,AE1614,20160710,,
8634,9161400705,AE1614,20160710,V1V2_dada2_read_info_03052026.xlsx,
8635,9161400706,AE1614,20160710,,
8636,9161400707,AE1614,20160710,V1V2_dada2_read_info_03052026.xlsx,
8637,9161400708,AE1614,20160710,,
8638,9161400709,AE1614,20160710,V1V2_dada2_read_info_03052026.xlsx,
8639,9161400801,AE1614,20160710,V1V2_dada2_read_info_03052026.xlsx,
8640,9161400810,AE1614,20160710,,
8641,9161400811,AE1614,20160710,V1V2_dada2_read_info_03052026.xlsx,
8642,9161400812,AE1614,20160710,,
8643,9161400813,AE1614,20160710,V1V2_dada2_read_info_03052026.xlsx,
8644,9161400814,AE1614,20160710,,
8645,9161400815,AE1614,20160710,V1V2_dada2_read_info_03052026.xlsx,
8646,9161400816,AE1614,20160710,,
8647,9161400817,AE1614,20160710,,
8648,9161400818,AE1614,20160710,,
8649,9161400819,AE1614,20160710,,
8650,9161400802,AE1614,20160710,,
8651,9161400820,AE1614,20160710,,
8652,9161400821,AE1614,20160710,,
8653,9161400822,AE1614,20160710,,
8654,9161400823,AE1614,20160710,,
8655,9161400824,AE1614,20160710,,
8656,9161400803,AE1614,20160710,V1V2_dada2_read_info_03052026.xlsx,
8657,9161400804,AE1614,20160710,,
8658,9161400805,AE1614,20160710,V1V2_dada2_read_info_03052026.xlsx,
8659,9161400806,AE1614,20160710,,
8660,9161400807,AE1614,20160710,V1V2_dada2_read_info_03052026.xlsx,
8661,9161400808,AE1614,20160710,,
8662,9161400809,AE1614,20160710,V1V2_dada2_read_info_03052026.xlsx,
8663,9161400901,AE1614,20160710,,
8664,9161400910,AE1614,20160710,,
8665,9161400911,AE1614,20160710,,
8666,9161400912,AE1614,20160710,,
8667,9161400913,AE1614,20160710,,
8668,9161400914,AE1614,20160710,,
8669,9161400915,AE1614,20160710,,
8670,9161400916,AE1614,20160710,,
8671,9161400917,AE1614,20160710,,
8672,9161400918,AE1614,20160710,,
8673,9161400919,AE1614,20160710,,
8674,9161400902,AE1614,20160710,,
8675,9161400920,AE1614,20160710,,
8676,9161400921,AE1614,20160710,,
8677,9161400922,AE1614,20160710,,
8678,9161400923,AE1614,20160710,,
8679,9161400924,AE1614,20160710,,
8680,9161400903,AE1614,20160710,,
8681,9161400904,AE1614,20160710,,
8682,9161400905,AE1614,20160710,,
8683,9161400906,AE1614,20160710,,
8684,9161400907,AE1614,20160710,,
8685,9161400908,AE1614,20160710,,
8686,9161400909,AE1614,20160710,,
8687,1035901006,AE1909,20190513,,
8688,1035901007,AE1909,20190513,,
8689,1035901008,AE1909,20190513,,
8690,1035901009,AE1909,20190513,,
8691,1035901010,AE1909,20190513,,
8692,1035901011,AE1909,20190513,,
8693,1035901012,AE1909,20190513,,
8694,1035901013,AE1909,20190513,,
8695,1035901014,AE1909,20190513,,
8696,1035901015,AE1909,20190513,,
8697,1035901016,AE1909,20190513,,
8698,1035901017,AE1909,20190513,,
8699,1035901018,AE1909,20190513,,
8700,1035901019,AE1909,20190513,,
8701,1035901020,AE1909,20190513,,
8702,1035901021,AE1909,20190513,,
8703,1035901022,AE1909,20190513,,
8704,1035901023,AE1909,20190513,,
8705,1035901024,AE1909,20190513,,
8706,1035901201,AE1909,20190514,,
8707,1035901202,AE1909,20190514,,
8708,1035901203,AE1909,20190514,,
8709,1035901204,AE1909,20190514,,
8710,1035901205,AE1909,20190514,,
8711,1035901206,AE1909,20190514,,
8712,1035901207,AE1909,20190514,,
8713,1035901208,AE1909,20190514,,
8714,1035901209,AE1909,20190514,,
8715,1035901210,AE1909,20190514,,
8716,1035901211,AE1909,20190514,,
8717,1035901212,AE1909,20190514,,
8718,1035901213,AE1909,20190514,,
8719,1035901214,AE1909,20190514,,
8720,1035901215,AE1909,20190514,,
8721,1035901216,AE1909,20190514,,
8722,1035901501,AE1909,20190514,,
8723,1035901502,AE1909,20190514,,
8724,1035901503,AE1909,20190514,,
8725,1035901504,AE1909,20190514,,
8726,1035901505,AE1909,20190514,,
8727,1035901506,AE1909,20190514,,
8728,1035901507,AE1909,20190514,,
8729,1035901508,AE1909,20190514,,
8730,1035901509,AE1909,20190514,,
8731,1035901510,AE1909,20190514,,
8732,1035901511,AE1909,20190514,,
8733,1035901512,AE1909,20190514,,
8734,1035901513,AE1909,20190514,,
8735,1035901514,AE1909,20190514,,
8736,1035901515,AE1909,20190514,,
8737,1035901516,AE1909,20190514,,
8738,1035901517,AE1909,20190514,,
8739,1035901518,AE1909,20190514,,
8740,1035901519,AE1909,20190514,,
8741,1035901520,AE1909,20190514,,
8742,1035901521,AE1909,20190514,,
8743,1035901522,AE1909,20190514,,
8744,1035901523,AE1909,20190514,,
8745,1035901524,AE1909,20190514,,
8746,1035901601,AE1909,20190514,,
8747,1035901602,AE1909,20190514,,
8748,1035901603,AE1909,20190514,,
8749,1035901604,AE1909,20190514,,
8750,1035901605,AE1909,20190514,,
8751,1035901606,AE1909,20190514,,
8752,1035901607,AE1909,20190514,,
8753,1035901608,AE1909,20190514,,
8754,1035901609,AE1909,20190514,,
8755,1035901610,AE1909,-999,,
8756,1035901611,AE1909,-999,,
8757,1035901612,AE1909,-999,,
8758,1035901613,AE1909,-999,,
8759,1035901614,AE1909,-999,,
8760,1035901615,AE1909,-999,,
8761,1035901616,AE1909,-999,,
8762,1035901617,AE1909,-999,,
8763,1035901618,AE1909,-999,,
8764,1035901619,AE1909,-999,,
8765,1035901620,AE1909,-999,,
8766,1035901621,AE1909,-999,,
8767,1035901622,AE1909,-999,,
8768,1035901623,AE1909,-999,,
8769,1035901624,AE1909,-999,,
8770,1035902001,AE1909,20190516,V1V2_dada2_read_info_03052026.xlsx,V4_dada2_read_info_03052026.xlsx
8771,1035902002,AE1909,20190516,,
8772,1035902003,AE1909,20190516,V1V2_dada2_read_info_03052026.xlsx,V4_dada2_read_info_03052026.xlsx
8773,1035902004,AE1909,20190516,,
8774,1035902005,AE1909,20190516,V1V2_dada2_read_info_03052026.xlsx,V4_dada2_read_info_03052026.xlsx
8775,1035902006,AE1909,20190516,,
8776,1035902007,AE1909,20190516,V1V2_dada2_read_info_03052026.xlsx,V4_dada2_read_info_03052026.xlsx
8777,1035902008,AE1909,20190516,,
8778,1035902009,AE1909,20190516,V1V2_dada2_read_info_03052026.xlsx,V4_dada2_read_info_03052026.xlsx
8779,1035902010,AE1909,20190516,,
8780,1035902011,AE1909,20190516,V1V2_dada2_read_info_03052026.xlsx,V4_dada2_read_info_03052026.xlsx
8781,1035902012,AE1909,20190516,,
8782,1035902013,AE1909,20190516,V1V2_dada2_read_info_03052026.xlsx,V4_dada2_read_info_03052026.xlsx
8783,1035902014,AE1909,20190516,,
8784,1035902015,AE1909,20190516,V1V2_dada2_read_info_03052026.xlsx,V4_dada2_read_info_03052026.xlsx
8785,1035902016,AE1909,20190516,,
8786,1035902017,AE1909,20190516,V1V2_dada2_read_info_03052026.xlsx,V4_dada2_read_info_03052026.xlsx
8787,1035902018,AE1909,20190516,,
8788,1035902019,AE1909,20190516,V1V2_dada2_read_info_03052026.xlsx,V4_dada2_read_info_03052026.xlsx
8789,1035902020,AE1909,20190516,,
8790,1035902021,AE1909,20190516,V1V2_dada2_read_info_03052026.xlsx,V4_dada2_read_info_03052026.xlsx
8791,1035902022,AE1909,20190516,,
8792,1035902023,AE1909,20190516,V1V2_dada2_read_info_03052026.xlsx,V4_dada2_read_info_03052026.xlsx
8793,1035902024,AE1909,20190516,,
8794,1036001001,AE1912,20190607,,
8795,1036001002,AE1912,20190607,,
8796,1036001003,AE1912,20190607,,
8797,1036001004,AE1912,20190607,,
8798,1036001005,AE1912,20190607,,
8799,1036001006,AE1912,20190607,,
8800,1036001007,AE1912,20190607,,
8801,1036001008,AE1912,20190607,,
8802,1036001009,AE1912,20190607,,
8803,1036001010,AE1912,20190607,,
8804,1036001011,AE1912,20190607,,
8805,1036001012,AE1912,20190607,,
8806,1036001013,AE1912,20190607,,
8807,1036001014,AE1912,20190607,,
8808,1036001015,AE1912,20190607,,
8809,1036001016,AE1912,20190607,,
8810,1036001017,AE1912,20190607,,
8811,1036001018,AE1912,20190607,,
8812,1036001019,AE1912,20190607,,
8813,1036001020,AE1912,20190607,,
8814,1036001021,AE1912,20190607,,
8815,1036001022,AE1912,20190607,,
8816,1036001023,AE1912,20190607,,
8817,1036001024,AE1912,20190607,,
8818,1036001201,AE1912,20190608,,
8819,1036001202,AE1912,20190608,,
8820,1036001203,AE1912,20190608,,
8821,1036001204,AE1912,20190608,,
8822,1036001205,AE1912,20190608,,
8823,1036001206,AE1912,20190608,,
8824,1036001207,AE1912,20190608,,
8825,1036001208,AE1912,20190608,,
8826,1036001209,AE1912,20190608,,
8827,1036001210,AE1912,20190608,,
8828,1036001211,AE1912,20190608,,
8829,1036001212,AE1912,20190608,,
8830,1036001213,AE1912,20190608,,
8831,1036001214,AE1912,20190608,,
8832,1036001215,AE1912,20190608,,
8833,1036001216,AE1912,20190608,,
8834,1036001217,AE1912,20190608,,
8835,1036001218,AE1912,20190608,,
8836,1036001219,AE1912,20190608,,
8837,1036001220,AE1912,20190608,,
8838,1036001221,AE1912,20190608,,
8839,1036001222,AE1912,20190608,,
8840,1036001223,AE1912,20190608,,
8841,1036001501,AE1912,20190608,,
8842,1036001502,AE1912,20190608,,
8843,1036001503,AE1912,20190608,,
8844,1036001504,AE1912,20190608,,
8845,1036001505,AE1912,20190608,,
8846,1036001506,AE1912,20190608,,
8847,1036001507,AE1912,20190608,,
8848,1036001508,AE1912,20190608,,
8849,1036001509,AE1912,20190608,,
8850,1036001510,AE1912,20190608,,
8851,1036001511,AE1912,20190608,,
8852,1036001512,AE1912,20190608,,
8853,1036001513,AE1912,20190608,,
8854,1036001514,AE1912,20190608,,
8855,1036001515,AE1912,20190608,,
8856,1036001516,AE1912,20190608,,
8857,1036001517,AE1912,20190608,,
8858,1036001518,AE1912,20190608,,
8859,1036001519,AE1912,20190608,,
8860,1036001520,AE1912,20190608,,
8861,1036001521,AE1912,20190608,,
8862,1036001522,AE1912,20190608,,
8863,1036001523,AE1912,20190608,,
8864,1036001524,AE1912,20190608,,
8865,1036001601,AE1912,20190608,,
8866,1036001602,AE1912,20190608,,
8867,1036001603,AE1912,20190608,,
8868,1036001604,AE1912,20190608,,
8869,1036001605,AE1912,20190608,,
8870,1036001606,AE1912,20190608,,
8871,1036001607,AE1912,20190608,,
8872,1036001608,AE1912,20190608,,
8873,1036001609,AE1912,20190608,,
8874,1036001610,AE1912,20190608,,
8875,1036001611,AE1912,20190608,,
8876,1036001612,AE1912,20190608,,
8877,1036001613,AE1912,20190608,,
8878,1036001614,AE1912,20190608,,
8879,1036001615,AE1912,20190608,,
8880,1036001616,AE1912,20190608,,
8881,1036001617,AE1912,20190608,,
8882,1036001618,AE1912,20190608,,
8883,1036001619,AE1912,20190608,,
8884,1036001620,AE1912,20190608,,
8885,1036001621,AE1912,20190608,,
8886,1036001622,AE1912,20190608,,
8887,1036001623,AE1912,20190608,,
8888,1036001624,AE1912,-999,,
8889,1036001801,AE1912,20190609,,
8890,1036001802,AE1912,20190609,,
8891,1036001803,AE1912,20190609,,
8892,1036001804,AE1912,20190609,,
8893,1036001805,AE1912,20190609,,
8894,1036001806,AE1912,20190609,,
8895,1036001807,AE1912,20190609,,
8896,1036001808,AE1912,20190609,,
8897,1036001809,AE1912,20190609,,
8898,1036001810,AE1912,20190609,,
8899,1036001811,AE1912,20190609,,
8900,1036001812,AE1912,20190609,,
8901,1036001813,AE1912,20190609,,
8902,1036001814,AE1912,20190609,,
8903,1036001815,AE1912,20190609,,
8904,1036001816,AE1912,20190609,,
8905,1036001817,AE1912,20190609,,
8906,1036001818,AE1912,20190609,,
8907,1036001819,AE1912,20190609,,
8908,1036001820,AE1912,20190609,,
8909,1036001821,AE1912,20190609,,
8910,1036001822,AE1912,20190609,,
8911,1036001823,AE1912,-999,,
8912,1036001824,AE1912,-999,,
8913,1036001901,AE1912,20190609,V1V2_dada2_read_info_03052026.xlsx,V4_dada2_read_info_03052026.xlsx
8914,1036001902,AE1912,20190609,,
8915,1036001903,AE1912,20190609,V1V2_dada2_read_info_03052026.xlsx,V4_dada2_read_info_03052026.xlsx
8916,1036001904,AE1912,20190609,,
8917,1036001905,AE1912,20190609,V1V2_dada2_read_info_03052026.xlsx,V4_dada2_read_info_03052026.xlsx
8918,1036001906,AE1912,20190609,,
8919,1036001907,AE1912,20190609,V1V2_dada2_read_info_03052026.xlsx,V4_dada2_read_info_03052026.xlsx
8920,1036001908,AE1912,20190609,,
8921,1036001909,AE1912,20190609,V1V2_dada2_read_info_03052026.xlsx,V4_dada2_read_info_03052026.xlsx
8922,1036001910,AE1912,20190609,,
8923,1036001911,AE1912,20190609,V1V2_dada2_read_info_03052026.xlsx,V4_dada2_read_info_03052026.xlsx
8924,1036001912,AE1912,20190609,,
8925,1036001913,AE1912,20190609,V1V2_dada2_read_info_03052026.xlsx,V4_dada2_read_info_03052026.xlsx
8926,1036001914,AE1912,20190609,,
8927,1036001915,AE1912,20190609,V1V2_dada2_read_info_03052026.xlsx,V4_dada2_read_info_03052026.xlsx
8928,1036001916,AE1912,20190609,,
8929,1036001917,AE1912,20190609,V1V2_dada2_read_info_03052026.xlsx,V4_dada2_read_info_03052026.xlsx
8930,1036001918,AE1912,20190609,,
8931,1036001919,AE1912,20190609,V1V2_dada2_read_info_03052026.xlsx,V4_dada2_read_info_03052026.xlsx
8932,1036001920,AE1912,20190609,,
8933,1036001921,AE1912,20190609,V1V2_dada2_read_info_03052026.xlsx,V4_dada2_read_info_03052026.xlsx
8934,1036001922,AE1912,20190609,,
8935,1036001923,AE1912,20190609,V1V2_dada2_read_info_03052026.xlsx,V4_dada2_read_info_03052026.xlsx
8936,1036001924,AE1912,20190609,,
8937,1036100901,AE1917,20190715,,
8938,1036100902,AE1917,20190715,,
8939,1036100903,AE1917,20190715,,
8940,1036100904,AE1917,20190715,,
8941,1036100905,AE1917,20190715,,
8942,1036100906,AE1917,20190715,,
8943,1036100907,AE1917,20190715,,
8944,1036100908,AE1917,20190715,,
8945,1036100909,AE1917,20190715,,
8946,1036100910,AE1917,20190715,,
8947,1036100911,AE1917,20190715,,
8948,1036100912,AE1917,20190715,,
8949,1036100913,AE1917,20190715,,
8950,1036100914,AE1917,20190715,,
8951,1036100915,AE1917,20190715,,
8952,1036100916,AE1917,20190715,,
8953,1036100917,AE1917,20190715,,
8954,1036100918,AE1917,20190715,,
8955,1036100919,AE1917,20190715,,
8956,1036100920,AE1917,20190715,,
8957,1036100921,AE1917,20190715,,
8958,1036100922,AE1917,20190715,,
8959,1036100923,AE1917,20190715,,
8960,1036100924,AE1917,20190715,,
8961,1036101501,AE1917,20190717,,
8962,1036101502,AE1917,20190717,,
8963,1036101503,AE1917,20190717,,
8964,1036101504,AE1917,20190717,,
8965,1036101505,AE1917,20190717,,
8966,1036101506,AE1917,20190717,,
8967,1036101507,AE1917,20190717,,
8968,1036101508,AE1917,20190717,,
8969,1036101509,AE1917,20190717,,
8970,1036101510,AE1917,20190717,,
8971,1036101511,AE1917,20190717,,
8972,1036101512,AE1917,20190717,,
8973,1036101513,AE1917,20190717,,
8974,1036101514,AE1917,20190717,,
8975,1036101515,AE1917,20190717,,
8976,1036101516,AE1917,20190717,,
8977,1036101701,AE1917,20190717,,
8978,1036101702,AE1917,20190717,,
8979,1036101703,AE1917,20190717,,
8980,1036101704,AE1917,20190717,,
8981,1036101705,AE1917,20190717,,
8982,1036101706,AE1917,20190717,,
8983,1036101707,AE1917,20190717,,
8984,1036101708,AE1917,20190717,,
8985,1036101709,AE1917,20190717,,
8986,1036101710,AE1917,20190717,,
8987,1036101711,AE1917,20190717,,
8988,1036101712,AE1917,20190717,,
8989,1036101713,AE1917,20190717,,
8990,1036101714,AE1917,20190717,,
8991,1036101715,AE1917,20190717,,
8992,1036101716,AE1917,20190717,,
8993,1036101717,AE1917,20190717,,
8994,1036101718,AE1917,20190717,,
8995,1036101719,AE1917,20190717,,
8996,1036101720,AE1917,20190717,,
8997,1036101721,AE1917,20190717,,
8998,1036101722,AE1917,20190717,,
8999,1036101723,AE1917,20190717,,
9000,1036101724,AE1917,20190717,,
9001,1036101801,AE1917,20190717,,
9002,1036101802,AE1917,20190717,,
9003,1036101803,AE1917,20190717,,
9004,1036101804,AE1917,20190717,,
9005,1036101805,AE1917,20190717,,
9006,1036101806,AE1917,20190717,,
9007,1036101807,AE1917,20190717,,
9008,1036101808,AE1917,20190717,,
9009,1036101809,AE1917,-999,,
9010,1036101810,AE1917,-999,,
9011,1036101811,AE1917,-999,,
9012,1036101812,AE1917,-999,,
9013,1036101813,AE1917,-999,,
9014,1036101814,AE1917,-999,,
9015,1036101815,AE1917,-999,,
9016,1036101816,AE1917,-999,,
9017,1036101817,AE1917,-999,,
9018,1036101818,AE1917,-999,,
9019,1036101819,AE1917,-999,,
9020,1036101820,AE1917,-999,,
9021,1036101821,AE1917,-999,,
9022,1036101822,AE1917,-999,,
9023,1036101823,AE1917,-999,,
9024,1036101824,AE1917,-999,,
9025,1036101901,AE1917,20190718,V1V2_dada2_read_info_03052026.xlsx,V4_dada2_read_info_03052026.xlsx
9026,1036101902,AE1917,20190718,,
9027,1036101903,AE1917,20190718,,
9028,1036101904,AE1917,20190718,V1V2_dada2_read_info_03052026.xlsx,V4_dada2_read_info_03052026.xlsx
9029,1036101905,AE1917,20190718,,
9030,1036101906,AE1917,20190718,V1V2_dada2_read_info_03052026.xlsx,V4_dada2_read_info_03052026.xlsx
9031,1036101907,AE1917,20190718,,
9032,1036101908,AE1917,20190718,V1V2_dada2_read_info_03052026.xlsx,V4_dada2_read_info_03052026.xlsx
9033,1036101909,AE1917,20190718,,
9034,1036101910,AE1917,20190718,V1V2_dada2_read_info_03052026.xlsx,V4_dada2_read_info_03052026.xlsx
9035,1036101911,AE1917,20190718,V1V2_dada2_read_info_03052026.xlsx,V4_dada2_read_info_03052026.xlsx
9036,1036101912,AE1917,20190718,,
9037,1036101913,AE1917,20190718,,V4_dada2_read_info_03052026.xlsx
9038,1036101914,AE1917,20190718,,
9039,1036101915,AE1917,20190718,V1V2_dada2_read_info_03052026.xlsx,V4_dada2_read_info_03052026.xlsx
9040,1036101916,AE1917,20190718,,
9041,1036101917,AE1917,20190718,,
9042,1036101918,AE1917,20190718,V1V2_dada2_read_info_03052026.xlsx,V4_dada2_read_info_03052026.xlsx
9043,1036101919,AE1917,20190718,V1V2_dada2_read_info_03052026.xlsx,V4_dada2_read_info_03052026.xlsx
9044,1036101920,AE1917,20190718,,
9045,1036101921,AE1917,20190718,V1V2_dada2_read_info_03052026.xlsx,V4_dada2_read_info_03052026.xlsx
9046,1036101922,AE1917,20190718,,
9047,1036101923,AE1917,20190718,V1V2_dada2_read_info_03052026.xlsx,V4_dada2_read_info_03052026.xlsx
9048,1036101924,AE1917,20190718,,
9049,1036200901,AE1921,20190817,,
9050,1036200902,AE1921,20190817,,
9051,1036200903,AE1921,20190817,,
9052,1036200904,AE1921,20190817,,
9053,1036200905,AE1921,20190817,,
9054,1036200906,AE1921,20190817,,
9055,1036200907,AE1921,20190817,,
9056,1036200908,AE1921,20190817,,
9057,1036200909,AE1921,20190817,,
9058,1036200910,AE1921,20190817,,
9059,1036200911,AE1921,20190817,,
9060,1036200912,AE1921,20190817,,
9061,1036200913,AE1921,20190817,,
9062,1036200914,AE1921,20190817,,
9063,1036201001,AE1921,20190818,,
9064,1036201002,AE1921,20190818,,
9065,1036201003,AE1921,20190818,,
9066,1036201004,AE1921,20190818,,
9067,1036201005,AE1921,20190818,,
9068,1036201006,AE1921,20190818,,
9069,1036201007,AE1921,20190818,,
9070,1036201008,AE1921,20190818,,
9071,1036201009,AE1921,20190818,,
9072,1036201010,AE1921,20190818,,
9073,1036201011,AE1921,20190818,,
9074,1036201012,AE1921,20190818,,
9075,1036201013,AE1921,20190818,,
9076,1036201014,AE1921,20190818,,
9077,1036201015,AE1921,20190818,,
9078,1036201016,AE1921,20190818,,
9079,1036201017,AE1921,20190818,,
9080,1036201018,AE1921,20190818,,
9081,1036201019,AE1921,20190818,,
9082,1036201020,AE1921,20190818,,
9083,1036201021,AE1921,20190818,,
9084,1036201022,AE1921,20190818,,
9085,1036201023,AE1921,20190818,,
9086,1036201024,AE1921,20190818,,
9087,1036201201,AE1921,20190819,,
9088,1036201202,AE1921,20190819,,
9089,1036201203,AE1921,20190819,,
9090,1036201204,AE1921,20190819,,
9091,1036201205,AE1921,20190819,,
9092,1036201206,AE1921,20190819,,
9093,1036201207,AE1921,20190819,,
9094,1036201208,AE1921,20190819,,
9095,1036201209,AE1921,20190819,,
9096,1036201210,AE1921,20190819,,
9097,1036201211,AE1921,20190819,,
9098,1036201212,AE1921,20190819,,
9099,1036201213,AE1921,20190819,,
9100,1036201214,AE1921,20190819,,
9101,1036201215,AE1921,20190819,,
9102,1036201216,AE1921,20190819,,
9103,1036201501,AE1921,20190819,,
9104,1036201502,AE1921,20190819,,
9105,1036201503,AE1921,20190819,,
9106,1036201504,AE1921,20190819,,
9107,1036201505,AE1921,20190819,,
9108,1036201506,AE1921,20190819,,
9109,1036201507,AE1921,20190819,,
9110,1036201508,AE1921,20190819,,
9111,1036201509,AE1921,20190819,,
9112,1036201510,AE1921,20190819,,
9113,1036201511,AE1921,20190819,,
9114,1036201512,AE1921,20190819,,
9115,1036201513,AE1921,20190819,,
9116,1036201514,AE1921,20190819,,
9117,1036201515,AE1921,20190819,,
9118,1036201516,AE1921,20190819,,
9119,1036201517,AE1921,20190819,,
9120,1036201518,AE1921,20190819,,
9121,1036201519,AE1921,20190819,,
9122,1036201520,AE1921,20190819,,
9123,1036201521,AE1921,20190819,,
9124,1036201522,AE1921,20190819,,
9125,1036201523,AE1921,20190819,,
9126,1036201524,AE1921,20190819,,
9127,1036201701,AE1921,20190820,,
9128,1036201702,AE1921,-999,,
9129,1036201703,AE1921,-999,,
9130,1036201704,AE1921,20190820,,
9131,1036201705,AE1921,-999,,
9132,1036201706,AE1921,-999,,
9133,1036201707,AE1921,20190820,,
9134,1036201708,AE1921,-999,,
9135,1036201709,AE1921,-999,,
9136,1036201710,AE1921,-999,,
9137,1036201711,AE1921,-999,,
9138,1036201712,AE1921,-999,,
9139,1036201713,AE1921,-999,,
9140,1036201714,AE1921,-999,,
9141,1036201715,AE1921,-999,,
9142,1036201716,AE1921,-999,,
9143,1036201717,AE1921,-999,,
9144,1036201718,AE1921,-999,,
9145,1036201719,AE1921,-999,,
9146,1036201720,AE1921,-999,,
9147,1036201721,AE1921,-999,,
9148,1036201722,AE1921,-999,,
9149,1036201723,AE1921,-999,,
9150,1036201724,AE1921,-999,,
9151,1036202201,AE1921,20190821,V1V2_dada2_read_info_03052026.xlsx,V4_dada2_read_info_03052026.xlsx
9152,1036202202,AE1921,20190821,,
9153,1036202203,AE1921,20190821,V1V2_dada2_read_info_03052026.xlsx,V4_dada2_read_info_03052026.xlsx
9154,1036202204,AE1921,20190821,,
9155,1036202205,AE1921,20190821,V1V2_dada2_read_info_03052026.xlsx,V4_dada2_read_info_03052026.xlsx
9156,1033900707,AE1718,20170913,,
9157,1033900708,AE1718,20170913,,
9158,1033900709,AE1718,20170913,,
9159,1033900710,AE1718,20170913,,
9160,1033900711,AE1718,20170913,,
9161,1033900712,AE1718,20170913,,
9162,1033900713,AE1718,20170913,,
9163,1033900714,AE1718,20170913,,
9164,1033900715,AE1718,20170913,,
9165,1033900716,AE1718,20170913,,
9166,1033900717,AE1718,20170913,,
9167,1033900718,AE1718,20170913,,
9168,1033900719,AE1718,20170913,,
9169,1033900720,AE1718,20170913,,
9170,1033900721,AE1718,20170913,,
9171,1033900722,AE1718,20170913,,
9172,1033900723,AE1718,20170913,,
9173,1033900724,AE1718,20170913,,
9174,1033900801,AE1718,20170913,,
9175,1033900802,AE1718,20170913,,
9176,1033900803,AE1718,20170913,,
9177,1033900804,AE1718,20170913,,
9178,1033900805,AE1718,20170913,,
9179,1033900806,AE1718,20170913,,
9180,1033900807,AE1718,20170913,,
9181,1033900808,AE1718,20170913,,
9182,1033900809,AE1718,20170913,,
9183,1033900810,AE1718,20170913,,
9184,1033900811,AE1718,20170913,,
9185,1033900812,AE1718,20170913,,
9186,1033900813,AE1718,20170913,,
9187,1033900814,AE1718,20170913,,
9188,1033900815,AE1718,20170913,,
9189,1033900816,AE1718,20170913,,
9190,1033900817,AE1718,20170913,,
9191,1033900818,AE1718,20170913,,
9192,1033900819,AE1718,20170913,,
9193,1033900820,AE1718,20170913,,
9194,1033900821,AE1718,20170913,,
9195,1033900822,AE1718,20170913,,
9196,1033900823,AE1718,20170913,,
9197,1033900824,AE1718,20170913,,
9198,1033901101,AE1718,20170914,,
9199,1033901102,AE1718,20170914,V1V2_dada2_read_info_03052026.xlsx,V4_dada2_read_info_03052026.xlsx
9200,1033901103,AE1718,20170914,,
9201,1033901104,AE1718,20170914,V1V2_dada2_read_info_03052026.xlsx,V4_dada2_read_info_03052026.xlsx
9202,1033901105,AE1718,20170914,,
9203,1033901106,AE1718,20170914,,
9204,1033901107,AE1718,20170914,V1V2_dada2_read_info_03052026.xlsx,V4_dada2_read_info_03052026.xlsx
9205,1033901108,AE1718,20170914,,
9206,1033901109,AE1718,20170914,V1V2_dada2_read_info_03052026.xlsx,V4_dada2_read_info_03052026.xlsx
9207,1033901110,AE1718,20170914,,
9208,1033901111,AE1718,20170914,,
9209,1033901112,AE1718,20170914,V1V2_dada2_read_info_03052026.xlsx,V4_dada2_read_info_03052026.xlsx
9210,1033901113,AE1718,20170914,V1V2_dada2_read_info_03052026.xlsx,V4_dada2_read_info_03052026.xlsx
9211,1033901114,AE1718,20170914,,
9212,1033901115,AE1718,20170914,V1V2_dada2_read_info_03052026.xlsx,V4_dada2_read_info_03052026.xlsx
9213,1033901116,AE1718,20170914,,
9214,1033901117,AE1718,20170914,V1V2_dada2_read_info_03052026.xlsx,V4_dada2_read_info_03052026.xlsx
9215,1033901118,AE1718,20170914,,
9216,1033901119,AE1718,20170914,,
9217,1033901120,AE1718,20170914,V1V2_dada2_read_info_03052026.xlsx,
9218,1033901121,AE1718,20170914,V1V2_dada2_read_info_03052026.xlsx,
9219,1033901122,AE1718,20170914,V1V2_dada2_read_info_03052026.xlsx,
9220,1033901123,AE1718,20170914,V1V2_dada2_read_info_03052026.xlsx,
9221,1033901124,AE1718,20170914,,
9222,1034401309,AE1805,20180212,V1V2_dada2_read_info_03052026.xlsx,V4_dada2_read_info_03052026.xlsx
9223,1034401310,AE1805,20180212,,
9224,1034401311,AE1805,20180212,V1V2_dada2_read_info_03052026.xlsx,V4_dada2_read_info_03052026.xlsx
9225,1034401312,AE1805,20180212,,
9226,1034401313,AE1805,20180212,V1V2_dada2_read_info_03052026.xlsx,V4_dada2_read_info_03052026.xlsx
9227,1034401314,AE1805,20180212,,
9228,1034401315,AE1805,20180212,V1V2_dada2_read_info_03052026.xlsx,V4_dada2_read_info_03052026.xlsx
9229,1034401316,AE1805,20180212,,
9230,1034401317,AE1805,20180212,V1V2_dada2_read_info_03052026.xlsx,V4_dada2_read_info_03052026.xlsx
9231,1034401318,AE1805,20180212,,
9232,1034401319,AE1805,20180212,V1V2_dada2_read_info_03052026.xlsx,V4_dada2_read_info_03052026.xlsx
9233,1034401320,AE1805,20180212,,
9234,1034401321,AE1805,20180212,V1V2_dada2_read_info_03052026.xlsx,V4_dada2_read_info_03052026.xlsx
9235,1034401322,AE1805,20180212,,
9236,1034401323,AE1805,20180212,V1V2_dada2_read_info_03052026.xlsx,V4_dada2_read_info_03052026.xlsx
9237,1034401324,AE1805,20180212,,
9238,1034500201,AE1807,20180314,,
9239,1034500202,AE1807,20180314,,
9240,1034500203,AE1807,20180314,,
9241,1034500204,AE1807,20180314,,
9242,1034500205,AE1807,20180314,,
9243,1034500206,AE1807,20180314,,
9244,1034500207,AE1807,20180314,,
9245,1034500208,AE1807,20180314,,
9246,1034500209,AE1807,20180314,,
9247,1034500210,AE1807,20180314,,
9248,1034500211,AE1807,20180314,,
9249,1034500212,AE1807,20180314,,
9250,1034500213,AE1807,20180314,,
9251,1034500214,AE1807,20180314,,
9252,1034500215,AE1807,20180314,,
9253,1034500216,AE1807,20180314,,
9254,1034500217,AE1807,20180314,,
9255,1034500218,AE1807,20180314,,
9256,1034500219,AE1807,20180314,,
9257,1034500220,AE1807,20180314,,
9258,1034500221,AE1807,20180314,,
9259,1034500222,AE1807,20180314,,
9260,1034500223,AE1807,20180314,,
9261,1034500224,AE1807,20180314,,
9262,1034500401,AE1807,20180315,,
9263,1034500402,AE1807,20180315,,
9264,1034500403,AE1807,20180315,,
9265,1034500404,AE1807,20180315,,
9266,1034500405,AE1807,20180315,,
9267,1034500406,AE1807,20180315,,
9268,1034500407,AE1807,20180315,,
9269,1034500408,AE1807,20180315,,
9270,1034500409,AE1807,20180315,,
9271,1034500410,AE1807,20180315,,
9272,1034500411,AE1807,20180315,,
9273,1034500412,AE1807,20180315,,
9274,1034500413,AE1807,20180315,,
9275,1034500414,AE1807,20180315,,
9276,1034500415,AE1807,20180315,,
9277,1034500416,AE1807,20180315,,
9278,1034500501,AE1807,20180315,,
9279,1034500502,AE1807,20180315,,
9280,1034500503,AE1807,20180315,,
9281,1034500504,AE1807,20180315,,
9282,1034500505,AE1807,20180315,,
9283,1034500506,AE1807,20180315,,
9284,1034500507,AE1807,20180315,,
9285,1034500508,AE1807,20180315,,
9286,1034500509,AE1807,20180315,,
9287,1034500510,AE1807,20180315,,
9288,1034500511,AE1807,20180315,,
9289,1034500512,AE1807,20180315,,
9290,1034500513,AE1807,20180315,,
9291,1034500514,AE1807,20180315,,
9292,1034500515,AE1807,20180315,,
9293,1034500516,AE1807,20180315,,
9294,1034500517,AE1807,20180315,,
9295,1034500518,AE1807,20180315,,
9296,1034500519,AE1807,20180315,,
9297,1034500520,AE1807,20180315,,
9298,1034500521,AE1807,20180315,,
9299,1034500522,AE1807,20180315,,
9300,1034500523,AE1807,20180315,,
9301,1034500524,AE1807,20180315,,
9302,1034600101,AE1810,20180412,,
9303,1034600102,AE1810,20180412,,
9304,1034600103,AE1810,20180412,,
9305,1034600104,AE1810,20180412,,
9306,1034600105,AE1810,20180412,,
9307,1034600106,AE1810,20180412,,
9308,1034600107,AE1810,20180412,,
9309,1034600108,AE1810,20180412,,
9310,1034600109,AE1810,20180412,,
9311,1034600110,AE1810,20180412,,
9312,1034600111,AE1810,20180412,,
9313,1034600112,AE1810,20180412,,
9314,1034600113,AE1810,20180412,,
9315,1034600114,AE1810,20180412,,
9316,1034600115,AE1810,20180412,,
9317,1034600116,AE1810,20180412,,
9318,1034600117,AE1810,20180412,,
9319,1034600118,AE1810,20180412,,
9320,1034600119,AE1810,20180412,,
9321,1034600120,AE1810,20180412,,
9322,1034600121,AE1810,20180412,,
9323,1034600122,AE1810,20180412,,
9324,1034600123,AE1810,20180412,,
9325,1034600124,AE1810,20180412,,
9326,1034600301,AE1810,20180413,,
9327,1034600302,AE1810,20180413,,
9328,1034600303,AE1810,20180413,,
9329,1034600304,AE1810,20180413,,
9330,1034600305,AE1810,20180413,,
9331,1034600306,AE1810,20180413,,
9332,1034600307,AE1810,20180413,,
9333,1034600308,AE1810,20180413,,
9334,1034600309,AE1810,20180413,,
9335,1034600310,AE1810,20180413,,
9336,1034600311,AE1810,20180413,,
9337,1034600312,AE1810,20180413,,
9338,1034600313,AE1810,20180413,,
9339,1034600314,AE1810,20180413,,
9340,1034600315,AE1810,20180413,,
9341,1034600316,AE1810,20180413,,
9342,1034600317,AE1810,20180413,,
9343,1034600318,AE1810,20180413,,
9344,1034600319,AE1810,20180413,,
9345,1034600320,AE1810,20180413,,
9346,1034600321,AE1810,20180413,,
9347,1034600322,AE1810,20180413,,
9348,1034600323,AE1810,20180413,,
9349,1034600324,AE1810,20180413,,
9350,1034600501,AE1810,20180414,,
9351,1034600502,AE1810,20180414,,
9352,1034600503,AE1810,20180414,,
9353,1034600504,AE1810,20180414,,
9354,1034600505,AE1810,20180414,,
9355,1034600506,AE1810,20180414,,
9356,1034600507,AE1810,20180414,,
9357,1034600508,AE1810,20180414,,
9358,1034600509,AE1810,20180414,,
9359,1034600510,AE1810,20180414,,
9360,1034600511,AE1810,20180414,,
9361,1034600512,AE1810,20180414,,
9362,1034600513,AE1810,20180414,,
9363,1034600514,AE1810,20180414,,
9364,1034600515,AE1810,20180414,,
9365,1034600516,AE1810,20180414,,
9366,1034600601,AE1810,20180414,,
9367,1034600602,AE1810,20180414,,
9368,1034600603,AE1810,20180414,,
9369,1034600604,AE1810,20180414,,
9370,1034600605,AE1810,20180414,,
9371,1034600606,AE1810,20180414,,
9372,1034600607,AE1810,20180414,,
9373,1034600608,AE1810,20180414,,
9374,1034600609,AE1810,20180414,,
9375,1034600610,AE1810,20180414,,
9376,1034600611,AE1810,20180414,,
9377,1034600612,AE1810,20180414,,
9378,1034600613,AE1810,20180414,,
9379,1034600614,AE1810,20180414,,
9380,1034600615,AE1810,20180414,,
9381,1034600616,AE1810,20180414,,
9382,1034600617,AE1810,20180414,,
9383,1034600618,AE1810,20180414,,
9384,1034600619,AE1810,20180414,,
9385,1034600620,AE1810,20180414,,
9386,1034600621,AE1810,20180414,,
9387,1034600622,AE1810,20180414,,
9388,1034600623,AE1810,20180414,,
9389,1034600624,AE1810,20180414,,
9390,1034600701,AE1810,20180414,,
9391,1034600702,AE1810,20180414,,
9392,1034600703,AE1810,20180414,,
9393,1034600704,AE1810,20180414,,
9394,1034600705,AE1810,20180414,,
9395,1034600706,AE1810,20180414,,
9396,1034600707,AE1810,20180414,,
9397,1034600708,AE1810,20180414,,
9398,1034600709,AE1810,20180414,,
9399,1034600710,AE1810,-999,,
9400,1034600711,AE1810,-999,,
9401,1034600712,AE1810,-999,,
9402,1034600713,AE1810,-999,,
9403,1034600714,AE1810,-999,,
9404,1034600715,AE1810,-999,,
9405,1034600716,AE1810,-999,,
9406,1034600717,AE1810,-999,,
9407,1034600718,AE1810,-999,,
9408,1034600719,AE1810,-999,,
9409,1034600720,AE1810,-999,,
9410,1034600721,AE1810,-999,,
9411,1034600722,AE1810,-999,,
9412,1034600723,AE1810,-999,,
9413,1034600724,AE1810,-999,,
9414,1034601201,AE1810,20180416,V1V2_dada2_read_info_03052026.xlsx,V4_dada2_read_info_03052026.xlsx
9415,1034601202,AE1810,20180416,,
9416,1034601203,AE1810,20180416,V1V2_dada2_read_info_03052026.xlsx,V4_dada2_read_info_03052026.xlsx
9417,1034601204,AE1810,20180416,,
9418,1034601205,AE1810,20180416,V1V2_dada2_read_info_03052026.xlsx,V4_dada2_read_info_03052026.xlsx
9419,1034601206,AE1810,20180416,,
9420,1034601207,AE1810,20180416,V1V2_dada2_read_info_03052026.xlsx,V4_dada2_read_info_03052026.xlsx
9421,1034601208,AE1810,20180416,,
9422,1034601209,AE1810,20180416,V1V2_dada2_read_info_03052026.xlsx,V4_dada2_read_info_03052026.xlsx
9423,1034601210,AE1810,20180416,,
9424,1034601211,AE1810,20180416,V1V2_dada2_read_info_03052026.xlsx,V4_dada2_read_info_03052026.xlsx
9425,1034601212,AE1810,20180416,,
9426,1034601213,AE1810,20180416,V1V2_dada2_read_info_03052026.xlsx,V4_dada2_read_info_03052026.xlsx
9427,1034601214,AE1810,20180416,,
9428,1034601215,AE1810,20180416,V1V2_dada2_read_info_03052026.xlsx,V4_dada2_read_info_03052026.xlsx
9429,1034601216,AE1810,20180416,,
9430,1034601217,AE1810,20180416,V1V2_dada2_read_info_03052026.xlsx,V4_dada2_read_info_03052026.xlsx
9431,1034601218,AE1810,20180416,,
9432,1034601219,AE1810,20180416,V1V2_dada2_read_info_03052026.xlsx,V4_dada2_read_info_03052026.xlsx
9433,1034601220,AE1810,20180416,,
9434,1034601221,AE1810,20180416,V1V2_dada2_read_info_03052026.xlsx,V4_dada2_read_info_03052026.xlsx
9435,1034601222,AE1810,20180416,,
9436,1034601223,AE1810,20180416,V1V2_dada2_read_info_03052026.xlsx,V4_dada2_read_info_03052026.xlsx
9437,1034601224,AE1810,20180416,,
9438,1034700801,AE1814,20180523,,
9439,1034700802,AE1814,20180523,,
9440,1034700803,AE1814,20180523,,
9441,1034700804,AE1814,20180523,,
9442,1034700805,AE1814,20180523,,
9443,1034700806,AE1814,20180523,,
9444,1034700807,AE1814,20180523,,
9445,1034700808,AE1814,20180523,,
9446,1034700809,AE1814,20180523,,
9447,1034700810,AE1814,20180523,,
9448,1034700811,AE1814,20180523,,
9449,1034700812,AE1814,20180523,,
9450,1034700813,AE1814,20180523,,
9451,1034700814,AE1814,20180523,,
9452,1034700815,AE1814,20180523,,
9453,1034700901,AE1814,20180523,,
9454,1034700902,AE1814,20180523,,
9455,1034700903,AE1814,20180523,,
9456,1034700904,AE1814,20180523,,
9457,1034700905,AE1814,20180523,,
9458,1034700906,AE1814,20180523,,
9459,1034700907,AE1814,20180523,,
9460,1034700908,AE1814,20180523,,
9461,1034700909,AE1814,20180523,,
9462,1034700910,AE1814,20180523,,
9463,1034700911,AE1814,20180523,,
9464,1034700912,AE1814,20180523,,
9465,1034700913,AE1814,20180523,,
9466,1034700914,AE1814,20180523,,
9467,1034700915,AE1814,20180523,,
9468,1034700916,AE1814,20180523,,
9469,1034700917,AE1814,20180523,,
9470,1034700918,AE1814,20180523,,
9471,1034700919,AE1814,20180523,,
9472,1034700920,AE1814,20180523,,
9473,1034700921,AE1814,20180523,,
9474,1034700922,AE1814,20180523,,
9475,1034700923,AE1814,20180523,,
9476,1034700924,AE1814,20180523,,
9477,1034701001,AE1814,20180524,,
9478,1034701002,AE1814,20180524,,
9479,1034701003,AE1814,20180524,,
9480,1034701004,AE1814,20180524,,
9481,1034701005,AE1814,20180524,,
9482,1034701006,AE1814,20180524,,
9483,1034701007,AE1814,20180524,,
9484,1034701008,AE1814,20180524,,
9485,1034701009,AE1814,20180524,,
9486,1034701010,AE1814,20180524,,
9487,1034701011,AE1814,20180524,,
9488,1034701012,AE1814,20180524,,
9489,1034701013,AE1814,20180524,,
9490,1034701014,AE1814,20180524,,
9491,1034701015,AE1814,20180524,,
9492,1034701016,AE1814,20180524,,
9493,1034701201,AE1814,20180524,,
9494,1034701202,AE1814,20180524,,
9495,1034701203,AE1814,20180524,,
9496,1034701204,AE1814,20180524,,
9497,1034701205,AE1814,20180524,,
9498,1034701206,AE1814,20180524,,
9499,1034701207,AE1814,20180524,,
9500,1034701208,AE1814,20180524,,
9501,1034701209,AE1814,20180524,,
9502,1034701210,AE1814,20180524,,
9503,1034701211,AE1814,20180524,,
9504,1034701212,AE1814,20180524,,
9505,1034701213,AE1814,20180524,,
9506,1034701214,AE1814,20180524,,
9507,1034701215,AE1814,20180524,,
9508,1034701216,AE1814,20180524,,
9509,1034701217,AE1814,20180524,,
9510,1034701218,AE1814,20180524,,
9511,1034701219,AE1814,20180524,,
9512,1034701220,AE1814,20180524,,
9513,1034701221,AE1814,20180524,,
9514,1034701222,AE1814,20180524,,
9515,1034701223,AE1814,20180524,,
9516,1034701224,AE1814,20180524,,
9517,1034701301,AE1814,-999,,
9518,1034701302,AE1814,-999,,
9519,1034701303,AE1814,-999,,
9520,1034701304,AE1814,-999,,
9521,1034701305,AE1814,-999,,
9522,1034701306,AE1814,-999,,
9523,1034701307,AE1814,-999,,
9524,1034701308,AE1814,-999,,
9525,1034701309,AE1814,-999,,
9526,1034701310,AE1814,-999,,
9527,1034701311,AE1814,-999,,
9528,1034701312,AE1814,-999,,
9529,1034701313,AE1814,-999,,
9530,1034701314,AE1814,-999,,
9531,1034701315,AE1814,-999,,
9532,1034701316,AE1814,20180524,,
9533,1034701317,AE1814,20180524,,
9534,1034701318,AE1814,20180524,,
9535,1034701319,AE1814,20180524,,
9536,1034701320,AE1814,20180524,,
9537,1034701321,AE1814,20180524,,
9538,1034701322,AE1814,20180524,,
9539,1034701323,AE1814,20180524,,
9540,1034701324,AE1814,20180524,,
9541,1034701601,AE1814,20180525,V1V2_dada2_read_info_03052026.xlsx,V4_dada2_read_info_03052026.xlsx
9542,1034701602,AE1814,20180525,,
9543,1034701603,AE1814,20180525,V1V2_dada2_read_info_03052026.xlsx,V4_dada2_read_info_03052026.xlsx
9544,1034701604,AE1814,20180525,,
9545,1034701605,AE1814,20180525,V1V2_dada2_read_info_03052026.xlsx,V4_dada2_read_info_03052026.xlsx
9546,1034701606,AE1814,20180525,,
9547,1034701607,AE1814,20180525,V1V2_dada2_read_info_03052026.xlsx,V4_dada2_read_info_03052026.xlsx
9548,1034701608,AE1814,20180525,,
9549,1034701609,AE1814,20180525,V1V2_dada2_read_info_03052026.xlsx,V4_dada2_read_info_03052026.xlsx
9550,1034701610,AE1814,20180525,,
9551,1034701611,AE1814,20180525,V1V2_dada2_read_info_03052026.xlsx,V4_dada2_read_info_03052026.xlsx
9552,1034701612,AE1814,20180525,,
9553,1034701613,AE1814,20180525,V1V2_dada2_read_info_03052026.xlsx,V4_dada2_read_info_03052026.xlsx
9554,1034701614,AE1814,20180525,,
9555,1034701615,AE1814,20180525,V1V2_dada2_read_info_03052026.xlsx,V4_dada2_read_info_03052026.xlsx
9556,1034701616,AE1814,20180525,,
9557,1034701617,AE1814,20180525,V1V2_dada2_read_info_03052026.xlsx,V4_dada2_read_info_03052026.xlsx
9558,1034701618,AE1814,20180525,,
9559,1034701619,AE1814,20180525,V1V2_dada2_read_info_03052026.xlsx,V4_dada2_read_info_03052026.xlsx
9560,1034701620,AE1814,20180525,,
9561,1034701621,AE1814,20180525,V1V2_dada2_read_info_03052026.xlsx,V4_dada2_read_info_03052026.xlsx
9562,1034701622,AE1814,20180525,,
9563,1034701623,AE1814,20180525,V1V2_dada2_read_info_03052026.xlsx,V4_dada2_read_info_03052026.xlsx
9564,1034701624,AE1814,20180525,,
9565,1034800601,AE1817,20180612,,
9566,1034800602,AE1817,20180612,,
9567,1034800603,AE1817,20180612,,
9568,1034800604,AE1817,20180612,,
9569,1034800605,AE1817,20180612,,
9570,1034800606,AE1817,20180612,,
9571,1034800607,AE1817,20180612,,
9572,1034800608,AE1817,20180612,,
9573,1034800609,AE1817,20180612,,
9574,1034800610,AE1817,20180612,,
9575,1034800611,AE1817,20180612,,
9576,1034800612,AE1817,20180612,,
9577,1034800613,AE1817,20180612,,
9578,1034800614,AE1817,20180612,,
9579,1034800615,AE1817,20180612,,
9580,1034800801,AE1817,20180613,,
9581,1034800802,AE1817,20180613,,
9582,1034800803,AE1817,20180613,,
9583,1034800804,AE1817,20180613,,
9584,1034800805,AE1817,20180613,,
9585,1034800806,AE1817,20180613,,
9586,1034800807,AE1817,20180613,,
9587,1034800808,AE1817,20180613,,
9588,1034800809,AE1817,20180613,,
9589,1034800810,AE1817,20180613,,
9590,1034800811,AE1817,20180613,,
9591,1034800812,AE1817,20180613,,
9592,1034800813,AE1817,20180613,,
9593,1034800814,AE1817,20180613,,
9594,1034800815,AE1817,20180613,,
9595,1034800816,AE1817,20180613,,
9596,1034800817,AE1817,20180613,,
9597,1034800818,AE1817,20180613,,
9598,1034800819,AE1817,20180613,,
9599,1034800820,AE1817,20180613,,
9600,1034800821,AE1817,20180613,,
9601,1034800822,AE1817,20180613,,
9602,1034800823,AE1817,20180613,,
9603,1034800824,AE1817,20180613,,
9604,1034800901,AE1817,20180614,V1V2_dada2_read_info_03052026.xlsx,V4_dada2_read_info_03052026.xlsx
9605,1034800902,AE1817,20180614,,
9606,1034800903,AE1817,20180614,V1V2_dada2_read_info_03052026.xlsx,V4_dada2_read_info_03052026.xlsx
9607,1034800904,AE1817,20180614,,
9608,1034800905,AE1817,20180614,V1V2_dada2_read_info_03052026.xlsx,V4_dada2_read_info_03052026.xlsx
9609,1034800906,AE1817,20180614,,
9610,1034800907,AE1817,20180614,V1V2_dada2_read_info_03052026.xlsx,V4_dada2_read_info_03052026.xlsx
9611,1034800908,AE1817,20180614,,
9612,1034800909,AE1817,20180614,V1V2_dada2_read_info_03052026.xlsx,V4_dada2_read_info_03052026.xlsx
9613,1034800910,AE1817,20180614,,
9614,1034800911,AE1817,20180614,V1V2_dada2_read_info_03052026.xlsx,V4_dada2_read_info_03052026.xlsx
9615,1034800912,AE1817,20180614,,
9616,1034800913,AE1817,20180614,V1V2_dada2_read_info_03052026.xlsx,V4_dada2_read_info_03052026.xlsx
9617,1034800914,AE1817,20180614,,
9618,1034800915,AE1817,20180614,,
9619,1034800916,AE1817,20180614,V1V2_dada2_read_info_03052026.xlsx,V4_dada2_read_info_03052026.xlsx
9620,1034800917,AE1817,20180614,V1V2_dada2_read_info_03052026.xlsx,V4_dada2_read_info_03052026.xlsx
9621,1034800918,AE1817,20180614,,
9622,1034800919,AE1817,20180614,V1V2_dada2_read_info_03052026.xlsx,V4_dada2_read_info_03052026.xlsx
9623,1034800920,AE1817,20180614,,
9624,1034800921,AE1817,20180614,V1V2_dada2_read_info_03052026.xlsx,V4_dada2_read_info_03052026.xlsx
9625,1034800922,AE1817,20180614,,
9626,1034800923,AE1817,20180614,V1V2_dada2_read_info_03052026.xlsx,V4_dada2_read_info_03052026.xlsx
9627,1034800924,AE1817,20180614,,
9628,1034801201,AE1817,20180615,,
9629,1034801202,AE1817,20180615,,
9630,1034801203,AE1817,20180615,,
9631,1034801204,AE1817,20180615,,
9632,1034801205,AE1817,20180615,,
9633,1034801206,AE1817,20180615,,
9634,1034801207,AE1817,20180615,,
9635,1034801208,AE1817,20180615,,
9636,1034801209,AE1817,20180615,,
9637,1034801210,AE1817,20180615,,
9638,1034801211,AE1817,20180615,,
9639,1034801212,AE1817,20180615,,
9640,1034801213,AE1817,20180615,,
9641,1034801214,AE1817,20180615,,
9642,1034801215,AE1817,20180615,,
9643,1034801216,AE1817,20180615,,
9644,1034801301,AE1817,20180615,,
9645,1034801302,AE1817,20180615,,
9646,1034801303,AE1817,20180615,,
9647,1034801304,AE1817,20180615,,
9648,1034801305,AE1817,20180615,,
9649,1034801306,AE1817,20180615,,
9650,1034801307,AE1817,20180615,,
9651,1034801308,AE1817,20180615,,
9652,1034801309,AE1817,20180615,,
9653,1034801310,AE1817,20180615,,
9654,1034801311,AE1817,20180615,,
9655,1034801312,AE1817,20180615,,
9656,1034801313,AE1817,20180615,,
9657,1034801314,AE1817,20180615,,
9658,1034801315,AE1817,20180615,,
9659,1034801316,AE1817,20180615,,
9660,1034801317,AE1817,20180615,,
9661,1034801318,AE1817,20180615,,
9662,1034801319,AE1817,20180615,,
9663,1034801320,AE1817,20180615,,
9664,1034801321,AE1817,20180615,,
9665,1034801322,AE1817,20180615,,
9666,1034801323,AE1817,20180615,,
9667,1034801324,AE1817,20180615,,
9668,1034801401,AE1817,20180615,,
9669,1034801402,AE1817,20180615,,
9670,1034801403,AE1817,20180615,,
9671,1034801404,AE1817,20180615,,
9672,1034801405,AE1817,20180615,,
9673,1034801406,AE1817,20180615,,
9674,1034801407,AE1817,20180615,,
9675,1034801408,AE1817,20180615,,
9676,1034801409,AE1817,20180615,,
9677,1034801410,AE1817,20180615,,
9678,1034801411,AE1817,20180615,,
9679,1034801412,AE1817,20180615,,
9680,1034801413,AE1817,20180615,,
9681,1034801414,AE1817,20180615,,
9682,1034801415,AE1817,20180615,,
9683,1034801416,AE1817,20180615,,
9684,1034801417,AE1817,20180615,,
9685,1034801418,AE1817,20180615,,
9686,1034801419,AE1817,20180615,,
9687,1034801420,AE1817,20180615,,
9688,1034801421,AE1817,20180615,,
9689,1034801422,AE1817,20180615,,
9690,1034801423,AE1817,20180615,,
9691,1034801424,AE1817,20180615,,
9692,1034900401,AE1820,20180718,,
9693,1034900402,AE1820,20180718,,
9694,1034900403,AE1820,20180718,,
9695,1034900404,AE1820,20180718,,
9696,1034900405,AE1820,20180718,,
9697,1034900406,AE1820,20180718,,
9698,1034900407,AE1820,20180718,,
9699,1034900408,AE1820,20180718,,
9700,1034900409,AE1820,20180718,,
9701,1034900410,AE1820,20180718,,
9702,1034900411,AE1820,20180718,,
9703,1034900412,AE1820,20180718,,
9704,1034900413,AE1820,20180718,,
9705,1034900414,AE1820,20180718,,
9706,1034900415,AE1820,20180718,,
9707,1034900416,AE1820,20180718,,
9708,1034900417,AE1820,20180718,,
9709,1034900418,AE1820,20180718,,
9710,1034900419,AE1820,20180718,,
9711,1034900420,AE1820,20180718,,
9712,1034900421,AE1820,20180718,,
9713,1034900422,AE1820,20180718,,
9714,1034900423,AE1820,20180718,,
9715,1034900424,AE1820,20180718,,
9716,1034901401,AE1820,20180720,,
9717,1034901402,AE1820,20180720,,
9718,1034901403,AE1820,20180720,,
9719,1034901404,AE1820,20180720,,
9720,1034901405,AE1820,20180720,,
9721,1034901406,AE1820,20180720,,
9722,1034901407,AE1820,20180720,,
9723,1034901408,AE1820,20180720,,
9724,1034901409,AE1820,20180720,,
9725,1034901410,AE1820,20180720,,
9726,1034901411,AE1820,20180720,,
9727,1034901412,AE1820,20180720,,
9728,1034901413,AE1820,20180720,,
9729,1034901414,AE1820,20180720,,
9730,1034901415,AE1820,20180720,,
9731,1034901601,AE1820,20180721,,
9732,1034901602,AE1820,20180721,,
9733,1034901603,AE1820,20180721,,
9734,1034901604,AE1820,20180721,,
9735,1034901605,AE1820,20180721,,
9736,1034901606,AE1820,20180721,,
9737,1034901607,AE1820,20180721,,
9738,1034901608,AE1820,20180721,,
9739,1034901609,AE1820,20180721,,
9740,1034901610,AE1820,20180721,,
9741,1034901611,AE1820,20180721,,
9742,1034901612,AE1820,20180721,,
9743,1034901613,AE1820,20180721,,
9744,1034901614,AE1820,20180721,,
9745,1034901615,AE1820,20180721,,
9746,1034901616,AE1820,20180721,,
9747,1034901701,AE1820,20180721,,
9748,1034901702,AE1820,20180721,,
9749,1034901703,AE1820,20180721,,
9750,1034901704,AE1820,20180721,,
9751,1034901705,AE1820,20180721,,
9752,1034901706,AE1820,20180721,,
9753,1034901707,AE1820,20180721,,
9754,1034901708,AE1820,20180721,,
9755,1034901709,AE1820,20180721,,
9756,1034901710,AE1820,20180721,,
9757,1034901711,AE1820,20180721,,
9758,1034901712,AE1820,20180721,,
9759,1034901713,AE1820,20180721,,
9760,1034901714,AE1820,20180721,,
9761,1034901715,AE1820,20180721,,
9762,1034901716,AE1820,20180721,,
9763,1034901717,AE1820,20180721,,
9764,1034901718,AE1820,20180721,,
9765,1034901719,AE1820,20180721,,
9766,1034901720,AE1820,20180721,,
9767,1034901721,AE1820,20180721,,
9768,1034901722,AE1820,20180721,,
9769,1034901723,AE1820,20180721,,
9770,1034901724,AE1820,20180721,,
9771,1034901801,AE1820,20180721,,
9772,1034901802,AE1820,20180721,,
9773,1034901803,AE1820,20180721,,
9774,1034901804,AE1820,20180721,,
9775,1034901805,AE1820,20180721,,
9776,1034901806,AE1820,20180721,,
9777,1034901807,AE1820,20180721,,
9778,1034901808,AE1820,20180721,,
9779,1034901809,AE1820,20180721,,
9780,1034901810,AE1820,-999,,
9781,1034901811,AE1820,-999,,
9782,1034901812,AE1820,-999,,
9783,1034901813,AE1820,-999,,
9784,1034901814,AE1820,-999,,
9785,1034901815,AE1820,-999,,
9786,1034901816,AE1820,-999,,
9787,1034901817,AE1820,-999,,
9788,1034901818,AE1820,-999,,
9789,1034901819,AE1820,-999,,
9790,1034901820,AE1820,-999,,
9791,1034901821,AE1820,-999,,
9792,9161401408,AE1614,20160711,,
9793,9161401409,AE1614,20160711,V1V2_dada2_read_info_03052026.xlsx,
9794,9161401501,AE1614,20160711,V1V2_dada2_read_info_03052026.xlsx,
9795,9161401510,AE1614,20160711,,
9796,9161401511,AE1614,20160711,V1V2_dada2_read_info_03052026.xlsx,
9797,9161401512,AE1614,20160711,,
9798,9161401513,AE1614,20160711,V1V2_dada2_read_info_03052026.xlsx,
9799,9161401514,AE1614,20160711,,
9800,1034902006,AE1820,20180722,,
9801,1034902007,AE1820,20180722,V1V2_dada2_read_info_03052026.xlsx,V4_dada2_read_info_03052026.xlsx
9802,1034902008,AE1820,20180722,,
9803,1034902009,AE1820,20180722,V1V2_dada2_read_info_03052026.xlsx,V4_dada2_read_info_03052026.xlsx
9804,1034902010,AE1820,20180722,,
9805,1034902011,AE1820,20180722,V1V2_dada2_read_info_03052026.xlsx,V4_dada2_read_info_03052026.xlsx
9806,1034902012,AE1820,20180722,,
9807,1034902013,AE1820,20180722,V1V2_dada2_read_info_03052026.xlsx,V4_dada2_read_info_03052026.xlsx
9808,1034902014,AE1820,20180722,,
9809,1034902015,AE1820,20180722,V1V2_dada2_read_info_03052026.xlsx,V4_dada2_read_info_03052026.xlsx
9810,1034902016,AE1820,20180722,,
9811,1034902017,AE1820,20180722,V1V2_dada2_read_info_03052026.xlsx,V4_dada2_read_info_03052026.xlsx
9812,1034902018,AE1820,20180722,,
9813,1034902019,AE1820,20180722,V1V2_dada2_read_info_03052026.xlsx,V4_dada2_read_info_03052026.xlsx
9814,1034902020,AE1820,20180722,,
9815,1034902021,AE1820,20180722,V1V2_dada2_read_info_03052026.xlsx,V4_dada2_read_info_03052026.xlsx
9816,1034902022,AE1820,20180722,,
9817,1034902023,AE1820,20180722,V1V2_dada2_read_info_03052026.xlsx,V4_dada2_read_info_03052026.xlsx
9818,1034902024,AE1820,20180722,,
9819,1034902601,AE1820,20180723,,
9820,1034902602,AE1820,-999,,
9821,1034902603,AE1820,-999,,
9822,1034902604,AE1820,-999,,
9823,1034902605,AE1820,-999,,
9824,1034902606,AE1820,-999,,
9825,1034902607,AE1820,-999,,
9826,1034902608,AE1820,-999,,
9827,1034902609,AE1820,-999,,
9828,1034902610,AE1820,-999,,
9829,1034902611,AE1820,-999,,
9830,1034902612,AE1820,-999,,
9831,1034902613,AE1820,-999,,
9832,1034902614,AE1820,-999,,
9833,1034902615,AE1820,-999,,
9834,1034902616,AE1820,-999,,
9835,1034902617,AE1820,-999,,
9836,1034902618,AE1820,-999,,
9837,1034902619,AE1820,-999,,
9838,1034902620,AE1820,-999,,
9839,1034902621,AE1820,-999,,
9840,1034902622,AE1820,-999,,
9841,1034902623,AE1820,-999,,
9842,1034902624,AE1820,-999,,
9843,1035000801,AE1822,20180813,,
9844,1035000802,AE1822,20180813,,
9845,1035000803,AE1822,20180813,,
9846,1035000804,AE1822,20180813,,
9847,1035000805,AE1822,20180813,,
9848,1035000806,AE1822,20180813,,
9849,1035000807,AE1822,20180813,,
9850,1035000808,AE1822,20180813,,
9851,1035000809,AE1822,20180813,,
9852,1035000810,AE1822,20180813,,
9853,1035000811,AE1822,20180813,,
9854,1035000812,AE1822,20180813,,
9855,1035000813,AE1822,20180813,,
9856,1035000814,AE1822,20180813,,
9857,1035000815,AE1822,20180813,,
9858,1035000901,AE1822,20180813,,
9859,1035000902,AE1822,20180813,,
9860,1035000903,AE1822,20180813,,
9861,1035000904,AE1822,20180813,,
9862,1035000905,AE1822,20180813,,
9863,1035000906,AE1822,20180813,,
9864,1035000907,AE1822,20180813,,
9865,1035000908,AE1822,20180813,,
9866,1035000909,AE1822,20180813,,
9867,1035000910,AE1822,20180813,,
9868,1035000911,AE1822,20180813,,
9869,1035000912,AE1822,20180813,,
9870,1035000913,AE1822,20180813,,
9871,1035000914,AE1822,20180813,,
9872,1035000915,AE1822,20180813,,
9873,1035000916,AE1822,20180813,,
9874,1035000917,AE1822,20180813,,
9875,1035000918,AE1822,20180813,,
9876,1035000919,AE1822,20180813,,
9877,1035000920,AE1822,20180813,,
9878,1035000921,AE1822,20180813,,
9879,1035000922,AE1822,20180813,,
9880,1035000923,AE1822,20180813,,
9881,1035000924,AE1822,20180813,,
9882,1035001001,AE1822,20180814,,
9883,1035001002,AE1822,20180814,,
9884,1035001003,AE1822,20180814,,
9885,1035001004,AE1822,20180814,,
9886,1035001005,AE1822,20180814,,
9887,1035001006,AE1822,20180814,,
9888,1035001007,AE1822,20180814,,
9889,1035001008,AE1822,20180814,,
9890,1035001009,AE1822,20180814,,
9891,1035001010,AE1822,20180814,,
9892,1035001011,AE1822,20180814,,
9893,1035001012,AE1822,20180814,,
9894,1035001013,AE1822,20180814,,
9895,1035001014,AE1822,20180814,,
9896,1035001015,AE1822,20180814,,
9897,1035001016,AE1822,20180814,,
9898,1035001201,AE1822,20180814,,
9899,1035001202,AE1822,20180814,,
9900,1035001203,AE1822,20180814,,
9901,1035001204,AE1822,20180814,,
9902,1035001205,AE1822,20180814,,
9903,1035001206,AE1822,20180814,,
9904,1035001207,AE1822,20180814,,
9905,1035001208,AE1822,20180814,,
9906,1035001209,AE1822,20180814,,
9907,1035001210,AE1822,20180814,,
9908,1035001211,AE1822,20180814,,
9909,1035001212,AE1822,20180814,,
9910,1035001213,AE1822,20180814,,
9911,1035001214,AE1822,20180814,,
9912,1035001215,AE1822,20180814,,
9913,1035001216,AE1822,20180814,,
9914,1035001217,AE1822,20180814,,
9915,1035001218,AE1822,20180814,,
9916,1035001219,AE1822,20180814,,
9917,1035001220,AE1822,20180814,,
9918,1035001221,AE1822,20180814,,
9919,1035001222,AE1822,20180814,,
9920,1035001223,AE1822,20180814,,
9921,1035001224,AE1822,20180814,,
9922,1035001301,AE1822,20180814,,
9923,1035001302,AE1822,20180814,,
9924,1035001303,AE1822,20180814,,
9925,1035001304,AE1822,20180814,,
9926,1035001305,AE1822,20180814,,
9927,1035001306,AE1822,20180814,,
9928,1035001307,AE1822,20180814,,
9929,1035001308,AE1822,20180814,,
9930,1035001309,AE1822,20180814,,
9931,1035001310,AE1822,-999,,
9932,1035001311,AE1822,-999,,
9933,1035001312,AE1822,-999,,
9934,1035001313,AE1822,-999,,
9935,1035001314,AE1822,-999,,
9936,1035001315,AE1822,-999,,
9937,1035001316,AE1822,-999,,
9938,1035001317,AE1822,-999,,
9939,1035001318,AE1822,-999,,
9940,1035001319,AE1822,-999,,
9941,1035001320,AE1822,-999,,
9942,1035001321,AE1822,-999,,
9943,1035001322,AE1822,-999,,
9944,1035001323,AE1822,-999,,
9945,1035001324,AE1822,-999,,
9946,1035001601,AE1822,20180815,V1V2_dada2_read_info_03052026.xlsx,V4_dada2_read_info_03052026.xlsx
9947,1035001602,AE1822,20180815,,
9948,1035001603,AE1822,20180815,V1V2_dada2_read_info_03052026.xlsx,V4_dada2_read_info_03052026.xlsx
9949,1035001604,AE1822,20180815,,
9950,1035001605,AE1822,20180815,V1V2_dada2_read_info_03052026.xlsx,V4_dada2_read_info_03052026.xlsx
9951,1035001606,AE1822,20180815,,
9952,1035001607,AE1822,20180815,V1V2_dada2_read_info_03052026.xlsx,V4_dada2_read_info_03052026.xlsx
9953,1035001608,AE1822,20180815,,
9954,1035001609,AE1822,20180815,V1V2_dada2_read_info_03052026.xlsx,V4_dada2_read_info_03052026.xlsx
9955,1035001610,AE1822,20180815,,
9956,1035001611,AE1822,20180815,V1V2_dada2_read_info_03052026.xlsx,V4_dada2_read_info_03052026.xlsx
9957,1035001612,AE1822,20180815,,
9958,1035001613,AE1822,20180815,V1V2_dada2_read_info_03052026.xlsx,V4_dada2_read_info_03052026.xlsx
9959,1035001614,AE1822,20180815,,
9960,1035001615,AE1822,20180815,V1V2_dada2_read_info_03052026.xlsx,V4_dada2_read_info_03052026.xlsx
9961,1035001616,AE1822,20180815,,
9962,1035001617,AE1822,20180815,V1V2_dada2_read_info_03052026.xlsx,V4_dada2_read_info_03052026.xlsx
9963,1035001618,AE1822,20180815,,
9964,1035001619,AE1822,20180815,V1V2_dada2_read_info_03052026.xlsx,V4_dada2_read_info_03052026.xlsx
9965,1035001620,AE1822,20180815,,
9966,1035001621,AE1822,20180815,V1V2_dada2_read_info_03052026.xlsx,V4_dada2_read_info_03052026.xlsx
9967,1035001622,AE1822,20180815,,
9968,1035001623,AE1822,20180815,V1V2_dada2_read_info_03052026.xlsx,V4_dada2_read_info_03052026.xlsx
9969,1035001624,AE1822,20180815,,
9970,1035100801,AE1825,20180911,,
9971,1035100802,AE1825,20180911,,
9972,1035100803,AE1825,20180911,,
9973,1035100804,AE1825,20180911,,
9974,1035100805,AE1825,20180911,,
9975,1035100806,AE1825,20180911,,
9976,1035100807,AE1825,20180911,,
9977,1035100808,AE1825,20180911,,
9978,1035100809,AE1825,20180911,,
9979,1035100810,AE1825,20180911,,
9980,1035100811,AE1825,20180911,,
9981,1035100812,AE1825,20180911,,
9982,1035100813,AE1825,20180911,,
9983,1035100814,AE1825,20180911,,
9984,1035100815,AE1825,20180911,,
9985,1035100816,AE1825,20180911,,
9986,1035100817,AE1825,20180911,,
9987,1035100818,AE1825,20180911,,
9988,1035100819,AE1825,20180911,,
9989,1035100820,AE1825,20180911,,
9990,1035100821,AE1825,20180911,,
9991,1035100822,AE1825,20180911,,
9992,1035100823,AE1825,20180911,,
9993,1035100824,AE1825,20180911,,
9994,1035101001,AE1825,20180911,,
9995,1035101002,AE1825,20180911,,
9996,1035101003,AE1825,20180911,,
9997,1035101004,AE1825,20180911,,
9998,1035101005,AE1825,20180911,,
9999,1035101006,AE1825,20180911,,
10000,1035101007,AE1825,20180911,,
10001,1035101008,AE1825,20180911,,
10002,1035101009,AE1825,20180911,,
10003,1035101010,AE1825,20180911,,
10004,1035101011,AE1825,20180911,,
10005,1035101012,AE1825,20180911,,
10006,1035101013,AE1825,20180911,,
10007,1035101014,AE1825,20180911,,
10008,1035101015,AE1825,20180911,,
10009,1035101016,AE1825,20180911,,
10010,1035101017,AE1825,20180911,,
10011,1035101018,AE1825,20180911,,
10012,1035101019,AE1825,20180911,,
10013,1035101020,AE1825,20180911,,
10014,1035101021,AE1825,20180911,,
10015,1035101022,AE1825,20180911,,
10016,1035101023,AE1825,20180911,,
10017,1035101024,AE1825,20180911,,
10018,1035101101,AE1825,20180912,,
10019,1035101102,AE1825,20180912,,
10020,1035101103,AE1825,20180912,,
10021,1035101104,AE1825,20180912,,
10022,1035101105,AE1825,20180912,,
10023,1035101106,AE1825,20180912,,
10024,1035101107,AE1825,20180912,,
10025,1035101108,AE1825,20180912,,
10026,1035101109,AE1825,20180912,,
10027,1035101110,AE1825,20180912,,
10028,1035101111,AE1825,20180912,,
10029,1035101112,AE1825,20180912,,
10030,1035101113,AE1825,20180912,,
10031,1035101114,AE1825,20180912,,
10032,1035101115,AE1825,20180912,,
10033,1035101116,AE1825,20180912,,
10034,1035101201,AE1825,20180912,,
10035,1035101202,AE1825,20180912,,
10036,1035101203,AE1825,20180912,,
10037,1035101204,AE1825,20180912,,
10038,1035101205,AE1825,20180912,,
10039,1035101206,AE1825,20180912,,
10040,1035101207,AE1825,20180912,,
10041,1035101208,AE1825,20180912,,
10042,1035101209,AE1825,20180912,,
10043,1035101210,AE1825,20180912,,
10044,1035101211,AE1825,20180912,,
10045,1035101212,AE1825,20180912,,
10046,1035101213,AE1825,20180912,,
10047,1035101214,AE1825,20180912,,
10048,1035101215,AE1825,20180912,,
10049,1035101216,AE1825,20180912,,
10050,1035101217,AE1825,20180912,,
10051,1035101218,AE1825,20180912,,
10052,1035101219,AE1825,20180912,,
10053,1035101220,AE1825,20180912,,
10054,1035101221,AE1825,20180912,,
10055,1035101222,AE1825,20180912,,
10056,1035101223,AE1825,20180912,,
10057,1035101224,AE1825,20180912,,
10058,1035101301,AE1825,20180912,,
10059,1035101302,AE1825,20180912,,
10060,1035101303,AE1825,20180912,,
10061,1035101304,AE1825,20180912,,
10062,1035101305,AE1825,20180912,,
10063,1035101306,AE1825,20180912,,
10064,1035101307,AE1825,20180912,,
10065,1035101308,AE1825,20180912,,
10066,1035101309,AE1825,20180912,,
10067,1035101310,AE1825,-999,,
10068,1035101311,AE1825,-999,,
10069,1035101312,AE1825,-999,,
10070,1035101313,AE1825,-999,,
10071,1035101314,AE1825,-999,,
10072,1035101315,AE1825,-999,,
10073,1035101316,AE1825,-999,,
10074,1035101317,AE1825,-999,,
10075,1035101318,AE1825,-999,,
10076,1035101319,AE1825,-999,,
10077,1035101320,AE1825,-999,,
10078,1035101321,AE1825,-999,,
10079,1035101322,AE1825,-999,,
10080,1035101323,AE1825,-999,,
10081,1035101324,AE1825,-999,,
10082,1035101601,AE1825,20180913,V1V2_dada2_read_info_03052026.xlsx,V4_dada2_read_info_03052026.xlsx
10083,1035101602,AE1825,20180913,,
10084,1035101603,AE1825,20180913,V1V2_dada2_read_info_03052026.xlsx,V4_dada2_read_info_03052026.xlsx
10085,1035101604,AE1825,20180913,,
10086,1035101605,AE1825,20180913,V1V2_dada2_read_info_03052026.xlsx,V4_dada2_read_info_03052026.xlsx
10087,1035101606,AE1825,20180913,,
10088,1035101607,AE1825,20180913,V1V2_dada2_read_info_03052026.xlsx,V4_dada2_read_info_03052026.xlsx
10089,1035101608,AE1825,20180913,,
10090,1035101609,AE1825,20180913,V1V2_dada2_read_info_03052026.xlsx,V4_dada2_read_info_03052026.xlsx
10091,1035101610,AE1825,20180913,,
10092,1035101611,AE1825,20180913,V1V2_dada2_read_info_03052026.xlsx,V4_dada2_read_info_03052026.xlsx
10093,1035101612,AE1825,20180913,,
10094,1035101613,AE1825,20180913,V1V2_dada2_read_info_03052026.xlsx,V4_dada2_read_info_03052026.xlsx
10095,1035101614,AE1825,20180913,,
10096,1035101615,AE1825,20180913,V1V2_dada2_read_info_03052026.xlsx,V4_dada2_read_info_03052026.xlsx
10097,1035101616,AE1825,20180913,,
10098,1035101617,AE1825,20180913,V1V2_dada2_read_info_03052026.xlsx,V4_dada2_read_info_03052026.xlsx
10099,1035101618,AE1825,20180913,,
10100,1035101619,AE1825,20180913,V1V2_dada2_read_info_03052026.xlsx,V4_dada2_read_info_03052026.xlsx
10101,1035101620,AE1825,20180913,,
10102,1035101621,AE1825,20180913,V1V2_dada2_read_info_03052026.xlsx,V4_dada2_read_info_03052026.xlsx
10103,1035101622,AE1825,20180913,,
10104,1035101623,AE1825,20180913,V1V2_dada2_read_info_03052026.xlsx,V4_dada2_read_info_03052026.xlsx
10105,1035101624,AE1825,20180913,,
10106,1035200901,AE1829,20181018,,
10107,1035200902,AE1829,20181018,,
10108,1035200903,AE1829,20181018,,
10109,1035200904,AE1829,20181018,,
10110,1035200905,AE1829,20181018,,
10111,1035200906,AE1829,20181018,,
10112,1035200907,AE1829,20181018,,
10113,1035200908,AE1829,20181018,,
10114,1035200909,AE1829,20181018,,
10115,1035200910,AE1829,20181018,,
10116,1035200911,AE1829,20181018,,
10117,1035200912,AE1829,20181018,,
10118,1035200913,AE1829,20181018,,
10119,1035200914,AE1829,20181018,,
10120,1035200915,AE1829,20181018,,
10121,1035200916,AE1829,20181018,,
10122,1035200917,AE1829,20181018,,
10123,1035200918,AE1829,20181018,,
10124,1035200919,AE1829,20181018,,
10125,1035200920,AE1829,20181018,,
10126,1035200921,AE1829,20181018,,
10127,1035200922,AE1829,20181018,,
10128,1035200923,AE1829,20181018,,
10129,1035200924,AE1829,20181018,,
10130,1035201501,AE1829,20181021,,
10131,1035201502,AE1829,20181021,,
10132,1035201503,AE1829,20181021,,
10133,1035201504,AE1829,20181021,,
10134,1035201505,AE1829,20181021,,
10135,1035201506,AE1829,20181021,,
10136,1035201507,AE1829,20181021,,
10137,1035201508,AE1829,20181021,,
10138,1035201509,AE1829,20181021,,
10139,1035201510,AE1829,20181021,,
10140,1035201511,AE1829,20181021,,
10141,1035201512,AE1829,20181021,,
10142,1035201513,AE1829,20181021,,
10143,1035201514,AE1829,20181021,,
10144,1035201515,AE1829,20181021,,
10145,1035201516,AE1829,20181021,,
10146,1035201701,AE1829,20181021,,
10147,1035201702,AE1829,20181021,,
10148,1035201703,AE1829,20181021,,
10149,1035201704,AE1829,20181021,,
10150,1035201705,AE1829,20181021,,
10151,1035201706,AE1829,20181021,,
10152,1035201707,AE1829,20181021,,
10153,1035201708,AE1829,20181021,,
10154,1035201709,AE1829,20181021,,
10155,1035201710,AE1829,20181021,,
10156,1035201711,AE1829,20181021,,
10157,1035201712,AE1829,20181021,,
10158,1035201713,AE1829,20181021,,
10159,1035201714,AE1829,20181021,,
10160,1035201715,AE1829,20181021,,
10161,1035201716,AE1829,20181021,,
10162,1035201717,AE1829,20181021,,
10163,1035201718,AE1829,20181021,,
10164,1035201719,AE1829,20181021,,
10165,1035201720,AE1829,20181021,,
10166,1035201721,AE1829,20181021,,
10167,1035201722,AE1829,20181021,,
10168,1035201723,AE1829,20181021,,
10169,1035201724,AE1829,20181021,,
10170,1035201801,AE1829,20181021,,
10171,1035201802,AE1829,20181021,,
10172,1035201803,AE1829,20181021,,
10173,1035201804,AE1829,20181021,,
10174,1035201805,AE1829,20181021,,
10175,1035201806,AE1829,20181021,,
10176,1035201807,AE1829,20181021,,
10177,1035201808,AE1829,20181021,,
10178,1035201809,AE1829,20181021,,
10179,1035201810,AE1829,20181021,,
10180,1035201811,AE1829,20181021,,
10181,1035201812,AE1829,-999,,
10182,1035201813,AE1829,-999,,
10183,1035201814,AE1829,-999,,
10184,1035201815,AE1829,-999,,
10185,1035201816,AE1829,-999,,
10186,1035201817,AE1829,-999,,
10187,1035201818,AE1829,-999,,
10188,1035201819,AE1829,-999,,
10189,1035201820,AE1829,-999,,
10190,1035201821,AE1829,-999,,
10191,1035201822,AE1829,-999,,
10192,1035201823,AE1829,-999,,
10193,1035201824,AE1829,-999,,
10194,1035202101,AE1829,20181023,V1V2_dada2_read_info_03052026.xlsx,V4_dada2_read_info_03052026.xlsx
10195,1035202102,AE1829,20181023,,
10196,1035202103,AE1829,20181023,,
10197,1035202104,AE1829,20181023,V1V2_dada2_read_info_03052026.xlsx,V4_dada2_read_info_03052026.xlsx
10198,1035202105,AE1829,20181023,,
10199,1035202106,AE1829,20181023,V1V2_dada2_read_info_03052026.xlsx,V4_dada2_read_info_03052026.xlsx
10200,1035202107,AE1829,20181023,,
10201,1035202108,AE1829,20181023,V1V2_dada2_read_info_03052026.xlsx,V4_dada2_read_info_03052026.xlsx
10202,1035202109,AE1829,20181023,,
10203,1035202110,AE1829,20181023,V1V2_dada2_read_info_03052026.xlsx,V4_dada2_read_info_03052026.xlsx
10204,1035202111,AE1829,20181023,V1V2_dada2_read_info_03052026.xlsx,V4_dada2_read_info_03052026.xlsx
10205,1035202112,AE1829,20181023,,
10206,1035202113,AE1829,20181023,V1V2_dada2_read_info_03052026.xlsx,V4_dada2_read_info_03052026.xlsx
10207,1035202114,AE1829,20181023,,
10208,1035202115,AE1829,20181023,V1V2_dada2_read_info_03052026.xlsx,V4_dada2_read_info_03052026.xlsx
10209,1035202116,AE1829,20181023,,
10210,1035202117,AE1829,20181023,V1V2_dada2_read_info_03052026.xlsx,V4_dada2_read_info_03052026.xlsx
10211,1035202118,AE1829,20181023,,
10212,1035202119,AE1829,20181023,V1V2_dada2_read_info_03052026.xlsx,V4_dada2_read_info_03052026.xlsx
10213,1035202120,AE1829,20181023,,
10214,1035202121,AE1829,20181023,V1V2_dada2_read_info_03052026.xlsx,V4_dada2_read_info_03052026.xlsx
10215,1035202122,AE1829,20181023,,
10216,1035202123,AE1829,20181023,V1V2_dada2_read_info_03052026.xlsx,V4_dada2_read_info_03052026.xlsx
10217,1035202124,AE1829,20181023,,
10218,1035300901,AE1831,20181106,,
10219,1035300902,AE1831,20181106,,
10220,1035300903,AE1831,20181106,,
10221,1035300904,AE1831,20181106,,
10222,1035300905,AE1831,20181106,,
10223,1035300906,AE1831,20181106,,
10224,1035300907,AE1831,20181106,,
10225,1035300908,AE1831,20181106,,
10226,1035300909,AE1831,20181106,,
10227,1035300910,AE1831,20181106,,
10228,1035300911,AE1831,20181106,,
10229,1035300912,AE1831,20181106,,
10230,1035300913,AE1831,20181106,,
10231,1035300914,AE1831,20181106,,
10232,1035300915,AE1831,20181106,,
10233,1035300916,AE1831,20181106,,
10234,1035300917,AE1831,20181106,,
10235,1035300918,AE1831,20181106,,
10236,1035300919,AE1831,20181106,,
10237,1035300920,AE1831,20181106,,
10238,1035300921,AE1831,20181106,,
10239,1035300922,AE1831,20181106,,
10240,1035300923,AE1831,20181106,,
10241,1035300924,AE1831,20181106,,
10242,1035301101,AE1831,20181107,,
10243,1035301102,AE1831,20181107,,
10244,1035301103,AE1831,20181107,,
10245,1035301104,AE1831,20181107,,
10246,1035301105,AE1831,20181107,,
10247,1035301106,AE1831,20181107,,
10248,1035301107,AE1831,20181107,,
10249,1035301108,AE1831,20181107,,
10250,1035301109,AE1831,20181107,,
10251,1035301110,AE1831,20181107,,
10252,1035301111,AE1831,20181107,,
10253,1035301112,AE1831,20181107,,
10254,1035301113,AE1831,20181107,,
10255,1035301114,AE1831,20181107,,
10256,1035301115,AE1831,20181107,,
10257,1035301116,AE1831,20181107,,
10258,1035301117,AE1831,20181107,,
10259,1035301201,AE1831,20181107,,
10260,1035301202,AE1831,20181107,,
10261,1035301203,AE1831,20181107,,
10262,1035301204,AE1831,20181107,,
10263,1035301205,AE1831,20181107,,
10264,1035301206,AE1831,20181107,,
10265,1035301207,AE1831,20181107,,
10266,1035301208,AE1831,20181107,,
10267,1035301209,AE1831,20181107,,
10268,1035301210,AE1831,20181107,,
10269,1035301211,AE1831,20181107,,
10270,1035301212,AE1831,20181107,,
10271,1035301213,AE1831,20181107,,
10272,1035301214,AE1831,20181107,,
10273,1035301215,AE1831,20181107,,
10274,1035301216,AE1831,20181107,,
10275,1035301217,AE1831,20181107,,
10276,1035301218,AE1831,20181107,,
10277,1035301219,AE1831,20181107,,
10278,1035301220,AE1831,20181107,,
10279,1035301221,AE1831,20181107,,
10280,1035301222,AE1831,20181107,,
10281,1035301223,AE1831,20181107,,
10282,1035301224,AE1831,20181107,,
10283,1035301301,AE1831,20181107,,
10284,1035301302,AE1831,20181107,,
10285,1035301303,AE1831,20181107,,
10286,1035301304,AE1831,20181107,,
10287,1035301305,AE1831,20181107,,
10288,1035301306,AE1831,20181107,,
10289,1035301307,AE1831,20181107,,
10290,1035301308,AE1831,20181107,,
10291,1035301309,AE1831,20181107,,
10292,1035301310,AE1831,-999,,
10293,1035301311,AE1831,-999,,
10294,1035301312,AE1831,-999,,
10295,1035301313,AE1831,-999,,
10296,1035301314,AE1831,-999,,
10297,1035301315,AE1831,-999,,
10298,1035301316,AE1831,-999,,
10299,1035301317,AE1831,-999,,
10300,1035301318,AE1831,-999,,
10301,1035301319,AE1831,-999,,
10302,1035301320,AE1831,-999,,
10303,1035301321,AE1831,-999,,
10304,1035301322,AE1831,-999,,
10305,1035301323,AE1831,-999,,
10306,1035301324,AE1831,-999,,
10307,1035301701,AE1831,20181108,V1V2_dada2_read_info_03052026.xlsx,V4_dada2_read_info_03052026.xlsx
10308,1035301702,AE1831,20181108,,
10309,1035301703,AE1831,20181108,,
10310,1035301704,AE1831,20181108,V1V2_dada2_read_info_03052026.xlsx,V4_dada2_read_info_03052026.xlsx
10311,1035301705,AE1831,20181108,,
10312,1035301706,AE1831,20181108,,
10313,1035301707,AE1831,20181108,V1V2_dada2_read_info_03052026.xlsx,V4_dada2_read_info_03052026.xlsx
10314,1035301708,AE1831,20181108,,
10315,1035301709,AE1831,20181108,V1V2_dada2_read_info_03052026.xlsx,V4_dada2_read_info_03052026.xlsx
10316,1035301710,AE1831,20181108,,
10317,1035301711,AE1831,20181108,,
10318,1035301712,AE1831,20181108,,
10319,1035301713,AE1831,20181108,V1V2_dada2_read_info_03052026.xlsx,V4_dada2_read_info_03052026.xlsx
10320,1035301714,AE1831,20181108,V1V2_dada2_read_info_03052026.xlsx,V4_dada2_read_info_03052026.xlsx
10321,1035301715,AE1831,20181108,,
10322,1035301716,AE1831,20181108,,
10323,1035301717,AE1831,20181108,V1V2_dada2_read_info_03052026.xlsx,V4_dada2_read_info_03052026.xlsx
10324,1035301718,AE1831,20181108,,
10325,1035301719,AE1831,20181108,,
10326,1035301720,AE1831,20181108,,
10327,1035301721,AE1831,20181108,V1V2_dada2_read_info_03052026.xlsx,V4_dada2_read_info_03052026.xlsx
10328,1035301722,AE1831,20181108,V1V2_dada2_read_info_03052026.xlsx,V4_dada2_read_info_03052026.xlsx
10329,1035301723,AE1831,20181108,V1V2_dada2_read_info_03052026.xlsx,V4_dada2_read_info_03052026.xlsx
10330,1035301724,AE1831,20181108,,
10331,1035401101,AE1836,20181214,,
10332,1035401102,AE1836,20181214,,
10333,1035401103,AE1836,20181214,,
10334,1035401104,AE1836,20181214,,
10335,1035401105,AE1836,20181214,,
10336,1035401106,AE1836,20181214,,
10337,1035401107,AE1836,20181214,,
10338,1035401108,AE1836,20181214,,
10339,1035401109,AE1836,20181214,,
10340,1035401110,AE1836,20181214,,
10341,1035401111,AE1836,20181214,,
10342,1035401112,AE1836,20181214,,
10343,1035401113,AE1836,20181214,,
10344,1035401114,AE1836,20181214,,
10345,1035401201,AE1836,20181214,,
10346,1035401202,AE1836,20181214,,
10347,1035401203,AE1836,20181214,,
10348,1035401204,AE1836,20181214,,
10349,1035401205,AE1836,20181214,,
10350,1035401206,AE1836,20181214,,
10351,1035401207,AE1836,20181214,,
10352,1035401208,AE1836,20181214,,
10353,1035401209,AE1836,20181214,,
10354,1035401210,AE1836,20181214,,
10355,1035401211,AE1836,20181214,,
10356,1035401212,AE1836,20181214,,
10357,1035401213,AE1836,20181214,,
10358,1035401214,AE1836,20181214,,
10359,1035401215,AE1836,20181214,,
10360,1035401216,AE1836,20181214,,
10361,1035401217,AE1836,20181214,,
10362,1035401218,AE1836,20181214,,
10363,1035401219,AE1836,20181214,,
10364,1035401220,AE1836,20181214,,
10365,1035401221,AE1836,20181214,,
10366,1035401222,AE1836,20181214,,
10367,1035401223,AE1836,20181214,,
10368,1035401224,AE1836,20181214,,
10369,1035401301,AE1836,20181215,,
10370,1035401302,AE1836,20181215,,
10371,1035401303,AE1836,20181215,,
10372,1035401304,AE1836,20181215,,
10373,1035401305,AE1836,20181215,,
10374,1035401306,AE1836,20181215,,
10375,1035401307,AE1836,20181215,,
10376,1035401308,AE1836,20181215,,
10377,1035401309,AE1836,20181215,,
10378,1035401310,AE1836,20181215,,
10379,1035401311,AE1836,20181215,,
10380,1035401312,AE1836,20181215,,
10381,1035401313,AE1836,20181215,,
10382,1035401314,AE1836,20181215,,
10383,1035401315,AE1836,20181215,,
10384,1035401316,AE1836,20181215,,
10385,1035401601,AE1836,20181215,,
10386,1035401602,AE1836,20181215,,
10387,1035401603,AE1836,20181215,,
10388,1035401604,AE1836,20181215,,
10389,1035401605,AE1836,20181215,,
10390,1035401606,AE1836,20181215,,
10391,1035401607,AE1836,20181215,,
10392,1035401608,AE1836,20181215,,
10393,1035401609,AE1836,20181215,,
10394,1035401610,AE1836,20181215,,
10395,1035401611,AE1836,20181215,,
10396,1035401612,AE1836,20181215,,
10397,1035401613,AE1836,20181215,,
10398,1035401614,AE1836,20181215,,
10399,1035401615,AE1836,20181215,,
10400,1035401616,AE1836,20181215,,
10401,1035401617,AE1836,20181215,,
10402,1035401618,AE1836,20181215,,
10403,1035401619,AE1836,20181215,,
10404,1035401620,AE1836,20181215,,
10405,1035401621,AE1836,20181215,,
10406,1035401622,AE1836,20181215,,
10407,1035401623,AE1836,20181215,,
10408,1035401624,AE1836,20181215,,
10409,1035401701,AE1836,20181215,,
10410,1035401702,AE1836,20181215,,
10411,1035401703,AE1836,20181215,,
10412,1035401704,AE1836,20181215,,
10413,1035401705,AE1836,20181215,,
10414,1035401706,AE1836,20181215,,
10415,1035401707,AE1836,20181215,,
10416,1035401708,AE1836,20181215,,
10417,1035401709,AE1836,20181215,,
10418,1035401710,AE1836,-999,,
10419,1035401711,AE1836,-999,,
10420,1035401712,AE1836,-999,,
10421,1035401713,AE1836,-999,,
10422,1035401714,AE1836,-999,,
10423,1035401715,AE1836,-999,,
10424,1035401716,AE1836,-999,,
10425,1035401717,AE1836,-999,,
10426,1035401718,AE1836,-999,,
10427,1035401719,AE1836,-999,,
10428,1035401720,AE1836,-999,,
10429,1035401721,AE1836,-999,,
10430,1035401722,AE1836,-999,,
10431,1035401723,AE1836,-999,,
10432,1035401724,AE1836,-999,,
10433,1035402001,AE1836,20181216,V1V2_dada2_read_info_03052026.xlsx,V4_dada2_read_info_03052026.xlsx
10434,1035402002,AE1836,20181216,,
10435,1035402003,AE1836,20181216,V1V2_dada2_read_info_03052026.xlsx,V4_dada2_read_info_03052026.xlsx
10436,1035402004,AE1836,20181216,,
10437,1035402005,AE1836,20181216,V1V2_dada2_read_info_03052026.xlsx,V4_dada2_read_info_03052026.xlsx
10438,1035402006,AE1836,20181216,,
10439,1035402007,AE1836,20181216,V1V2_dada2_read_info_03052026.xlsx,V4_dada2_read_info_03052026.xlsx
10440,1035402008,AE1836,20181216,,
10441,1035402009,AE1836,20181216,V1V2_dada2_read_info_03052026.xlsx,V4_dada2_read_info_03052026.xlsx
10442,1035402010,AE1836,20181216,,
10443,1035402011,AE1836,20181216,V1V2_dada2_read_info_03052026.xlsx,V4_dada2_read_info_03052026.xlsx
10444,1035402012,AE1836,20181216,,
10445,1035402013,AE1836,20181216,V1V2_dada2_read_info_03052026.xlsx,V4_dada2_read_info_03052026.xlsx
10446,1035402014,AE1836,20181216,,
10447,1035402015,AE1836,20181216,V1V2_dada2_read_info_03052026.xlsx,V4_dada2_read_info_03052026.xlsx
10448,1035402016,AE1836,20181216,,
10449,1035402017,AE1836,20181216,,
10450,1035402018,AE1836,20181216,V1V2_dada2_read_info_03052026.xlsx,V4_dada2_read_info_03052026.xlsx
10451,1035402019,AE1836,20181216,V1V2_dada2_read_info_03052026.xlsx,V4_dada2_read_info_03052026.xlsx
10452,1035402020,AE1836,20181216,,
10453,1035402021,AE1836,20181216,V1V2_dada2_read_info_03052026.xlsx,V4_dada2_read_info_03052026.xlsx
10454,1035402022,AE1836,20181216,,
10455,1035402023,AE1836,20181216,V1V2_dada2_read_info_03052026.xlsx,V4_dada2_read_info_03052026.xlsx
10456,1035402024,AE1836,20181216,,
10457,1035500901,AE1902,20190111,,
10458,1035500902,AE1902,20190111,,
10459,1035500903,AE1902,20190111,,
10460,1035500904,AE1902,20190111,,
10461,1035500905,AE1902,20190111,,
10462,1035500906,AE1902,20190111,,
10463,1035500907,AE1902,20190111,,
10464,1035500908,AE1902,20190111,,
10465,1035500909,AE1902,20190111,,
10466,1035500910,AE1902,20190111,,
10467,1035500911,AE1902,20190111,,
10468,1035500912,AE1902,20190111,,
10469,1035500913,AE1902,20190111,,
10470,1035500914,AE1902,20190111,,
10471,1035500915,AE1902,20190111,,
10472,1035500916,AE1902,20190111,,
10473,1035500917,AE1902,20190111,,
10474,1035500918,AE1902,20190111,,
10475,1035500919,AE1902,20190111,,
10476,1035500920,AE1902,20190111,,
10477,1035500921,AE1902,20190111,,
10478,1035500922,AE1902,20190111,,
10479,1035500923,AE1902,20190111,,
10480,1035500924,AE1902,20190111,,
10481,1035501001,AE1902,20190112,,
10482,1035501002,AE1902,20190112,,
10483,1035501003,AE1902,20190112,,
10484,1035501004,AE1902,20190112,,
10485,1035501005,AE1902,20190112,,
10486,1035501006,AE1902,20190112,,
10487,1035501007,AE1902,20190112,,
10488,1035501008,AE1902,20190112,,
10489,1035501009,AE1902,20190112,,
10490,1035501010,AE1902,20190112,,
10491,1035501011,AE1902,20190112,,
10492,1035501012,AE1902,20190112,,
10493,1035501013,AE1902,20190112,,
10494,1035501014,AE1902,20190112,,
10495,1035501015,AE1902,20190112,,
10496,1035501016,AE1902,20190112,,
10497,1035501301,AE1902,20190112,,
10498,1035501302,AE1902,20190112,,
10499,1035501303,AE1902,20190112,,
10500,1035501304,AE1902,20190112,,
10501,1035501305,AE1902,20190112,,
10502,1035501306,AE1902,20190112,,
10503,1035501307,AE1902,20190112,,
10504,1035501308,AE1902,20190112,,
10505,1035501309,AE1902,20190112,,
10506,1035501310,AE1902,20190112,,
10507,1035501311,AE1902,20190112,,
10508,1035501312,AE1902,20190112,,
10509,1035501313,AE1902,20190112,,
10510,1035501314,AE1902,20190112,,
10511,1035501315,AE1902,20190112,,
10512,1035501316,AE1902,20190112,,
10513,1035501317,AE1902,20190112,,
10514,1035501318,AE1902,20190112,,
10515,1035501319,AE1902,20190112,,
10516,1035501320,AE1902,20190112,,
10517,1035501321,AE1902,20190112,,
10518,1035501322,AE1902,20190112,,
10519,1035501323,AE1902,20190112,,
10520,1035501324,AE1902,20190112,,
10521,1035501401,AE1902,20190112,,
10522,1035501402,AE1902,20190112,,
10523,9161400101,AE1614,20160709,,
10524,9161400110,AE1614,20160709,,
10525,9161400111,AE1614,20160709,,
10526,9161400112,AE1614,20160709,,
10527,9161400113,AE1614,20160709,,
10528,9161400114,AE1614,20160709,,
10529,9161400115,AE1614,20160709,,
10530,9161400116,AE1614,20160709,,
10531,9161400117,AE1614,20160709,,
10532,9161400118,AE1614,20160709,,
10533,9161400119,AE1614,20160709,,
10534,9161400102,AE1614,20160709,,
10535,9161400120,AE1614,20160709,,
10536,9161400121,AE1614,20160709,,
10537,9161400122,AE1614,20160709,,
10538,9161400123,AE1614,20160709,,
10539,9161400124,AE1614,20160709,,
10540,9161400103,AE1614,20160709,,
10541,9161400104,AE1614,20160709,,
10542,9161400105,AE1614,20160709,,
10543,9161400106,AE1614,20160709,,
10544,9161400107,AE1614,20160709,,
10545,9161400108,AE1614,20160709,,
10546,9161400109,AE1614,20160709,,
10547,9161401001,AE1614,20160710,,
10548,9161401010,AE1614,20160710,,
10549,9161401011,AE1614,20160710,,
10550,9161401012,AE1614,20160710,,
10551,9161401013,AE1614,20160710,,
10552,9161401014,AE1614,20160710,,
10553,9161401015,AE1614,20160710,,
10554,9161401016,AE1614,20160710,,
10555,9161401017,AE1614,20160710,,
10556,9161401018,AE1614,20160710,,
10557,9161401019,AE1614,20160710,,
10558,9161401002,AE1614,20160710,,
10559,9161401020,AE1614,20160710,,
10560,9161401021,AE1614,20160710,,
10561,9161401022,AE1614,20160710,,
10562,9161401023,AE1614,20160710,,
10563,9161401024,AE1614,20160710,,
10564,9161401003,AE1614,20160710,,
10565,9161401004,AE1614,20160710,,
10566,9161401005,AE1614,20160710,,
10567,9161401006,AE1614,20160710,,
10568,9161401007,AE1614,20160710,,
10569,9161401008,AE1614,20160710,,
10570,9161401009,AE1614,20160710,,
10571,9161401101,AE1614,20160711,V1V2_dada2_read_info_03052026.xlsx,
10572,9161401110,AE1614,20160711,,
10573,9161401111,AE1614,20160711,V1V2_dada2_read_info_03052026.xlsx,
10574,9161401112,AE1614,20160711,,
10575,9161401113,AE1614,20160711,V1V2_dada2_read_info_03052026.xlsx,
10576,9161401114,AE1614,20160711,,
10577,9161401115,AE1614,20160711,V1V2_dada2_read_info_03052026.xlsx,
10578,9161401116,AE1614,20160711,,
10579,9161401117,AE1614,20160711,,
10580,9161401118,AE1614,20160711,,
10581,9161401119,AE1614,20160711,,
10582,9161401102,AE1614,20160711,,
10583,9161401120,AE1614,20160711,,
10584,9161401121,AE1614,20160711,,
10585,9161401122,AE1614,20160711,,
10586,9161401123,AE1614,20160711,,
10587,9161401124,AE1614,20160711,,
10588,9161401103,AE1614,20160711,V1V2_dada2_read_info_03052026.xlsx,
10589,9161401104,AE1614,20160711,,
10590,9161401105,AE1614,20160711,V1V2_dada2_read_info_03052026.xlsx,
10591,9161401106,AE1614,20160711,,
10592,9161401107,AE1614,20160711,V1V2_dada2_read_info_03052026.xlsx,
10593,9161401108,AE1614,20160711,,
10594,9161401109,AE1614,20160711,V1V2_dada2_read_info_03052026.xlsx,
10595,9161401201,AE1614,20160711,V1V2_dada2_read_info_03052026.xlsx,
10596,9161401210,AE1614,20160711,,
10597,9161401211,AE1614,20160711,V1V2_dada2_read_info_03052026.xlsx,
10598,9161401212,AE1614,20160711,,
10599,9161401213,AE1614,20160711,V1V2_dada2_read_info_03052026.xlsx,
10600,9161401214,AE1614,20160711,,
10601,9161401215,AE1614,20160711,V1V2_dada2_read_info_03052026.xlsx,
10602,9161401216,AE1614,20160711,,
10603,9161401217,AE1614,20160711,,
10604,9161401218,AE1614,20160711,,
10605,9161401219,AE1614,20160711,,
10606,9161401202,AE1614,20160711,,
10607,9161401220,AE1614,20160711,,
10608,9161401221,AE1614,20160711,,
10609,9161401222,AE1614,20160711,,
10610,9161401223,AE1614,20160711,,
10611,9161401224,AE1614,20160711,,
10612,9161401203,AE1614,20160711,V1V2_dada2_read_info_03052026.xlsx,
10613,9161401204,AE1614,20160711,,
10614,9161401205,AE1614,20160711,V1V2_dada2_read_info_03052026.xlsx,
10615,9161401206,AE1614,20160711,,
10616,9161401207,AE1614,20160711,V1V2_dada2_read_info_03052026.xlsx,
10617,9161401208,AE1614,20160711,,
10618,9161401209,AE1614,20160711,V1V2_dada2_read_info_03052026.xlsx,
10619,9161401301,AE1614,20160711,,
10620,9161401310,AE1614,20160711,,
10621,9161401311,AE1614,20160711,,
10622,9161401312,AE1614,20160711,,
10623,9161401313,AE1614,20160711,,
10624,9161401314,AE1614,20160711,,
10625,9161401315,AE1614,20160711,,
10626,9161401316,AE1614,20160711,,
10627,9161401317,AE1614,20160711,,
10628,9161401318,AE1614,20160711,,
10629,9161401319,AE1614,20160711,,
10630,9161401302,AE1614,20160711,,
10631,9161401320,AE1614,20160711,,
10632,9161401321,AE1614,20160711,,
10633,9161401322,AE1614,20160711,,
10634,9161401323,AE1614,20160711,,
10635,9161401324,AE1614,20160711,,
10636,9161401303,AE1614,20160711,,
10637,9161401304,AE1614,20160711,,
10638,9161401305,AE1614,20160711,,
10639,9161401306,AE1614,20160711,,
10640,9161401307,AE1614,20160711,,
10641,9161401308,AE1614,20160711,,
10642,9161401309,AE1614,20160711,,
10643,9161401401,AE1614,20160711,V1V2_dada2_read_info_03052026.xlsx,
10644,9161401410,AE1614,20160711,,
10645,9161401411,AE1614,20160711,V1V2_dada2_read_info_03052026.xlsx,
10646,9161401412,AE1614,20160711,,
10647,9161401413,AE1614,20160711,V1V2_dada2_read_info_03052026.xlsx,
10648,9161401414,AE1614,20160711,,
10649,9161401415,AE1614,20160711,V1V2_dada2_read_info_03052026.xlsx,
10650,9161401416,AE1614,20160711,,
10651,9161401417,AE1614,20160711,,
10652,9161401418,AE1614,20160711,,
10653,9161401419,AE1614,20160711,,
10654,9161401402,AE1614,20160711,,
10655,9161401420,AE1614,20160711,,
10656,9161401421,AE1614,20160711,,
10657,9161401422,AE1614,20160711,,
10658,9161401423,AE1614,20160711,,
10659,9161401424,AE1614,20160711,,
10660,9161401403,AE1614,20160711,V1V2_dada2_read_info_03052026.xlsx,
10661,9161401404,AE1614,20160711,,
10662,9161401405,AE1614,20160711,V1V2_dada2_read_info_03052026.xlsx,
10663,9161401406,AE1614,20160711,,
10664,9161401407,AE1614,20160711,V1V2_dada2_read_info_03052026.xlsx,
10665,9161401408,AE1614,20160711,,
10666,9161401409,AE1614,20160711,V1V2_dada2_read_info_03052026.xlsx,
10667,9161401501,AE1614,20160711,V1V2_dada2_read_info_03052026.xlsx,
10668,9161401510,AE1614,20160711,,
10669,9161401511,AE1614,20160711,V1V2_dada2_read_info_03052026.xlsx,
10670,9161401512,AE1614,20160711,,
10671,9161401513,AE1614,20160711,V1V2_dada2_read_info_03052026.xlsx,
10672,9161401514,AE1614,20160711,,
10673,9161401515,AE1614,20160711,V1V2_dada2_read_info_03052026.xlsx,
10674,9161401516,AE1614,20160711,,
10675,9161401517,AE1614,20160711,,
10676,9161401518,AE1614,20160711,,
10677,9161401519,AE1614,20160711,,
10678,9161401502,AE1614,20160711,,
10679,9161401520,AE1614,20160711,,
10680,9161401521,AE1614,20160711,,
10681,9161401522,AE1614,20160711,,
10682,9161401523,AE1614,20160711,,
10683,9161401524,AE1614,20160711,,
10684,9161401503,AE1614,20160711,V1V2_dada2_read_info_03052026.xlsx,
10685,9161401504,AE1614,20160711,,
10686,9161401505,AE1614,20160711,,
10687,9161401506,AE1614,20160711,,
10688,9161401507,AE1614,20160711,V1V2_dada2_read_info_03052026.xlsx,
10689,9161401508,AE1614,20160711,,
10690,9161401509,AE1614,20160711,V1V2_dada2_read_info_03052026.xlsx,
10691,9161401601,AE1614,20160711,,
10692,9161401610,AE1614,20160711,,
10693,9161401611,AE1614,20160711,,
10694,9161401612,AE1614,20160711,,
10695,9161401613,AE1614,20160711,,
10696,9161401614,AE1614,20160711,,
10697,9161401615,AE1614,20160711,,
10698,9161401616,AE1614,20160711,,
10699,9161401617,AE1614,20160711,,
10700,9161401618,AE1614,20160711,,
10701,9161401619,AE1614,20160711,,
10702,9161401602,AE1614,20160711,,
10703,9161401620,AE1614,20160711,,
10704,9161401621,AE1614,20160711,,
10705,9161401622,AE1614,20160711,,
10706,9161401623,AE1614,20160711,,
10707,9161401624,AE1614,20160711,,
10708,9161401603,AE1614,20160711,,
10709,9161401604,AE1614,20160711,,
10710,9161401605,AE1614,20160711,,
10711,9161401606,AE1614,20160711,,
10712,9161401607,AE1614,20160711,,
10713,9161401608,AE1614,20160711,,
10714,9161401609,AE1614,20160711,,
10715,9161401701,AE1614,20160712,,
10716,9161401710,AE1614,20160712,,
10717,9161401711,AE1614,20160712,,
10718,9161401712,AE1614,20160712,,
10719,9161401713,AE1614,20160712,,
10720,9161401714,AE1614,20160712,,
10721,9161401715,AE1614,20160712,,
10722,9161401716,AE1614,20160712,,
10723,9161401717,AE1614,20160712,,
10724,9161401718,AE1614,20160712,,
10725,9161401719,AE1614,20160712,,
10726,9161401702,AE1614,20160712,,
10727,9161401720,AE1614,20160712,,
10728,9161401721,AE1614,20160712,,
10729,9161401722,AE1614,20160712,,
10730,9161401723,AE1614,20160712,,
10731,9161401724,AE1614,20160712,,
10732,9161401703,AE1614,20160712,,
10733,9161401704,AE1614,20160712,,
10734,9161401705,AE1614,20160712,,
10735,9161401706,AE1614,20160712,,
10736,9161401707,AE1614,20160712,,
10737,9161401708,AE1614,20160712,,
10738,9161401709,AE1614,20160712,,
10739,9161401801,AE1614,20160712,V1V2_dada2_read_info_03052026.xlsx,
10740,9161401810,AE1614,20160712,,
10741,9161401811,AE1614,20160712,V1V2_dada2_read_info_03052026.xlsx,
10742,9161401812,AE1614,20160712,,
10743,9161401813,AE1614,20160712,V1V2_dada2_read_info_03052026.xlsx,
10744,9161401814,AE1614,20160712,,
10745,9161401815,AE1614,20160712,V1V2_dada2_read_info_03052026.xlsx,
10746,9161401816,AE1614,20160712,,
10747,9161401817,AE1614,20160712,,
10748,9161401818,AE1614,20160712,,
10749,9161401819,AE1614,20160712,,
10750,9161401802,AE1614,20160712,,
10751,9161401820,AE1614,20160712,,
10752,9161401821,AE1614,20160712,,
10753,9161401822,AE1614,20160712,,
10754,9161401823,AE1614,20160712,,
10755,9161401824,AE1614,20160712,,
10756,9161401803,AE1614,20160712,V1V2_dada2_read_info_03052026.xlsx,
10757,9161401804,AE1614,20160712,,
10758,9161401805,AE1614,20160712,V1V2_dada2_read_info_03052026.xlsx,
10759,9161401806,AE1614,20160712,,
10760,9161401807,AE1614,20160712,V1V2_dada2_read_info_03052026.xlsx,
10761,9161401808,AE1614,20160712,,
10762,9161401809,AE1614,20160712,V1V2_dada2_read_info_03052026.xlsx,
10763,9161401901,AE1614,20160712,,
10764,9161401902,AE1614,20160712,,
10765,9161401903,AE1614,20160712,,
10766,9161401904,AE1614,20160712,,
10767,9161401905,AE1614,20160712,,
10768,9161401906,AE1614,20160712,,
10769,9161400201,AE1614,20160709,V1V2_dada2_read_info_03052026.xlsx,
10770,9161400210,AE1614,20160709,,
10771,9161400211,AE1614,20160709,V1V2_dada2_read_info_03052026.xlsx,
10772,9161400212,AE1614,20160709,,
10773,9161400213,AE1614,20160709,V1V2_dada2_read_info_03052026.xlsx,
10774,9161400214,AE1614,20160709,,
10775,9161400215,AE1614,20160709,V1V2_dada2_read_info_03052026.xlsx,
10776,9161400216,AE1614,20160709,,
10777,9161400217,AE1614,20160709,,
10778,9161400218,AE1614,20160709,,
10779,9161400219,AE1614,20160709,,
10780,9161400202,AE1614,20160709,,
10781,9161400220,AE1614,20160709,,
10782,9161400221,AE1614,20160709,,
10783,9161400222,AE1614,20160709,,
10784,9161400223,AE1614,20160709,,
10785,9161400224,AE1614,20160709,,
10786,9161400203,AE1614,20160709,V1V2_dada2_read_info_03052026.xlsx,
10787,9161400204,AE1614,20160709,,
10788,9161400205,AE1614,20160709,V1V2_dada2_read_info_03052026.xlsx,
10789,9161400206,AE1614,20160709,,
10790,9161400207,AE1614,20160709,V1V2_dada2_read_info_03052026.xlsx,
10791,9161400208,AE1614,20160709,,
10792,9161400209,AE1614,20160709,V1V2_dada2_read_info_03052026.xlsx,
10793,9161402001,AE1614,20160712,,
10794,9161402010,AE1614,20160712,,
10795,9161402011,AE1614,20160712,,
10796,9161402012,AE1614,20160712,,
10797,9161402013,AE1614,20160712,,
10798,9161402014,AE1614,20160712,,
10799,9161402015,AE1614,20160712,,
10800,9161402016,AE1614,20160712,,
10801,9161402017,AE1614,20160712,,
10802,9161402018,AE1614,20160712,,
10803,9161402019,AE1614,20160712,,
10804,9161402002,AE1614,20160712,,
10805,9161402020,AE1614,20160712,,
10806,9161402021,AE1614,20160712,,
10807,9161402022,AE1614,20160712,,
10808,9161402023,AE1614,20160712,,
10809,9161402024,AE1614,20160712,,
10810,9161402003,AE1614,20160712,,
10811,9161402004,AE1614,20160712,,
10812,9161402005,AE1614,20160712,,
10813,9161402006,AE1614,20160712,,
10814,9161402007,AE1614,20160712,,
10815,9161402008,AE1614,20160712,,
10816,9161402009,AE1614,20160712,,
10817,9161400301,AE1614,20160709,,
10818,9161400310,AE1614,20160709,,
10819,9161400311,AE1614,20160709,,
10820,9161400312,AE1614,20160709,,
10821,9161400313,AE1614,20160709,,
10822,9161400314,AE1614,20160709,,
10823,9161400315,AE1614,20160709,,
10824,9161400316,AE1614,20160709,,
10825,9161400317,AE1614,20160709,,
10826,9161400318,AE1614,20160709,,
10827,9161400319,AE1614,20160709,,
10828,9161400302,AE1614,20160709,,
10829,9161400320,AE1614,20160709,,
10830,9161400321,AE1614,20160709,,
10831,9161400322,AE1614,20160709,,
10832,9161400323,AE1614,20160709,,
10833,9161400324,AE1614,20160709,,
10834,9161400303,AE1614,20160709,,
10835,9161400304,AE1614,20160709,,
10836,9161400305,AE1614,20160709,,
10837,9161400306,AE1614,20160709,,
10838,9161400307,AE1614,20160709,,
10839,9161400308,AE1614,20160709,,
10840,9161400309,AE1614,20160709,,
10841,9161400401,AE1614,20160710,V1V2_dada2_read_info_03052026.xlsx,
10842,9161400410,AE1614,20160710,V1V2_dada2_read_info_03052026.xlsx,
10843,9161400411,AE1614,20160710,,
10844,9161400412,AE1614,20160710,,
10845,9161400413,AE1614,20160710,,
10846,9161400414,AE1614,20160710,,
10847,9161400415,AE1614,20160710,,
10848,9161400402,AE1614,20160710,V1V2_dada2_read_info_03052026.xlsx,
10849,9161400403,AE1614,20160710,,
10850,9161400404,AE1614,20160710,,
10851,9161400405,AE1614,20160710,V1V2_dada2_read_info_03052026.xlsx,
10852,9161400406,AE1614,20160710,V1V2_dada2_read_info_03052026.xlsx,
10853,9161400407,AE1614,20160710,V1V2_dada2_read_info_03052026.xlsx,
10854,9161400408,AE1614,20160710,V1V2_dada2_read_info_03052026.xlsx,
10855,9161400409,AE1614,20160710,V1V2_dada2_read_info_03052026.xlsx,
10856,9161400501,AE1614,20160710,V1V2_dada2_read_info_03052026.xlsx,
10857,9161400510,AE1614,20160710,,
10858,9161400511,AE1614,20160710,V1V2_dada2_read_info_03052026.xlsx,
10859,9161400512,AE1614,20160710,,
10860,9161400513,AE1614,20160710,V1V2_dada2_read_info_03052026.xlsx,
10861,9161400514,AE1614,20160710,,
10862,9161400515,AE1614,20160710,V1V2_dada2_read_info_03052026.xlsx,
10863,9161400516,AE1614,20160710,,
10864,9161400517,AE1614,20160710,,
10865,9161400518,AE1614,20160710,,
10866,9161400519,AE1614,20160710,,
10867,9161400502,AE1614,20160710,,
10868,9161400520,AE1614,20160710,,
10869,9161400521,AE1614,20160710,,
10870,9161400522,AE1614,20160710,,
10871,9161400523,AE1614,20160710,,
10872,9161400524,AE1614,20160710,,
10873,9161400503,AE1614,20160710,V1V2_dada2_read_info_03052026.xlsx,
10874,9161400504,AE1614,20160710,,
10875,9161400505,AE1614,20160710,V1V2_dada2_read_info_03052026.xlsx,
10876,9161400506,AE1614,20160710,,
10877,9161400507,AE1614,20160710,V1V2_dada2_read_info_03052026.xlsx,
10878,9161400508,AE1614,20160710,,
10879,9161400509,AE1614,20160710,V1V2_dada2_read_info_03052026.xlsx,
10880,9161400601,AE1614,20160710,,
10881,9161400610,AE1614,20160710,,
10882,9161400611,AE1614,20160710,,
10883,9161400612,AE1614,20160710,,
10884,9161400613,AE1614,20160710,,
10885,9161400614,AE1614,20160710,,
10886,9161400615,AE1614,20160710,,
10887,9161400616,AE1614,20160710,,
10888,9161400617,AE1614,20160710,,
10889,9161400618,AE1614,20160710,,
10890,9161400619,AE1614,20160710,,
10891,9161400602,AE1614,20160710,,
10892,9161400620,AE1614,20160710,,
10893,9161400621,AE1614,20160710,,
10894,9161400622,AE1614,20160710,,
10895,9161400623,AE1614,20160710,,
10896,9161400624,AE1614,20160710,,
10897,9161400603,AE1614,20160710,,
10898,9161400604,AE1614,20160710,,
10899,9161400605,AE1614,20160710,,
10900,9161400606,AE1614,20160710,,
10901,9161400607,AE1614,20160710,,
10902,9161400608,AE1614,20160710,,
10903,9161400609,AE1614,20160710,,
10904,9161400701,AE1614,20160710,V1V2_dada2_read_info_03052026.xlsx,
10905,9161400710,AE1614,20160710,,
10906,9161400711,AE1614,20160710,V1V2_dada2_read_info_03052026.xlsx,
10907,9161400712,AE1614,20160710,,
10908,9161400713,AE1614,20160710,V1V2_dada2_read_info_03052026.xlsx,
10909,9161400714,AE1614,20160710,,
10910,9161400715,AE1614,20160710,V1V2_dada2_read_info_03052026.xlsx,
10911,9161400716,AE1614,20160710,,
10912,9161400717,AE1614,20160710,,
10913,9161400718,AE1614,20160710,,
10914,9161400719,AE1614,20160710,,
10915,9161400702,AE1614,20160710,,
10916,9161400720,AE1614,20160710,,
10917,9161400721,AE1614,20160710,,
10918,9161400722,AE1614,20160710,,
10919,9161400723,AE1614,20160710,,
10920,9161400724,AE1614,20160710,,
10921,9161400703,AE1614,20160710,V1V2_dada2_read_info_03052026.xlsx,
10922,9161400704,AE1614,20160710,,
10923,9161400705,AE1614,20160710,V1V2_dada2_read_info_03052026.xlsx,
10924,9161400706,AE1614,20160710,,
10925,9161400707,AE1614,20160710,V1V2_dada2_read_info_03052026.xlsx,
10926,9161400708,AE1614,20160710,,
10927,9161400709,AE1614,20160710,V1V2_dada2_read_info_03052026.xlsx,
10928,9161400801,AE1614,20160710,V1V2_dada2_read_info_03052026.xlsx,
10929,9161400810,AE1614,20160710,,
10930,9161400811,AE1614,20160710,V1V2_dada2_read_info_03052026.xlsx,
10931,9161400812,AE1614,20160710,,
10932,9161400813,AE1614,20160710,V1V2_dada2_read_info_03052026.xlsx,
10933,9161400814,AE1614,20160710,,
10934,9161400815,AE1614,20160710,V1V2_dada2_read_info_03052026.xlsx,
10935,9161400816,AE1614,20160710,,
10936,9161400817,AE1614,20160710,,
10937,9161400818,AE1614,20160710,,
10938,9161400819,AE1614,20160710,,
10939,9161400802,AE1614,20160710,,
10940,9161400820,AE1614,20160710,,
10941,9161400821,AE1614,20160710,,
10942,9161400822,AE1614,20160710,,
10943,9161400823,AE1614,20160710,,
10944,9161400824,AE1614,20160710,,
10945,9161400803,AE1614,20160710,V1V2_dada2_read_info_03052026.xlsx,
10946,9161400804,AE1614,20160710,,
10947,9161400805,AE1614,20160710,V1V2_dada2_read_info_03052026.xlsx,
10948,9161400806,AE1614,20160710,,
10949,9161400807,AE1614,20160710,V1V2_dada2_read_info_03052026.xlsx,
10950,9161400808,AE1614,20160710,,
10951,9161400809,AE1614,20160710,V1V2_dada2_read_info_03052026.xlsx,
10952,9161400901,AE1614,20160710,,
10953,9161400910,AE1614,20160710,,
10954,9161400911,AE1614,20160710,,
10955,9161400912,AE1614,20160710,,
10956,9161400913,AE1614,20160710,,
10957,9161400914,AE1614,20160710,,
10958,9161400915,AE1614,20160710,,
10959,9161400916,AE1614,20160710,,
10960,9161400917,AE1614,20160710,,
10961,9161400918,AE1614,20160710,,
10962,9161400919,AE1614,20160710,,
10963,9161400902,AE1614,20160710,,
10964,9161400920,AE1614,20160710,,
10965,9161400921,AE1614,20160710,,
10966,9161400922,AE1614,20160710,,
10967,9161400923,AE1614,20160710,,
10968,9161400924,AE1614,20160710,,
10969,9161400903,AE1614,20160710,,
10970,9161400904,AE1614,20160710,,
10971,9161400905,AE1614,20160710,,
10972,9161400906,AE1614,20160710,,
10973,9161400907,AE1614,20160710,,
10974,9161400908,AE1614,20160710,,
10975,9161400909,AE1614,20160710,,
10976,1035901006,AE1909,20190513,,
10977,1035901007,AE1909,20190513,,
10978,1035901008,AE1909,20190513,,
10979,1035901009,AE1909,20190513,,
10980,1035901010,AE1909,20190513,,
10981,1035901011,AE1909,20190513,,
10982,1035901012,AE1909,20190513,,
10983,1035901013,AE1909,20190513,,
10984,1035901014,AE1909,20190513,,
10985,1035901015,AE1909,20190513,,
10986,1035901016,AE1909,20190513,,
10987,1035901017,AE1909,20190513,,
10988,1035901018,AE1909,20190513,,
10989,1035901019,AE1909,20190513,,
10990,1035901020,AE1909,20190513,,
10991,1035901021,AE1909,20190513,,
10992,1035901022,AE1909,20190513,,
10993,1035901023,AE1909,20190513,,
10994,1035901024,AE1909,20190513,,
10995,1035901201,AE1909,20190514,,
10996,1035901202,AE1909,20190514,,
10997,1035901203,AE1909,20190514,,
10998,1035901204,AE1909,20190514,,
10999,1035901205,AE1909,20190514,,
11000,1035901206,AE1909,20190514,,
11001,1035901207,AE1909,20190514,,
11002,1035901208,AE1909,20190514,,
11003,1035901209,AE1909,20190514,,
11004,1035901210,AE1909,20190514,,
11005,1035901211,AE1909,20190514,,
11006,1035901212,AE1909,20190514,,
11007,1035901213,AE1909,20190514,,
11008,1035901214,AE1909,20190514,,
11009,1035901215,AE1909,20190514,,
11010,1035901216,AE1909,20190514,,
11011,1035901501,AE1909,20190514,,
11012,1035901502,AE1909,20190514,,
11013,1035901503,AE1909,20190514,,
11014,1035901504,AE1909,20190514,,
11015,1035901505,AE1909,20190514,,
11016,1035901506,AE1909,20190514,,
11017,1035901507,AE1909,20190514,,
11018,1035901508,AE1909,20190514,,
11019,1035901509,AE1909,20190514,,
11020,1035901510,AE1909,20190514,,
11021,1035901511,AE1909,20190514,,
11022,1035901512,AE1909,20190514,,
11023,1035901513,AE1909,20190514,,
11024,1035901514,AE1909,20190514,,
11025,1035901515,AE1909,20190514,,
11026,1035901516,AE1909,20190514,,
11027,1035901517,AE1909,20190514,,
11028,1035901518,AE1909,20190514,,
11029,1035901519,AE1909,20190514,,
11030,1035901520,AE1909,20190514,,
11031,1035901521,AE1909,20190514,,
11032,1035901522,AE1909,20190514,,
11033,1035901523,AE1909,20190514,,
11034,1035901524,AE1909,20190514,,
11035,1035901601,AE1909,20190514,,
11036,1035901602,AE1909,20190514,,
11037,1035901603,AE1909,20190514,,
11038,1035901604,AE1909,20190514,,
11039,1035901605,AE1909,20190514,,
11040,1035901606,AE1909,20190514,,
11041,1035901607,AE1909,20190514,,
11042,1035901608,AE1909,20190514,,
11043,1035901609,AE1909,20190514,,
11044,1035901610,AE1909,-999,,
11045,1035901611,AE1909,-999,,
11046,1035901612,AE1909,-999,,
11047,1035901613,AE1909,-999,,
11048,1035901614,AE1909,-999,,
11049,1035901615,AE1909,-999,,
11050,1035901616,AE1909,-999,,
11051,1035901617,AE1909,-999,,
11052,1035901618,AE1909,-999,,
11053,1035901619,AE1909,-999,,
11054,1035901620,AE1909,-999,,
11055,1035901621,AE1909,-999,,
11056,1035901622,AE1909,-999,,
11057,1035901623,AE1909,-999,,
11058,1035901624,AE1909,-999,,
11059,1035902001,AE1909,20190516,V1V2_dada2_read_info_03052026.xlsx,V4_dada2_read_info_03052026.xlsx
11060,1035902002,AE1909,20190516,,
11061,1035902003,AE1909,20190516,V1V2_dada2_read_info_03052026.xlsx,V4_dada2_read_info_03052026.xlsx
11062,1035902004,AE1909,20190516,,
11063,1035902005,AE1909,20190516,V1V2_dada2_read_info_03052026.xlsx,V4_dada2_read_info_03052026.xlsx
11064,1035902006,AE1909,20190516,,
11065,1035902007,AE1909,20190516,V1V2_dada2_read_info_03052026.xlsx,V4_dada2_read_info_03052026.xlsx
11066,1035902008,AE1909,20190516,,
11067,1035902009,AE1909,20190516,V1V2_dada2_read_info_03052026.xlsx,V4_dada2_read_info_03052026.xlsx
11068,1035902010,AE1909,20190516,,
11069,1035902011,AE1909,20190516,V1V2_dada2_read_info_03052026.xlsx,V4_dada2_read_info_03052026.xlsx
11070,1035902012,AE1909,20190516,,
11071,1035902013,AE1909,20190516,V1V2_dada2_read_info_03052026.xlsx,V4_dada2_read_info_03052026.xlsx
11072,1035902014,AE1909,20190516,,
11073,1035902015,AE1909,20190516,V1V2_dada2_read_info_03052026.xlsx,V4_dada2_read_info_03052026.xlsx
11074,1035902016,AE1909,20190516,,
11075,1035902017,AE1909,20190516,V1V2_dada2_read_info_03052026.xlsx,V4_dada2_read_info_03052026.xlsx
11076,1035902018,AE1909,20190516,,
11077,1035902019,AE1909,20190516,V1V2_dada2_read_info_03052026.xlsx,V4_dada2_read_info_03052026.xlsx
11078,1035902020,AE1909,20190516,,
11079,1035902021,AE1909,20190516,V1V2_dada2_read_info_03052026.xlsx,V4_dada2_read_info_03052026.xlsx
11080,1035902022,AE1909,20190516,,
11081,1035902023,AE1909,20190516,V1V2_dada2_read_info_03052026.xlsx,V4_dada2_read_info_03052026.xlsx
11082,1035902024,AE1909,20190516,,
11083,1036001001,AE1912,20190607,,
11084,1036001002,AE1912,20190607,,
11085,1036001003,AE1912,20190607,,
11086,1036001004,AE1912,20190607,,
11087,1036001005,AE1912,20190607,,
11088,1036001006,AE1912,20190607,,
11089,1036001007,AE1912,20190607,,
11090,1036001008,AE1912,20190607,,
11091,1036001009,AE1912,20190607,,
11092,1036001010,AE1912,20190607,,
11093,1036001011,AE1912,20190607,,
11094,1036001012,AE1912,20190607,,
11095,1036001013,AE1912,20190607,,
11096,1036001014,AE1912,20190607,,
11097,1036001015,AE1912,20190607,,
11098,1036001016,AE1912,20190607,,
11099,1036001017,AE1912,20190607,,
11100,1036001018,AE1912,20190607,,
11101,1036001019,AE1912,20190607,,
11102,1036001020,AE1912,20190607,,
11103,1036001021,AE1912,20190607,,
11104,1036001022,AE1912,20190607,,
11105,1036001023,AE1912,20190607,,
11106,1036001024,AE1912,20190607,,
11107,1036001201,AE1912,20190608,,
11108,1036001202,AE1912,20190608,,
11109,1036001203,AE1912,20190608,,
11110,1036001204,AE1912,20190608,,
11111,1036001205,AE1912,20190608,,
11112,1036001206,AE1912,20190608,,
11113,1036001207,AE1912,20190608,,
11114,1036001208,AE1912,20190608,,
11115,1036001209,AE1912,20190608,,
11116,1036001210,AE1912,20190608,,
11117,1036001211,AE1912,20190608,,
11118,1036001212,AE1912,20190608,,
11119,1036001213,AE1912,20190608,,
11120,1036001214,AE1912,20190608,,
11121,1036001215,AE1912,20190608,,
11122,1036001216,AE1912,20190608,,
11123,1036001217,AE1912,20190608,,
11124,1036001218,AE1912,20190608,,
11125,1036001219,AE1912,20190608,,
11126,1036001220,AE1912,20190608,,
11127,1036001221,AE1912,20190608,,
11128,1036001222,AE1912,20190608,,
11129,1036001223,AE1912,20190608,,
11130,1036001501,AE1912,20190608,,
11131,1036001502,AE1912,20190608,,
11132,1036001503,AE1912,20190608,,
11133,1036001504,AE1912,20190608,,
11134,1036001505,AE1912,20190608,,
11135,1036001506,AE1912,20190608,,
11136,1036001507,AE1912,20190608,,
11137,1036001508,AE1912,20190608,,
11138,1036001509,AE1912,20190608,,
11139,1036001510,AE1912,20190608,,
11140,1036001511,AE1912,20190608,,
11141,1036001512,AE1912,20190608,,
11142,1036001513,AE1912,20190608,,
11143,1036001514,AE1912,20190608,,
11144,1036001515,AE1912,20190608,,
11145,1036001516,AE1912,20190608,,
11146,1036001517,AE1912,20190608,,
11147,1036001518,AE1912,20190608,,
11148,1036001519,AE1912,20190608,,
11149,1036001520,AE1912,20190608,,
11150,1036001521,AE1912,20190608,,
11151,1036001522,AE1912,20190608,,
11152,1036001523,AE1912,20190608,,
11153,1036001524,AE1912,20190608,,
11154,1036001601,AE1912,20190608,,
11155,1036001602,AE1912,20190608,,
11156,1036001603,AE1912,20190608,,
11157,1036001604,AE1912,20190608,,
11158,1036001605,AE1912,20190608,,
11159,1036001606,AE1912,20190608,,
11160,1036001607,AE1912,20190608,,
11161,1036001608,AE1912,20190608,,
11162,1036001609,AE1912,20190608,,
11163,1036001610,AE1912,20190608,,
11164,1036001611,AE1912,20190608,,
11165,1036001612,AE1912,20190608,,
11166,1036001613,AE1912,20190608,,
11167,1036001614,AE1912,20190608,,
11168,1036001615,AE1912,20190608,,
11169,1036001616,AE1912,20190608,,
11170,1036001617,AE1912,20190608,,
11171,1036001618,AE1912,20190608,,
11172,1036001619,AE1912,20190608,,
11173,1036001620,AE1912,20190608,,
11174,1036001621,AE1912,20190608,,
11175,1036001622,AE1912,20190608,,
11176,1036001623,AE1912,20190608,,
11177,1036001624,AE1912,-999,,
11178,1036001801,AE1912,20190609,,
11179,1036001802,AE1912,20190609,,
11180,1036001803,AE1912,20190609,,
11181,1036001804,AE1912,20190609,,
11182,1036001805,AE1912,20190609,,
11183,1036001806,AE1912,20190609,,
11184,1036001807,AE1912,20190609,,
11185,1036001808,AE1912,20190609,,
11186,1036001809,AE1912,20190609,,
11187,1036001810,AE1912,20190609,,
11188,1036001811,AE1912,20190609,,
11189,1036001812,AE1912,20190609,,
11190,1036001813,AE1912,20190609,,
11191,1036001814,AE1912,20190609,,
11192,1036001815,AE1912,20190609,,
11193,1036001816,AE1912,20190609,,
11194,1036001817,AE1912,20190609,,
11195,1036001818,AE1912,20190609,,
11196,1036001819,AE1912,20190609,,
11197,1036001820,AE1912,20190609,,
11198,1036001821,AE1912,20190609,,
11199,1036001822,AE1912,20190609,,
11200,1036001823,AE1912,-999,,
11201,1036001824,AE1912,-999,,
11202,1036001901,AE1912,20190609,V1V2_dada2_read_info_03052026.xlsx,V4_dada2_read_info_03052026.xlsx
11203,1036001902,AE1912,20190609,,
11204,1036001903,AE1912,20190609,V1V2_dada2_read_info_03052026.xlsx,V4_dada2_read_info_03052026.xlsx
11205,1036001904,AE1912,20190609,,
11206,1036001905,AE1912,20190609,V1V2_dada2_read_info_03052026.xlsx,V4_dada2_read_info_03052026.xlsx
11207,1036001906,AE1912,20190609,,
11208,1036001907,AE1912,20190609,V1V2_dada2_read_info_03052026.xlsx,V4_dada2_read_info_03052026.xlsx
11209,1036001908,AE1912,20190609,,
11210,1036001909,AE1912,20190609,V1V2_dada2_read_info_03052026.xlsx,V4_dada2_read_info_03052026.xlsx
11211,1036001910,AE1912,20190609,,
11212,1036001911,AE1912,20190609,V1V2_dada2_read_info_03052026.xlsx,V4_dada2_read_info_03052026.xlsx
11213,1036001912,AE1912,20190609,,
11214,1036001913,AE1912,20190609,V1V2_dada2_read_info_03052026.xlsx,V4_dada2_read_info_03052026.xlsx
11215,1036001914,AE1912,20190609,,
11216,1036001915,AE1912,20190609,V1V2_dada2_read_info_03052026.xlsx,V4_dada2_read_info_03052026.xlsx
11217,1036001916,AE1912,20190609,,
11218,1036001917,AE1912,20190609,V1V2_dada2_read_info_03052026.xlsx,V4_dada2_read_info_03052026.xlsx
11219,1036001918,AE1912,20190609,,
11220,1036001919,AE1912,20190609,V1V2_dada2_read_info_03052026.xlsx,V4_dada2_read_info_03052026.xlsx
11221,1036001920,AE1912,20190609,,
11222,1036001921,AE1912,20190609,V1V2_dada2_read_info_03052026.xlsx,V4_dada2_read_info_03052026.xlsx
11223,1036001922,AE1912,20190609,,
11224,1036001923,AE1912,20190609,V1V2_dada2_read_info_03052026.xlsx,V4_dada2_read_info_03052026.xlsx
11225,1036001924,AE1912,20190609,,
11226,1036100901,AE1917,20190715,,
11227,1036100902,AE1917,20190715,,
11228,1036100903,AE1917,20190715,,
11229,1036100904,AE1917,20190715,,
11230,1036100905,AE1917,20190715,,
11231,1036100906,AE1917,20190715,,
11232,1036100907,AE1917,20190715,,
11233,1036100908,AE1917,20190715,,
11234,1036100909,AE1917,20190715,,
11235,1036100910,AE1917,20190715,,
11236,1036100911,AE1917,20190715,,
11237,1036100912,AE1917,20190715,,
11238,1036100913,AE1917,20190715,,
11239,1036100914,AE1917,20190715,,
11240,1036100915,AE1917,20190715,,
11241,1036100916,AE1917,20190715,,
11242,1036100917,AE1917,20190715,,
11243,1036100918,AE1917,20190715,,
11244,1036100919,AE1917,20190715,,
11245,1036100920,AE1917,20190715,,
11246,1036100921,AE1917,20190715,,
11247,1036100922,AE1917,20190715,,
11248,1036100923,AE1917,20190715,,
11249,1036100924,AE1917,20190715,,
11250,1036101501,AE1917,20190717,,
11251,1036101502,AE1917,20190717,,
11252,1036101503,AE1917,20190717,,
11253,1036101504,AE1917,20190717,,
11254,1036101505,AE1917,20190717,,
11255,1036101506,AE1917,20190717,,
11256,1036101507,AE1917,20190717,,
11257,1036101508,AE1917,20190717,,
11258,1036101509,AE1917,20190717,,
11259,1036101510,AE1917,20190717,,
11260,1036101511,AE1917,20190717,,
11261,1036101512,AE1917,20190717,,
11262,1036101513,AE1917,20190717,,
11263,1036101514,AE1917,20190717,,
11264,1036101515,AE1917,20190717,,
11265,1036101516,AE1917,20190717,,
11266,1036101701,AE1917,20190717,,
11267,1036101702,AE1917,20190717,,
11268,1036101703,AE1917,20190717,,
11269,1036101704,AE1917,20190717,,
11270,1036101705,AE1917,20190717,,
11271,1036101706,AE1917,20190717,,
11272,1036101707,AE1917,20190717,,
11273,1036101708,AE1917,20190717,,
11274,1036101709,AE1917,20190717,,
11275,1036101710,AE1917,20190717,,
11276,1036101711,AE1917,20190717,,
11277,1036101712,AE1917,20190717,,
11278,1036101713,AE1917,20190717,,
11279,1036101714,AE1917,20190717,,
11280,1036101715,AE1917,20190717,,
11281,1036101716,AE1917,20190717,,
11282,1036101717,AE1917,20190717,,
11283,1036101718,AE1917,20190717,,
11284,1036101719,AE1917,20190717,,
11285,1036101720,AE1917,20190717,,
11286,1036101721,AE1917,20190717,,
11287,1036101722,AE1917,20190717,,
11288,1036101723,AE1917,20190717,,
11289,1036101724,AE1917,20190717,,
11290,1036101801,AE1917,20190717,,
11291,1036101802,AE1917,20190717,,
11292,1036101803,AE1917,20190717,,
11293,1036101804,AE1917,20190717,,
11294,1036101805,AE1917,20190717,,
11295,1036101806,AE1917,20190717,,
11296,1036101807,AE1917,20190717,,
11297,1036101808,AE1917,20190717,,
11298,1036101809,AE1917,-999,,
11299,1036101810,AE1917,-999,,
11300,1036101811,AE1917,-999,,
11301,1036101812,AE1917,-999,,
11302,1036101813,AE1917,-999,,
11303,1036101814,AE1917,-999,,
11304,1036101815,AE1917,-999,,
11305,1036101816,AE1917,-999,,
11306,1036101817,AE1917,-999,,
11307,1036101818,AE1917,-999,,
11308,1036101819,AE1917,-999,,
11309,1036101820,AE1917,-999,,
11310,1036101821,AE1917,-999,,
11311,1036101822,AE1917,-999,,
11312,1036101823,AE1917,-999,,
11313,1036101824,AE1917,-999,,
11314,1036101901,AE1917,20190718,V1V2_dada2_read_info_03052026.xlsx,V4_dada2_read_info_03052026.xlsx
11315,1036101902,AE1917,20190718,,
11316,1036101903,AE1917,20190718,,
11317,1036101904,AE1917,20190718,V1V2_dada2_read_info_03052026.xlsx,V4_dada2_read_info_03052026.xlsx
11318,1036101905,AE1917,20190718,,
11319,1036101906,AE1917,20190718,V1V2_dada2_read_info_03052026.xlsx,V4_dada2_read_info_03052026.xlsx
11320,1036101907,AE1917,20190718,,
11321,1036101908,AE1917,20190718,V1V2_dada2_read_info_03052026.xlsx,V4_dada2_read_info_03052026.xlsx
11322,1036101909,AE1917,20190718,,
11323,1036101910,AE1917,20190718,V1V2_dada2_read_info_03052026.xlsx,V4_dada2_read_info_03052026.xlsx
11324,1036101911,AE1917,20190718,V1V2_dada2_read_info_03052026.xlsx,V4_dada2_read_info_03052026.xlsx
11325,1036101912,AE1917,20190718,,
11326,1036101913,AE1917,20190718,,V4_dada2_read_info_03052026.xlsx
11327,1036101914,AE1917,20190718,,
11328,1036101915,AE1917,20190718,V1V2_dada2_read_info_03052026.xlsx,V4_dada2_read_info_03052026.xlsx
11329,1036101916,AE1917,20190718,,
11330,1036101917,AE1917,20190718,,
11331,1036101918,AE1917,20190718,V1V2_dada2_read_info_03052026.xlsx,V4_dada2_read_info_03052026.xlsx
11332,1036101919,AE1917,20190718,V1V2_dada2_read_info_03052026.xlsx,V4_dada2_read_info_03052026.xlsx
11333,1036101920,AE1917,20190718,,
11334,1036101921,AE1917,20190718,V1V2_dada2_read_info_03052026.xlsx,V4_dada2_read_info_03052026.xlsx
11335,1036101922,AE1917,20190718,,
11336,1036101923,AE1917,20190718,V1V2_dada2_read_info_03052026.xlsx,V4_dada2_read_info_03052026.xlsx
11337,1036101924,AE1917,20190718,,
11338,1036200901,AE1921,20190817,,
11339,1036200902,AE1921,20190817,,
11340,1036200903,AE1921,20190817,,
11341,1036200904,AE1921,20190817,,
11342,1036200905,AE1921,20190817,,
11343,1036200906,AE1921,20190817,,
11344,1036200907,AE1921,20190817,,
11345,1036200908,AE1921,20190817,,
11346,1036200909,AE1921,20190817,,
11347,1036200910,AE1921,20190817,,
11348,1036200911,AE1921,20190817,,
11349,1036200912,AE1921,20190817,,
11350,1036200913,AE1921,20190817,,
11351,1036200914,AE1921,20190817,,
11352,1036201001,AE1921,20190818,,
11353,1036201002,AE1921,20190818,,
11354,1036201003,AE1921,20190818,,
11355,1036201004,AE1921,20190818,,
11356,1036201005,AE1921,20190818,,
11357,1036201006,AE1921,20190818,,
11358,1036201007,AE1921,20190818,,
11359,1036201008,AE1921,20190818,,
11360,1036201009,AE1921,20190818,,
11361,1036201010,AE1921,20190818,,
11362,1036201011,AE1921,20190818,,
11363,1036201012,AE1921,20190818,,
11364,1036201013,AE1921,20190818,,
11365,1036201014,AE1921,20190818,,
11366,1036201015,AE1921,20190818,,
11367,1036201016,AE1921,20190818,,
11368,1036201017,AE1921,20190818,,
11369,1036201018,AE1921,20190818,,
11370,1036201019,AE1921,20190818,,
11371,1036201020,AE1921,20190818,,
11372,1036201021,AE1921,20190818,,
11373,1036201022,AE1921,20190818,,
11374,1036201023,AE1921,20190818,,
11375,1036201024,AE1921,20190818,,
11376,1036201201,AE1921,20190819,,
11377,1036201202,AE1921,20190819,,
11378,1036201203,AE1921,20190819,,
11379,1036201204,AE1921,20190819,,
11380,1036201205,AE1921,20190819,,
11381,1036201206,AE1921,20190819,,
11382,1036201207,AE1921,20190819,,
11383,1036201208,AE1921,20190819,,
11384,1036201209,AE1921,20190819,,
11385,1036201210,AE1921,20190819,,
11386,1036201211,AE1921,20190819,,
11387,1036201212,AE1921,20190819,,
11388,1036201213,AE1921,20190819,,
11389,1036201214,AE1921,20190819,,
11390,1036201215,AE1921,20190819,,
11391,1036201216,AE1921,20190819,,
11392,1036201501,AE1921,20190819,,
11393,1036201502,AE1921,20190819,,
11394,1036201503,AE1921,20190819,,
11395,1036201504,AE1921,20190819,,
11396,1036201505,AE1921,20190819,,
11397,1036201506,AE1921,20190819,,
11398,1036201507,AE1921,20190819,,
11399,1036201508,AE1921,20190819,,
11400,1036201509,AE1921,20190819,,
11401,1036201510,AE1921,20190819,,
11402,1036201511,AE1921,20190819,,
11403,1036201512,AE1921,20190819,,
11404,1036201513,AE1921,20190819,,
11405,1036201514,AE1921,20190819,,
11406,1036201515,AE1921,20190819,,
11407,1036201516,AE1921,20190819,,
11408,1036201517,AE1921,20190819,,
11409,1036201518,AE1921,20190819,,
11410,1036201519,AE1921,20190819,,
11411,1036201520,AE1921,20190819,,
11412,1036201521,AE1921,20190819,,
11413,1036201522,AE1921,20190819,,
11414,1036201523,AE1921,20190819,,
11415,1036201524,AE1921,20190819,,
11416,1036201701,AE1921,20190820,,
11417,1036201702,AE1921,-999,,
11418,1036201703,AE1921,-999,,
11419,1036201704,AE1921,20190820,,
11420,1036201705,AE1921,-999,,
11421,1036201706,AE1921,-999,,
11422,1036201707,AE1921,20190820,,
11423,1036201708,AE1921,-999,,
11424,1036201709,AE1921,-999,,
11425,1036201710,AE1921,-999,,
11426,1036201711,AE1921,-999,,
11427,1036201712,AE1921,-999,,
11428,1036201713,AE1921,-999,,
11429,1036201714,AE1921,-999,,
11430,1036201715,AE1921,-999,,
11431,1036201716,AE1921,-999,,
11432,1036201717,AE1921,-999,,
11433,1036201718,AE1921,-999,,
11434,1036201719,AE1921,-999,,
11435,1036201720,AE1921,-999,,
11436,1036201721,AE1921,-999,,
11437,1036201722,AE1921,-999,,
11438,1036201723,AE1921,-999,,
11439,1036201724,AE1921,-999,,
11440,1036202201,AE1921,20190821,V1V2_dada2_read_info_03052026.xlsx,V4_dada2_read_info_03052026.xlsx
11441,1036202202,AE1921,20190821,,
11442,1036202203,AE1921,20190821,V1V2_dada2_read_info_03052026.xlsx,V4_dada2_read_info_03052026.xlsx
11443,1036202204,AE1921,20190821,,
11444,1036202205,AE1921,20190821,V1V2_dada2_read_info_03052026.xlsx,V4_dada2_read_info_03052026.xlsx
11445,1033900707,AE1718,20170913,,
11446,1033900708,AE1718,20170913,,
11447,1033900709,AE1718,20170913,,
11448,1033900710,AE1718,20170913,,
11449,1033900711,AE1718,20170913,,
11450,1033900712,AE1718,20170913,,
11451,1033900713,AE1718,20170913,,
11452,1033900714,AE1718,20170913,,
11453,1033900715,AE1718,20170913,,
11454,1033900716,AE1718,20170913,,
11455,1033900717,AE1718,20170913,,
11456,1033900718,AE1718,20170913,,
11457,1033900719,AE1718,20170913,,
11458,1033900720,AE1718,20170913,,
11459,1033900721,AE1718,20170913,,
11460,1033900722,AE1718,20170913,,
11461,1033900723,AE1718,20170913,,
11462,1033900724,AE1718,20170913,,
11463,1033900801,AE1718,20170913,,
11464,1033900802,AE1718,20170913,,
11465,1033900803,AE1718,20170913,,
11466,1033900804,AE1718,20170913,,
11467,1033900805,AE1718,20170913,,
11468,1033900806,AE1718,20170913,,
11469,1033900807,AE1718,20170913,,
11470,1033900808,AE1718,20170913,,
11471,1033900809,AE1718,20170913,,
11472,1033900810,AE1718,20170913,,
11473,1033900811,AE1718,20170913,,
11474,1033900812,AE1718,20170913,,
11475,1033900813,AE1718,20170913,,
11476,1033900814,AE1718,20170913,,
11477,1033900815,AE1718,20170913,,
11478,1033900816,AE1718,20170913,,
11479,1033900817,AE1718,20170913,,
11480,1033900818,AE1718,20170913,,
11481,1033900819,AE1718,20170913,,
11482,1033900820,AE1718,20170913,,
11483,1033900821,AE1718,20170913,,
11484,1033900822,AE1718,20170913,,
11485,1033900823,AE1718,20170913,,
11486,1033900824,AE1718,20170913,,
11487,1033901101,AE1718,20170914,,
11488,1033901102,AE1718,20170914,V1V2_dada2_read_info_03052026.xlsx,V4_dada2_read_info_03052026.xlsx
11489,1033901103,AE1718,20170914,,
11490,1033901104,AE1718,20170914,V1V2_dada2_read_info_03052026.xlsx,V4_dada2_read_info_03052026.xlsx
11491,1033901105,AE1718,20170914,,
11492,1033901106,AE1718,20170914,,
11493,1033901107,AE1718,20170914,V1V2_dada2_read_info_03052026.xlsx,V4_dada2_read_info_03052026.xlsx
11494,1033901108,AE1718,20170914,,
11495,1033901109,AE1718,20170914,V1V2_dada2_read_info_03052026.xlsx,V4_dada2_read_info_03052026.xlsx
11496,1033901110,AE1718,20170914,,
11497,1033901111,AE1718,20170914,,
11498,1033901112,AE1718,20170914,V1V2_dada2_read_info_03052026.xlsx,V4_dada2_read_info_03052026.xlsx
11499,1033901113,AE1718,20170914,V1V2_dada2_read_info_03052026.xlsx,V4_dada2_read_info_03052026.xlsx
11500,1033901114,AE1718,20170914,,
11501,1033901115,AE1718,20170914,V1V2_dada2_read_info_03052026.xlsx,V4_dada2_read_info_03052026.xlsx
11502,1033901116,AE1718,20170914,,
11503,1033901117,AE1718,20170914,V1V2_dada2_read_info_03052026.xlsx,V4_dada2_read_info_03052026.xlsx
11504,1033901118,AE1718,20170914,,
11505,1033901119,AE1718,20170914,,
11506,1033901120,AE1718,20170914,V1V2_dada2_read_info_03052026.xlsx,
11507,1033901121,AE1718,20170914,V1V2_dada2_read_info_03052026.xlsx,
11508,1033901122,AE1718,20170914,V1V2_dada2_read_info_03052026.xlsx,
11509,1033901123,AE1718,20170914,V1V2_dada2_read_info_03052026.xlsx,
11510,1033901124,AE1718,20170914,,
11511,1034401309,AE1805,20180212,V1V2_dada2_read_info_03052026.xlsx,V4_dada2_read_info_03052026.xlsx
11512,1034401310,AE1805,20180212,,
11513,1034401311,AE1805,20180212,V1V2_dada2_read_info_03052026.xlsx,V4_dada2_read_info_03052026.xlsx
11514,1034401312,AE1805,20180212,,
11515,1034401313,AE1805,20180212,V1V2_dada2_read_info_03052026.xlsx,V4_dada2_read_info_03052026.xlsx
11516,1034401314,AE1805,20180212,,
11517,1034401315,AE1805,20180212,V1V2_dada2_read_info_03052026.xlsx,V4_dada2_read_info_03052026.xlsx
11518,1034401316,AE1805,20180212,,
11519,1034401317,AE1805,20180212,V1V2_dada2_read_info_03052026.xlsx,V4_dada2_read_info_03052026.xlsx
11520,1034401318,AE1805,20180212,,
11521,1034401319,AE1805,20180212,V1V2_dada2_read_info_03052026.xlsx,V4_dada2_read_info_03052026.xlsx
11522,1034401320,AE1805,20180212,,
11523,1034401321,AE1805,20180212,V1V2_dada2_read_info_03052026.xlsx,V4_dada2_read_info_03052026.xlsx
11524,1034401322,AE1805,20180212,,
11525,1034401323,AE1805,20180212,V1V2_dada2_read_info_03052026.xlsx,V4_dada2_read_info_03052026.xlsx
11526,1034401324,AE1805,20180212,,
11527,1034500201,AE1807,20180314,,
11528,1034500202,AE1807,20180314,,
11529,1034500203,AE1807,20180314,,
11530,1034500204,AE1807,20180314,,
11531,1034500205,AE1807,20180314,,
11532,1034500206,AE1807,20180314,,
11533,1034500207,AE1807,20180314,,
11534,1034500208,AE1807,20180314,,
11535,1034500209,AE1807,20180314,,
11536,1034500210,AE1807,20180314,,
11537,1034500211,AE1807,20180314,,
11538,1034500212,AE1807,20180314,,
11539,1034500213,AE1807,20180314,,
11540,1034500214,AE1807,20180314,,
11541,1034500215,AE1807,20180314,,
11542,1034500216,AE1807,20180314,,
11543,1034500217,AE1807,20180314,,
11544,1034500218,AE1807,20180314,,
11545,1034500219,AE1807,20180314,,
11546,1034500220,AE1807,20180314,,
11547,1034500221,AE1807,20180314,,
11548,1034500222,AE1807,20180314,,
11549,1034500223,AE1807,20180314,,
11550,1034500224,AE1807,20180314,,
11551,1034500401,AE1807,20180315,,
11552,1034500402,AE1807,20180315,,
11553,1034500403,AE1807,20180315,,
11554,1034500404,AE1807,20180315,,
11555,1034500405,AE1807,20180315,,
11556,1034500406,AE1807,20180315,,
11557,1034500407,AE1807,20180315,,
11558,1034500408,AE1807,20180315,,
11559,1034500409,AE1807,20180315,,
11560,1034500410,AE1807,20180315,,
11561,1034500411,AE1807,20180315,,
11562,1034500412,AE1807,20180315,,
11563,1034500413,AE1807,20180315,,
11564,1034500414,AE1807,20180315,,
11565,1034500415,AE1807,20180315,,
11566,1034500416,AE1807,20180315,,
11567,1034500501,AE1807,20180315,,
11568,1034500502,AE1807,20180315,,
11569,1034500503,AE1807,20180315,,
11570,1034500504,AE1807,20180315,,
11571,1034500505,AE1807,20180315,,
11572,1034500506,AE1807,20180315,,
11573,1034500507,AE1807,20180315,,
11574,1034500508,AE1807,20180315,,
11575,1034500509,AE1807,20180315,,
11576,1034500510,AE1807,20180315,,
11577,1034500511,AE1807,20180315,,
11578,1034500512,AE1807,20180315,,
11579,1034500513,AE1807,20180315,,
11580,1034500514,AE1807,20180315,,
11581,1034500515,AE1807,20180315,,
11582,1034500516,AE1807,20180315,,
11583,1034500517,AE1807,20180315,,
11584,1034500518,AE1807,20180315,,
11585,1034500519,AE1807,20180315,,
11586,1034500520,AE1807,20180315,,
11587,1034500521,AE1807,20180315,,
11588,1034500522,AE1807,20180315,,
11589,1034500523,AE1807,20180315,,
11590,1034500524,AE1807,20180315,,
11591,1034600101,AE1810,20180412,,
11592,1034600102,AE1810,20180412,,
11593,1034600103,AE1810,20180412,,
11594,1034600104,AE1810,20180412,,
11595,1034600105,AE1810,20180412,,
11596,1034600106,AE1810,20180412,,
11597,1034600107,AE1810,20180412,,
11598,1034600108,AE1810,20180412,,
11599,1034600109,AE1810,20180412,,
11600,1034600110,AE1810,20180412,,
11601,1034600111,AE1810,20180412,,
11602,1034600112,AE1810,20180412,,
11603,1034600113,AE1810,20180412,,
11604,1034600114,AE1810,20180412,,
11605,1034600115,AE1810,20180412,,
11606,1034600116,AE1810,20180412,,
11607,1034600117,AE1810,20180412,,
11608,1034600118,AE1810,20180412,,
11609,1034600119,AE1810,20180412,,
11610,1034600120,AE1810,20180412,,
11611,1034600121,AE1810,20180412,,
11612,1034600122,AE1810,20180412,,
11613,1034600123,AE1810,20180412,,
11614,1034600124,AE1810,20180412,,
11615,1034600301,AE1810,20180413,,
11616,1034600302,AE1810,20180413,,
11617,1034600303,AE1810,20180413,,
11618,1034600304,AE1810,20180413,,
11619,1034600305,AE1810,20180413,,
11620,1034600306,AE1810,20180413,,
11621,1034600307,AE1810,20180413,,
11622,1034600308,AE1810,20180413,,
11623,1034600309,AE1810,20180413,,
11624,1034600310,AE1810,20180413,,
11625,1034600311,AE1810,20180413,,
11626,1034600312,AE1810,20180413,,
11627,1034600313,AE1810,20180413,,
11628,1034600314,AE1810,20180413,,
11629,1034600315,AE1810,20180413,,
11630,1034600316,AE1810,20180413,,
11631,1034600317,AE1810,20180413,,
11632,1034600318,AE1810,20180413,,
11633,1034600319,AE1810,20180413,,
11634,1034600320,AE1810,20180413,,
11635,1034600321,AE1810,20180413,,
11636,1034600322,AE1810,20180413,,
11637,1034600323,AE1810,20180413,,
11638,1034600324,AE1810,20180413,,
11639,1034600501,AE1810,20180414,,
11640,1034600502,AE1810,20180414,,
11641,1034600503,AE1810,20180414,,
11642,1034600504,AE1810,20180414,,
11643,1034600505,AE1810,20180414,,
11644,1034600506,AE1810,20180414,,
11645,1034600507,AE1810,20180414,,
11646,1034600508,AE1810,20180414,,
11647,1034600509,AE1810,20180414,,
11648,1034600510,AE1810,20180414,,
11649,1034600511,AE1810,20180414,,
11650,1034600512,AE1810,20180414,,
11651,1034600513,AE1810,20180414,,
11652,1034600514,AE1810,20180414,,
11653,1034600515,AE1810,20180414,,
11654,1034600516,AE1810,20180414,,
11655,1034600601,AE1810,20180414,,
11656,1034600602,AE1810,20180414,,
11657,1034600603,AE1810,20180414,,
11658,1034600604,AE1810,20180414,,
11659,1034600605,AE1810,20180414,,
11660,1034600606,AE1810,20180414,,
11661,1034600607,AE1810,20180414,,
11662,1034600608,AE1810,20180414,,
11663,1034600609,AE1810,20180414,,
11664,1034600610,AE1810,20180414,,
11665,1034600611,AE1810,20180414,,
11666,1034600612,AE1810,20180414,,
11667,1034600613,AE1810,20180414,,
11668,1034600614,AE1810,20180414,,
11669,1034600615,AE1810,20180414,,
11670,1034600616,AE1810,20180414,,
11671,1034600617,AE1810,20180414,,
11672,1034600618,AE1810,20180414,,
11673,1034600619,AE1810,20180414,,
11674,1034600620,AE1810,20180414,,
11675,1034600621,AE1810,20180414,,
11676,1034600622,AE1810,20180414,,
11677,1034600623,AE1810,20180414,,
11678,1034600624,AE1810,20180414,,
11679,1034600701,AE1810,20180414,,
11680,1034600702,AE1810,20180414,,
11681,1034600703,AE1810,20180414,,
11682,1034600704,AE1810,20180414,,
11683,1034600705,AE1810,20180414,,
11684,1034600706,AE1810,20180414,,
11685,1034600707,AE1810,20180414,,
11686,1034600708,AE1810,20180414,,
11687,1034600709,AE1810,20180414,,
11688,1034600710,AE1810,-999,,
11689,1034600711,AE1810,-999,,
11690,1034600712,AE1810,-999,,
11691,1034600713,AE1810,-999,,
11692,1034600714,AE1810,-999,,
11693,1034600715,AE1810,-999,,
11694,1034600716,AE1810,-999,,
11695,1034600717,AE1810,-999,,
11696,1034600718,AE1810,-999,,
11697,1034600719,AE1810,-999,,
11698,1034600720,AE1810,-999,,
11699,1034600721,AE1810,-999,,
11700,1034600722,AE1810,-999,,
11701,1034600723,AE1810,-999,,
11702,1034600724,AE1810,-999,,
11703,1034601201,AE1810,20180416,V1V2_dada2_read_info_03052026.xlsx,V4_dada2_read_info_03052026.xlsx
11704,1034601202,AE1810,20180416,,
11705,1034601203,AE1810,20180416,V1V2_dada2_read_info_03052026.xlsx,V4_dada2_read_info_03052026.xlsx
11706,1034601204,AE1810,20180416,,
11707,1034601205,AE1810,20180416,V1V2_dada2_read_info_03052026.xlsx,V4_dada2_read_info_03052026.xlsx
11708,1034601206,AE1810,20180416,,
11709,1034601207,AE1810,20180416,V1V2_dada2_read_info_03052026.xlsx,V4_dada2_read_info_03052026.xlsx
11710,1034601208,AE1810,20180416,,
11711,1034601209,AE1810,20180416,V1V2_dada2_read_info_03052026.xlsx,V4_dada2_read_info_03052026.xlsx
11712,1034601210,AE1810,20180416,,
11713,1034601211,AE1810,20180416,V1V2_dada2_read_info_03052026.xlsx,V4_dada2_read_info_03052026.xlsx
11714,1034601212,AE1810,20180416,,
11715,1034601213,AE1810,20180416,V1V2_dada2_read_info_03052026.xlsx,V4_dada2_read_info_03052026.xlsx
11716,1034601214,AE1810,20180416,,
11717,1034601215,AE1810,20180416,V1V2_dada2_read_info_03052026.xlsx,V4_dada2_read_info_03052026.xlsx
11718,1034601216,AE1810,20180416,,
11719,1034601217,AE1810,20180416,V1V2_dada2_read_info_03052026.xlsx,V4_dada2_read_info_03052026.xlsx
11720,1034601218,AE1810,20180416,,
11721,1034601219,AE1810,20180416,V1V2_dada2_read_info_03052026.xlsx,V4_dada2_read_info_03052026.xlsx
11722,1034601220,AE1810,20180416,,
11723,1034601221,AE1810,20180416,V1V2_dada2_read_info_03052026.xlsx,V4_dada2_read_info_03052026.xlsx
11724,1034601222,AE1810,20180416,,
11725,1034601223,AE1810,20180416,V1V2_dada2_read_info_03052026.xlsx,V4_dada2_read_info_03052026.xlsx
11726,1034601224,AE1810,20180416,,
11727,1034700801,AE1814,20180523,,
11728,1034700802,AE1814,20180523,,
11729,1034700803,AE1814,20180523,,
11730,1034700804,AE1814,20180523,,
11731,1034700805,AE1814,20180523,,
11732,1034700806,AE1814,20180523,,
11733,1034700807,AE1814,20180523,,
11734,1034700808,AE1814,20180523,,
11735,1034700809,AE1814,20180523,,
11736,1034700810,AE1814,20180523,,
11737,1034700811,AE1814,20180523,,
11738,1034700812,AE1814,20180523,,
11739,1034700813,AE1814,20180523,,
11740,1034700814,AE1814,20180523,,
11741,1034700815,AE1814,20180523,,
11742,1034700901,AE1814,20180523,,
11743,1034700902,AE1814,20180523,,
11744,1034700903,AE1814,20180523,,
11745,1034700904,AE1814,20180523,,
11746,1034700905,AE1814,20180523,,
11747,1034700906,AE1814,20180523,,
11748,1034700907,AE1814,20180523,,
11749,1034700908,AE1814,20180523,,
11750,1034700909,AE1814,20180523,,
11751,1034700910,AE1814,20180523,,
11752,1034700911,AE1814,20180523,,
11753,1034700912,AE1814,20180523,,
11754,1034700913,AE1814,20180523,,
11755,1034700914,AE1814,20180523,,
11756,1034700915,AE1814,20180523,,
11757,1034700916,AE1814,20180523,,
11758,1034700917,AE1814,20180523,,
11759,1034700918,AE1814,20180523,,
11760,1034700919,AE1814,20180523,,
11761,1034700920,AE1814,20180523,,
11762,1034700921,AE1814,20180523,,
11763,1034700922,AE1814,20180523,,
11764,1034700923,AE1814,20180523,,
11765,1034700924,AE1814,20180523,,
11766,1034701001,AE1814,20180524,,
11767,1034701002,AE1814,20180524,,
11768,1034701003,AE1814,20180524,,
11769,1034701004,AE1814,20180524,,
11770,1034701005,AE1814,20180524,,
11771,1034701006,AE1814,20180524,,
11772,1034701007,AE1814,20180524,,
11773,1034701008,AE1814,20180524,,
11774,1034701009,AE1814,20180524,,
11775,1034701010,AE1814,20180524,,
11776,1034701011,AE1814,20180524,,
11777,1034701012,AE1814,20180524,,
11778,1034701013,AE1814,20180524,,
11779,1034701014,AE1814,20180524,,
11780,1034701015,AE1814,20180524,,
11781,1034701016,AE1814,20180524,,
11782,1034701201,AE1814,20180524,,
11783,1034701202,AE1814,20180524,,
11784,1034701203,AE1814,20180524,,
11785,1034701204,AE1814,20180524,,
11786,1034701205,AE1814,20180524,,
11787,1034701206,AE1814,20180524,,
11788,1034701207,AE1814,20180524,,
11789,1034701208,AE1814,20180524,,
11790,1034701209,AE1814,20180524,,
11791,1034701210,AE1814,20180524,,
11792,1034701211,AE1814,20180524,,
11793,1034701212,AE1814,20180524,,
11794,1034701213,AE1814,20180524,,
11795,1034701214,AE1814,20180524,,
11796,1034701215,AE1814,20180524,,
11797,1034701216,AE1814,20180524,,
11798,1034701217,AE1814,20180524,,
11799,1034701218,AE1814,20180524,,
11800,1034701219,AE1814,20180524,,
11801,1034701220,AE1814,20180524,,
11802,1034701221,AE1814,20180524,,
11803,1034701222,AE1814,20180524,,
11804,1034701223,AE1814,20180524,,
11805,1034701224,AE1814,20180524,,
11806,1034701301,AE1814,-999,,
11807,1034701302,AE1814,-999,,
11808,1034701303,AE1814,-999,,
11809,1034701304,AE1814,-999,,
11810,1034701305,AE1814,-999,,
11811,1034701306,AE1814,-999,,
11812,1034701307,AE1814,-999,,
11813,1034701308,AE1814,-999,,
11814,1034701309,AE1814,-999,,
11815,1034701310,AE1814,-999,,
11816,1034701311,AE1814,-999,,
11817,1034701312,AE1814,-999,,
11818,1034701313,AE1814,-999,,
11819,1034701314,AE1814,-999,,
11820,1034701315,AE1814,-999,,
11821,1034701316,AE1814,20180524,,
11822,1034701317,AE1814,20180524,,
11823,1034701318,AE1814,20180524,,
11824,1034701319,AE1814,20180524,,
11825,1034701320,AE1814,20180524,,
11826,1034701321,AE1814,20180524,,
11827,1034701322,AE1814,20180524,,
11828,1034701323,AE1814,20180524,,
11829,1034701324,AE1814,20180524,,
11830,1034701601,AE1814,20180525,V1V2_dada2_read_info_03052026.xlsx,V4_dada2_read_info_03052026.xlsx
11831,1034701602,AE1814,20180525,,
11832,1034701603,AE1814,20180525,V1V2_dada2_read_info_03052026.xlsx,V4_dada2_read_info_03052026.xlsx
11833,1034701604,AE1814,20180525,,
11834,1034701605,AE1814,20180525,V1V2_dada2_read_info_03052026.xlsx,V4_dada2_read_info_03052026.xlsx
11835,1034701606,AE1814,20180525,,
11836,1034701607,AE1814,20180525,V1V2_dada2_read_info_03052026.xlsx,V4_dada2_read_info_03052026.xlsx
11837,1034701608,AE1814,20180525,,
11838,1034701609,AE1814,20180525,V1V2_dada2_read_info_03052026.xlsx,V4_dada2_read_info_03052026.xlsx
11839,1034701610,AE1814,20180525,,
11840,1034701611,AE1814,20180525,V1V2_dada2_read_info_03052026.xlsx,V4_dada2_read_info_03052026.xlsx
11841,1034701612,AE1814,20180525,,
11842,1034701613,AE1814,20180525,V1V2_dada2_read_info_03052026.xlsx,V4_dada2_read_info_03052026.xlsx
11843,1034701614,AE1814,20180525,,
11844,1034701615,AE1814,20180525,V1V2_dada2_read_info_03052026.xlsx,V4_dada2_read_info_03052026.xlsx
11845,1034701616,AE1814,20180525,,
11846,1034701617,AE1814,20180525,V1V2_dada2_read_info_03052026.xlsx,V4_dada2_read_info_03052026.xlsx
11847,1034701618,AE1814,20180525,,
11848,1034701619,AE1814,20180525,V1V2_dada2_read_info_03052026.xlsx,V4_dada2_read_info_03052026.xlsx
11849,1034701620,AE1814,20180525,,
11850,1034701621,AE1814,20180525,V1V2_dada2_read_info_03052026.xlsx,V4_dada2_read_info_03052026.xlsx
11851,1034701622,AE1814,20180525,,
11852,1034701623,AE1814,20180525,V1V2_dada2_read_info_03052026.xlsx,V4_dada2_read_info_03052026.xlsx
11853,1034701624,AE1814,20180525,,
11854,1034800601,AE1817,20180612,,
11855,1034800602,AE1817,20180612,,
11856,1034800603,AE1817,20180612,,
11857,1034800604,AE1817,20180612,,
11858,1034800605,AE1817,20180612,,
11859,1034800606,AE1817,20180612,,
11860,1034800607,AE1817,20180612,,
11861,1034800608,AE1817,20180612,,
11862,1034800609,AE1817,20180612,,
11863,1034800610,AE1817,20180612,,
11864,1034800611,AE1817,20180612,,
11865,1034800612,AE1817,20180612,,
11866,1034800613,AE1817,20180612,,
11867,1034800614,AE1817,20180612,,
11868,1034800615,AE1817,20180612,,
11869,1034800801,AE1817,20180613,,
11870,1034800802,AE1817,20180613,,
11871,1034800803,AE1817,20180613,,
11872,1034800804,AE1817,20180613,,
11873,1034800805,AE1817,20180613,,
11874,1034800806,AE1817,20180613,,
11875,1034800807,AE1817,20180613,,
11876,1034800808,AE1817,20180613,,
11877,1034800809,AE1817,20180613,,
11878,1034800810,AE1817,20180613,,
11879,1034800811,AE1817,20180613,,
11880,1034800812,AE1817,20180613,,
11881,1034800813,AE1817,20180613,,
11882,1034800814,AE1817,20180613,,
11883,1034800815,AE1817,20180613,,
11884,1034800816,AE1817,20180613,,
11885,1034800817,AE1817,20180613,,
11886,1034800818,AE1817,20180613,,
11887,1034800819,AE1817,20180613,,
11888,1034800820,AE1817,20180613,,
11889,1034800821,AE1817,20180613,,
11890,1034800822,AE1817,20180613,,
11891,1034800823,AE1817,20180613,,
11892,1034800824,AE1817,20180613,,
11893,1034800901,AE1817,20180614,V1V2_dada2_read_info_03052026.xlsx,V4_dada2_read_info_03052026.xlsx
11894,1034800902,AE1817,20180614,,
11895,1034800903,AE1817,20180614,V1V2_dada2_read_info_03052026.xlsx,V4_dada2_read_info_03052026.xlsx
11896,1034800904,AE1817,20180614,,
11897,1034800905,AE1817,20180614,V1V2_dada2_read_info_03052026.xlsx,V4_dada2_read_info_03052026.xlsx
11898,1034800906,AE1817,20180614,,
11899,1034800907,AE1817,20180614,V1V2_dada2_read_info_03052026.xlsx,V4_dada2_read_info_03052026.xlsx
11900,1034800908,AE1817,20180614,,
11901,1034800909,AE1817,20180614,V1V2_dada2_read_info_03052026.xlsx,V4_dada2_read_info_03052026.xlsx
11902,1034800910,AE1817,20180614,,
11903,1034800911,AE1817,20180614,V1V2_dada2_read_info_03052026.xlsx,V4_dada2_read_info_03052026.xlsx
11904,1034800912,AE1817,20180614,,
11905,1034800913,AE1817,20180614,V1V2_dada2_read_info_03052026.xlsx,V4_dada2_read_info_03052026.xlsx
11906,1034800914,AE1817,20180614,,
11907,1034800915,AE1817,20180614,,
11908,1034800916,AE1817,20180614,V1V2_dada2_read_info_03052026.xlsx,V4_dada2_read_info_03052026.xlsx
11909,1034800917,AE1817,20180614,V1V2_dada2_read_info_03052026.xlsx,V4_dada2_read_info_03052026.xlsx
11910,1034800918,AE1817,20180614,,
11911,1034800919,AE1817,20180614,V1V2_dada2_read_info_03052026.xlsx,V4_dada2_read_info_03052026.xlsx
11912,1034800920,AE1817,20180614,,
11913,1034800921,AE1817,20180614,V1V2_dada2_read_info_03052026.xlsx,V4_dada2_read_info_03052026.xlsx
11914,1034800922,AE1817,20180614,,
11915,1034800923,AE1817,20180614,V1V2_dada2_read_info_03052026.xlsx,V4_dada2_read_info_03052026.xlsx
11916,1034800924,AE1817,20180614,,
11917,1034801201,AE1817,20180615,,
11918,1034801202,AE1817,20180615,,
11919,1034801203,AE1817,20180615,,
11920,1034801204,AE1817,20180615,,
11921,1034801205,AE1817,20180615,,
11922,1034801206,AE1817,20180615,,
11923,1034801207,AE1817,20180615,,
11924,1034801208,AE1817,20180615,,
11925,1034801209,AE1817,20180615,,
11926,1034801210,AE1817,20180615,,
11927,1034801211,AE1817,20180615,,
11928,1034801212,AE1817,20180615,,
11929,1034801213,AE1817,20180615,,
11930,1034801214,AE1817,20180615,,
11931,1034801215,AE1817,20180615,,
11932,1034801216,AE1817,20180615,,
11933,1034801301,AE1817,20180615,,
11934,1034801302,AE1817,20180615,,
11935,1034801303,AE1817,20180615,,
11936,1034801304,AE1817,20180615,,
11937,1034801305,AE1817,20180615,,
11938,1034801306,AE1817,20180615,,
11939,1034801307,AE1817,20180615,,
11940,1034801308,AE1817,20180615,,
11941,1034801309,AE1817,20180615,,
11942,1034801310,AE1817,20180615,,
11943,1034801311,AE1817,20180615,,
11944,1034801312,AE1817,20180615,,
11945,1034801313,AE1817,20180615,,
11946,1034801314,AE1817,20180615,,
11947,1034801315,AE1817,20180615,,
11948,1034801316,AE1817,20180615,,
11949,1034801317,AE1817,20180615,,
11950,1034801318,AE1817,20180615,,
11951,1034801319,AE1817,20180615,,
11952,1034801320,AE1817,20180615,,
11953,1034801321,AE1817,20180615,,
11954,1034801322,AE1817,20180615,,
11955,1034801323,AE1817,20180615,,
11956,1034801324,AE1817,20180615,,
11957,1034801401,AE1817,20180615,,
11958,1034801402,AE1817,20180615,,
11959,1034801403,AE1817,20180615,,
11960,1034801404,AE1817,20180615,,
11961,1034801405,AE1817,20180615,,
11962,1034801406,AE1817,20180615,,
11963,1034801407,AE1817,20180615,,
11964,1034801408,AE1817,20180615,,
11965,1034801409,AE1817,20180615,,
11966,1034801410,AE1817,20180615,,
11967,1034801411,AE1817,20180615,,
11968,1034801412,AE1817,20180615,,
11969,1034801413,AE1817,20180615,,
11970,1034801414,AE1817,20180615,,
11971,1034801415,AE1817,20180615,,
11972,1034801416,AE1817,20180615,,
11973,1034801417,AE1817,20180615,,
11974,1034801418,AE1817,20180615,,
11975,1034801419,AE1817,20180615,,
11976,1034801420,AE1817,20180615,,
11977,1034801421,AE1817,20180615,,
11978,1034801422,AE1817,20180615,,
11979,1034801423,AE1817,20180615,,
11980,1034801424,AE1817,20180615,,
11981,1034900401,AE1820,20180718,,
11982,1034900402,AE1820,20180718,,
11983,1034900403,AE1820,20180718,,
11984,1034900404,AE1820,20180718,,
11985,1034900405,AE1820,20180718,,
11986,1034900406,AE1820,20180718,,
11987,1034900407,AE1820,20180718,,
11988,1034900408,AE1820,20180718,,
11989,1034900409,AE1820,20180718,,
11990,1034900410,AE1820,20180718,,
11991,1034900411,AE1820,20180718,,
11992,1034900412,AE1820,20180718,,
11993,1034900413,AE1820,20180718,,
11994,1034900414,AE1820,20180718,,
11995,1034900415,AE1820,20180718,,
11996,1034900416,AE1820,20180718,,
11997,1034900417,AE1820,20180718,,
11998,1034900418,AE1820,20180718,,
11999,1034900419,AE1820,20180718,,
12000,1034900420,AE1820,20180718,,
12001,1034900421,AE1820,20180718,,
12002,1034900422,AE1820,20180718,,
12003,1034900423,AE1820,20180718,,
12004,1034900424,AE1820,20180718,,
12005,1034901401,AE1820,20180720,,
12006,1034901402,AE1820,20180720,,
12007,1034901403,AE1820,20180720,,
12008,1034901404,AE1820,20180720,,
12009,1034901405,AE1820,20180720,,
12010,1034901406,AE1820,20180720,,
12011,1034901407,AE1820,20180720,,
12012,1034901408,AE1820,20180720,,
12013,1034901409,AE1820,20180720,,
12014,1034901410,AE1820,20180720,,
12015,1034901411,AE1820,20180720,,
12016,1034901412,AE1820,20180720,,
12017,1034901413,AE1820,20180720,,
12018,1034901414,AE1820,20180720,,
12019,1034901415,AE1820,20180720,,
12020,1034901601,AE1820,20180721,,
12021,1034901602,AE1820,20180721,,
12022,1034901603,AE1820,20180721,,
12023,1034901604,AE1820,20180721,,
12024,1034901605,AE1820,20180721,,
12025,1034901606,AE1820,20180721,,
12026,1034901607,AE1820,20180721,,
12027,1034901608,AE1820,20180721,,
12028,1034901609,AE1820,20180721,,
12029,1034901610,AE1820,20180721,,
12030,1034901611,AE1820,20180721,,
12031,1034901612,AE1820,20180721,,
12032,1034901613,AE1820,20180721,,
12033,1034901614,AE1820,20180721,,
12034,1034901615,AE1820,20180721,,
12035,1034901616,AE1820,20180721,,
12036,1034901701,AE1820,20180721,,
12037,1034901702,AE1820,20180721,,
12038,1034901703,AE1820,20180721,,
12039,1034901704,AE1820,20180721,,
12040,1034901705,AE1820,20180721,,
12041,1034901706,AE1820,20180721,,
12042,1034901707,AE1820,20180721,,
12043,1034901708,AE1820,20180721,,
12044,1034901709,AE1820,20180721,,
12045,1034901710,AE1820,20180721,,
12046,1034901711,AE1820,20180721,,
12047,1034901712,AE1820,20180721,,
12048,1034901713,AE1820,20180721,,
12049,1034901714,AE1820,20180721,,
12050,1034901715,AE1820,20180721,,
12051,1034901716,AE1820,20180721,,
12052,1034901717,AE1820,20180721,,
12053,1034901718,AE1820,20180721,,
12054,1034901719,AE1820,20180721,,
12055,1034901720,AE1820,20180721,,
12056,1034901721,AE1820,20180721,,
12057,1034901722,AE1820,20180721,,
12058,1034901723,AE1820,20180721,,
12059,1034901724,AE1820,20180721,,
12060,1034901801,AE1820,20180721,,
12061,1034901802,AE1820,20180721,,
12062,1034901803,AE1820,20180721,,
12063,1034901804,AE1820,20180721,,
12064,1034901805,AE1820,20180721,,
12065,1034901806,AE1820,20180721,,
12066,1034901807,AE1820,20180721,,
12067,1034901808,AE1820,20180721,,
12068,1034901809,AE1820,20180721,,
12069,1034901810,AE1820,-999,,
12070,1034901811,AE1820,-999,,
12071,1034901812,AE1820,-999,,
12072,1034901813,AE1820,-999,,
12073,1034901814,AE1820,-999,,
12074,1034901815,AE1820,-999,,
12075,1034901816,AE1820,-999,,
12076,1034901817,AE1820,-999,,
12077,1034901818,AE1820,-999,,
12078,1034901819,AE1820,-999,,
12079,1034901820,AE1820,-999,,
12080,1034901821,AE1820,-999,,
12081,9161401408,AE1614,20160711,,
12082,9161401409,AE1614,20160711,V1V2_dada2_read_info_03052026.xlsx,
12083,9161401501,AE1614,20160711,V1V2_dada2_read_info_03052026.xlsx,
12084,9161401510,AE1614,20160711,,
12085,9161401511,AE1614,20160711,V1V2_dada2_read_info_03052026.xlsx,
12086,9161401512,AE1614,20160711,,
12087,9161401513,AE1614,20160711,V1V2_dada2_read_info_03052026.xlsx,
12088,9161401514,AE1614,20160711,,
12089,1034902006,AE1820,20180722,,
12090,1034902007,AE1820,20180722,V1V2_dada2_read_info_03052026.xlsx,V4_dada2_read_info_03052026.xlsx
12091,1034902008,AE1820,20180722,,
12092,1034902009,AE1820,20180722,V1V2_dada2_read_info_03052026.xlsx,V4_dada2_read_info_03052026.xlsx
12093,1034902010,AE1820,20180722,,
12094,1034902011,AE1820,20180722,V1V2_dada2_read_info_03052026.xlsx,V4_dada2_read_info_03052026.xlsx
12095,1034902012,AE1820,20180722,,
12096,1034902013,AE1820,20180722,V1V2_dada2_read_info_03052026.xlsx,V4_dada2_read_info_03052026.xlsx
12097,1034902014,AE1820,20180722,,
12098,1034902015,AE1820,20180722,V1V2_dada2_read_info_03052026.xlsx,V4_dada2_read_info_03052026.xlsx
12099,1034902016,AE1820,20180722,,
12100,1034902017,AE1820,20180722,V1V2_dada2_read_info_03052026.xlsx,V4_dada2_read_info_03052026.xlsx
12101,1034902018,AE1820,20180722,,
12102,1034902019,AE1820,20180722,V1V2_dada2_read_info_03052026.xlsx,V4_dada2_read_info_03052026.xlsx
12103,1034902020,AE1820,20180722,,
12104,1034902021,AE1820,20180722,V1V2_dada2_read_info_03052026.xlsx,V4_dada2_read_info_03052026.xlsx
12105,1034902022,AE1820,20180722,,
12106,1034902023,AE1820,20180722,V1V2_dada2_read_info_03052026.xlsx,V4_dada2_read_info_03052026.xlsx
12107,1034902024,AE1820,20180722,,
12108,1034902601,AE1820,20180723,,
12109,1034902602,AE1820,-999,,
12110,1034902603,AE1820,-999,,
12111,1034902604,AE1820,-999,,
12112,1034902605,AE1820,-999,,
12113,1034902606,AE1820,-999,,
12114,1034902607,AE1820,-999,,
12115,1034902608,AE1820,-999,,
12116,1034902609,AE1820,-999,,
12117,1034902610,AE1820,-999,,
12118,1034902611,AE1820,-999,,
12119,1034902612,AE1820,-999,,
12120,1034902613,AE1820,-999,,
12121,1034902614,AE1820,-999,,
12122,1034902615,AE1820,-999,,
12123,1034902616,AE1820,-999,,
12124,1034902617,AE1820,-999,,
12125,1034902618,AE1820,-999,,
12126,1034902619,AE1820,-999,,
12127,1034902620,AE1820,-999,,
12128,1034902621,AE1820,-999,,
12129,1034902622,AE1820,-999,,
12130,1034902623,AE1820,-999,,
12131,1034902624,AE1820,-999,,
12132,1035000801,AE1822,20180813,,
12133,1035000802,AE1822,20180813,,
12134,1035000803,AE1822,20180813,,
12135,1035000804,AE1822,20180813,,
12136,1035000805,AE1822,20180813,,
12137,1035000806,AE1822,20180813,,
12138,1035000807,AE1822,20180813,,
12139,1035000808,AE1822,20180813,,
12140,1035000809,AE1822,20180813,,
12141,1035000810,AE1822,20180813,,
12142,1035000811,AE1822,20180813,,
12143,1035000812,AE1822,20180813,,
12144,1035000813,AE1822,20180813,,
12145,1035000814,AE1822,20180813,,
12146,1035000815,AE1822,20180813,,
12147,1035000901,AE1822,20180813,,
12148,1035000902,AE1822,20180813,,
12149,1035000903,AE1822,20180813,,
12150,1035000904,AE1822,20180813,,
12151,1035000905,AE1822,20180813,,
12152,1035000906,AE1822,20180813,,
12153,1035000907,AE1822,20180813,,
12154,1035000908,AE1822,20180813,,
12155,1035000909,AE1822,20180813,,
12156,1035000910,AE1822,20180813,,
12157,1035000911,AE1822,20180813,,
12158,1035000912,AE1822,20180813,,
12159,1035000913,AE1822,20180813,,
12160,1035000914,AE1822,20180813,,
12161,1035000915,AE1822,20180813,,
12162,1035000916,AE1822,20180813,,
12163,1035000917,AE1822,20180813,,
12164,1035000918,AE1822,20180813,,
12165,1035000919,AE1822,20180813,,
12166,1035000920,AE1822,20180813,,
12167,1035000921,AE1822,20180813,,
12168,1035000922,AE1822,20180813,,
12169,1035000923,AE1822,20180813,,
12170,1035000924,AE1822,20180813,,
12171,1035001001,AE1822,20180814,,
12172,1035001002,AE1822,20180814,,
12173,1035001003,AE1822,20180814,,
12174,1035001004,AE1822,20180814,,
12175,1035001005,AE1822,20180814,,
12176,1035001006,AE1822,20180814,,
12177,1035001007,AE1822,20180814,,
12178,1035001008,AE1822,20180814,,
12179,1035001009,AE1822,20180814,,
12180,1035001010,AE1822,20180814,,
12181,1035001011,AE1822,20180814,,
12182,1035001012,AE1822,20180814,,
12183,1035001013,AE1822,20180814,,
12184,1035001014,AE1822,20180814,,
12185,1035001015,AE1822,20180814,,
12186,1035001016,AE1822,20180814,,
12187,1035001201,AE1822,20180814,,
12188,1035001202,AE1822,20180814,,
12189,1035001203,AE1822,20180814,,
12190,1035001204,AE1822,20180814,,
12191,1035001205,AE1822,20180814,,
12192,1035001206,AE1822,20180814,,
12193,1035001207,AE1822,20180814,,
12194,1035001208,AE1822,20180814,,
12195,1035001209,AE1822,20180814,,
12196,1035001210,AE1822,20180814,,
12197,1035001211,AE1822,20180814,,
12198,1035001212,AE1822,20180814,,
12199,1035001213,AE1822,20180814,,
12200,1035001214,AE1822,20180814,,
12201,1035001215,AE1822,20180814,,
12202,1035001216,AE1822,20180814,,
12203,1035001217,AE1822,20180814,,
12204,1035001218,AE1822,20180814,,
12205,1035001219,AE1822,20180814,,
12206,1035001220,AE1822,20180814,,
12207,1035001221,AE1822,20180814,,
12208,1035001222,AE1822,20180814,,
12209,1035001223,AE1822,20180814,,
12210,1035001224,AE1822,20180814,,
12211,1035001301,AE1822,20180814,,
12212,1035001302,AE1822,20180814,,
12213,1035001303,AE1822,20180814,,
12214,1035001304,AE1822,20180814,,
12215,1035001305,AE1822,20180814,,
12216,1035001306,AE1822,20180814,,
12217,1035001307,AE1822,20180814,,
12218,1035001308,AE1822,20180814,,
12219,1035001309,AE1822,20180814,,
12220,1035001310,AE1822,-999,,
12221,1035001311,AE1822,-999,,
12222,1035001312,AE1822,-999,,
12223,1035001313,AE1822,-999,,
12224,1035001314,AE1822,-999,,
12225,1035001315,AE1822,-999,,
12226,1035001316,AE1822,-999,,
12227,1035001317,AE1822,-999,,
12228,1035001318,AE1822,-999,,
12229,1035001319,AE1822,-999,,
12230,1035001320,AE1822,-999,,
12231,1035001321,AE1822,-999,,
12232,1035001322,AE1822,-999,,
12233,1035001323,AE1822,-999,,
12234,1035001324,AE1822,-999,,
12235,1035001601,AE1822,20180815,V1V2_dada2_read_info_03052026.xlsx,V4_dada2_read_info_03052026.xlsx
12236,1035001602,AE1822,20180815,,
12237,1035001603,AE1822,20180815,V1V2_dada2_read_info_03052026.xlsx,V4_dada2_read_info_03052026.xlsx
12238,1035001604,AE1822,20180815,,
12239,1035001605,AE1822,20180815,V1V2_dada2_read_info_03052026.xlsx,V4_dada2_read_info_03052026.xlsx
12240,1035001606,AE1822,20180815,,
12241,1035001607,AE1822,20180815,V1V2_dada2_read_info_03052026.xlsx,V4_dada2_read_info_03052026.xlsx
12242,1035001608,AE1822,20180815,,
12243,1035001609,AE1822,20180815,V1V2_dada2_read_info_03052026.xlsx,V4_dada2_read_info_03052026.xlsx
12244,1035001610,AE1822,20180815,,
12245,1035001611,AE1822,20180815,V1V2_dada2_read_info_03052026.xlsx,V4_dada2_read_info_03052026.xlsx
12246,1035001612,AE1822,20180815,,
12247,1035001613,AE1822,20180815,V1V2_dada2_read_info_03052026.xlsx,V4_dada2_read_info_03052026.xlsx
12248,1035001614,AE1822,20180815,,
12249,1035001615,AE1822,20180815,V1V2_dada2_read_info_03052026.xlsx,V4_dada2_read_info_03052026.xlsx
12250,1035001616,AE1822,20180815,,
12251,1035001617,AE1822,20180815,V1V2_dada2_read_info_03052026.xlsx,V4_dada2_read_info_03052026.xlsx
12252,1035001618,AE1822,20180815,,
12253,1035001619,AE1822,20180815,V1V2_dada2_read_info_03052026.xlsx,V4_dada2_read_info_03052026.xlsx
12254,1035001620,AE1822,20180815,,
12255,1035001621,AE1822,20180815,V1V2_dada2_read_info_03052026.xlsx,V4_dada2_read_info_03052026.xlsx
12256,1035001622,AE1822,20180815,,
12257,1035001623,AE1822,20180815,V1V2_dada2_read_info_03052026.xlsx,V4_dada2_read_info_03052026.xlsx
12258,1035001624,AE1822,20180815,,
12259,1035100801,AE1825,20180911,,
12260,1035100802,AE1825,20180911,,
12261,1035100803,AE1825,20180911,,
12262,1035100804,AE1825,20180911,,
12263,1035100805,AE1825,20180911,,
12264,1035100806,AE1825,20180911,,
12265,1035100807,AE1825,20180911,,
12266,1035100808,AE1825,20180911,,
12267,1035100809,AE1825,20180911,,
12268,1035100810,AE1825,20180911,,
12269,1035100811,AE1825,20180911,,
12270,1035100812,AE1825,20180911,,
12271,1035100813,AE1825,20180911,,
12272,1035100814,AE1825,20180911,,
12273,1035100815,AE1825,20180911,,
12274,1035100816,AE1825,20180911,,
12275,1035100817,AE1825,20180911,,
12276,1035100818,AE1825,20180911,,
12277,1035100819,AE1825,20180911,,
12278,1035100820,AE1825,20180911,,
12279,1035100821,AE1825,20180911,,
12280,1035100822,AE1825,20180911,,
12281,1035100823,AE1825,20180911,,
12282,1035100824,AE1825,20180911,,
12283,1035101001,AE1825,20180911,,
12284,1035101002,AE1825,20180911,,
12285,1035101003,AE1825,20180911,,
12286,1035101004,AE1825,20180911,,
12287,1035101005,AE1825,20180911,,
12288,1035101006,AE1825,20180911,,
12289,1035101007,AE1825,20180911,,
12290,1035101008,AE1825,20180911,,
12291,1035101009,AE1825,20180911,,
12292,1035101010,AE1825,20180911,,
12293,1035101011,AE1825,20180911,,
12294,1035101012,AE1825,20180911,,
12295,1035101013,AE1825,20180911,,
12296,1035101014,AE1825,20180911,,
12297,1035101015,AE1825,20180911,,
12298,1035101016,AE1825,20180911,,
12299,1035101017,AE1825,20180911,,
12300,1035101018,AE1825,20180911,,
12301,1035101019,AE1825,20180911,,
12302,1035101020,AE1825,20180911,,
12303,1035101021,AE1825,20180911,,
12304,1035101022,AE1825,20180911,,
12305,1035101023,AE1825,20180911,,
12306,1035101024,AE1825,20180911,,
12307,1035101101,AE1825,20180912,,
12308,1035101102,AE1825,20180912,,
12309,1035101103,AE1825,20180912,,
12310,1035101104,AE1825,20180912,,
12311,1035101105,AE1825,20180912,,
12312,1035101106,AE1825,20180912,,
12313,1035101107,AE1825,20180912,,
12314,1035101108,AE1825,20180912,,
12315,1035101109,AE1825,20180912,,
12316,1035101110,AE1825,20180912,,
12317,1035101111,AE1825,20180912,,
12318,1035101112,AE1825,20180912,,
12319,1035101113,AE1825,20180912,,
12320,1035101114,AE1825,20180912,,
12321,1035101115,AE1825,20180912,,
12322,1035101116,AE1825,20180912,,
12323,1035101201,AE1825,20180912,,
12324,1035101202,AE1825,20180912,,
12325,1035101203,AE1825,20180912,,
12326,1035101204,AE1825,20180912,,
12327,1035101205,AE1825,20180912,,
12328,1035101206,AE1825,20180912,,
12329,1035101207,AE1825,20180912,,
12330,1035101208,AE1825,20180912,,
12331,1035101209,AE1825,20180912,,
12332,1035101210,AE1825,20180912,,
12333,1035101211,AE1825,20180912,,
12334,1035101212,AE1825,20180912,,
12335,1035101213,AE1825,20180912,,
12336,1035101214,AE1825,20180912,,
12337,1035101215,AE1825,20180912,,
12338,1035101216,AE1825,20180912,,
12339,1035101217,AE1825,20180912,,
12340,1035101218,AE1825,20180912,,
12341,1035101219,AE1825,20180912,,
12342,1035101220,AE1825,20180912,,
12343,1035101221,AE1825,20180912,,
12344,1035101222,AE1825,20180912,,
12345,1035101223,AE1825,20180912,,
12346,1035101224,AE1825,20180912,,
12347,1035101301,AE1825,20180912,,
12348,1035101302,AE1825,20180912,,
12349,1035101303,AE1825,20180912,,
12350,1035101304,AE1825,20180912,,
12351,1035101305,AE1825,20180912,,
12352,1035101306,AE1825,20180912,,
12353,1035101307,AE1825,20180912,,
12354,1035101308,AE1825,20180912,,
12355,1035101309,AE1825,20180912,,
12356,1035101310,AE1825,-999,,
12357,1035101311,AE1825,-999,,
12358,1035101312,AE1825,-999,,
12359,1035101313,AE1825,-999,,
12360,1035101314,AE1825,-999,,
12361,1035101315,AE1825,-999,,
12362,1035101316,AE1825,-999,,
12363,1035101317,AE1825,-999,,
12364,1035101318,AE1825,-999,,
12365,1035101319,AE1825,-999,,
12366,1035101320,AE1825,-999,,
12367,1035101321,AE1825,-999,,
12368,1035101322,AE1825,-999,,
12369,1035101323,AE1825,-999,,
12370,1035101324,AE1825,-999,,
12371,1035101601,AE1825,20180913,V1V2_dada2_read_info_03052026.xlsx,V4_dada2_read_info_03052026.xlsx
12372,1035101602,AE1825,20180913,,
12373,1035101603,AE1825,20180913,V1V2_dada2_read_info_03052026.xlsx,V4_dada2_read_info_03052026.xlsx
12374,1035101604,AE1825,20180913,,
12375,1035101605,AE1825,20180913,V1V2_dada2_read_info_03052026.xlsx,V4_dada2_read_info_03052026.xlsx
12376,1035101606,AE1825,20180913,,
12377,1035101607,AE1825,20180913,V1V2_dada2_read_info_03052026.xlsx,V4_dada2_read_info_03052026.xlsx
12378,1035101608,AE1825,20180913,,
12379,1035101609,AE1825,20180913,V1V2_dada2_read_info_03052026.xlsx,V4_dada2_read_info_03052026.xlsx
12380,1035101610,AE1825,20180913,,
12381,1035101611,AE1825,20180913,V1V2_dada2_read_info_03052026.xlsx,V4_dada2_read_info_03052026.xlsx
12382,1035101612,AE1825,20180913,,
12383,1035101613,AE1825,20180913,V1V2_dada2_read_info_03052026.xlsx,V4_dada2_read_info_03052026.xlsx
12384,1035101614,AE1825,20180913,,
12385,1035101615,AE1825,20180913,V1V2_dada2_read_info_03052026.xlsx,V4_dada2_read_info_03052026.xlsx
12386,1035101616,AE1825,20180913,,
12387,1035101617,AE1825,20180913,V1V2_dada2_read_info_03052026.xlsx,V4_dada2_read_info_03052026.xlsx
12388,1035101618,AE1825,20180913,,
12389,1035101619,AE1825,20180913,V1V2_dada2_read_info_03052026.xlsx,V4_dada2_read_info_03052026.xlsx
12390,1035101620,AE1825,20180913,,
12391,1035101621,AE1825,20180913,V1V2_dada2_read_info_03052026.xlsx,V4_dada2_read_info_03052026.xlsx
12392,1035101622,AE1825,20180913,,
12393,1035101623,AE1825,20180913,V1V2_dada2_read_info_03052026.xlsx,V4_dada2_read_info_03052026.xlsx
12394,1035101624,AE1825,20180913,,
12395,1035200901,AE1829,20181018,,
12396,1035200902,AE1829,20181018,,
12397,1035200903,AE1829,20181018,,
12398,1035200904,AE1829,20181018,,
12399,1035200905,AE1829,20181018,,
12400,1035200906,AE1829,20181018,,
12401,1035200907,AE1829,20181018,,
12402,1035200908,AE1829,20181018,,
12403,1035200909,AE1829,20181018,,
12404,1035200910,AE1829,20181018,,
12405,1035200911,AE1829,20181018,,
12406,1035200912,AE1829,20181018,,
12407,1035200913,AE1829,20181018,,
12408,1035200914,AE1829,20181018,,
12409,1035200915,AE1829,20181018,,
12410,1035200916,AE1829,20181018,,
12411,1035200917,AE1829,20181018,,
12412,1035200918,AE1829,20181018,,
12413,1035200919,AE1829,20181018,,
12414,1035200920,AE1829,20181018,,
12415,1035200921,AE1829,20181018,,
12416,1035200922,AE1829,20181018,,
12417,1035200923,AE1829,20181018,,
12418,1035200924,AE1829,20181018,,
12419,1035201501,AE1829,20181021,,
12420,1035201502,AE1829,20181021,,
12421,1035201503,AE1829,20181021,,
12422,1035201504,AE1829,20181021,,
12423,1035201505,AE1829,20181021,,
12424,1035201506,AE1829,20181021,,
12425,1035201507,AE1829,20181021,,
12426,1035201508,AE1829,20181021,,
12427,1035201509,AE1829,20181021,,
12428,1035201510,AE1829,20181021,,
12429,1035201511,AE1829,20181021,,
12430,1035201512,AE1829,20181021,,
12431,1035201513,AE1829,20181021,,
12432,1035201514,AE1829,20181021,,
12433,1035201515,AE1829,20181021,,
12434,1035201516,AE1829,20181021,,
12435,1035201701,AE1829,20181021,,
12436,1035201702,AE1829,20181021,,
12437,1035201703,AE1829,20181021,,
12438,1035201704,AE1829,20181021,,
12439,1035201705,AE1829,20181021,,
12440,1035201706,AE1829,20181021,,
12441,1035201707,AE1829,20181021,,
12442,1035201708,AE1829,20181021,,
12443,1035201709,AE1829,20181021,,
12444,1035201710,AE1829,20181021,,
12445,1035201711,AE1829,20181021,,
12446,1035201712,AE1829,20181021,,
12447,1035201713,AE1829,20181021,,
12448,1035201714,AE1829,20181021,,
12449,1035201715,AE1829,20181021,,
12450,1035201716,AE1829,20181021,,
12451,1035201717,AE1829,20181021,,
12452,1035201718,AE1829,20181021,,
12453,1035201719,AE1829,20181021,,
12454,1035201720,AE1829,20181021,,
12455,1035201721,AE1829,20181021,,
12456,1035201722,AE1829,20181021,,
12457,1035201723,AE1829,20181021,,
12458,1035201724,AE1829,20181021,,
12459,1035201801,AE1829,20181021,,
12460,1035201802,AE1829,20181021,,
12461,1035201803,AE1829,20181021,,
12462,1035201804,AE1829,20181021,,
12463,1035201805,AE1829,20181021,,
12464,1035201806,AE1829,20181021,,
12465,1035201807,AE1829,20181021,,
12466,1035201808,AE1829,20181021,,
12467,1035201809,AE1829,20181021,,
12468,1035201810,AE1829,20181021,,
12469,1035201811,AE1829,20181021,,
12470,1035201812,AE1829,-999,,
12471,1035201813,AE1829,-999,,
12472,1035201814,AE1829,-999,,
12473,1035201815,AE1829,-999,,
12474,1035201816,AE1829,-999,,
12475,1035201817,AE1829,-999,,
12476,1035201818,AE1829,-999,,
12477,1035201819,AE1829,-999,,
12478,1035201820,AE1829,-999,,
12479,1035201821,AE1829,-999,,
12480,1035201822,AE1829,-999,,
12481,1035201823,AE1829,-999,,
12482,1035201824,AE1829,-999,,
12483,1035202101,AE1829,20181023,V1V2_dada2_read_info_03052026.xlsx,V4_dada2_read_info_03052026.xlsx
12484,1035202102,AE1829,20181023,,
12485,1035202103,AE1829,20181023,,
12486,1035202104,AE1829,20181023,V1V2_dada2_read_info_03052026.xlsx,V4_dada2_read_info_03052026.xlsx
12487,1035202105,AE1829,20181023,,
12488,1035202106,AE1829,20181023,V1V2_dada2_read_info_03052026.xlsx,V4_dada2_read_info_03052026.xlsx
12489,1035202107,AE1829,20181023,,
12490,1035202108,AE1829,20181023,V1V2_dada2_read_info_03052026.xlsx,V4_dada2_read_info_03052026.xlsx
12491,1035202109,AE1829,20181023,,
12492,1035202110,AE1829,20181023,V1V2_dada2_read_info_03052026.xlsx,V4_dada2_read_info_03052026.xlsx
12493,1035202111,AE1829,20181023,V1V2_dada2_read_info_03052026.xlsx,V4_dada2_read_info_03052026.xlsx
12494,1035202112,AE1829,20181023,,
12495,1035202113,AE1829,20181023,V1V2_dada2_read_info_03052026.xlsx,V4_dada2_read_info_03052026.xlsx
12496,1035202114,AE1829,20181023,,
12497,1035202115,AE1829,20181023,V1V2_dada2_read_info_03052026.xlsx,V4_dada2_read_info_03052026.xlsx
12498,1035202116,AE1829,20181023,,
12499,1035202117,AE1829,20181023,V1V2_dada2_read_info_03052026.xlsx,V4_dada2_read_info_03052026.xlsx
12500,1035202118,AE1829,20181023,,
12501,1035202119,AE1829,20181023,V1V2_dada2_read_info_03052026.xlsx,V4_dada2_read_info_03052026.xlsx
12502,1035202120,AE1829,20181023,,
12503,1035202121,AE1829,20181023,V1V2_dada2_read_info_03052026.xlsx,V4_dada2_read_info_03052026.xlsx
12504,1035202122,AE1829,20181023,,
12505,1035202123,AE1829,20181023,V1V2_dada2_read_info_03052026.xlsx,V4_dada2_read_info_03052026.xlsx
12506,1035202124,AE1829,20181023,,
12507,1035300901,AE1831,20181106,,
12508,1035300902,AE1831,20181106,,
12509,1035300903,AE1831,20181106,,
12510,1035300904,AE1831,20181106,,
12511,1035300905,AE1831,20181106,,
12512,1035300906,AE1831,20181106,,
12513,1035300907,AE1831,20181106,,
12514,1035300908,AE1831,20181106,,
12515,1035300909,AE1831,20181106,,
12516,1035300910,AE1831,20181106,,
12517,1035300911,AE1831,20181106,,
12518,1035300912,AE1831,20181106,,
12519,1035300913,AE1831,20181106,,
12520,1035300914,AE1831,20181106,,
12521,1035300915,AE1831,20181106,,
12522,1035300916,AE1831,20181106,,
12523,1035300917,AE1831,20181106,,
12524,1035300918,AE1831,20181106,,
12525,1035300919,AE1831,20181106,,
12526,1035300920,AE1831,20181106,,
12527,1035300921,AE1831,20181106,,
12528,1035300922,AE1831,20181106,,
12529,1035300923,AE1831,20181106,,
12530,1035300924,AE1831,20181106,,
12531,1035301101,AE1831,20181107,,
12532,1035301102,AE1831,20181107,,
12533,1035301103,AE1831,20181107,,
12534,1035301104,AE1831,20181107,,
12535,1035301105,AE1831,20181107,,
12536,1035301106,AE1831,20181107,,
12537,1035301107,AE1831,20181107,,
12538,1035301108,AE1831,20181107,,
12539,1035301109,AE1831,20181107,,
12540,1035301110,AE1831,20181107,,
12541,1035301111,AE1831,20181107,,
12542,1035301112,AE1831,20181107,,
12543,1035301113,AE1831,20181107,,
12544,1035301114,AE1831,20181107,,
12545,1035301115,AE1831,20181107,,
12546,1035301116,AE1831,20181107,,
12547,1035301117,AE1831,20181107,,
12548,1035301201,AE1831,20181107,,
12549,1035301202,AE1831,20181107,,
12550,1035301203,AE1831,20181107,,
12551,1035301204,AE1831,20181107,,
12552,1035301205,AE1831,20181107,,
12553,1035301206,AE1831,20181107,,
12554,1035301207,AE1831,20181107,,
12555,1035301208,AE1831,20181107,,
12556,1035301209,AE1831,20181107,,
12557,1035301210,AE1831,20181107,,
12558,1035301211,AE1831,20181107,,
12559,1035301212,AE1831,20181107,,
12560,1035301213,AE1831,20181107,,
12561,1035301214,AE1831,20181107,,
12562,1035301215,AE1831,20181107,,
12563,1035301216,AE1831,20181107,,
12564,1035301217,AE1831,20181107,,
12565,1035301218,AE1831,20181107,,
12566,1035301219,AE1831,20181107,,
12567,1035301220,AE1831,20181107,,
12568,1035301221,AE1831,20181107,,
12569,1035301222,AE1831,20181107,,
12570,1035301223,AE1831,20181107,,
12571,1035301224,AE1831,20181107,,
12572,1035301301,AE1831,20181107,,
12573,1035301302,AE1831,20181107,,
12574,1035301303,AE1831,20181107,,
12575,1035301304,AE1831,20181107,,
12576,1035301305,AE1831,20181107,,
12577,1035301306,AE1831,20181107,,
12578,1035301307,AE1831,20181107,,
12579,1035301308,AE1831,20181107,,
12580,1035301309,AE1831,20181107,,
12581,1035301310,AE1831,-999,,
12582,1035301311,AE1831,-999,,
12583,1035301312,AE1831,-999,,
12584,1035301313,AE1831,-999,,
12585,1035301314,AE1831,-999,,
12586,1035301315,AE1831,-999,,
12587,1035301316,AE1831,-999,,
12588,1035301317,AE1831,-999,,
12589,1035301318,AE1831,-999,,
12590,1035301319,AE1831,-999,,
12591,1035301320,AE1831,-999,,
12592,1035301321,AE1831,-999,,
12593,1035301322,AE1831,-999,,
12594,1035301323,AE1831,-999,,
12595,1035301324,AE1831,-999,,
12596,1035301701,AE1831,20181108,V1V2_dada2_read_info_03052026.xlsx,V4_dada2_read_info_03052026.xlsx
12597,1035301702,AE1831,20181108,,
12598,1035301703,AE1831,20181108,,
12599,1035301704,AE1831,20181108,V1V2_dada2_read_info_03052026.xlsx,V4_dada2_read_info_03052026.xlsx
12600,1035301705,AE1831,20181108,,
12601,1035301706,AE1831,20181108,,
12602,1035301707,AE1831,20181108,V1V2_dada2_read_info_03052026.xlsx,V4_dada2_read_info_03052026.xlsx
12603,1035301708,AE1831,20181108,,
12604,1035301709,AE1831,20181108,V1V2_dada2_read_info_03052026.xlsx,V4_dada2_read_info_03052026.xlsx
12605,1035301710,AE1831,20181108,,
12606,1035301711,AE1831,20181108,,
12607,1035301712,AE1831,20181108,,
12608,1035301713,AE1831,20181108,V1V2_dada2_read_info_03052026.xlsx,V4_dada2_read_info_03052026.xlsx
12609,1035301714,AE1831,20181108,V1V2_dada2_read_info_03052026.xlsx,V4_dada2_read_info_03052026.xlsx
12610,1035301715,AE1831,20181108,,
12611,1035301716,AE1831,20181108,,
12612,1035301717,AE1831,20181108,V1V2_dada2_read_info_03052026.xlsx,V4_dada2_read_info_03052026.xlsx
12613,1035301718,AE1831,20181108,,
12614,1035301719,AE1831,20181108,,
12615,1035301720,AE1831,20181108,,
12616,1035301721,AE1831,20181108,V1V2_dada2_read_info_03052026.xlsx,V4_dada2_read_info_03052026.xlsx
12617,1035301722,AE1831,20181108,V1V2_dada2_read_info_03052026.xlsx,V4_dada2_read_info_03052026.xlsx
12618,1035301723,AE1831,20181108,V1V2_dada2_read_info_03052026.xlsx,V4_dada2_read_info_03052026.xlsx
12619,1035301724,AE1831,20181108,,
12620,1035401101,AE1836,20181214,,
12621,1035401102,AE1836,20181214,,
12622,1035401103,AE1836,20181214,,
12623,1035401104,AE1836,20181214,,
12624,1035401105,AE1836,20181214,,
12625,1035401106,AE1836,20181214,,
12626,1035401107,AE1836,20181214,,
12627,1035401108,AE1836,20181214,,
12628,1035401109,AE1836,20181214,,
12629,1035401110,AE1836,20181214,,
12630,1035401111,AE1836,20181214,,
12631,1035401112,AE1836,20181214,,
12632,1035401113,AE1836,20181214,,
12633,1035401114,AE1836,20181214,,
12634,1035401201,AE1836,20181214,,
12635,1035401202,AE1836,20181214,,
12636,1035401203,AE1836,20181214,,
12637,1035401204,AE1836,20181214,,
12638,1035401205,AE1836,20181214,,
12639,1035401206,AE1836,20181214,,
12640,1035401207,AE1836,20181214,,
12641,1035401208,AE1836,20181214,,
12642,1035401209,AE1836,20181214,,
12643,1035401210,AE1836,20181214,,
12644,1035401211,AE1836,20181214,,
12645,1035401212,AE1836,20181214,,
12646,1035401213,AE1836,20181214,,
12647,1035401214,AE1836,20181214,,
12648,1035401215,AE1836,20181214,,
12649,1035401216,AE1836,20181214,,
12650,1035401217,AE1836,20181214,,
12651,1035401218,AE1836,20181214,,
12652,1035401219,AE1836,20181214,,
12653,1035401220,AE1836,20181214,,
12654,1035401221,AE1836,20181214,,
12655,1035401222,AE1836,20181214,,
12656,1035401223,AE1836,20181214,,
12657,1035401224,AE1836,20181214,,
12658,1035401301,AE1836,20181215,,
12659,1035401302,AE1836,20181215,,
12660,1035401303,AE1836,20181215,,
12661,1035401304,AE1836,20181215,,
12662,1035401305,AE1836,20181215,,
12663,1035401306,AE1836,20181215,,
12664,1035401307,AE1836,20181215,,
12665,1035401308,AE1836,20181215,,
12666,1035401309,AE1836,20181215,,
12667,1035401310,AE1836,20181215,,
12668,1035401311,AE1836,20181215,,
12669,1035401312,AE1836,20181215,,
12670,1035401313,AE1836,20181215,,
12671,1035401314,AE1836,20181215,,
12672,1035401315,AE1836,20181215,,
12673,1035401316,AE1836,20181215,,
12674,1035401601,AE1836,20181215,,
12675,1035401602,AE1836,20181215,,
12676,1035401603,AE1836,20181215,,
12677,1035401604,AE1836,20181215,,
12678,1035401605,AE1836,20181215,,
12679,1035401606,AE1836,20181215,,
12680,1035401607,AE1836,20181215,,
12681,1035401608,AE1836,20181215,,
12682,1035401609,AE1836,20181215,,
12683,1035401610,AE1836,20181215,,
12684,1035401611,AE1836,20181215,,
12685,1035401612,AE1836,20181215,,
12686,1035401613,AE1836,20181215,,
12687,1035401614,AE1836,20181215,,
12688,1035401615,AE1836,20181215,,
12689,1035401616,AE1836,20181215,,
12690,1035401617,AE1836,20181215,,
12691,1035401618,AE1836,20181215,,
12692,1035401619,AE1836,20181215,,
12693,1035401620,AE1836,20181215,,
12694,1035401621,AE1836,20181215,,
12695,1035401622,AE1836,20181215,,
12696,1035401623,AE1836,20181215,,
12697,1035401624,AE1836,20181215,,
12698,1035401701,AE1836,20181215,,
12699,1035401702,AE1836,20181215,,
12700,1035401703,AE1836,20181215,,
12701,1035401704,AE1836,20181215,,
12702,1035401705,AE1836,20181215,,
12703,1035401706,AE1836,20181215,,
12704,1035401707,AE1836,20181215,,
12705,1035401708,AE1836,20181215,,
12706,1035401709,AE1836,20181215,,
12707,1035401710,AE1836,-999,,
12708,1035401711,AE1836,-999,,
12709,1035401712,AE1836,-999,,
12710,1035401713,AE1836,-999,,
12711,1035401714,AE1836,-999,,
12712,1035401715,AE1836,-999,,
12713,1035401716,AE1836,-999,,
12714,1035401717,AE1836,-999,,
12715,1035401718,AE1836,-999,,
12716,1035401719,AE1836,-999,,
12717,1035401720,AE1836,-999,,
12718,1035401721,AE1836,-999,,
12719,1035401722,AE1836,-999,,
12720,1035401723,AE1836,-999,,
12721,1035401724,AE1836,-999,,
12722,1035402001,AE1836,20181216,V1V2_dada2_read_info_03052026.xlsx,V4_dada2_read_info_03052026.xlsx
12723,1035402002,AE1836,20181216,,
12724,1035402003,AE1836,20181216,V1V2_dada2_read_info_03052026.xlsx,V4_dada2_read_info_03052026.xlsx
12725,1035402004,AE1836,20181216,,
12726,1035402005,AE1836,20181216,V1V2_dada2_read_info_03052026.xlsx,V4_dada2_read_info_03052026.xlsx
12727,1035402006,AE1836,20181216,,
12728,1035402007,AE1836,20181216,V1V2_dada2_read_info_03052026.xlsx,V4_dada2_read_info_03052026.xlsx
12729,1035402008,AE1836,20181216,,
12730,1035402009,AE1836,20181216,V1V2_dada2_read_info_03052026.xlsx,V4_dada2_read_info_03052026.xlsx
12731,1035402010,AE1836,20181216,,
12732,1035402011,AE1836,20181216,V1V2_dada2_read_info_03052026.xlsx,V4_dada2_read_info_03052026.xlsx
12733,1035402012,AE1836,20181216,,
12734,1035402013,AE1836,20181216,V1V2_dada2_read_info_03052026.xlsx,V4_dada2_read_info_03052026.xlsx
12735,1035402014,AE1836,20181216,,
12736,1035402015,AE1836,20181216,V1V2_dada2_read_info_03052026.xlsx,V4_dada2_read_info_03052026.xlsx
12737,1035402016,AE1836,20181216,,
12738,1035402017,AE1836,20181216,,
12739,1035402018,AE1836,20181216,V1V2_dada2_read_info_03052026.xlsx,V4_dada2_read_info_03052026.xlsx
12740,1035402019,AE1836,20181216,V1V2_dada2_read_info_03052026.xlsx,V4_dada2_read_info_03052026.xlsx
12741,1035402020,AE1836,20181216,,
12742,1035402021,AE1836,20181216,V1V2_dada2_read_info_03052026.xlsx,V4_dada2_read_info_03052026.xlsx
12743,1035402022,AE1836,20181216,,
12744,1035402023,AE1836,20181216,V1V2_dada2_read_info_03052026.xlsx,V4_dada2_read_info_03052026.xlsx
12745,1035402024,AE1836,20181216,,
12746,1035500901,AE1902,20190111,,
12747,1035500902,AE1902,20190111,,
12748,1035500903,AE1902,20190111,,
12749,1035500904,AE1902,20190111,,
12750,1035500905,AE1902,20190111,,
12751,1035500906,AE1902,20190111,,
12752,1035500907,AE1902,20190111,,
12753,1035500908,AE1902,20190111,,
12754,1035500909,AE1902,20190111,,
12755,1035500910,AE1902,20190111,,
12756,1035500911,AE1902,20190111,,
12757,1035500912,AE1902,20190111,,
12758,1035500913,AE1902,20190111,,
12759,1035500914,AE1902,20190111,,
12760,1035500915,AE1902,20190111,,
12761,1035500916,AE1902,20190111,,
12762,1035500917,AE1902,20190111,,
12763,1035500918,AE1902,20190111,,
12764,1035500919,AE1902,20190111,,
12765,1035500920,AE1902,20190111,,
12766,1035500921,AE1902,20190111,,
12767,1035500922,AE1902,20190111,,
12768,1035500923,AE1902,20190111,,
12769,1035500924,AE1902,20190111,,
12770,1035501001,AE1902,20190112,,
12771,1035501002,AE1902,20190112,,
12772,1035501003,AE1902,20190112,,
12773,1035501004,AE1902,20190112,,
12774,1035501005,AE1902,20190112,,
12775,1035501006,AE1902,20190112,,
12776,1035501007,AE1902,20190112,,
12777,1035501008,AE1902,20190112,,
12778,1035501009,AE1902,20190112,,
12779,1035501010,AE1902,20190112,,
12780,1035501011,AE1902,20190112,,
12781,1035501012,AE1902,20190112,,
12782,1035501013,AE1902,20190112,,
12783,1035501014,AE1902,20190112,,
12784,1035501015,AE1902,20190112,,
12785,1035501016,AE1902,20190112,,
12786,1035501301,AE1902,20190112,,
12787,1035501302,AE1902,20190112,,
12788,1035501303,AE1902,20190112,,
12789,1035501304,AE1902,20190112,,
12790,1035501305,AE1902,20190112,,
12791,1035501306,AE1902,20190112,,
12792,1035501307,AE1902,20190112,,
12793,1035501308,AE1902,20190112,,
12794,1035501309,AE1902,20190112,,
12795,1035501310,AE1902,20190112,,
12796,1035501311,AE1902,20190112,,
12797,1035501312,AE1902,20190112,,
12798,1035501313,AE1902,20190112,,
12799,1035501314,AE1902,20190112,,
12800,1035501315,AE1902,20190112,,
12801,1035501316,AE1902,20190112,,
12802,1035501317,AE1902,20190112,,
12803,1035501318,AE1902,20190112,,
12804,1035501319,AE1902,20190112,,
12805,1035501320,AE1902,20190112,,
12806,1035501321,AE1902,20190112,,
12807,1035501322,AE1902,20190112,,
12808,1035501323,AE1902,20190112,,
12809,1035501324,AE1902,20190112,,
12810,1035501401,AE1902,20190112,,
12811,1035501402,AE1902,20190112,,
12812,9161400101,AE1614,20160709,,
12813,9161400110,AE1614,20160709,,
12814,9161400111,AE1614,20160709,,
12815,9161400112,AE1614,20160709,,
12816,9161400113,AE1614,20160709,,
12817,9161400114,AE1614,20160709,,
12818,9161400115,AE1614,20160709,,
12819,9161400116,AE1614,20160709,,
12820,9161400117,AE1614,20160709,,
12821,9161400118,AE1614,20160709,,
12822,9161400119,AE1614,20160709,,
12823,9161400102,AE1614,20160709,,
12824,9161400120,AE1614,20160709,,
12825,9161400121,AE1614,20160709,,
12826,9161400122,AE1614,20160709,,
12827,9161400123,AE1614,20160709,,
12828,9161400124,AE1614,20160709,,
12829,9161400103,AE1614,20160709,,
12830,9161400104,AE1614,20160709,,
12831,9161400105,AE1614,20160709,,
12832,9161400106,AE1614,20160709,,
12833,9161400107,AE1614,20160709,,
12834,9161400108,AE1614,20160709,,
12835,9161400109,AE1614,20160709,,
12836,9161401001,AE1614,20160710,,
12837,9161401010,AE1614,20160710,,
12838,9161401011,AE1614,20160710,,
12839,9161401012,AE1614,20160710,,
12840,9161401013,AE1614,20160710,,
12841,9161401014,AE1614,20160710,,
12842,9161401015,AE1614,20160710,,
12843,9161401016,AE1614,20160710,,
12844,9161401017,AE1614,20160710,,
12845,9161401018,AE1614,20160710,,
12846,9161401019,AE1614,20160710,,
12847,9161401002,AE1614,20160710,,
12848,9161401020,AE1614,20160710,,
12849,9161401021,AE1614,20160710,,
12850,9161401022,AE1614,20160710,,
12851,9161401023,AE1614,20160710,,
12852,9161401024,AE1614,20160710,,
12853,9161401003,AE1614,20160710,,
12854,9161401004,AE1614,20160710,,
12855,9161401005,AE1614,20160710,,
12856,9161401006,AE1614,20160710,,
12857,9161401007,AE1614,20160710,,
12858,9161401008,AE1614,20160710,,
12859,9161401009,AE1614,20160710,,
12860,9161401101,AE1614,20160711,V1V2_dada2_read_info_03052026.xlsx,
12861,9161401110,AE1614,20160711,,
12862,9161401111,AE1614,20160711,V1V2_dada2_read_info_03052026.xlsx,
12863,9161401112,AE1614,20160711,,
12864,9161401113,AE1614,20160711,V1V2_dada2_read_info_03052026.xlsx,
12865,9161401114,AE1614,20160711,,
12866,9161401115,AE1614,20160711,V1V2_dada2_read_info_03052026.xlsx,
12867,9161401116,AE1614,20160711,,
12868,9161401117,AE1614,20160711,,
12869,9161401118,AE1614,20160711,,
12870,9161401119,AE1614,20160711,,
12871,9161401102,AE1614,20160711,,
12872,9161401120,AE1614,20160711,,
12873,9161401121,AE1614,20160711,,
12874,9161401122,AE1614,20160711,,
12875,9161401123,AE1614,20160711,,
12876,9161401124,AE1614,20160711,,
12877,9161401103,AE1614,20160711,V1V2_dada2_read_info_03052026.xlsx,
12878,9161401104,AE1614,20160711,,
12879,9161401105,AE1614,20160711,V1V2_dada2_read_info_03052026.xlsx,
12880,9161401106,AE1614,20160711,,
12881,9161401107,AE1614,20160711,V1V2_dada2_read_info_03052026.xlsx,
12882,9161401108,AE1614,20160711,,
12883,9161401109,AE1614,20160711,V1V2_dada2_read_info_03052026.xlsx,
12884,9161401201,AE1614,20160711,V1V2_dada2_read_info_03052026.xlsx,
12885,9161401210,AE1614,20160711,,
12886,9161401211,AE1614,20160711,V1V2_dada2_read_info_03052026.xlsx,
12887,9161401212,AE1614,20160711,,
12888,9161401213,AE1614,20160711,V1V2_dada2_read_info_03052026.xlsx,
12889,9161401214,AE1614,20160711,,
12890,9161401215,AE1614,20160711,V1V2_dada2_read_info_03052026.xlsx,
12891,9161401216,AE1614,20160711,,
12892,9161401217,AE1614,20160711,,
12893,9161401218,AE1614,20160711,,
12894,9161401219,AE1614,20160711,,
12895,9161401202,AE1614,20160711,,
12896,9161401220,AE1614,20160711,,
12897,9161401221,AE1614,20160711,,
12898,9161401222,AE1614,20160711,,
12899,9161401223,AE1614,20160711,,
12900,9161401224,AE1614,20160711,,
12901,9161401203,AE1614,20160711,V1V2_dada2_read_info_03052026.xlsx,
12902,9161401204,AE1614,20160711,,
12903,9161401205,AE1614,20160711,V1V2_dada2_read_info_03052026.xlsx,
12904,9161401206,AE1614,20160711,,
12905,9161401207,AE1614,20160711,V1V2_dada2_read_info_03052026.xlsx,
12906,9161401208,AE1614,20160711,,
12907,9161401209,AE1614,20160711,V1V2_dada2_read_info_03052026.xlsx,
12908,9161401301,AE1614,20160711,,
12909,9161401310,AE1614,20160711,,
12910,9161401311,AE1614,20160711,,
12911,9161401312,AE1614,20160711,,
12912,9161401313,AE1614,20160711,,
12913,9161401314,AE1614,20160711,,
12914,9161401315,AE1614,20160711,,
12915,9161401316,AE1614,20160711,,
12916,9161401317,AE1614,20160711,,
12917,9161401318,AE1614,20160711,,
12918,9161401319,AE1614,20160711,,
12919,9161401302,AE1614,20160711,,
12920,9161401320,AE1614,20160711,,
12921,9161401321,AE1614,20160711,,
12922,9161401322,AE1614,20160711,,
12923,9161401323,AE1614,20160711,,
12924,9161401324,AE1614,20160711,,
12925,9161401303,AE1614,20160711,,
12926,9161401304,AE1614,20160711,,
12927,9161401305,AE1614,20160711,,
12928,9161401306,AE1614,20160711,,
12929,9161401307,AE1614,20160711,,
12930,9161401308,AE1614,20160711,,
12931,9161401309,AE1614,20160711,,
12932,9161401401,AE1614,20160711,V1V2_dada2_read_info_03052026.xlsx,
12933,9161401410,AE1614,20160711,,
12934,9161401411,AE1614,20160711,V1V2_dada2_read_info_03052026.xlsx,
12935,9161401412,AE1614,20160711,,
12936,9161401413,AE1614,20160711,V1V2_dada2_read_info_03052026.xlsx,
12937,9161401414,AE1614,20160711,,
12938,9161401415,AE1614,20160711,V1V2_dada2_read_info_03052026.xlsx,
12939,9161401416,AE1614,20160711,,
12940,9161401417,AE1614,20160711,,
12941,9161401418,AE1614,20160711,,
12942,9161401419,AE1614,20160711,,
12943,9161401402,AE1614,20160711,,
12944,9161401420,AE1614,20160711,,
12945,9161401421,AE1614,20160711,,
12946,9161401422,AE1614,20160711,,
12947,9161401423,AE1614,20160711,,
12948,9161401424,AE1614,20160711,,
12949,9161401403,AE1614,20160711,V1V2_dada2_read_info_03052026.xlsx,
12950,9161401404,AE1614,20160711,,
12951,9161401405,AE1614,20160711,V1V2_dada2_read_info_03052026.xlsx,
12952,9161401406,AE1614,20160711,,
12953,9161401407,AE1614,20160711,V1V2_dada2_read_info_03052026.xlsx,
12954,9161401408,AE1614,20160711,,
12955,9161401409,AE1614,20160711,V1V2_dada2_read_info_03052026.xlsx,
12956,9161401501,AE1614,20160711,V1V2_dada2_read_info_03052026.xlsx,
12957,9161401510,AE1614,20160711,,
12958,9161401511,AE1614,20160711,V1V2_dada2_read_info_03052026.xlsx,
12959,9161401512,AE1614,20160711,,
12960,9161401513,AE1614,20160711,V1V2_dada2_read_info_03052026.xlsx,
12961,9161401514,AE1614,20160711,,
12962,9161401515,AE1614,20160711,V1V2_dada2_read_info_03052026.xlsx,
12963,9161401516,AE1614,20160711,,
12964,9161401517,AE1614,20160711,,
12965,9161401518,AE1614,20160711,,
12966,9161401519,AE1614,20160711,,
12967,9161401502,AE1614,20160711,,
12968,9161401520,AE1614,20160711,,
12969,9161401521,AE1614,20160711,,
12970,9161401522,AE1614,20160711,,
12971,9161401523,AE1614,20160711,,
12972,9161401524,AE1614,20160711,,
12973,9161401503,AE1614,20160711,V1V2_dada2_read_info_03052026.xlsx,
12974,9161401504,AE1614,20160711,,
12975,9161401505,AE1614,20160711,,
12976,9161401506,AE1614,20160711,,
12977,9161401507,AE1614,20160711,V1V2_dada2_read_info_03052026.xlsx,
12978,9161401508,AE1614,20160711,,
12979,9161401509,AE1614,20160711,V1V2_dada2_read_info_03052026.xlsx,
12980,9161401601,AE1614,20160711,,
12981,9161401610,AE1614,20160711,,
12982,9161401611,AE1614,20160711,,
12983,9161401612,AE1614,20160711,,
12984,9161401613,AE1614,20160711,,
12985,9161401614,AE1614,20160711,,
12986,9161401615,AE1614,20160711,,
12987,9161401616,AE1614,20160711,,
12988,9161401617,AE1614,20160711,,
12989,9161401618,AE1614,20160711,,
12990,9161401619,AE1614,20160711,,
12991,9161401602,AE1614,20160711,,
12992,9161401620,AE1614,20160711,,
12993,9161401621,AE1614,20160711,,
12994,9161401622,AE1614,20160711,,
12995,9161401623,AE1614,20160711,,
12996,9161401624,AE1614,20160711,,
12997,9161401603,AE1614,20160711,,
12998,9161401604,AE1614,20160711,,
12999,9161401605,AE1614,20160711,,
13000,9161401606,AE1614,20160711,,
13001,9161401607,AE1614,20160711,,
13002,9161401608,AE1614,20160711,,
13003,9161401609,AE1614,20160711,,
13004,9161401701,AE1614,20160712,,
13005,9161401710,AE1614,20160712,,
13006,9161401711,AE1614,20160712,,
13007,9161401712,AE1614,20160712,,
13008,9161401713,AE1614,20160712,,
13009,9161401714,AE1614,20160712,,
13010,9161401715,AE1614,20160712,,
13011,9161401716,AE1614,20160712,,
13012,9161401717,AE1614,20160712,,
13013,9161401718,AE1614,20160712,,
13014,9161401719,AE1614,20160712,,
13015,9161401702,AE1614,20160712,,
13016,9161401720,AE1614,20160712,,
13017,9161401721,AE1614,20160712,,
13018,9161401722,AE1614,20160712,,
13019,9161401723,AE1614,20160712,,
13020,9161401724,AE1614,20160712,,
13021,9161401703,AE1614,20160712,,
13022,9161401704,AE1614,20160712,,
13023,9161401705,AE1614,20160712,,
13024,9161401706,AE1614,20160712,,
13025,9161401707,AE1614,20160712,,
13026,9161401708,AE1614,20160712,,
13027,9161401709,AE1614,20160712,,
13028,9161401801,AE1614,20160712,V1V2_dada2_read_info_03052026.xlsx,
13029,9161401810,AE1614,20160712,,
13030,9161401811,AE1614,20160712,V1V2_dada2_read_info_03052026.xlsx,
13031,9161401812,AE1614,20160712,,
13032,9161401813,AE1614,20160712,V1V2_dada2_read_info_03052026.xlsx,
13033,9161401814,AE1614,20160712,,
13034,9161401815,AE1614,20160712,V1V2_dada2_read_info_03052026.xlsx,
13035,9161401816,AE1614,20160712,,
13036,9161401817,AE1614,20160712,,
13037,9161401818,AE1614,20160712,,
13038,9161401819,AE1614,20160712,,
13039,9161401802,AE1614,20160712,,
13040,9161401820,AE1614,20160712,,
13041,9161401821,AE1614,20160712,,
13042,9161401822,AE1614,20160712,,
13043,9161401823,AE1614,20160712,,
13044,9161401824,AE1614,20160712,,
13045,9161401803,AE1614,20160712,V1V2_dada2_read_info_03052026.xlsx,
13046,9161401804,AE1614,20160712,,
13047,9161401805,AE1614,20160712,V1V2_dada2_read_info_03052026.xlsx,
13048,9161401806,AE1614,20160712,,
13049,9161401807,AE1614,20160712,V1V2_dada2_read_info_03052026.xlsx,
13050,9161401808,AE1614,20160712,,
13051,9161401809,AE1614,20160712,V1V2_dada2_read_info_03052026.xlsx,
13052,9161401901,AE1614,20160712,,
13053,9161401902,AE1614,20160712,,
13054,9161401903,AE1614,20160712,,
13055,9161401904,AE1614,20160712,,
13056,9161401905,AE1614,20160712,,
13057,9161401906,AE1614,20160712,,
13058,9161400201,AE1614,20160709,V1V2_dada2_read_info_03052026.xlsx,
13059,9161400210,AE1614,20160709,,
13060,9161400211,AE1614,20160709,V1V2_dada2_read_info_03052026.xlsx,
13061,9161400212,AE1614,20160709,,
13062,9161400213,AE1614,20160709,V1V2_dada2_read_info_03052026.xlsx,
13063,9161400214,AE1614,20160709,,
13064,9161400215,AE1614,20160709,V1V2_dada2_read_info_03052026.xlsx,
13065,9161400216,AE1614,20160709,,
13066,9161400217,AE1614,20160709,,
13067,9161400218,AE1614,20160709,,
13068,9161400219,AE1614,20160709,,
13069,9161400202,AE1614,20160709,,
13070,9161400220,AE1614,20160709,,
13071,9161400221,AE1614,20160709,,
13072,9161400222,AE1614,20160709,,
13073,9161400223,AE1614,20160709,,
13074,9161400224,AE1614,20160709,,
13075,9161400203,AE1614,20160709,V1V2_dada2_read_info_03052026.xlsx,
13076,9161400204,AE1614,20160709,,
13077,9161400205,AE1614,20160709,V1V2_dada2_read_info_03052026.xlsx,
13078,9161400206,AE1614,20160709,,
13079,9161400207,AE1614,20160709,V1V2_dada2_read_info_03052026.xlsx,
13080,9161400208,AE1614,20160709,,
13081,9161400209,AE1614,20160709,V1V2_dada2_read_info_03052026.xlsx,
13082,9161402001,AE1614,20160712,,
13083,9161402010,AE1614,20160712,,
13084,9161402011,AE1614,20160712,,
13085,9161402012,AE1614,20160712,,
13086,9161402013,AE1614,20160712,,
13087,9161402014,AE1614,20160712,,
13088,9161402015,AE1614,20160712,,
13089,9161402016,AE1614,20160712,,
13090,9161402017,AE1614,20160712,,
13091,9161402018,AE1614,20160712,,
13092,9161402019,AE1614,20160712,,
13093,9161402002,AE1614,20160712,,
13094,9161402020,AE1614,20160712,,
13095,9161402021,AE1614,20160712,,
13096,9161402022,AE1614,20160712,,
13097,9161402023,AE1614,20160712,,
13098,9161402024,AE1614,20160712,,
13099,9161402003,AE1614,20160712,,
13100,9161402004,AE1614,20160712,,
13101,9161402005,AE1614,20160712,,
13102,9161402006,AE1614,20160712,,
13103,9161402007,AE1614,20160712,,
13104,9161402008,AE1614,20160712,,
13105,9161402009,AE1614,20160712,,
13106,9161400301,AE1614,20160709,,
13107,9161400310,AE1614,20160709,,
13108,9161400311,AE1614,20160709,,
13109,9161400312,AE1614,20160709,,
13110,9161400313,AE1614,20160709,,
13111,9161400314,AE1614,20160709,,
13112,9161400315,AE1614,20160709,,
13113,9161400316,AE1614,20160709,,
13114,9161400317,AE1614,20160709,,
13115,9161400318,AE1614,20160709,,
13116,9161400319,AE1614,20160709,,
13117,9161400302,AE1614,20160709,,
13118,9161400320,AE1614,20160709,,
13119,9161400321,AE1614,20160709,,
13120,9161400322,AE1614,20160709,,
13121,9161400323,AE1614,20160709,,
13122,9161400324,AE1614,20160709,,
13123,9161400303,AE1614,20160709,,
13124,9161400304,AE1614,20160709,,
13125,9161400305,AE1614,20160709,,
13126,9161400306,AE1614,20160709,,
13127,9161400307,AE1614,20160709,,
13128,9161400308,AE1614,20160709,,
13129,9161400309,AE1614,20160709,,
13130,9161400401,AE1614,20160710,V1V2_dada2_read_info_03052026.xlsx,
13131,9161400410,AE1614,20160710,V1V2_dada2_read_info_03052026.xlsx,
13132,9161400411,AE1614,20160710,,
13133,9161400412,AE1614,20160710,,
13134,9161400413,AE1614,20160710,,
13135,9161400414,AE1614,20160710,,
13136,9161400415,AE1614,20160710,,
13137,9161400402,AE1614,20160710,V1V2_dada2_read_info_03052026.xlsx,
13138,9161400403,AE1614,20160710,,
13139,9161400404,AE1614,20160710,,
13140,9161400405,AE1614,20160710,V1V2_dada2_read_info_03052026.xlsx,
13141,9161400406,AE1614,20160710,V1V2_dada2_read_info_03052026.xlsx,
13142,9161400407,AE1614,20160710,V1V2_dada2_read_info_03052026.xlsx,
13143,9161400408,AE1614,20160710,V1V2_dada2_read_info_03052026.xlsx,
13144,9161400409,AE1614,20160710,V1V2_dada2_read_info_03052026.xlsx,
13145,9161400501,AE1614,20160710,V1V2_dada2_read_info_03052026.xlsx,
13146,9161400510,AE1614,20160710,,
13147,9161400511,AE1614,20160710,V1V2_dada2_read_info_03052026.xlsx,
13148,9161400512,AE1614,20160710,,
13149,9161400513,AE1614,20160710,V1V2_dada2_read_info_03052026.xlsx,
13150,9161400514,AE1614,20160710,,
13151,9161400515,AE1614,20160710,V1V2_dada2_read_info_03052026.xlsx,
13152,9161400516,AE1614,20160710,,
13153,9161400517,AE1614,20160710,,
13154,9161400518,AE1614,20160710,,
13155,9161400519,AE1614,20160710,,
13156,9161400502,AE1614,20160710,,
13157,9161400520,AE1614,20160710,,
13158,9161400521,AE1614,20160710,,
13159,9161400522,AE1614,20160710,,
13160,9161400523,AE1614,20160710,,
13161,9161400524,AE1614,20160710,,
13162,9161400503,AE1614,20160710,V1V2_dada2_read_info_03052026.xlsx,
13163,9161400504,AE1614,20160710,,
13164,9161400505,AE1614,20160710,V1V2_dada2_read_info_03052026.xlsx,
13165,9161400506,AE1614,20160710,,
13166,9161400507,AE1614,20160710,V1V2_dada2_read_info_03052026.xlsx,
13167,9161400508,AE1614,20160710,,
13168,9161400509,AE1614,20160710,V1V2_dada2_read_info_03052026.xlsx,
13169,9161400601,AE1614,20160710,,
13170,9161400610,AE1614,20160710,,
13171,9161400611,AE1614,20160710,,
13172,9161400612,AE1614,20160710,,
13173,9161400613,AE1614,20160710,,
13174,9161400614,AE1614,20160710,,
13175,9161400615,AE1614,20160710,,
13176,9161400616,AE1614,20160710,,
13177,9161400617,AE1614,20160710,,
13178,9161400618,AE1614,20160710,,
13179,9161400619,AE1614,20160710,,
13180,9161400602,AE1614,20160710,,
13181,9161400620,AE1614,20160710,,
13182,9161400621,AE1614,20160710,,
13183,9161400622,AE1614,20160710,,
13184,9161400623,AE1614,20160710,,
13185,9161400624,AE1614,20160710,,
13186,9161400603,AE1614,20160710,,
13187,9161400604,AE1614,20160710,,
13188,9161400605,AE1614,20160710,,
13189,9161400606,AE1614,20160710,,
13190,9161400607,AE1614,20160710,,
13191,9161400608,AE1614,20160710,,
13192,9161400609,AE1614,20160710,,
13193,9161400701,AE1614,20160710,V1V2_dada2_read_info_03052026.xlsx,
13194,9161400710,AE1614,20160710,,
13195,9161400711,AE1614,20160710,V1V2_dada2_read_info_03052026.xlsx,
13196,9161400712,AE1614,20160710,,
13197,9161400713,AE1614,20160710,V1V2_dada2_read_info_03052026.xlsx,
13198,9161400714,AE1614,20160710,,
13199,9161400715,AE1614,20160710,V1V2_dada2_read_info_03052026.xlsx,
13200,9161400716,AE1614,20160710,,
13201,9161400717,AE1614,20160710,,
13202,9161400718,AE1614,20160710,,
13203,9161400719,AE1614,20160710,,
13204,9161400702,AE1614,20160710,,
13205,9161400720,AE1614,20160710,,
13206,9161400721,AE1614,20160710,,
13207,9161400722,AE1614,20160710,,
13208,9161400723,AE1614,20160710,,
13209,9161400724,AE1614,20160710,,
13210,9161400703,AE1614,20160710,V1V2_dada2_read_info_03052026.xlsx,
13211,9161400704,AE1614,20160710,,
13212,9161400705,AE1614,20160710,V1V2_dada2_read_info_03052026.xlsx,
13213,9161400706,AE1614,20160710,,
13214,9161400707,AE1614,20160710,V1V2_dada2_read_info_03052026.xlsx,
13215,9161400708,AE1614,20160710,,
13216,9161400709,AE1614,20160710,V1V2_dada2_read_info_03052026.xlsx,
13217,9161400801,AE1614,20160710,V1V2_dada2_read_info_03052026.xlsx,
13218,9161400810,AE1614,20160710,,
13219,9161400811,AE1614,20160710,V1V2_dada2_read_info_03052026.xlsx,
13220,9161400812,AE1614,20160710,,
13221,9161400813,AE1614,20160710,V1V2_dada2_read_info_03052026.xlsx,
13222,9161400814,AE1614,20160710,,
13223,9161400815,AE1614,20160710,V1V2_dada2_read_info_03052026.xlsx,
13224,9161400816,AE1614,20160710,,
13225,9161400817,AE1614,20160710,,
13226,9161400818,AE1614,20160710,,
13227,9161400819,AE1614,20160710,,
13228,9161400802,AE1614,20160710,,
13229,9161400820,AE1614,20160710,,
13230,9161400821,AE1614,20160710,,
13231,9161400822,AE1614,20160710,,
13232,9161400823,AE1614,20160710,,
13233,9161400824,AE1614,20160710,,
13234,9161400803,AE1614,20160710,V1V2_dada2_read_info_03052026.xlsx,
13235,9161400804,AE1614,20160710,,
13236,9161400805,AE1614,20160710,V1V2_dada2_read_info_03052026.xlsx,
13237,9161400806,AE1614,20160710,,
13238,9161400807,AE1614,20160710,V1V2_dada2_read_info_03052026.xlsx,
13239,9161400808,AE1614,20160710,,
13240,9161400809,AE1614,20160710,V1V2_dada2_read_info_03052026.xlsx,
13241,9161400901,AE1614,20160710,,
13242,9161400910,AE1614,20160710,,
13243,9161400911,AE1614,20160710,,
13244,9161400912,AE1614,20160710,,
13245,9161400913,AE1614,20160710,,
13246,9161400914,AE1614,20160710,,
13247,9161400915,AE1614,20160710,,
13248,9161400916,AE1614,20160710,,
13249,9161400917,AE1614,20160710,,
13250,9161400918,AE1614,20160710,,
13251,9161400919,AE1614,20160710,,
13252,9161400902,AE1614,20160710,,
13253,9161400920,AE1614,20160710,,
13254,9161400921,AE1614,20160710,,
13255,9161400922,AE1614,20160710,,
13256,9161400923,AE1614,20160710,,
13257,9161400924,AE1614,20160710,,
13258,9161400903,AE1614,20160710,,
13259,9161400904,AE1614,20160710,,
13260,9161400905,AE1614,20160710,,
13261,9161400906,AE1614,20160710,,
13262,9161400907,AE1614,20160710,,
13263,9161400908,AE1614,20160710,,
13264,9161400909,AE1614,20160710,,
13265,1035901006,AE1909,20190513,,
13266,1035901007,AE1909,20190513,,
13267,1035901008,AE1909,20190513,,
13268,1035901009,AE1909,20190513,,
13269,1035901010,AE1909,20190513,,
13270,1035901011,AE1909,20190513,,
13271,1035901012,AE1909,20190513,,
13272,1035901013,AE1909,20190513,,
13273,1035901014,AE1909,20190513,,
13274,1035901015,AE1909,20190513,,
13275,1035901016,AE1909,20190513,,
13276,1035901017,AE1909,20190513,,
13277,1035901018,AE1909,20190513,,
13278,1035901019,AE1909,20190513,,
13279,1035901020,AE1909,20190513,,
13280,1035901021,AE1909,20190513,,
13281,1035901022,AE1909,20190513,,
13282,1035901023,AE1909,20190513,,
13283,1035901024,AE1909,20190513,,
13284,1035901201,AE1909,20190514,,
13285,1035901202,AE1909,20190514,,
13286,1035901203,AE1909,20190514,,
13287,1035901204,AE1909,20190514,,
13288,1035901205,AE1909,20190514,,
13289,1035901206,AE1909,20190514,,
13290,1035901207,AE1909,20190514,,
13291,1035901208,AE1909,20190514,,
13292,1035901209,AE1909,20190514,,
13293,1035901210,AE1909,20190514,,
13294,1035901211,AE1909,20190514,,
13295,1035901212,AE1909,20190514,,
13296,1035901213,AE1909,20190514,,
13297,1035901214,AE1909,20190514,,
13298,1035901215,AE1909,20190514,,
13299,1035901216,AE1909,20190514,,
13300,1035901501,AE1909,20190514,,
13301,1035901502,AE1909,20190514,,
13302,1035901503,AE1909,20190514,,
13303,1035901504,AE1909,20190514,,
13304,1035901505,AE1909,20190514,,
13305,1035901506,AE1909,20190514,,
13306,1035901507,AE1909,20190514,,
13307,1035901508,AE1909,20190514,,
13308,1035901509,AE1909,20190514,,
13309,1035901510,AE1909,20190514,,
13310,1035901511,AE1909,20190514,,
13311,1035901512,AE1909,20190514,,
13312,1035901513,AE1909,20190514,,
13313,1035901514,AE1909,20190514,,
13314,1035901515,AE1909,20190514,,
13315,1035901516,AE1909,20190514,,
13316,1035901517,AE1909,20190514,,
13317,1035901518,AE1909,20190514,,
13318,1035901519,AE1909,20190514,,
13319,1035901520,AE1909,20190514,,
13320,1035901521,AE1909,20190514,,
13321,1035901522,AE1909,20190514,,
13322,1035901523,AE1909,20190514,,
13323,1035901524,AE1909,20190514,,
13324,1035901601,AE1909,20190514,,
13325,1035901602,AE1909,20190514,,
13326,1035901603,AE1909,20190514,,
13327,1035901604,AE1909,20190514,,
13328,1035901605,AE1909,20190514,,
13329,1035901606,AE1909,20190514,,
13330,1035901607,AE1909,20190514,,
13331,1035901608,AE1909,20190514,,
13332,1035901609,AE1909,20190514,,
13333,1035901610,AE1909,-999,,
13334,1035901611,AE1909,-999,,
13335,1035901612,AE1909,-999,,
13336,1035901613,AE1909,-999,,
13337,1035901614,AE1909,-999,,
13338,1035901615,AE1909,-999,,
13339,1035901616,AE1909,-999,,
13340,1035901617,AE1909,-999,,
13341,1035901618,AE1909,-999,,
13342,1035901619,AE1909,-999,,
13343,1035901620,AE1909,-999,,
13344,1035901621,AE1909,-999,,
13345,1035901622,AE1909,-999,,
13346,1035901623,AE1909,-999,,
13347,1035901624,AE1909,-999,,
13348,1035902001,AE1909,20190516,V1V2_dada2_read_info_03052026.xlsx,V4_dada2_read_info_03052026.xlsx
13349,1035902002,AE1909,20190516,,
13350,1035902003,AE1909,20190516,V1V2_dada2_read_info_03052026.xlsx,V4_dada2_read_info_03052026.xlsx
13351,1035902004,AE1909,20190516,,
13352,1035902005,AE1909,20190516,V1V2_dada2_read_info_03052026.xlsx,V4_dada2_read_info_03052026.xlsx
13353,1035902006,AE1909,20190516,,
13354,1035902007,AE1909,20190516,V1V2_dada2_read_info_03052026.xlsx,V4_dada2_read_info_03052026.xlsx
13355,1035902008,AE1909,20190516,,
13356,1035902009,AE1909,20190516,V1V2_dada2_read_info_03052026.xlsx,V4_dada2_read_info_03052026.xlsx
13357,1035902010,AE1909,20190516,,
13358,1035902011,AE1909,20190516,V1V2_dada2_read_info_03052026.xlsx,V4_dada2_read_info_03052026.xlsx
13359,1035902012,AE1909,20190516,,
13360,1035902013,AE1909,20190516,V1V2_dada2_read_info_03052026.xlsx,V4_dada2_read_info_03052026.xlsx
13361,1035902014,AE1909,20190516,,
13362,1035902015,AE1909,20190516,V1V2_dada2_read_info_03052026.xlsx,V4_dada2_read_info_03052026.xlsx
13363,1035902016,AE1909,20190516,,
13364,1035902017,AE1909,20190516,V1V2_dada2_read_info_03052026.xlsx,V4_dada2_read_info_03052026.xlsx
13365,1035902018,AE1909,20190516,,
13366,1035902019,AE1909,20190516,V1V2_dada2_read_info_03052026.xlsx,V4_dada2_read_info_03052026.xlsx
13367,1035902020,AE1909,20190516,,
13368,1035902021,AE1909,20190516,V1V2_dada2_read_info_03052026.xlsx,V4_dada2_read_info_03052026.xlsx
13369,1035902022,AE1909,20190516,,
13370,1035902023,AE1909,20190516,V1V2_dada2_read_info_03052026.xlsx,V4_dada2_read_info_03052026.xlsx
13371,1035902024,AE1909,20190516,,
13372,1036001001,AE1912,20190607,,
13373,1036001002,AE1912,20190607,,
13374,1036001003,AE1912,20190607,,
13375,1036001004,AE1912,20190607,,
13376,1036001005,AE1912,20190607,,
13377,1036001006,AE1912,20190607,,
13378,1036001007,AE1912,20190607,,
13379,1036001008,AE1912,20190607,,
13380,1036001009,AE1912,20190607,,
13381,1036001010,AE1912,20190607,,
13382,1036001011,AE1912,20190607,,
13383,1036001012,AE1912,20190607,,
13384,1036001013,AE1912,20190607,,
13385,1036001014,AE1912,20190607,,
13386,1036001015,AE1912,20190607,,
13387,1036001016,AE1912,20190607,,
13388,1036001017,AE1912,20190607,,
13389,1036001018,AE1912,20190607,,
13390,1036001019,AE1912,20190607,,
13391,1036001020,AE1912,20190607,,
13392,1036001021,AE1912,20190607,,
13393,1036001022,AE1912,20190607,,
13394,1036001023,AE1912,20190607,,
13395,1036001024,AE1912,20190607,,
13396,1036001201,AE1912,20190608,,
13397,1036001202,AE1912,20190608,,
13398,1036001203,AE1912,20190608,,
13399,1036001204,AE1912,20190608,,
13400,1036001205,AE1912,20190608,,
13401,1036001206,AE1912,20190608,,
13402,1036001207,AE1912,20190608,,
13403,1036001208,AE1912,20190608,,
13404,1036001209,AE1912,20190608,,
13405,1036001210,AE1912,20190608,,
13406,1036001211,AE1912,20190608,,
13407,1036001212,AE1912,20190608,,
13408,1036001213,AE1912,20190608,,
13409,1036001214,AE1912,20190608,,
13410,1036001215,AE1912,20190608,,
13411,1036001216,AE1912,20190608,,
13412,1036001217,AE1912,20190608,,
13413,1036001218,AE1912,20190608,,
13414,1036001219,AE1912,20190608,,
13415,1036001220,AE1912,20190608,,
13416,1036001221,AE1912,20190608,,
13417,1036001222,AE1912,20190608,,
13418,1036001223,AE1912,20190608,,
13419,1036001501,AE1912,20190608,,
13420,1036001502,AE1912,20190608,,
13421,1036001503,AE1912,20190608,,
13422,1036001504,AE1912,20190608,,
13423,1036001505,AE1912,20190608,,
13424,1036001506,AE1912,20190608,,
13425,1036001507,AE1912,20190608,,
13426,1036001508,AE1912,20190608,,
13427,1036001509,AE1912,20190608,,
13428,1036001510,AE1912,20190608,,
13429,1036001511,AE1912,20190608,,
13430,1036001512,AE1912,20190608,,
13431,1036001513,AE1912,20190608,,
13432,1036001514,AE1912,20190608,,
13433,1036001515,AE1912,20190608,,
13434,1036001516,AE1912,20190608,,
13435,1036001517,AE1912,20190608,,
13436,1036001518,AE1912,20190608,,
13437,1036001519,AE1912,20190608,,
13438,1036001520,AE1912,20190608,,
13439,1036001521,AE1912,20190608,,
13440,1036001522,AE1912,20190608,,
13441,1036001523,AE1912,20190608,,
13442,1036001524,AE1912,20190608,,
13443,1036001601,AE1912,20190608,,
13444,1036001602,AE1912,20190608,,
13445,1036001603,AE1912,20190608,,
13446,1036001604,AE1912,20190608,,
13447,1036001605,AE1912,20190608,,
13448,1036001606,AE1912,20190608,,
13449,1036001607,AE1912,20190608,,
13450,1036001608,AE1912,20190608,,
13451,1036001609,AE1912,20190608,,
13452,1036001610,AE1912,20190608,,
13453,1036001611,AE1912,20190608,,
13454,1036001612,AE1912,20190608,,
13455,1036001613,AE1912,20190608,,
13456,1036001614,AE1912,20190608,,
13457,1036001615,AE1912,20190608,,
13458,1036001616,AE1912,20190608,,
13459,1036001617,AE1912,20190608,,
13460,1036001618,AE1912,20190608,,
13461,1036001619,AE1912,20190608,,
13462,1036001620,AE1912,20190608,,
13463,1036001621,AE1912,20190608,,
13464,1036001622,AE1912,20190608,,
13465,1036001623,AE1912,20190608,,
13466,1036001624,AE1912,-999,,
13467,1036001801,AE1912,20190609,,
13468,1036001802,AE1912,20190609,,
13469,1036001803,AE1912,20190609,,
13470,1036001804,AE1912,20190609,,
13471,1036001805,AE1912,20190609,,
13472,1036001806,AE1912,20190609,,
13473,1036001807,AE1912,20190609,,
13474,1036001808,AE1912,20190609,,
13475,1036001809,AE1912,20190609,,
13476,1036001810,AE1912,20190609,,
13477,1036001811,AE1912,20190609,,
13478,1036001812,AE1912,20190609,,
13479,1036001813,AE1912,20190609,,
13480,1036001814,AE1912,20190609,,
13481,1036001815,AE1912,20190609,,
13482,1036001816,AE1912,20190609,,
13483,1036001817,AE1912,20190609,,
13484,1036001818,AE1912,20190609,,
13485,1036001819,AE1912,20190609,,
13486,1036001820,AE1912,20190609,,
13487,1036001821,AE1912,20190609,,
13488,1036001822,AE1912,20190609,,
13489,1036001823,AE1912,-999,,
13490,1036001824,AE1912,-999,,
13491,1036001901,AE1912,20190609,V1V2_dada2_read_info_03052026.xlsx,V4_dada2_read_info_03052026.xlsx
13492,1036001902,AE1912,20190609,,
13493,1036001903,AE1912,20190609,V1V2_dada2_read_info_03052026.xlsx,V4_dada2_read_info_03052026.xlsx
13494,1036001904,AE1912,20190609,,
13495,1036001905,AE1912,20190609,V1V2_dada2_read_info_03052026.xlsx,V4_dada2_read_info_03052026.xlsx
13496,1036001906,AE1912,20190609,,
13497,1036001907,AE1912,20190609,V1V2_dada2_read_info_03052026.xlsx,V4_dada2_read_info_03052026.xlsx
13498,1036001908,AE1912,20190609,,
13499,1036001909,AE1912,20190609,V1V2_dada2_read_info_03052026.xlsx,V4_dada2_read_info_03052026.xlsx
13500,1036001910,AE1912,20190609,,
13501,1036001911,AE1912,20190609,V1V2_dada2_read_info_03052026.xlsx,V4_dada2_read_info_03052026.xlsx
13502,1036001912,AE1912,20190609,,
13503,1036001913,AE1912,20190609,V1V2_dada2_read_info_03052026.xlsx,V4_dada2_read_info_03052026.xlsx
13504,1036001914,AE1912,20190609,,
13505,1036001915,AE1912,20190609,V1V2_dada2_read_info_03052026.xlsx,V4_dada2_read_info_03052026.xlsx
13506,1036001916,AE1912,20190609,,
13507,1036001917,AE1912,20190609,V1V2_dada2_read_info_03052026.xlsx,V4_dada2_read_info_03052026.xlsx
13508,1036001918,AE1912,20190609,,
13509,1036001919,AE1912,20190609,V1V2_dada2_read_info_03052026.xlsx,V4_dada2_read_info_03052026.xlsx
13510,1036001920,AE1912,20190609,,
13511,1036001921,AE1912,20190609,V1V2_dada2_read_info_03052026.xlsx,V4_dada2_read_info_03052026.xlsx
13512,1036001922,AE1912,20190609,,
13513,1036001923,AE1912,20190609,V1V2_dada2_read_info_03052026.xlsx,V4_dada2_read_info_03052026.xlsx
13514,1036001924,AE1912,20190609,,
13515,1036100901,AE1917,20190715,,
13516,1036100902,AE1917,20190715,,
13517,1036100903,AE1917,20190715,,
13518,1036100904,AE1917,20190715,,
13519,1036100905,AE1917,20190715,,
13520,1036100906,AE1917,20190715,,
13521,1036100907,AE1917,20190715,,
13522,1036100908,AE1917,20190715,,
13523,1036100909,AE1917,20190715,,
13524,1036100910,AE1917,20190715,,
13525,1036100911,AE1917,20190715,,
13526,1036100912,AE1917,20190715,,
13527,1036100913,AE1917,20190715,,
13528,1036100914,AE1917,20190715,,
13529,1036100915,AE1917,20190715,,
13530,1036100916,AE1917,20190715,,
13531,1036100917,AE1917,20190715,,
13532,1036100918,AE1917,20190715,,
13533,1036100919,AE1917,20190715,,
13534,1036100920,AE1917,20190715,,
13535,1036100921,AE1917,20190715,,
13536,1036100922,AE1917,20190715,,
13537,1036100923,AE1917,20190715,,
13538,1036100924,AE1917,20190715,,
13539,1036101501,AE1917,20190717,,
13540,1036101502,AE1917,20190717,,
13541,1036101503,AE1917,20190717,,
13542,1036101504,AE1917,20190717,,
13543,1036101505,AE1917,20190717,,
13544,1036101506,AE1917,20190717,,
13545,1036101507,AE1917,20190717,,
13546,1036101508,AE1917,20190717,,
13547,1036101509,AE1917,20190717,,
13548,1036101510,AE1917,20190717,,
13549,1036101511,AE1917,20190717,,
13550,1036101512,AE1917,20190717,,
13551,1036101513,AE1917,20190717,,
13552,1036101514,AE1917,20190717,,
13553,1036101515,AE1917,20190717,,
13554,1036101516,AE1917,20190717,,
13555,1036101701,AE1917,20190717,,
13556,1036101702,AE1917,20190717,,
13557,1036101703,AE1917,20190717,,
13558,1036101704,AE1917,20190717,,
13559,1036101705,AE1917,20190717,,
13560,1036101706,AE1917,20190717,,
13561,1036101707,AE1917,20190717,,
13562,1036101708,AE1917,20190717,,
13563,1036101709,AE1917,20190717,,
13564,1036101710,AE1917,20190717,,
13565,1036101711,AE1917,20190717,,
13566,1036101712,AE1917,20190717,,
13567,1036101713,AE1917,20190717,,
13568,1036101714,AE1917,20190717,,
13569,1036101715,AE1917,20190717,,
13570,1036101716,AE1917,20190717,,
13571,1036101717,AE1917,20190717,,
13572,1036101718,AE1917,20190717,,
13573,1036101719,AE1917,20190717,,
13574,1036101720,AE1917,20190717,,
13575,1036101721,AE1917,20190717,,
13576,1036101722,AE1917,20190717,,
13577,1036101723,AE1917,20190717,,
13578,1036101724,AE1917,20190717,,
13579,1036101801,AE1917,20190717,,
13580,1036101802,AE1917,20190717,,
13581,1036101803,AE1917,20190717,,
13582,1036101804,AE1917,20190717,,
13583,1036101805,AE1917,20190717,,
13584,1036101806,AE1917,20190717,,
13585,1036101807,AE1917,20190717,,
13586,1036101808,AE1917,20190717,,
13587,1036101809,AE1917,-999,,
13588,1036101810,AE1917,-999,,
13589,1036101811,AE1917,-999,,
13590,1036101812,AE1917,-999,,
13591,1036101813,AE1917,-999,,
13592,1036101814,AE1917,-999,,
13593,1036101815,AE1917,-999,,
13594,1036101816,AE1917,-999,,
13595,1036101817,AE1917,-999,,
13596,1036101818,AE1917,-999,,
13597,1036101819,AE1917,-999,,
13598,1036101820,AE1917,-999,,
13599,1036101821,AE1917,-999,,
13600,1036101822,AE1917,-999,,
13601,1036101823,AE1917,-999,,
13602,1036101824,AE1917,-999,,
13603,1036101901,AE1917,20190718,V1V2_dada2_read_info_03052026.xlsx,V4_dada2_read_info_03052026.xlsx
13604,1036101902,AE1917,20190718,,
13605,1036101903,AE1917,20190718,,
13606,1036101904,AE1917,20190718,V1V2_dada2_read_info_03052026.xlsx,V4_dada2_read_info_03052026.xlsx
13607,1036101905,AE1917,20190718,,
13608,1036101906,AE1917,20190718,V1V2_dada2_read_info_03052026.xlsx,V4_dada2_read_info_03052026.xlsx
13609,1036101907,AE1917,20190718,,
13610,1036101908,AE1917,20190718,V1V2_dada2_read_info_03052026.xlsx,V4_dada2_read_info_03052026.xlsx
13611,1036101909,AE1917,20190718,,
13612,1036101910,AE1917,20190718,V1V2_dada2_read_info_03052026.xlsx,V4_dada2_read_info_03052026.xlsx
13613,1036101911,AE1917,20190718,V1V2_dada2_read_info_03052026.xlsx,V4_dada2_read_info_03052026.xlsx
13614,1036101912,AE1917,20190718,,
13615,1036101913,AE1917,20190718,,V4_dada2_read_info_03052026.xlsx
13616,1036101914,AE1917,20190718,,
13617,1036101915,AE1917,20190718,V1V2_dada2_read_info_03052026.xlsx,V4_dada2_read_info_03052026.xlsx
13618,1036101916,AE1917,20190718,,
13619,1036101917,AE1917,20190718,,
13620,1036101918,AE1917,20190718,V1V2_dada2_read_info_03052026.xlsx,V4_dada2_read_info_03052026.xlsx
13621,1036101919,AE1917,20190718,V1V2_dada2_read_info_03052026.xlsx,V4_dada2_read_info_03052026.xlsx
13622,1036101920,AE1917,20190718,,
13623,1036101921,AE1917,20190718,V1V2_dada2_read_info_03052026.xlsx,V4_dada2_read_info_03052026.xlsx
13624,1036101922,AE1917,20190718,,
13625,1036101923,AE1917,20190718,V1V2_dada2_read_info_03052026.xlsx,V4_dada2_read_info_03052026.xlsx
13626,1036101924,AE1917,20190718,,
13627,1036200901,AE1921,20190817,,
13628,1036200902,AE1921,20190817,,
13629,1036200903,AE1921,20190817,,
13630,1036200904,AE1921,20190817,,
13631,1036200905,AE1921,20190817,,
13632,1036200906,AE1921,20190817,,
13633,1036200907,AE1921,20190817,,
13634,1036200908,AE1921,20190817,,
13635,1036200909,AE1921,20190817,,
13636,1036200910,AE1921,20190817,,
13637,1036200911,AE1921,20190817,,
13638,1036200912,AE1921,20190817,,
13639,1036200913,AE1921,20190817,,
13640,1036200914,AE1921,20190817,,
13641,1036201001,AE1921,20190818,,
13642,1036201002,AE1921,20190818,,
13643,1036201003,AE1921,20190818,,
13644,1036201004,AE1921,20190818,,
13645,1036201005,AE1921,20190818,,
13646,1036201006,AE1921,20190818,,
13647,1036201007,AE1921,20190818,,
13648,1036201008,AE1921,20190818,,
13649,1036201009,AE1921,20190818,,
13650,1036201010,AE1921,20190818,,
13651,1036201011,AE1921,20190818,,
13652,1036201012,AE1921,20190818,,
13653,1036201013,AE1921,20190818,,
13654,1036201014,AE1921,20190818,,
13655,1036201015,AE1921,20190818,,
13656,1036201016,AE1921,20190818,,
13657,1036201017,AE1921,20190818,,
13658,1036201018,AE1921,20190818,,
13659,1036201019,AE1921,20190818,,
13660,1036201020,AE1921,20190818,,
13661,1036201021,AE1921,20190818,,
13662,1036201022,AE1921,20190818,,
13663,1036201023,AE1921,20190818,,
13664,1036201024,AE1921,20190818,,
13665,1036201201,AE1921,20190819,,
13666,1036201202,AE1921,20190819,,
13667,1036201203,AE1921,20190819,,
13668,1036201204,AE1921,20190819,,
13669,1036201205,AE1921,20190819,,
13670,1036201206,AE1921,20190819,,
13671,1036201207,AE1921,20190819,,
13672,1036201208,AE1921,20190819,,
13673,1036201209,AE1921,20190819,,
13674,1036201210,AE1921,20190819,,
13675,1036201211,AE1921,20190819,,
13676,1036201212,AE1921,20190819,,
13677,1036201213,AE1921,20190819,,
13678,1036201214,AE1921,20190819,,
13679,1036201215,AE1921,20190819,,
13680,1036201216,AE1921,20190819,,
13681,1036201501,AE1921,20190819,,
13682,1036201502,AE1921,20190819,,
13683,1036201503,AE1921,20190819,,
13684,1036201504,AE1921,20190819,,
13685,1036201505,AE1921,20190819,,
13686,1036201506,AE1921,20190819,,
13687,1036201507,AE1921,20190819,,
13688,1036201508,AE1921,20190819,,
13689,1036201509,AE1921,20190819,,
13690,1036201510,AE1921,20190819,,
13691,1036201511,AE1921,20190819,,
13692,1036201512,AE1921,20190819,,
13693,1036201513,AE1921,20190819,,
13694,1036201514,AE1921,20190819,,
13695,1036201515,AE1921,20190819,,
13696,1036201516,AE1921,20190819,,
13697,1036201517,AE1921,20190819,,
13698,1036201518,AE1921,20190819,,
13699,1036201519,AE1921,20190819,,
13700,1036201520,AE1921,20190819,,
13701,1036201521,AE1921,20190819,,
13702,1036201522,AE1921,20190819,,
13703,1036201523,AE1921,20190819,,
13704,1036201524,AE1921,20190819,,
13705,1036201701,AE1921,20190820,,
13706,1036201702,AE1921,-999,,
13707,1036201703,AE1921,-999,,
13708,1036201704,AE1921,20190820,,
13709,1036201705,AE1921,-999,,
13710,1036201706,AE1921,-999,,
13711,1036201707,AE1921,20190820,,
13712,1036201708,AE1921,-999,,
13713,1036201709,AE1921,-999,,
13714,1036201710,AE1921,-999,,
13715,1036201711,AE1921,-999,,
13716,1036201712,AE1921,-999,,
13717,1036201713,AE1921,-999,,
13718,1036201714,AE1921,-999,,
13719,1036201715,AE1921,-999,,
13720,1036201716,AE1921,-999,,
13721,1036201717,AE1921,-999,,
13722,1036201718,AE1921,-999,,
13723,1036201719,AE1921,-999,,
13724,1036201720,AE1921,-999,,
13725,1036201721,AE1921,-999,,
13726,1036201722,AE1921,-999,,
13727,1036201723,AE1921,-999,,
13728,1036201724,AE1921,-999,,
13729,1036202201,AE1921,20190821,V1V2_dada2_read_info_03052026.xlsx,V4_dada2_read_info_03052026.xlsx
13730,1036202202,AE1921,20190821,,
13731,1036202203,AE1921,20190821,V1V2_dada2_read_info_03052026.xlsx,V4_dada2_read_info_03052026.xlsx
13732,1036202204,AE1921,20190821,,
13733,1036202205,AE1921,20190821,V1V2_dada2_read_info_03052026.xlsx,V4_dada2_read_info_03052026.xlsx
