,V1V2data,V4data,bottleID,cruise,id,mtabData
0,V1V2_dada2_read_info_03052026.xlsx,V4_dada2_read_info_03052026.xlsx,1032100301,AE1602,1,
1,,,1032100302,AE1602,2,
2,,,1032100303,AE1602,3,
3,V1V2_dada2_read_info_03052026.xlsx,V4_dada2_read_info_03052026.xlsx,1032100304,AE1602,4,
4,,,1032100305,AE1602,5,
5,V1V2_dada2_read_info_03052026.xlsx,V4_dada2_read_info_03052026.xlsx,1032100306,AE1602,6,
6,,,1032100307,AE1602,7,
7,V1V2_dada2_read_info_03052026.xlsx,V4_dada2_read_info_03052026.xlsx,1032100308,AE1602,8,
8,,,1032100309,AE1602,9,
9,V1V2_dada2_read_info_03052026.xlsx,V4_dada2_read_info_03052026.xlsx,1032100310,AE1602,10,
10,V1V2_dada2_read_info_03052026.xlsx,V4_dada2_read_info_03052026.xlsx,1032100311,AE1602,11,
11,V1V2_dada2_read_info_03052026.xlsx,V4_dada2_read_info_03052026.xlsx,1032100312,AE1602,12,
12,V1V2_dada2_read_info_03052026.xlsx,V4_dada2_read_info_03052026.xlsx,1032100313,AE1602,13,
13,,,1032100314,AE1602,14,
14,V1V2_dada2_read_info_03052026.xlsx,,1032100315,AE1602,15,
15,V1V2_dada2_read_info_03052026.xlsx,,1032100316,AE1602,16,
16,,,1032100317,AE1602,17,
17,V1V2_dada2_read_info_03052026.xlsx,,1032100318,AE1602,18,
18,,,1032100319,AE1602,19,
19,V1V2_dada2_read_info_03052026.xlsx,,1032100320,AE1602,20,
20,,,1032100321,AE1602,21,
21,,,1032100322,AE1602,22,
22,,,1032100323,AE1602,23,
23,,,1032100324,AE1602,24,
24,,,1032100401,AE1602,25,
25,,,1032100402,AE1602,26,
26,,,1032100403,AE1602,27,
27,,,1032100404,AE1602,28,
28,,,1032100405,AE1602,29,
29,,,1032100406,AE1602,30,
30,,,1032100407,AE1602,31,
31,,,1032100408,AE1602,32,
32,,,1032100409,AE1602,33,
33,,,1032100410,AE1602,34,
34,,,1032100411,AE1602,35,
35,,,1032100412,AE1602,36,
36,,,1032100413,AE1602,37,
37,,,1032100414,AE1602,38,
38,,,1032100415,AE1602,39,
39,,,1032100416,AE1602,40,
40,,,1032100417,AE1602,41,
41,,,1032100418,AE1602,42,
42,,,1032100419,AE1602,43,
43,,,1032100420,AE1602,44,
44,,,1032100421,AE1602,45,
45,,,1032100422,AE1602,46,
46,,,1032100423,AE1602,47,
47,,,1032100424,AE1602,48,
48,,,1032100501,AE1602,49,
49,,,1032100502,AE1602,50,
50,,,1032100503,AE1602,51,
51,,,1032100504,AE1602,52,
52,,,1032100505,AE1602,53,
53,,,1032100506,AE1602,54,
54,,,1032100507,AE1602,55,
55,,,1032100508,AE1602,56,
56,,,1032100509,AE1602,57,
57,,,1032100510,AE1602,58,
58,,,1032100511,AE1602,59,
59,,,1032100512,AE1602,60,
60,,,1032100513,AE1602,61,
61,,,1032100514,AE1602,62,
62,,,1032100515,AE1602,63,
63,,,1032100516,AE1602,64,
64,,,1032100517,AE1602,65,
65,,,1032100518,AE1602,66,
66,,,1032100519,AE1602,67,
67,,,1032100520,AE1602,68,
68,,,1032100521,AE1602,69,
69,,,1032100522,AE1602,70,
70,,,1032100523,AE1602,71,
71,,,1032100524,AE1602,72,
72,,,1032100601,AE1602,73,
73,,,1032100602,AE1602,74,
74,,,1032100603,AE1602,75,
75,,,1032100604,AE1602,76,
76,,,1032100605,AE1602,77,
77,,,1032100606,AE1602,78,
78,,,1032100607,AE1602,79,
79,,,1032100608,AE1602,80,
80,,,1032100609,AE1602,81,
81,,,1032100610,AE1602,82,
82,,,1032100611,AE1602,83,
83,,,1032100612,AE1602,84,
84,,,1032100613,AE1602,85,
85,,,1032100614,AE1602,86,
86,,,1032100615,AE1602,87,
87,,,1032100616,AE1602,88,
88,,,1032100617,AE1602,89,
89,,,1032100618,AE1602,90,
90,,,1032100619,AE1602,91,
91,,,1032100620,AE1602,92,
92,,,1032100621,AE1602,93,
93,,,1032100622,AE1602,94,
94,,,1032100623,AE1602,95,
95,,,1032100624,AE1602,96,
96,,,1032100801,AE1602,97,
97,,,1032100802,AE1602,98,
98,,,1032100803,AE1602,99,
99,,,1032100804,AE1602,100,
100,,,1032100805,AE1602,101,
101,,,1032100806,AE1602,102,
102,,,1032100807,AE1602,103,
103,,,1032100808,AE1602,104,
104,,,1032100809,AE1602,105,
105,,,1032100810,AE1602,106,
106,,,1032100811,AE1602,107,
107,,,1032100812,AE1602,108,
108,,,1032100813,AE1602,109,
109,,,1032100814,AE1602,110,
110,,,1032100815,AE1602,111,
111,,,1032100816,AE1602,112,
112,,,1032100817,AE1602,113,
113,,,1032100818,AE1602,114,
114,,,1032100819,AE1602,115,
115,,,1032100820,AE1602,116,
116,,,1032100821,AE1602,117,
117,,,1032100822,AE1602,118,
118,,,1032100823,AE1602,119,
119,,,1032100824,AE1602,120,
120,,,1032100901,AE1602,121,
121,,,1032100902,AE1602,122,
122,,,1032100903,AE1602,123,
123,,,1032100904,AE1602,124,
124,,,1032100905,AE1602,125,
125,,,1032100906,AE1602,126,
126,,,1032100907,AE1602,127,
127,,,1032100908,AE1602,128,
128,,,1032100909,AE1602,129,
129,,,1032100910,AE1602,130,
130,,,1032100911,AE1602,131,
131,,,1032100912,AE1602,132,
132,,,1032100913,AE1602,133,
133,,,1032100914,AE1602,134,
134,,,1032100915,AE1602,135,
135,,,1032100916,AE1602,136,
136,,,1032100917,AE1602,137,
137,,,1032100918,AE1602,138,
138,,,1032100919,AE1602,139,
139,,,1032100920,AE1602,140,
140,,,1032100921,AE1602,141,
141,,,1032100922,AE1602,142,
142,,,1032100923,AE1602,143,
143,,,1032100924,AE1602,144,
144,,,1032101101,AE1602,145,
145,,,1032101102,AE1602,146,
146,,,1032101103,AE1602,147,
147,,,1032101104,AE1602,148,
148,,,1032101105,AE1602,149,
149,,,1032101106,AE1602,150,
150,,,1032101107,AE1602,151,
151,,,1032101108,AE1602,152,
152,,,1032101109,AE1602,153,
153,,,1032101110,AE1602,154,
154,,,1032101111,AE1602,155,
155,,,1032101112,AE1602,156,
156,,,1032101113,AE1602,157,
157,,,1032101114,AE1602,158,
158,,,1032101115,AE1602,159,
159,,,1032101116,AE1602,160,
160,,,1032101117,AE1602,161,
161,,,1032101118,AE1602,162,
162,,,1032101119,AE1602,163,
163,,,1032101120,AE1602,164,
164,,,1032101121,AE1602,165,
165,,,1032101122,AE1602,166,
166,,,1032101123,AE1602,167,
167,,,1032101124,AE1602,168,
168,,,1032101201,AE1602,169,
169,,,1032101202,AE1602,170,
170,,,1032101203,AE1602,171,
171,,,1032101204,AE1602,172,
172,,,1032101205,AE1602,173,
173,,,1032101206,AE1602,174,
174,,,1032101207,AE1602,175,
175,,,1032101208,AE1602,176,
176,,,1032101209,AE1602,177,
177,,,1032101210,AE1602,178,
178,,,1032101211,AE1602,179,
179,,,1032101212,AE1602,180,
180,,,1032101213,AE1602,181,
181,,,1032101214,AE1602,182,
182,,,1032101215,AE1602,183,
183,,,1032101216,AE1602,184,
184,,,1032101217,AE1602,185,
185,,,1032101218,AE1602,186,
186,,,1032101219,AE1602,187,
187,,,1032101220,AE1602,188,
188,,,1032101221,AE1602,189,
189,,,1032101222,AE1602,190,
190,,,1032101223,AE1602,191,
191,,,1032101224,AE1602,192,
192,,,1032101301,AE1602,193,
193,,,1032101302,AE1602,194,
194,,,1032101303,AE1602,195,
195,,,1032101304,AE1602,196,
196,,,1032101305,AE1602,197,
197,,,1032101306,AE1602,198,
198,,,1032101307,AE1602,199,
199,,,1032101308,AE1602,200,
200,,,1032101309,AE1602,201,
201,,,1032101310,AE1602,202,
202,,,1032101311,AE1602,203,
203,,,1032101312,AE1602,204,
204,,,1032101313,AE1602,205,
205,,,1032101314,AE1602,206,
206,,,1032101315,AE1602,207,
207,,,1032101316,AE1602,208,
208,,,1032101317,AE1602,209,
209,,,1032101318,AE1602,210,
210,,,1032101319,AE1602,211,
211,,,1032101320,AE1602,212,
212,,,1032101321,AE1602,213,
213,,,1032101322,AE1602,214,
214,,,1032101323,AE1602,215,
215,,,1032101324,AE1602,216,
216,,,1032101401,AE1602,217,
217,,,1032101402,AE1602,218,
218,,,1032101403,AE1602,219,
219,,,1032101404,AE1602,220,
220,,,1032101405,AE1602,221,
221,,,1032101406,AE1602,222,
222,,,1032101407,AE1602,223,
223,,,1032101408,AE1602,224,
224,,,1032101409,AE1602,225,
225,,,1032101410,AE1602,226,
226,,,1032101411,AE1602,227,
227,,,1032101412,AE1602,228,
228,,,1032101413,AE1602,229,
229,,,1032101414,AE1602,230,
230,,,1032101415,AE1602,231,
231,,,1032101416,AE1602,232,
232,,,1032101417,AE1602,233,
233,,,1032101418,AE1602,234,
234,,,1032101419,AE1602,235,
235,,,1032101420,AE1602,236,
236,,,1032101421,AE1602,237,
237,,,1032101422,AE1602,238,
238,,,1032101423,AE1602,239,
239,,,1032101424,AE1602,240,
240,,,1032101501,AE1602,241,
241,,,1032101502,AE1602,242,
242,,,1032101503,AE1602,243,
243,,,1032101504,AE1602,244,
244,,,1032101505,AE1602,245,
245,,,1032101506,AE1602,246,
246,,,1032101507,AE1602,247,
247,,,1032101508,AE1602,248,
248,,,1032101509,AE1602,249,
249,,,1032101510,AE1602,250,
250,,,1032101511,AE1602,251,
251,,,1032101512,AE1602,252,
252,,,1032101513,AE1602,253,
253,,,1032101514,AE1602,254,
254,,,1032101515,AE1602,255,
255,,,1032101516,AE1602,256,
256,,,1032101517,AE1602,257,
257,,,1032101518,AE1602,258,
258,,,1032101519,AE1602,259,
259,,,1032101520,AE1602,260,
260,,,1032101521,AE1602,261,
261,,,1032101522,AE1602,262,
262,,,1032101523,AE1602,263,
263,,,1032101524,AE1602,264,
264,,,1032200301,AE1603,265,
265,,,1032200302,AE1603,266,
266,,,1032200303,AE1603,267,
267,,,1032200304,AE1603,268,
268,,,1032200305,AE1603,269,
269,,,1032200306,AE1603,270,
270,,,1032200307,AE1603,271,
271,,,1032200308,AE1603,272,
272,,,1032200309,AE1603,273,
273,,,1032200310,AE1603,274,
274,,,1032200311,AE1603,275,
275,,,1032200312,AE1603,276,
276,,,1032200313,AE1603,277,
277,,,1032200314,AE1603,278,
278,,,1032200315,AE1603,279,
279,,,1032200316,AE1603,280,
280,,,1032200317,AE1603,281,
281,,,1032200318,AE1603,282,
282,,,1032200319,AE1603,283,
283,,,1032200320,AE1603,284,
284,,,1032200321,AE1603,285,
285,,,1032200322,AE1603,286,
286,,,1032200323,AE1603,287,
287,,,1032200324,AE1603,288,
288,,,1032200401,AE1603,289,
289,,,1032200402,AE1603,290,
290,,,1032200403,AE1603,291,
291,,,1032200404,AE1603,292,
292,,,1032200405,AE1603,293,
293,,,1032200406,AE1603,294,
294,,,1032200407,AE1603,295,
295,,,1032200408,AE1603,296,
296,,,1032200409,AE1603,297,
297,,,1032200410,AE1603,298,
298,,,1032200411,AE1603,299,
299,,,1032200412,AE1603,300,
300,,,1032200413,AE1603,301,
301,,,1032200414,AE1603,302,
302,,,1032200415,AE1603,303,
303,,,1032200416,AE1603,304,
304,,,1032200417,AE1603,305,
305,,,1032200418,AE1603,306,
306,,,1032200419,AE1603,307,
307,,,1032200420,AE1603,308,
308,,,1032200421,AE1603,309,
309,,,1032200422,AE1603,310,
310,,,1032200423,AE1603,311,
311,,,1032200424,AE1603,312,
312,,,1032200501,AE1603,313,
313,,,1032200502,AE1603,314,
314,,,1032200503,AE1603,315,
315,,,1032200504,AE1603,316,
316,,,1032200505,AE1603,317,
317,,,1032200506,AE1603,318,
318,,,1032200507,AE1603,319,
319,,,1032200508,AE1603,320,
320,,,1032200509,AE1603,321,
321,,,1032200510,AE1603,322,
322,,,1032200511,AE1603,323,
323,,,1032200512,AE1603,324,
324,,,1032200513,AE1603,325,
325,,,1032200514,AE1603,326,
326,,,1032200515,AE1603,327,
327,,,1032200516,AE1603,328,
328,,,1032200517,AE1603,329,
329,,,1032200518,AE1603,330,
330,,,1032200519,AE1603,331,
331,,,1032200520,AE1603,332,
332,,,1032200521,AE1603,333,
333,,,1032200522,AE1603,334,
334,,,1032200523,AE1603,335,
335,,,1032200524,AE1603,336,
336,,,1032200601,AE1603,337,
337,,,1032200602,AE1603,338,
338,,,1032200603,AE1603,339,
339,,,1032200604,AE1603,340,
340,,,1032200605,AE1603,341,
341,,,1032200606,AE1603,342,
342,,,1032200607,AE1603,343,
343,,,1032200608,AE1603,344,
344,,,1032200609,AE1603,345,
345,,,1032200610,AE1603,346,
346,,,1032200611,AE1603,347,
347,,,1032200612,AE1603,348,
348,,,1032200613,AE1603,349,
349,,,1032200614,AE1603,350,
350,,,1032200615,AE1603,351,
351,,,1032200616,AE1603,352,
352,,,1032200617,AE1603,353,
353,,,1032200618,AE1603,354,
354,,,1032200619,AE1603,355,
355,,,1032200620,AE1603,356,
356,,,1032200621,AE1603,357,
357,,,1032200622,AE1603,358,
358,,,1032200623,AE1603,359,
359,,,1032200624,AE1603,360,
360,V1V2_dada2_read_info_03052026.xlsx,V4_dada2_read_info_03052026.xlsx,1032200701,AE1603,361,
361,,,1032200702,AE1603,362,
362,,,1032200703,AE1603,363,
363,V1V2_dada2_read_info_03052026.xlsx,V4_dada2_read_info_03052026.xlsx,1032200704,AE1603,364,
364,,,1032200705,AE1603,365,
365,V1V2_dada2_read_info_03052026.xlsx,V4_dada2_read_info_03052026.xlsx,1032200706,AE1603,366,
366,,,1032200707,AE1603,367,
367,V1V2_dada2_read_info_03052026.xlsx,V4_dada2_read_info_03052026.xlsx,1032200708,AE1603,368,
368,,,1032200709,AE1603,369,
369,V1V2_dada2_read_info_03052026.xlsx,V4_dada2_read_info_03052026.xlsx,1032200710,AE1603,370,
370,V1V2_dada2_read_info_03052026.xlsx,V4_dada2_read_info_03052026.xlsx,1032200711,AE1603,371,
371,V1V2_dada2_read_info_03052026.xlsx,V4_dada2_read_info_03052026.xlsx,1032200712,AE1603,372,
372,V1V2_dada2_read_info_03052026.xlsx,V4_dada2_read_info_03052026.xlsx,1032200713,AE1603,373,
373,,,1032200714,AE1603,374,
374,,,1032200715,AE1603,375,
375,,,1032200716,AE1603,376,
376,V1V2_dada2_read_info_03052026.xlsx,,1032200717,AE1603,377,
377,,,1032200718,AE1603,378,
378,V1V2_dada2_read_info_03052026.xlsx,,1032200719,AE1603,379,
379,,,1032200720,AE1603,380,
380,V1V2_dada2_read_info_03052026.xlsx,,1032200721,AE1603,381,
381,,,1032200722,AE1603,382,
382,V1V2_dada2_read_info_03052026.xlsx,,1032200723,AE1603,383,
383,,,1032200724,AE1603,384,
384,,,1032200801,AE1603,385,
385,,,1032200802,AE1603,386,
386,,,1032200803,AE1603,387,
387,,,1032200804,AE1603,388,
388,,,1032200805,AE1603,389,
389,,,1032200806,AE1603,390,
390,,,1032200807,AE1603,391,
391,,,1032200808,AE1603,392,
392,,,1032200809,AE1603,393,
393,,,1032200810,AE1603,394,
394,,,1032200811,AE1603,395,
395,,,1032200812,AE1603,396,
396,,,1032200813,AE1603,397,
397,,,1032200814,AE1603,398,
398,,,1032200815,AE1603,399,
399,,,1032200816,AE1603,400,
400,,,1032200817,AE1603,401,
401,,,1032200818,AE1603,402,
402,,,1032200819,AE1603,403,
403,,,1032200820,AE1603,404,
404,,,1032200821,AE1603,405,
405,,,1032200822,AE1603,406,
406,,,1032200823,AE1603,407,
407,,,1032200824,AE1603,408,
408,,,1032200901,AE1603,409,
409,,,1032200902,AE1603,410,
410,,,1032200903,AE1603,411,
411,,,1032200904,AE1603,412,
412,,,1032200905,AE1603,413,
413,,,1032200906,AE1603,414,
414,,,1032200907,AE1603,415,
415,,,1032200908,AE1603,416,
416,,,1032200909,AE1603,417,
417,,,1032200910,AE1603,418,
418,,,1032200911,AE1603,419,
419,,,1032200912,AE1603,420,
420,,,1032200913,AE1603,421,
421,,,1032200914,AE1603,422,
422,,,1032200915,AE1603,423,
423,,,1032200916,AE1603,424,
424,,,1032200917,AE1603,425,
425,,,1032200918,AE1603,426,
426,,,1032200919,AE1603,427,
427,,,1032200920,AE1603,428,
428,,,1032200921,AE1603,429,
429,,,1032200922,AE1603,430,
430,,,1032200923,AE1603,431,
431,,,1032200924,AE1603,432,
432,,,1032300301,AE1605,433,
433,,,1032300302,AE1605,434,
434,,,1032300303,AE1605,435,
435,,,1032300304,AE1605,436,
436,,,1032300305,AE1605,437,
437,,,1032300306,AE1605,438,
438,,,1032300307,AE1605,439,
439,,,1032300308,AE1605,440,
440,,,1032300309,AE1605,441,
441,,,1032300310,AE1605,442,
442,,,1032300311,AE1605,443,
443,,,1032300312,AE1605,444,
444,,,1032300313,AE1605,445,
445,,,1032300314,AE1605,446,
446,,,1032300315,AE1605,447,
447,,,1032300316,AE1605,448,
448,,,1032300317,AE1605,449,
449,,,1032300318,AE1605,450,
450,,,1032300319,AE1605,451,
451,,,1032300320,AE1605,452,
452,,,1032300321,AE1605,453,
453,,,1032300322,AE1605,454,
454,,,1032300323,AE1605,455,
455,,,1032300324,AE1605,456,
456,,,1032300401,AE1605,457,
457,,,1032300402,AE1605,458,
458,,,1032300403,AE1605,459,
459,,,1032300404,AE1605,460,
460,,,1032300405,AE1605,461,
461,,,1032300406,AE1605,462,
462,,,1032300407,AE1605,463,
463,,,1032300408,AE1605,464,
464,,,1032300409,AE1605,465,
465,,,1032300410,AE1605,466,
466,,,1032300411,AE1605,467,
467,,,1032300412,AE1605,468,
468,,,1032300413,AE1605,469,
469,,,1032300414,AE1605,470,
470,,,1032300415,AE1605,471,
471,,,1032300416,AE1605,472,
472,,,1032300417,AE1605,473,
473,,,1032300418,AE1605,474,
474,,,1032300419,AE1605,475,
475,,,1032300420,AE1605,476,
476,,,1032300421,AE1605,477,
477,,,1032300422,AE1605,478,
478,,,1032300423,AE1605,479,
479,,,1032300424,AE1605,480,
480,,,1032300501,AE1605,481,
481,,,1032300502,AE1605,482,
482,,,1032300503,AE1605,483,
483,,,1032300504,AE1605,484,
484,,,1032300505,AE1605,485,
485,,,1032300506,AE1605,486,
486,,,1032300507,AE1605,487,
487,,,1032300508,AE1605,488,
488,,,1032300509,AE1605,489,
489,,,1032300510,AE1605,490,
490,,,1032300511,AE1605,491,
491,,,1032300512,AE1605,492,
492,,,1032300513,AE1605,493,
493,,,1032300514,AE1605,494,
494,,,1032300515,AE1605,495,
495,,,1032300516,AE1605,496,
496,,,1032300517,AE1605,497,
497,,,1032300518,AE1605,498,
498,,,1032300519,AE1605,499,
499,,,1032300520,AE1605,500,
500,,,1032300521,AE1605,501,
501,,,1032300522,AE1605,502,
502,,,1032300523,AE1605,503,
503,,,1032300524,AE1605,504,
504,,,1032300701,AE1605,505,
505,,,1032300702,AE1605,506,
506,,,1032300703,AE1605,507,
507,,,1032300704,AE1605,508,
508,,,1032300705,AE1605,509,
509,,,1032300706,AE1605,510,
510,,,1032300707,AE1605,511,
511,,,1032300708,AE1605,512,
512,,,1032300709,AE1605,513,
513,,,1032300710,AE1605,514,
514,,,1032300711,AE1605,515,
515,,,1032300712,AE1605,516,
516,,,1032300713,AE1605,517,
517,,,1032300714,AE1605,518,
518,,,1032300715,AE1605,519,
519,,,1032300716,AE1605,520,
520,,,1032300717,AE1605,521,
521,,,1032300718,AE1605,522,
522,,,1032300719,AE1605,523,
523,,,1032300720,AE1605,524,
524,,,1032300721,AE1605,525,
525,,,1032300722,AE1605,526,
526,,,1032300723,AE1605,527,
527,,,1032300724,AE1605,528,
528,,,1032300801,AE1605,529,
529,,,1032300802,AE1605,530,
530,,,1032300803,AE1605,531,
531,,,1032300804,AE1605,532,
532,,,1032300805,AE1605,533,
533,,,1032300806,AE1605,534,
534,,,1032300807,AE1605,535,
535,,,1032300808,AE1605,536,
536,,,1032300809,AE1605,537,
537,,,1032300810,AE1605,538,
538,,,1032300811,AE1605,539,
539,,,1032300812,AE1605,540,
540,,,1032300813,AE1605,541,
541,,,1032300814,AE1605,542,
542,,,1032300815,AE1605,543,
543,,,1032300816,AE1605,544,
544,,,1032300817,AE1605,545,
545,,,1032300818,AE1605,546,
546,,,1032300819,AE1605,547,
547,,,1032300820,AE1605,548,
548,,,1032300821,AE1605,549,
549,,,1032300822,AE1605,550,
550,,,1032300823,AE1605,551,
551,,,1032300824,AE1605,552,
552,,,1032300901,AE1605,553,
553,,,1032300902,AE1605,554,
554,,,1032300903,AE1605,555,
555,,,1032300904,AE1605,556,
556,,,1032300905,AE1605,557,
557,,,1032300906,AE1605,558,
558,,,1032300907,AE1605,559,
559,,,1032300908,AE1605,560,
560,,,1032300909,AE1605,561,
561,,,1032300910,AE1605,562,
562,,,1032300911,AE1605,563,
563,,,1032300912,AE1605,564,
564,,,1032300913,AE1605,565,
565,,,1032300914,AE1605,566,
566,,,1032300915,AE1605,567,
567,,,1032300916,AE1605,568,
568,,,1032300917,AE1605,569,
569,,,1032300918,AE1605,570,
570,,,1032300919,AE1605,571,
571,,,1032300920,AE1605,572,
572,,,1032300921,AE1605,573,
573,,,1032300922,AE1605,574,
574,,,1032300923,AE1605,575,
575,,,1032300924,AE1605,576,
576,,,1032301101,AE1605,577,
577,,,1032301102,AE1605,578,
578,,,1032301103,AE1605,579,
579,,,1032301104,AE1605,580,
580,,,1032301105,AE1605,581,
581,,,1032301106,AE1605,582,
582,,,1032301107,AE1605,583,
583,,,1032301108,AE1605,584,
584,,,1032301109,AE1605,585,
585,,,1032301110,AE1605,586,
586,,,1032301111,AE1605,587,
587,,,1032301112,AE1605,588,
588,,,1032301113,AE1605,589,
589,,,1032301114,AE1605,590,
590,,,1032301115,AE1605,591,
591,,,1032301116,AE1605,592,
592,,,1032301117,AE1605,593,
593,,,1032301118,AE1605,594,
594,,,1032301119,AE1605,595,
595,,,1032301120,AE1605,596,
596,,,1032301121,AE1605,597,
597,,,1032301122,AE1605,598,
598,,,1032301123,AE1605,599,
599,,,1032301124,AE1605,600,
600,,,1032301201,AE1605,601,
601,,,1032301202,AE1605,602,
602,,,1032301203,AE1605,603,
603,,,1032301204,AE1605,604,
604,,,1032301205,AE1605,605,
605,,,1032301206,AE1605,606,
606,,,1032301207,AE1605,607,
607,,,1032301208,AE1605,608,
608,,,1032301209,AE1605,609,
609,,,1032301210,AE1605,610,
610,,,1032301211,AE1605,611,
611,,,1032301212,AE1605,612,
612,,,1032301213,AE1605,613,
613,,,1032301214,AE1605,614,
614,,,1032301215,AE1605,615,
615,,,1032301216,AE1605,616,
616,,,1032301217,AE1605,617,
617,,,1032301218,AE1605,618,
618,,,1032301219,AE1605,619,
619,,,1032301220,AE1605,620,
620,,,1032301221,AE1605,621,
621,,,1032301222,AE1605,622,
622,,,1032301223,AE1605,623,
623,,,1032301224,AE1605,624,
624,,,1032301501,AE1605,625,
625,,,1032301502,AE1605,626,
626,,,1032301503,AE1605,627,
627,,,1032301504,AE1605,628,
628,,,1032301505,AE1605,629,
629,,,1032301506,AE1605,630,
630,,,1032301507,AE1605,631,
631,,,1032301508,AE1605,632,
632,,,1032301509,AE1605,633,
633,,,1032301510,AE1605,634,
634,,,1032301511,AE1605,635,
635,,,1032301512,AE1605,636,
636,,,1032301513,AE1605,637,
637,,,1032301514,AE1605,638,
638,,,1032301515,AE1605,639,
639,,,1032301516,AE1605,640,
640,,,1032301517,AE1605,641,
641,,,1032301518,AE1605,642,
642,,,1032301519,AE1605,643,
643,,,1032301520,AE1605,644,
644,,,1032301521,AE1605,645,
645,,,1032301522,AE1605,646,
646,,,1032301523,AE1605,647,
647,,,1032301524,AE1605,648,
648,,,1032301601,AE1605,649,
649,,,1032301602,AE1605,650,
650,,,1032301603,AE1605,651,
651,,,1032301604,AE1605,652,
652,,,1032301605,AE1605,653,
653,,,1032301606,AE1605,654,
654,,,1032301607,AE1605,655,
655,,,1032301608,AE1605,656,
656,,,1032301609,AE1605,657,
657,,,1032301610,AE1605,658,
658,,,1032301611,AE1605,659,
659,,,1032301612,AE1605,660,
660,,,1032301613,AE1605,661,
661,,,1032301614,AE1605,662,
662,,,1032301615,AE1605,663,
663,,,1032301616,AE1605,664,
664,,,1032301617,AE1605,665,
665,,,1032301618,AE1605,666,
666,,,1032301619,AE1605,667,
667,,,1032301620,AE1605,668,
668,,,1032301621,AE1605,669,
669,,,1032301622,AE1605,670,
670,,,1032301623,AE1605,671,
671,,,1032301624,AE1605,672,
672,,,1032301701,AE1605,673,
673,,,1032301702,AE1605,674,
674,,,1032301703,AE1605,675,
675,,,1032301704,AE1605,676,
676,,,1032301705,AE1605,677,
677,,,1032301706,AE1605,678,
678,,,1032301707,AE1605,679,
679,,,1032301708,AE1605,680,
680,,,1032301709,AE1605,681,
681,,,1032301710,AE1605,682,
682,,,1032301711,AE1605,683,
683,,,1032301712,AE1605,684,
684,,,1032301713,AE1605,685,
685,,,1032301714,AE1605,686,
686,,,1032301715,AE1605,687,
687,,,1032301716,AE1605,688,
688,,,1032301717,AE1605,689,
689,,,1032301718,AE1605,690,
690,,,1032301719,AE1605,691,
691,,,1032301720,AE1605,692,
692,,,1032301721,AE1605,693,
693,,,1032301722,AE1605,694,
694,,,1032301723,AE1605,695,
695,,,1032301724,AE1605,696,
696,,,1032301801,AE1605,697,
697,,,1032301802,AE1605,698,
698,,,1032301803,AE1605,699,
699,,,1032301804,AE1605,700,
700,,,1032301805,AE1605,701,
701,,,1032301806,AE1605,702,
702,,,1032301807,AE1605,703,
703,,,1032301808,AE1605,704,
704,,,1032301809,AE1605,705,
705,,,1032301810,AE1605,706,
706,,,1032301811,AE1605,707,
707,,,1032301812,AE1605,708,
708,,,1032301813,AE1605,709,
709,,,1032301814,AE1605,710,
710,,,1032301815,AE1605,711,
711,,,1032301816,AE1605,712,
712,,,1032301817,AE1605,713,
713,,,1032301818,AE1605,714,
714,,,1032301819,AE1605,715,
715,,,1032301820,AE1605,716,
716,,,1032301821,AE1605,717,
717,,,1032301822,AE1605,718,
718,,,1032301823,AE1605,719,
719,,,1032301824,AE1605,720,
720,,,1032301901,AE1605,721,
721,,,1032301902,AE1605,722,
722,,,1032301903,AE1605,723,
723,,,1032301904,AE1605,724,
724,,,1032301905,AE1605,725,
725,,,1032301906,AE1605,726,
726,,,1032301907,AE1605,727,
727,,,1032301908,AE1605,728,
728,,,1032301909,AE1605,729,
729,,,1032301910,AE1605,730,
730,,,1032301911,AE1605,731,
731,,,1032301912,AE1605,732,
732,,,1032301913,AE1605,733,
733,,,1032301914,AE1605,734,
734,,,1032301915,AE1605,735,
735,,,1032301916,AE1605,736,
736,,,1032301917,AE1605,737,
737,,,1032301918,AE1605,738,
738,,,1032301919,AE1605,739,
739,,,1032301920,AE1605,740,
740,,,1032301921,AE1605,741,
741,,,1032301922,AE1605,742,
742,,,1032301923,AE1605,743,
743,,,1032301924,AE1605,744,
744,,,1032302001,AE1605,745,
745,,,1032302002,AE1605,746,
746,,,1032302003,AE1605,747,
747,,,1032302004,AE1605,748,
748,,,1032302005,AE1605,749,
749,,,1032302006,AE1605,750,
750,,,1032302007,AE1605,751,
751,,,1032302008,AE1605,752,
752,,,1032302009,AE1605,753,
753,,,1032302010,AE1605,754,
754,,,1032302011,AE1605,755,
755,,,1032302012,AE1605,756,
756,,,1032302013,AE1605,757,
757,,,1032302014,AE1605,758,
758,,,1032302015,AE1605,759,
759,,,1032302016,AE1605,760,
760,,,1032302017,AE1605,761,
761,,,1032302018,AE1605,762,
762,,,1032302019,AE1605,763,
763,,,1032302020,AE1605,764,
764,,,1032302021,AE1605,765,
765,,,1032302022,AE1605,766,
766,,,1032302023,AE1605,767,
767,,,1032302024,AE1605,768,
768,,,1032400101,AE1608,769,
769,,,1032400102,AE1608,770,
770,,,1032400103,AE1608,771,
771,,,1032400104,AE1608,772,
772,,,1032400105,AE1608,773,
773,,,1032400106,AE1608,774,
774,,,1032400107,AE1608,775,
775,,,1032400108,AE1608,776,
776,,,1032400109,AE1608,777,
777,,,1032400110,AE1608,778,
778,,,1032400111,AE1608,779,
779,,,1032400112,AE1608,780,
780,,,1032400113,AE1608,781,
781,,,1032400114,AE1608,782,
782,,,1032400115,AE1608,783,
783,,,1032400116,AE1608,784,
784,,,1032400117,AE1608,785,
785,,,1032400118,AE1608,786,
786,,,1032400119,AE1608,787,
787,,,1032400120,AE1608,788,
788,,,1032400121,AE1608,789,
789,,,1032400122,AE1608,790,
790,,,1032400123,AE1608,791,
791,,,1032400124,AE1608,792,
792,,,1032400201,AE1608,793,
793,,,1032400202,AE1608,794,
794,,,1032400203,AE1608,795,
795,,,1032400204,AE1608,796,
796,,,1032400205,AE1608,797,
797,,,1032400206,AE1608,798,
798,,,1032400207,AE1608,799,
799,,,1032400208,AE1608,800,
800,,,1032400209,AE1608,801,
801,,,1032400210,AE1608,802,
802,,,1032400211,AE1608,803,
803,,,1032400212,AE1608,804,
804,,,1032400213,AE1608,805,
805,,,1032400214,AE1608,806,
806,,,1032400215,AE1608,807,
807,,,1032400216,AE1608,808,
808,,,1032400217,AE1608,809,
809,,,1032400218,AE1608,810,
810,,,1032400219,AE1608,811,
811,,,1032400220,AE1608,812,
812,,,1032400221,AE1608,813,
813,,,1032400222,AE1608,814,
814,,,1032400223,AE1608,815,
815,,,1032400224,AE1608,816,
816,,,1032400301,AE1608,817,
817,,,1032400302,AE1608,818,
818,,,1032400303,AE1608,819,
819,,,1032400304,AE1608,820,
820,,,1032400305,AE1608,821,
821,,,1032400306,AE1608,822,
822,,,1032400307,AE1608,823,
823,,,1032400308,AE1608,824,
824,,,1032400309,AE1608,825,
825,,,1032400310,AE1608,826,
826,,,1032400311,AE1608,827,
827,,,1032400312,AE1608,828,
828,,,1032400313,AE1608,829,
829,,,1032400314,AE1608,830,
830,,,1032400315,AE1608,831,
831,,,1032400316,AE1608,832,
832,,,1032400317,AE1608,833,
833,,,1032400318,AE1608,834,
834,,,1032400319,AE1608,835,
835,,,1032400320,AE1608,836,
836,,,1032400321,AE1608,837,
837,,,1032400322,AE1608,838,
838,,,1032400323,AE1608,839,
839,,,1032400324,AE1608,840,
840,,,1032400401,AE1608,841,
841,,,1032400402,AE1608,842,
842,,,1032400403,AE1608,843,
843,,,1032400404,AE1608,844,
844,,,1032400405,AE1608,845,
845,,,1032400406,AE1608,846,
846,,,1032400407,AE1608,847,
847,,,1032400408,AE1608,848,
848,,,1032400409,AE1608,849,
849,,,1032400410,AE1608,850,
850,,,1032400411,AE1608,851,
851,,,1032400412,AE1608,852,
852,,,1032400413,AE1608,853,
853,,,1032400414,AE1608,854,
854,,,1032400415,AE1608,855,
855,,,1032400416,AE1608,856,
856,,,1032400417,AE1608,857,
857,,,1032400418,AE1608,858,
858,,,1032400419,AE1608,859,
859,,,1032400420,AE1608,860,
860,,,1032400421,AE1608,861,
861,,,1032400422,AE1608,862,
862,,,1032400423,AE1608,863,
863,,,1032400424,AE1608,864,
864,,,1032400501,AE1608,865,
865,,,1032400502,AE1608,866,
866,,,1032400503,AE1608,867,
867,,,1032400504,AE1608,868,
868,,,1032400505,AE1608,869,
869,,,1032400506,AE1608,870,
870,,,1032400507,AE1608,871,
871,,,1032400508,AE1608,872,
872,,,1032400509,AE1608,873,
873,,,1032400510,AE1608,874,
874,,,1032400511,AE1608,875,
875,,,1032400512,AE1608,876,
876,,,1032400513,AE1608,877,
877,,,1032400514,AE1608,878,
878,,,1032400515,AE1608,879,
879,,,1032400516,AE1608,880,
880,,,1032400517,AE1608,881,
881,,,1032400518,AE1608,882,
882,,,1032400519,AE1608,883,
883,,,1032400520,AE1608,884,
884,,,1032400521,AE1608,885,
885,,,1032400522,AE1608,886,
886,,,1032400523,AE1608,887,
887,,,1032400524,AE1608,888,
888,,,1032400601,AE1608,889,
889,,,1032400602,AE1608,890,
890,,,1032400603,AE1608,891,
891,,,1032400604,AE1608,892,
892,,,1032400605,AE1608,893,
893,,,1032400606,AE1608,894,
894,,,1032400607,AE1608,895,
895,,,1032400608,AE1608,896,
896,,,1032400609,AE1608,897,
897,,,1032400610,AE1608,898,
898,,,1032400611,AE1608,899,
899,,,1032400612,AE1608,900,
900,,,1032400613,AE1608,901,
901,,,1032400614,AE1608,902,
902,,,1032400615,AE1608,903,
903,,,1032400616,AE1608,904,
904,,,1032400617,AE1608,905,
905,,,1032400618,AE1608,906,
906,,,1032400619,AE1608,907,
907,,,1032400620,AE1608,908,
908,,,1032400621,AE1608,909,
909,,,1032400622,AE1608,910,
910,,,1032400623,AE1608,911,
911,,,1032400624,AE1608,912,
912,,,1032400701,AE1608,913,
913,,,1032400702,AE1608,914,
914,,,1032400703,AE1608,915,
915,,,1032400704,AE1608,916,
916,,,1032400705,AE1608,917,
917,,,1032400706,AE1608,918,
918,,,1032400707,AE1608,919,
919,,,1032400708,AE1608,920,
920,,,1032400709,AE1608,921,
921,,,1032400710,AE1608,922,
922,,,1032400711,AE1608,923,
923,,,1032400712,AE1608,924,
924,,,1032400713,AE1608,925,
925,,,1032400714,AE1608,926,
926,,,1032400715,AE1608,927,
927,,,1032400716,AE1608,928,
928,,,1032400717,AE1608,929,
929,,,1032400718,AE1608,930,
930,,,1032400719,AE1608,931,
931,,,1032400720,AE1608,932,
932,,,1032400721,AE1608,933,
933,,,1032400722,AE1608,934,
934,,,1032400723,AE1608,935,
935,,,1032400724,AE1608,936,
936,,,1032400801,AE1608,937,
937,,,1032400802,AE1608,938,
938,,,1032400803,AE1608,939,
939,,,1032400804,AE1608,940,
940,,,1032400805,AE1608,941,
941,,,1032400806,AE1608,942,
942,,,1032400807,AE1608,943,
943,,,1032400808,AE1608,944,
944,,,1032400809,AE1608,945,
945,,,1032400810,AE1608,946,
946,,,1032400811,AE1608,947,
947,,,1032400812,AE1608,948,
948,,,1032400813,AE1608,949,
949,,,1032400814,AE1608,950,
950,,,1032400815,AE1608,951,
951,,,1032400816,AE1608,952,
952,,,1032400817,AE1608,953,
953,,,1032400818,AE1608,954,
954,,,1032400819,AE1608,955,
955,,,1032400820,AE1608,956,
956,,,1032400821,AE1608,957,
957,,,1032400822,AE1608,958,
958,,,1032400823,AE1608,959,
959,,,1032400824,AE1608,960,
960,,,1032400901,AE1608,961,
961,,,1032400902,AE1608,962,
962,,,1032400903,AE1608,963,
963,,,1032400904,AE1608,964,
964,,,1032400905,AE1608,965,
965,,,1032400906,AE1608,966,
966,,,1032400907,AE1608,967,
967,,,1032400908,AE1608,968,
968,,,1032400909,AE1608,969,
969,,,1032400910,AE1608,970,
970,,,1032400911,AE1608,971,
971,,,1032400912,AE1608,972,
972,,,1032400913,AE1608,973,
973,,,1032400914,AE1608,974,
974,,,1032400915,AE1608,975,
975,,,1032400916,AE1608,976,
976,,,1032400917,AE1608,977,
977,,,1032400918,AE1608,978,
978,,,1032400919,AE1608,979,
979,,,1032400920,AE1608,980,
980,,,1032400921,AE1608,981,
981,,,1032400922,AE1608,982,
982,,,1032400923,AE1608,983,
983,,,1032400924,AE1608,984,
984,,,1032401001,AE1608,985,
985,,,1032401002,AE1608,986,
986,,,1032401003,AE1608,987,
987,,,1032401004,AE1608,988,
988,,,1032401005,AE1608,989,
989,,,1032401006,AE1608,990,
990,,,1032401007,AE1608,991,
991,,,1032401008,AE1608,992,
992,,,1032401009,AE1608,993,
993,,,1032401010,AE1608,994,
994,,,1032401011,AE1608,995,
995,,,1032401012,AE1608,996,
996,,,1032401013,AE1608,997,
997,,,1032401014,AE1608,998,
998,,,1032401015,AE1608,999,
999,,,1032401016,AE1608,1000,
1000,,,1032401017,AE1608,1001,
1001,,,1032401018,AE1608,1002,
1002,,,1032401019,AE1608,1003,
1003,,,1032401020,AE1608,1004,
1004,,,1032401021,AE1608,1005,
1005,,,1032401022,AE1608,1006,
1006,,,1032401023,AE1608,1007,
1007,,,1032401024,AE1608,1008,
1008,,,1032401101,AE1608,1009,
1009,,,1032401102,AE1608,1010,
1010,,,1032401103,AE1608,1011,
1011,,,1032401104,AE1608,1012,
1012,,,1032401105,AE1608,1013,
1013,,,1032401106,AE1608,1014,
1014,,,1032401107,AE1608,1015,
1015,,,1032401108,AE1608,1016,
1016,,,1032401109,AE1608,1017,
1017,,,1032401110,AE1608,1018,
1018,,,1032401111,AE1608,1019,
1019,,,1032401112,AE1608,1020,
1020,,,1032401113,AE1608,1021,
1021,,,1032401114,AE1608,1022,
1022,,,1032401115,AE1608,1023,
1023,,,1032401116,AE1608,1024,
1024,,,1032401117,AE1608,1025,
1025,,,1032401118,AE1608,1026,
1026,,,1032401119,AE1608,1027,
1027,,,1032401120,AE1608,1028,
1028,,,1032401121,AE1608,1029,
1029,,,1032401122,AE1608,1030,
1030,,,1032401123,AE1608,1031,
1031,,,1032401124,AE1608,1032,
1032,,,1032401201,AE1608,1033,
1033,,,1032401202,AE1608,1034,
1034,,,1032401203,AE1608,1035,
1035,,,1032401204,AE1608,1036,
1036,,,1032401205,AE1608,1037,
1037,,,1032401206,AE1608,1038,
1038,,,1032401207,AE1608,1039,
1039,,,1032401208,AE1608,1040,
1040,,,1032401209,AE1608,1041,
1041,,,1032401210,AE1608,1042,
1042,,,1032401211,AE1608,1043,
1043,,,1032401212,AE1608,1044,
1044,,,1032401213,AE1608,1045,
1045,,,1032401214,AE1608,1046,
1046,,,1032401215,AE1608,1047,
1047,,,1032401216,AE1608,1048,
1048,,,1032401217,AE1608,1049,
1049,,,1032401218,AE1608,1050,
1050,,,1032401219,AE1608,1051,
1051,,,1032401220,AE1608,1052,
1052,,,1032401221,AE1608,1053,
1053,,,1032401222,AE1608,1054,
1054,,,1032401223,AE1608,1055,
1055,,,1032401224,AE1608,1056,
1056,,,1032401301,AE1608,1057,
1057,,,1032401302,AE1608,1058,
1058,,,1032401303,AE1608,1059,
1059,,,1032401304,AE1608,1060,
1060,,,1032401305,AE1608,1061,
1061,,,1032401306,AE1608,1062,
1062,,,1032401307,AE1608,1063,
1063,,,1032401308,AE1608,1064,
1064,,,1032401309,AE1608,1065,
1065,,,1032401310,AE1608,1066,
1066,,,1032401311,AE1608,1067,
1067,,,1032401312,AE1608,1068,
1068,,,1032401313,AE1608,1069,
1069,,,1032401314,AE1608,1070,
1070,,,1032401315,AE1608,1071,
1071,,,1032401316,AE1608,1072,
1072,,,1032401317,AE1608,1073,
1073,,,1032401318,AE1608,1074,
1074,,,1032401319,AE1608,1075,
1075,,,1032401320,AE1608,1076,
1076,,,1032401321,AE1608,1077,
1077,,,1032401322,AE1608,1078,
1078,,,1032401323,AE1608,1079,
1079,,,1032401324,AE1608,1080,
1080,,,1032401401,AE1608,1081,
1081,,,1032401402,AE1608,1082,
1082,,,1032401403,AE1608,1083,
1083,,,1032401404,AE1608,1084,
1084,,,1032401405,AE1608,1085,
1085,,,1032401406,AE1608,1086,
1086,,,1032401407,AE1608,1087,
1087,,,1032401408,AE1608,1088,
1088,,,1032401409,AE1608,1089,
1089,,,1032401410,AE1608,1090,
1090,,,1032401411,AE1608,1091,
1091,,,1032401412,AE1608,1092,
1092,,,1032401413,AE1608,1093,
1093,,,1032401414,AE1608,1094,
1094,,,1032401415,AE1608,1095,
1095,,,1032401416,AE1608,1096,
1096,,,1032401417,AE1608,1097,
1097,,,1032401418,AE1608,1098,
1098,,,1032401419,AE1608,1099,
1099,,,1032401420,AE1608,1100,
1100,,,1032401421,AE1608,1101,
1101,,,1032401422,AE1608,1102,
1102,,,1032401423,AE1608,1103,
1103,,,1032401424,AE1608,1104,
1104,,,1032401501,AE1608,1105,
1105,,,1032401502,AE1608,1106,
1106,,,1032401503,AE1608,1107,
1107,,,1032401504,AE1608,1108,
1108,,,1032401505,AE1608,1109,
1109,,,1032401506,AE1608,1110,
1110,,,1032401507,AE1608,1111,
1111,,,1032401508,AE1608,1112,
1112,,,1032401509,AE1608,1113,
1113,,,1032401510,AE1608,1114,
1114,,,1032401511,AE1608,1115,
1115,,,1032401512,AE1608,1116,
1116,,,1032401513,AE1608,1117,
1117,,,1032401514,AE1608,1118,
1118,,,1032401515,AE1608,1119,
1119,,,1032401516,AE1608,1120,
1120,,,1032401517,AE1608,1121,
1121,,,1032401518,AE1608,1122,
1122,,,1032401519,AE1608,1123,
1123,,,1032401520,AE1608,1124,
1124,,,1032401521,AE1608,1125,
1125,,,1032401522,AE1608,1126,
1126,,,1032401523,AE1608,1127,
1127,,,1032401524,AE1608,1128,
1128,,,1032401601,AE1608,1129,
1129,,,1032401602,AE1608,1130,
1130,,,1032401603,AE1608,1131,
1131,,,1032401604,AE1608,1132,
1132,,,1032401605,AE1608,1133,
1133,,,1032401606,AE1608,1134,
1134,,,1032401607,AE1608,1135,
1135,,,1032401608,AE1608,1136,
1136,,,1032401609,AE1608,1137,
1137,,,1032401610,AE1608,1138,
1138,,,1032401611,AE1608,1139,
1139,,,1032401612,AE1608,1140,
1140,,,1032401613,AE1608,1141,
1141,,,1032401614,AE1608,1142,
1142,,,1032401615,AE1608,1143,
1143,,,1032401616,AE1608,1144,
1144,,,1032401617,AE1608,1145,
1145,,,1032401618,AE1608,1146,
1146,,,1032401619,AE1608,1147,
1147,,,1032401620,AE1608,1148,
1148,,,1032401621,AE1608,1149,
1149,,,1032401622,AE1608,1150,
1150,,,1032401623,AE1608,1151,
1151,,,1032401624,AE1608,1152,
1152,,,1032401701,AE1608,1153,
1153,,,1032401702,AE1608,1154,
1154,,,1032401703,AE1608,1155,
1155,,,1032401704,AE1608,1156,
1156,,,1032401705,AE1608,1157,
1157,,,1032401706,AE1608,1158,
1158,,,1032401707,AE1608,1159,
1159,,,1032401708,AE1608,1160,
1160,,,1032401709,AE1608,1161,
1161,,,1032401710,AE1608,1162,
1162,,,1032401711,AE1608,1163,
1163,,,1032401712,AE1608,1164,
1164,,,1032401713,AE1608,1165,
1165,,,1032401714,AE1608,1166,
1166,,,1032401715,AE1608,1167,
1167,,,1032401716,AE1608,1168,
1168,,,1032401717,AE1608,1169,
1169,,,1032401718,AE1608,1170,
1170,,,1032401719,AE1608,1171,
1171,,,1032401720,AE1608,1172,
1172,,,1032401721,AE1608,1173,
1173,,,1032401722,AE1608,1174,
1174,,,1032401723,AE1608,1175,
1175,,,1032401724,AE1608,1176,
1176,,,1032401801,AE1608,1177,
1177,,,1032401802,AE1608,1178,
1178,,,1032401803,AE1608,1179,
1179,,,1032401804,AE1608,1180,
1180,,,1032401805,AE1608,1181,
1181,,,1032401806,AE1608,1182,
1182,,,1032401807,AE1608,1183,
1183,,,1032401808,AE1608,1184,
1184,,,1032401809,AE1608,1185,
1185,,,1032401810,AE1608,1186,
1186,,,1032401811,AE1608,1187,
1187,,,1032401812,AE1608,1188,
1188,,,1032401813,AE1608,1189,
1189,,,1032401814,AE1608,1190,
1190,,,1032401815,AE1608,1191,
1191,,,1032401816,AE1608,1192,
1192,,,1032401817,AE1608,1193,
1193,,,1032401818,AE1608,1194,
1194,,,1032401819,AE1608,1195,
1195,,,1032401820,AE1608,1196,
1196,,,1032401821,AE1608,1197,
1197,,,1032401822,AE1608,1198,
1198,,,1032401823,AE1608,1199,
1199,,,1032401824,AE1608,1200,
1200,,,1032402001,AE1608,1201,
1201,,,1032402002,AE1608,1202,
1202,,,1032402003,AE1608,1203,
1203,,,1032402004,AE1608,1204,
1204,,,1032402005,AE1608,1205,
1205,,,1032402006,AE1608,1206,
1206,,,1032402007,AE1608,1207,
1207,,,1032402008,AE1608,1208,
1208,,,1032402009,AE1608,1209,
1209,,,1032402010,AE1608,1210,
1210,,,1032402011,AE1608,1211,
1211,,,1032402012,AE1608,1212,
1212,,,1032402013,AE1608,1213,
1213,,,1032402014,AE1608,1214,
1214,,,1032402015,AE1608,1215,
1215,,,1032402016,AE1608,1216,
1216,,,1032402017,AE1608,1217,
1217,,,1032402018,AE1608,1218,
1218,,,1032402019,AE1608,1219,
1219,,,1032402020,AE1608,1220,
1220,,,1032402021,AE1608,1221,
1221,,,1032402022,AE1608,1222,
1222,,,1032402023,AE1608,1223,
1223,,,1032402024,AE1608,1224,
1224,,,1032402101,AE1608,1225,
1225,,,1032402102,AE1608,1226,
1226,,,1032402103,AE1608,1227,
1227,,,1032402104,AE1608,1228,
1228,,,1032402105,AE1608,1229,
1229,,,1032402106,AE1608,1230,
1230,,,1032402107,AE1608,1231,
1231,,,1032402108,AE1608,1232,
1232,,,1032402109,AE1608,1233,
1233,,,1032402110,AE1608,1234,
1234,,,1032402111,AE1608,1235,
1235,,,1032402112,AE1608,1236,
1236,,,1032402113,AE1608,1237,
1237,,,1032402114,AE1608,1238,
1238,,,1032402115,AE1608,1239,
1239,,,1032402116,AE1608,1240,
1240,,,1032402117,AE1608,1241,
1241,,,1032402118,AE1608,1242,
1242,,,1032402119,AE1608,1243,
1243,,,1032402120,AE1608,1244,
1244,,,1032402121,AE1608,1245,
1245,,,1032402122,AE1608,1246,
1246,,,1032402123,AE1608,1247,
1247,,,1032402124,AE1608,1248,
1248,,,1032402201,AE1608,1249,
1249,,,1032402202,AE1608,1250,
1250,,,1032402203,AE1608,1251,
1251,,,1032402204,AE1608,1252,
1252,,,1032402205,AE1608,1253,
1253,,,1032402206,AE1608,1254,
1254,,,1032402207,AE1608,1255,
1255,,,1032402208,AE1608,1256,
1256,,,1032402209,AE1608,1257,
1257,,,1032402210,AE1608,1258,
1258,,,1032402211,AE1608,1259,
1259,,,1032402212,AE1608,1260,
1260,,,1032402213,AE1608,1261,
1261,,,1032402214,AE1608,1262,
1262,,,1032402215,AE1608,1263,
1263,,,1032402216,AE1608,1264,
1264,,,1032402217,AE1608,1265,
1265,,,1032402218,AE1608,1266,
1266,,,1032402219,AE1608,1267,
1267,,,1032402220,AE1608,1268,
1268,,,1032402221,AE1608,1269,
1269,,,1032402222,AE1608,1270,
1270,,,1032402223,AE1608,1271,
1271,,,1032402224,AE1608,1272,
1272,,,1032402301,AE1608,1273,
1273,,,1032402302,AE1608,1274,
1274,,,1032402303,AE1608,1275,
1275,,,1032402304,AE1608,1276,
1276,,,1032402305,AE1608,1277,
1277,,,1032402306,AE1608,1278,
1278,,,1032402307,AE1608,1279,
1279,,,1032402308,AE1608,1280,
1280,,,1032402309,AE1608,1281,
1281,,,1032402310,AE1608,1282,
1282,,,1032402311,AE1608,1283,
1283,,,1032402312,AE1608,1284,
1284,,,1032402313,AE1608,1285,
1285,,,1032402314,AE1608,1286,
1286,,,1032402315,AE1608,1287,
1287,,,1032402316,AE1608,1288,
1288,,,1032402317,AE1608,1289,
1289,,,1032402318,AE1608,1290,
1290,,,1032402319,AE1608,1291,
1291,,,1032402320,AE1608,1292,
1292,,,1032402321,AE1608,1293,
1293,,,1032402322,AE1608,1294,
1294,,,1032402323,AE1608,1295,
1295,,,1032402324,AE1608,1296,
1296,,,1032402401,AE1608,1297,
1297,,,1032402402,AE1608,1298,
1298,,,1032402403,AE1608,1299,
1299,,,1032402404,AE1608,1300,
1300,,,1032402405,AE1608,1301,
1301,,,1032402406,AE1608,1302,
1302,,,1032402407,AE1608,1303,
1303,,,1032402408,AE1608,1304,
1304,,,1032402409,AE1608,1305,
1305,,,1032402410,AE1608,1306,
1306,,,1032402411,AE1608,1307,
1307,,,1032402412,AE1608,1308,
1308,,,1032402413,AE1608,1309,
1309,,,1032402414,AE1608,1310,
1310,,,1032402415,AE1608,1311,
1311,,,1032402416,AE1608,1312,
1312,,,1032402417,AE1608,1313,
1313,,,1032402418,AE1608,1314,
1314,,,1032402419,AE1608,1315,
1315,,,1032402420,AE1608,1316,
1316,,,1032402421,AE1608,1317,
1317,,,1032402422,AE1608,1318,
1318,,,1032402423,AE1608,1319,
1319,,,1032402424,AE1608,1320,
1320,,,1032402501,AE1608,1321,
1321,,,1032402502,AE1608,1322,
1322,,,1032402503,AE1608,1323,
1323,,,1032402504,AE1608,1324,
1324,,,1032402505,AE1608,1325,
1325,,,1032402506,AE1608,1326,
1326,,,1032402507,AE1608,1327,
1327,,,1032402508,AE1608,1328,
1328,,,1032402509,AE1608,1329,
1329,,,1032402510,AE1608,1330,
1330,,,1032402511,AE1608,1331,
1331,,,1032402512,AE1608,1332,
1332,,,1032402513,AE1608,1333,
1333,,,1032402514,AE1608,1334,
1334,,,1032402515,AE1608,1335,
1335,,,1032402516,AE1608,1336,
1336,,,1032402517,AE1608,1337,
1337,,,1032402518,AE1608,1338,
1338,,,1032402519,AE1608,1339,
1339,,,1032402520,AE1608,1340,
1340,,,1032402521,AE1608,1341,
1341,,,1032402522,AE1608,1342,
1342,,,1032402523,AE1608,1343,
1343,,,1032402524,AE1608,1344,
1344,,,1032402601,AE1608,1345,
1345,,,1032402602,AE1608,1346,
1346,,,1032402603,AE1608,1347,
1347,,,1032402604,AE1608,1348,
1348,,,1032402605,AE1608,1349,
1349,,,1032402606,AE1608,1350,
1350,,,1032402607,AE1608,1351,
1351,,,1032402608,AE1608,1352,
1352,,,1032402609,AE1608,1353,
1353,,,1032402610,AE1608,1354,
1354,,,1032402611,AE1608,1355,
1355,,,1032402612,AE1608,1356,
1356,,,1032402613,AE1608,1357,
1357,,,1032402614,AE1608,1358,
1358,,,1032402615,AE1608,1359,
1359,,,1032402616,AE1608,1360,
1360,,,1032402617,AE1608,1361,
1361,,,1032402618,AE1608,1362,
1362,,,1032402619,AE1608,1363,
1363,,,1032402620,AE1608,1364,
1364,,,1032402621,AE1608,1365,
1365,,,1032402622,AE1608,1366,
1366,,,1032402623,AE1608,1367,
1367,,,1032402624,AE1608,1368,
1368,,,1032402701,AE1608,1369,
1369,,,1032402702,AE1608,1370,
1370,,,1032402703,AE1608,1371,
1371,,,1032402704,AE1608,1372,
1372,,,1032402705,AE1608,1373,
1373,,,1032402706,AE1608,1374,
1374,,,1032402707,AE1608,1375,
1375,,,1032402708,AE1608,1376,
1376,,,1032402709,AE1608,1377,
1377,,,1032402710,AE1608,1378,
1378,,,1032402711,AE1608,1379,
1379,,,1032402712,AE1608,1380,
1380,,,1032402713,AE1608,1381,
1381,,,1032402714,AE1608,1382,
1382,,,1032402715,AE1608,1383,
1383,,,1032402716,AE1608,1384,
1384,,,1032402717,AE1608,1385,
1385,,,1032402718,AE1608,1386,
1386,,,1032402719,AE1608,1387,
1387,,,1032402720,AE1608,1388,
1388,,,1032402721,AE1608,1389,
1389,,,1032402722,AE1608,1390,
1390,,,1032402723,AE1608,1391,
1391,,,1032402724,AE1608,1392,
1392,,,1032402801,AE1608,1393,
1393,,,1032402802,AE1608,1394,
1394,,,1032402803,AE1608,1395,
1395,,,1032402804,AE1608,1396,
1396,,,1032402805,AE1608,1397,
1397,,,1032402806,AE1608,1398,
1398,,,1032402807,AE1608,1399,
1399,,,1032402808,AE1608,1400,
1400,,,1032402809,AE1608,1401,
1401,,,1032402810,AE1608,1402,
1402,,,1032402811,AE1608,1403,
1403,,,1032402812,AE1608,1404,
1404,,,1032402813,AE1608,1405,
1405,,,1032402814,AE1608,1406,
1406,,,1032402815,AE1608,1407,
1407,,,1032402816,AE1608,1408,
1408,,,1032402817,AE1608,1409,
1409,,,1032402818,AE1608,1410,
1410,,,1032402819,AE1608,1411,
1411,,,1032402820,AE1608,1412,
1412,,,1032402821,AE1608,1413,
1413,,,1032402822,AE1608,1414,
1414,,,1032402823,AE1608,1415,
1415,,,1032402824,AE1608,1416,
1416,,,1032402901,AE1608,1417,
1417,,,1032402902,AE1608,1418,
1418,,,1032402903,AE1608,1419,
1419,,,1032402904,AE1608,1420,
1420,,,1032402905,AE1608,1421,
1421,,,1032402906,AE1608,1422,
1422,,,1032402907,AE1608,1423,
1423,,,1032402908,AE1608,1424,
1424,,,1032402909,AE1608,1425,
1425,,,1032402910,AE1608,1426,
1426,,,1032402911,AE1608,1427,
1427,,,1032402912,AE1608,1428,
1428,,,1032402913,AE1608,1429,
1429,,,1032402914,AE1608,1430,
1430,,,1032402915,AE1608,1431,
1431,,,1032402916,AE1608,1432,
1432,,,1032402917,AE1608,1433,
1433,,,1032402918,AE1608,1434,
1434,,,1032402919,AE1608,1435,
1435,,,1032402920,AE1608,1436,
1436,,,1032402921,AE1608,1437,
1437,,,1032402922,AE1608,1438,
1438,,,1032402923,AE1608,1439,
1439,,,1032402924,AE1608,1440,
1440,,,1032403001,AE1608,1441,
1441,,,1032403002,AE1608,1442,
1442,,,1032403003,AE1608,1443,
1443,,,1032403004,AE1608,1444,
1444,,,1032403005,AE1608,1445,
1445,,,1032403006,AE1608,1446,
1446,,,1032403007,AE1608,1447,
1447,,,1032403008,AE1608,1448,
1448,,,1032403009,AE1608,1449,
1449,,,1032403010,AE1608,1450,
1450,,,1032403011,AE1608,1451,
1451,,,1032403012,AE1608,1452,
1452,,,1032403013,AE1608,1453,
1453,,,1032403014,AE1608,1454,
1454,,,1032403015,AE1608,1455,
1455,,,1032403016,AE1608,1456,
1456,,,1032403017,AE1608,1457,
1457,,,1032403018,AE1608,1458,
1458,,,1032403019,AE1608,1459,
1459,,,1032403020,AE1608,1460,
1460,,,1032403021,AE1608,1461,
1461,,,1032403022,AE1608,1462,
1462,,,1032403023,AE1608,1463,
1463,,,1032403024,AE1608,1464,
1464,,,1032403101,AE1608,1465,
1465,,,1032403102,AE1608,1466,
1466,,,1032403103,AE1608,1467,
1467,,,1032403104,AE1608,1468,
1468,,,1032403105,AE1608,1469,
1469,,,1032403106,AE1608,1470,
1470,,,1032403107,AE1608,1471,
1471,,,1032403108,AE1608,1472,
1472,,,1032403109,AE1608,1473,
1473,,,1032403110,AE1608,1474,
1474,,,1032403111,AE1608,1475,
1475,,,1032403112,AE1608,1476,
1476,,,1032403113,AE1608,1477,
1477,,,1032403114,AE1608,1478,
1478,,,1032403115,AE1608,1479,
1479,,,1032403116,AE1608,1480,
1480,,,1032403117,AE1608,1481,
1481,,,1032403118,AE1608,1482,
1482,,,1032403119,AE1608,1483,
1483,,,1032403120,AE1608,1484,
1484,,,1032403121,AE1608,1485,
1485,,,1032403122,AE1608,1486,
1486,,,1032403123,AE1608,1487,
1487,,,1032403124,AE1608,1488,
1488,,,1032403201,AE1608,1489,
1489,,,1032403202,AE1608,1490,
1490,,,1032403203,AE1608,1491,
1491,,,1032403204,AE1608,1492,
1492,,,1032403205,AE1608,1493,
1493,,,1032403206,AE1608,1494,
1494,,,1032403207,AE1608,1495,
1495,,,1032403208,AE1608,1496,
1496,,,1032403209,AE1608,1497,
1497,,,1032403210,AE1608,1498,
1498,,,1032403211,AE1608,1499,
1499,,,1032403212,AE1608,1500,
1500,,,1032403213,AE1608,1501,
1501,,,1032403214,AE1608,1502,
1502,,,1032403215,AE1608,1503,
1503,,,1032403216,AE1608,1504,
1504,,,1032403217,AE1608,1505,
1505,,,1032403218,AE1608,1506,
1506,,,1032403219,AE1608,1507,
1507,,,1032403220,AE1608,1508,
1508,,,1032403221,AE1608,1509,
1509,,,1032403222,AE1608,1510,
1510,,,1032403223,AE1608,1511,
1511,,,1032403224,AE1608,1512,
1512,,,1032403301,AE1608,1513,
1513,,,1032403302,AE1608,1514,
1514,,,1032403303,AE1608,1515,
1515,,,1032403304,AE1608,1516,
1516,,,1032403305,AE1608,1517,
1517,,,1032403306,AE1608,1518,
1518,,,1032403307,AE1608,1519,
1519,,,1032403308,AE1608,1520,
1520,,,1032403309,AE1608,1521,
1521,,,1032403310,AE1608,1522,
1522,,,1032403311,AE1608,1523,
1523,,,1032403312,AE1608,1524,
1524,,,1032403313,AE1608,1525,
1525,,,1032403314,AE1608,1526,
1526,,,1032403315,AE1608,1527,
1527,,,1032403316,AE1608,1528,
1528,,,1032403317,AE1608,1529,
1529,,,1032403318,AE1608,1530,
1530,,,1032403319,AE1608,1531,
1531,,,1032403320,AE1608,1532,
1532,,,1032403321,AE1608,1533,
1533,,,1032403322,AE1608,1534,
1534,,,1032403323,AE1608,1535,
1535,,,1032403324,AE1608,1536,
1536,,,1032403401,AE1608,1537,
1537,,,1032403402,AE1608,1538,
1538,,,1032403403,AE1608,1539,
1539,,,1032403404,AE1608,1540,
1540,,,1032403405,AE1608,1541,
1541,,,1032403406,AE1608,1542,
1542,,,1032403407,AE1608,1543,
1543,,,1032403408,AE1608,1544,
1544,,,1032403409,AE1608,1545,
1545,,,1032403410,AE1608,1546,
1546,,,1032403411,AE1608,1547,
1547,,,1032403412,AE1608,1548,
1548,,,1032403413,AE1608,1549,
1549,,,1032403414,AE1608,1550,
1550,,,1032403415,AE1608,1551,
1551,,,1032403416,AE1608,1552,
1552,,,1032403417,AE1608,1553,
1553,,,1032403418,AE1608,1554,
1554,,,1032403419,AE1608,1555,
1555,,,1032403420,AE1608,1556,
1556,,,1032403421,AE1608,1557,
1557,,,1032403422,AE1608,1558,
1558,,,1032403423,AE1608,1559,
1559,,,1032403424,AE1608,1560,
1560,,,1032403501,AE1608,1561,
1561,,,1032403502,AE1608,1562,
1562,,,1032403503,AE1608,1563,
1563,,,1032403504,AE1608,1564,
1564,,,1032403505,AE1608,1565,
1565,,,1032403506,AE1608,1566,
1566,,,1032403507,AE1608,1567,
1567,,,1032403508,AE1608,1568,
1568,,,1032403509,AE1608,1569,
1569,,,1032403510,AE1608,1570,
1570,,,1032403511,AE1608,1571,
1571,,,1032403512,AE1608,1572,
1572,,,1032403513,AE1608,1573,
1573,,,1032403514,AE1608,1574,
1574,,,1032403515,AE1608,1575,
1575,,,1032403516,AE1608,1576,
1576,,,1032403517,AE1608,1577,
1577,,,1032403518,AE1608,1578,
1578,,,1032403519,AE1608,1579,
1579,,,1032403520,AE1608,1580,
1580,,,1032403521,AE1608,1581,
1581,,,1032403522,AE1608,1582,
1582,,,1032403523,AE1608,1583,
1583,,,1032403524,AE1608,1584,
1584,,,1032403601,AE1608,1585,
1585,,,1032403602,AE1608,1586,
1586,,,1032403603,AE1608,1587,
1587,,,1032403604,AE1608,1588,
1588,,,1032403605,AE1608,1589,
1589,,,1032403606,AE1608,1590,
1590,,,1032403607,AE1608,1591,
1591,,,1032403608,AE1608,1592,
1592,,,1032403609,AE1608,1593,
1593,,,1032403610,AE1608,1594,
1594,,,1032403611,AE1608,1595,
1595,,,1032403612,AE1608,1596,
1596,,,1032403613,AE1608,1597,
1597,,,1032403614,AE1608,1598,
1598,,,1032403615,AE1608,1599,
1599,,,1032403616,AE1608,1600,
1600,,,1032403617,AE1608,1601,
1601,,,1032403618,AE1608,1602,
1602,,,1032403619,AE1608,1603,
1603,,,1032403620,AE1608,1604,
1604,,,1032403621,AE1608,1605,
1605,,,1032403622,AE1608,1606,
1606,,,1032403623,AE1608,1607,
1607,,,1032403624,AE1608,1608,
1608,,,1032403701,AE1608,1609,
1609,,,1032403702,AE1608,1610,
1610,,,1032403703,AE1608,1611,
1611,,,1032403704,AE1608,1612,
1612,,,1032403705,AE1608,1613,
1613,,,1032403706,AE1608,1614,
1614,,,1032403707,AE1608,1615,
1615,,,1032403708,AE1608,1616,
1616,,,1032403709,AE1608,1617,
1617,,,1032403710,AE1608,1618,
1618,,,1032403711,AE1608,1619,
1619,,,1032403712,AE1608,1620,
1620,,,1032403713,AE1608,1621,
1621,,,1032403714,AE1608,1622,
1622,,,1032403715,AE1608,1623,
1623,,,1032403716,AE1608,1624,
1624,,,1032403717,AE1608,1625,
1625,,,1032403718,AE1608,1626,
1626,,,1032403719,AE1608,1627,
1627,,,1032403720,AE1608,1628,
1628,,,1032403721,AE1608,1629,
1629,,,1032403722,AE1608,1630,
1630,,,1032403723,AE1608,1631,
1631,,,1032403724,AE1608,1632,
1632,,,1032403801,AE1608,1633,
1633,,,1032403802,AE1608,1634,
1634,,,1032403803,AE1608,1635,
1635,,,1032403804,AE1608,1636,
1636,,,1032403805,AE1608,1637,
1637,,,1032403806,AE1608,1638,
1638,,,1032403807,AE1608,1639,
1639,,,1032403808,AE1608,1640,
1640,,,1032403809,AE1608,1641,
1641,,,1032403810,AE1608,1642,
1642,,,1032403811,AE1608,1643,
1643,,,1032403812,AE1608,1644,
1644,,,1032403813,AE1608,1645,
1645,,,1032403814,AE1608,1646,
1646,,,1032403815,AE1608,1647,
1647,,,1032403816,AE1608,1648,
1648,,,1032403817,AE1608,1649,
1649,,,1032403818,AE1608,1650,
1650,,,1032403819,AE1608,1651,
1651,,,1032403820,AE1608,1652,
1652,,,1032403821,AE1608,1653,
1653,,,1032403822,AE1608,1654,
1654,,,1032403823,AE1608,1655,
1655,,,1032403824,AE1608,1656,
1656,,,1032403901,AE1608,1657,
1657,,,1032403902,AE1608,1658,
1658,,,1032403903,AE1608,1659,
1659,,,1032403904,AE1608,1660,
1660,,,1032403905,AE1608,1661,
1661,,,1032403906,AE1608,1662,
1662,,,1032403907,AE1608,1663,
1663,,,1032403908,AE1608,1664,
1664,,,1032403909,AE1608,1665,
1665,,,1032403910,AE1608,1666,
1666,,,1032403911,AE1608,1667,
1667,,,1032403912,AE1608,1668,
1668,,,1032403913,AE1608,1669,
1669,,,1032403914,AE1608,1670,
1670,,,1032403915,AE1608,1671,
1671,,,1032403916,AE1608,1672,
1672,,,1032403917,AE1608,1673,
1673,,,1032403918,AE1608,1674,
1674,,,1032403919,AE1608,1675,
1675,,,1032403920,AE1608,1676,
1676,,,1032403921,AE1608,1677,
1677,,,1032403922,AE1608,1678,
1678,,,1032403923,AE1608,1679,
1679,,,1032403924,AE1608,1680,
1680,,,1032404001,AE1608,1681,
1681,,,1032404002,AE1608,1682,
1682,,,1032404003,AE1608,1683,
1683,,,1032404004,AE1608,1684,
1684,,,1032404005,AE1608,1685,
1685,,,1032404006,AE1608,1686,
1686,,,1032404007,AE1608,1687,
1687,,,1032404008,AE1608,1688,
1688,,,1032404009,AE1608,1689,
1689,,,1032404010,AE1608,1690,
1690,,,1032404011,AE1608,1691,
1691,,,1032404012,AE1608,1692,
1692,,,1032404013,AE1608,1693,
1693,,,1032404014,AE1608,1694,
1694,,,1032404015,AE1608,1695,
1695,,,1032404016,AE1608,1696,
1696,,,1032404017,AE1608,1697,
1697,,,1032404018,AE1608,1698,
1698,,,1032404019,AE1608,1699,
1699,,,1032404020,AE1608,1700,
1700,,,1032404021,AE1608,1701,
1701,,,1032404022,AE1608,1702,
1702,,,1032404023,AE1608,1703,
1703,,,1032404024,AE1608,1704,
1704,,,1032404101,AE1608,1705,
1705,,,1032404102,AE1608,1706,
1706,,,1032404103,AE1608,1707,
1707,,,1032404104,AE1608,1708,
1708,,,1032404105,AE1608,1709,
1709,,,1032404106,AE1608,1710,
1710,,,1032404107,AE1608,1711,
1711,,,1032404108,AE1608,1712,
1712,,,1032404109,AE1608,1713,
1713,,,1032404110,AE1608,1714,
1714,,,1032404111,AE1608,1715,
1715,,,1032404112,AE1608,1716,
1716,,,1032404113,AE1608,1717,
1717,,,1032404114,AE1608,1718,
1718,,,1032404115,AE1608,1719,
1719,,,1032404116,AE1608,1720,
1720,,,1032404117,AE1608,1721,
1721,,,1032404118,AE1608,1722,
1722,,,1032404119,AE1608,1723,
1723,,,1032404120,AE1608,1724,
1724,,,1032404121,AE1608,1725,
1725,,,1032404122,AE1608,1726,
1726,,,1032404123,AE1608,1727,
1727,,,1032404124,AE1608,1728,
1728,,,1032404301,AE1608,1729,
1729,,,1032404302,AE1608,1730,
1730,,,1032404303,AE1608,1731,
1731,,,1032404304,AE1608,1732,
1732,,,1032404305,AE1608,1733,
1733,,,1032404306,AE1608,1734,
1734,,,1032404307,AE1608,1735,
1735,,,1032404308,AE1608,1736,
1736,,,1032404309,AE1608,1737,
1737,,,1032404310,AE1608,1738,
1738,,,1032404311,AE1608,1739,
1739,,,1032404312,AE1608,1740,
1740,,,1032404313,AE1608,1741,
1741,,,1032404314,AE1608,1742,
1742,,,1032404315,AE1608,1743,
1743,,,1032404316,AE1608,1744,
1744,,,1032404317,AE1608,1745,
1745,,,1032404318,AE1608,1746,
1746,,,1032404319,AE1608,1747,
1747,,,1032404320,AE1608,1748,
1748,,,1032404321,AE1608,1749,
1749,,,1032404322,AE1608,1750,
1750,,,1032404323,AE1608,1751,
1751,,,1032404324,AE1608,1752,
1752,,,1032404401,AE1608,1753,
1753,,,1032404402,AE1608,1754,
1754,,,1032404403,AE1608,1755,
1755,,,1032404404,AE1608,1756,
1756,,,1032404405,AE1608,1757,
1757,,,1032404406,AE1608,1758,
1758,,,1032404407,AE1608,1759,
1759,,,1032404408,AE1608,1760,
1760,,,1032404409,AE1608,1761,
1761,,,1032404410,AE1608,1762,
1762,,,1032404411,AE1608,1763,
1763,,,1032404412,AE1608,1764,
1764,,,1032404413,AE1608,1765,
1765,,,1032404414,AE1608,1766,
1766,,,1032404415,AE1608,1767,
1767,,,1032404416,AE1608,1768,
1768,,,1032404417,AE1608,1769,
1769,,,1032404418,AE1608,1770,
1770,,,1032404419,AE1608,1771,
1771,,,1032404420,AE1608,1772,
1772,,,1032404421,AE1608,1773,
1773,,,1032404422,AE1608,1774,
1774,,,1032404423,AE1608,1775,
1775,,,1032404424,AE1608,1776,
1776,,,1032404501,AE1608,1777,
1777,,,1032404502,AE1608,1778,
1778,,,1032404503,AE1608,1779,
1779,,,1032404504,AE1608,1780,
1780,,,1032404505,AE1608,1781,
1781,,,1032404506,AE1608,1782,
1782,,,1032404507,AE1608,1783,
1783,,,1032404508,AE1608,1784,
1784,,,1032404509,AE1608,1785,
1785,,,1032404510,AE1608,1786,
1786,,,1032404511,AE1608,1787,
1787,,,1032404512,AE1608,1788,
1788,,,1032404513,AE1608,1789,
1789,,,1032404514,AE1608,1790,
1790,,,1032404515,AE1608,1791,
1791,,,1032404516,AE1608,1792,
1792,,,1032404517,AE1608,1793,
1793,,,1032404518,AE1608,1794,
1794,,,1032404519,AE1608,1795,
1795,,,1032404520,AE1608,1796,
1796,,,1032404521,AE1608,1797,
1797,,,1032404522,AE1608,1798,
1798,,,1032404523,AE1608,1799,
1799,,,1032404524,AE1608,1800,
1800,,,1032404601,AE1608,1801,
1801,,,1032404602,AE1608,1802,
1802,,,1032404603,AE1608,1803,
1803,,,1032404604,AE1608,1804,
1804,,,1032404605,AE1608,1805,
1805,,,1032404606,AE1608,1806,
1806,,,1032404607,AE1608,1807,
1807,,,1032404608,AE1608,1808,
1808,,,1032404609,AE1608,1809,
1809,,,1032404610,AE1608,1810,
1810,,,1032404611,AE1608,1811,
1811,,,1032404612,AE1608,1812,
1812,,,1032404613,AE1608,1813,
1813,,,1032404614,AE1608,1814,
1814,,,1032404615,AE1608,1815,
1815,,,1032404616,AE1608,1816,
1816,,,1032404617,AE1608,1817,
1817,,,1032404618,AE1608,1818,
1818,,,1032404619,AE1608,1819,
1819,,,1032404620,AE1608,1820,
1820,,,1032404621,AE1608,1821,
1821,,,1032404622,AE1608,1822,
1822,,,1032404623,AE1608,1823,
1823,,,1032404624,AE1608,1824,
1824,,,1032404701,AE1608,1825,
1825,,,1032404702,AE1608,1826,
1826,,,1032404703,AE1608,1827,
1827,,,1032404704,AE1608,1828,
1828,,,1032404705,AE1608,1829,
1829,,,1032404706,AE1608,1830,
1830,,,1032404707,AE1608,1831,
1831,,,1032404708,AE1608,1832,
1832,,,1032404709,AE1608,1833,
1833,,,1032404710,AE1608,1834,
1834,,,1032404711,AE1608,1835,
1835,,,1032404712,AE1608,1836,
1836,,,1032404713,AE1608,1837,
1837,,,1032404714,AE1608,1838,
1838,,,1032404715,AE1608,1839,
1839,,,1032404716,AE1608,1840,
1840,,,1032404717,AE1608,1841,
1841,,,1032404718,AE1608,1842,
1842,,,1032404719,AE1608,1843,
1843,,,1032404720,AE1608,1844,
1844,,,1032404721,AE1608,1845,
1845,,,1032404722,AE1608,1846,
1846,,,1032404723,AE1608,1847,
1847,,,1032404724,AE1608,1848,
1848,,,1032404801,AE1608,1849,
1849,,,1032404802,AE1608,1850,
1850,,,1032404803,AE1608,1851,
1851,,,1032404804,AE1608,1852,
1852,,,1032404805,AE1608,1853,
1853,,,1032404806,AE1608,1854,
1854,,,1032404807,AE1608,1855,
1855,,,1032404808,AE1608,1856,
1856,,,1032404809,AE1608,1857,
1857,,,1032404810,AE1608,1858,
1858,,,1032404811,AE1608,1859,
1859,,,1032404812,AE1608,1860,
1860,,,1032404813,AE1608,1861,
1861,,,1032404814,AE1608,1862,
1862,,,1032404815,AE1608,1863,
1863,,,1032404816,AE1608,1864,
1864,,,1032404817,AE1608,1865,
1865,,,1032404818,AE1608,1866,
1866,,,1032404819,AE1608,1867,
1867,,,1032404820,AE1608,1868,
1868,,,1032404821,AE1608,1869,
1869,,,1032404822,AE1608,1870,
1870,,,1032404823,AE1608,1871,
1871,,,1032404824,AE1608,1872,
1872,,,1032404901,AE1608,1873,
1873,,,1032404902,AE1608,1874,
1874,,,1032404903,AE1608,1875,
1875,,,1032404904,AE1608,1876,
1876,,,1032404905,AE1608,1877,
1877,,,1032404906,AE1608,1878,
1878,,,1032404907,AE1608,1879,
1879,,,1032404908,AE1608,1880,
1880,,,1032404909,AE1608,1881,
1881,,,1032404910,AE1608,1882,
1882,,,1032404911,AE1608,1883,
1883,,,1032404912,AE1608,1884,
1884,,,1032404913,AE1608,1885,
1885,,,1032404914,AE1608,1886,
1886,,,1032404915,AE1608,1887,
1887,,,1032404916,AE1608,1888,
1888,,,1032404917,AE1608,1889,
1889,,,1032404918,AE1608,1890,
1890,,,1032404919,AE1608,1891,
1891,,,1032404920,AE1608,1892,
1892,,,1032404921,AE1608,1893,
1893,,,1032404922,AE1608,1894,
1894,,,1032404923,AE1608,1895,
1895,,,1032404924,AE1608,1896,
1896,,,1032405001,AE1608,1897,
1897,,,1032405002,AE1608,1898,
1898,,,1032405003,AE1608,1899,
1899,,,1032405004,AE1608,1900,
1900,,,1032405005,AE1608,1901,
1901,,,1032405006,AE1608,1902,
1902,,,1032405007,AE1608,1903,
1903,,,1032405008,AE1608,1904,
1904,,,1032405009,AE1608,1905,
1905,,,1032405010,AE1608,1906,
1906,,,1032405011,AE1608,1907,
1907,,,1032405012,AE1608,1908,
1908,,,1032405013,AE1608,1909,
1909,,,1032405014,AE1608,1910,
1910,,,1032405015,AE1608,1911,
1911,,,1032405016,AE1608,1912,
1912,,,1032405017,AE1608,1913,
1913,,,1032405018,AE1608,1914,
1914,,,1032405019,AE1608,1915,
1915,,,1032405020,AE1608,1916,
1916,,,1032405021,AE1608,1917,
1917,,,1032405022,AE1608,1918,
1918,,,1032405023,AE1608,1919,
1919,,,1032405024,AE1608,1920,
1920,,,1032405101,AE1608,1921,
1921,,,1032405102,AE1608,1922,
1922,,,1032405103,AE1608,1923,
1923,,,1032405104,AE1608,1924,
1924,,,1032405105,AE1608,1925,
1925,,,1032405106,AE1608,1926,
1926,,,1032405107,AE1608,1927,
1927,,,1032405108,AE1608,1928,
1928,,,1032405109,AE1608,1929,
1929,,,1032405110,AE1608,1930,
1930,,,1032405111,AE1608,1931,
1931,,,1032405112,AE1608,1932,
1932,,,1032405113,AE1608,1933,
1933,,,1032405114,AE1608,1934,
1934,,,1032405115,AE1608,1935,
1935,,,1032405116,AE1608,1936,
1936,,,1032405117,AE1608,1937,
1937,,,1032405118,AE1608,1938,
1938,,,1032405119,AE1608,1939,
1939,,,1032405120,AE1608,1940,
1940,,,1032405121,AE1608,1941,
1941,,,1032405122,AE1608,1942,
1942,,,1032405123,AE1608,1943,
1943,,,1032405124,AE1608,1944,
1944,,,1032500101,AE1611,1945,
1945,,,1032500102,AE1611,1946,
1946,,,1032500103,AE1611,1947,
1947,,,1032500104,AE1611,1948,
1948,,,1032500105,AE1611,1949,
1949,,,1032500106,AE1611,1950,
1950,,,1032500107,AE1611,1951,
1951,,,1032500108,AE1611,1952,
1952,,,1032500109,AE1611,1953,
1953,,,1032500110,AE1611,1954,
1954,,,1032500111,AE1611,1955,
1955,,,1032500112,AE1611,1956,
1956,,,1032500113,AE1611,1957,
1957,,,1032500114,AE1611,1958,
1958,,,1032500115,AE1611,1959,
1959,,,1032500116,AE1611,1960,
1960,,,1032500117,AE1611,1961,
1961,,,1032500118,AE1611,1962,
1962,,,1032500119,AE1611,1963,
1963,,,1032500120,AE1611,1964,
1964,,,1032500121,AE1611,1965,
1965,,,1032500122,AE1611,1966,
1966,,,1032500123,AE1611,1967,
1967,,,1032500124,AE1611,1968,
1968,,,1032500201,AE1611,1969,
1969,,,1032500202,AE1611,1970,
1970,,,1032500203,AE1611,1971,
1971,,,1032500204,AE1611,1972,
1972,,,1032500205,AE1611,1973,
1973,,,1032500206,AE1611,1974,
1974,,,1032500207,AE1611,1975,
1975,,,1032500208,AE1611,1976,
1976,,,1032500209,AE1611,1977,
1977,,,1032500210,AE1611,1978,
1978,,,1032500211,AE1611,1979,
1979,,,1032500212,AE1611,1980,
1980,,,1032500213,AE1611,1981,
1981,,,1032500214,AE1611,1982,
1982,,,1032500215,AE1611,1983,
1983,,,1032500216,AE1611,1984,
1984,,,1032500217,AE1611,1985,
1985,,,1032500218,AE1611,1986,
1986,,,1032500219,AE1611,1987,
1987,,,1032500220,AE1611,1988,
1988,,,1032500221,AE1611,1989,
1989,,,1032500222,AE1611,1990,
1990,,,1032500223,AE1611,1991,
1991,,,1032500224,AE1611,1992,
1992,,,1032500301,AE1611,1993,
1993,,,1032500302,AE1611,1994,
1994,,,1032500303,AE1611,1995,
1995,,,1032500304,AE1611,1996,
1996,,,1032500305,AE1611,1997,
1997,,,1032500306,AE1611,1998,
1998,,,1032500307,AE1611,1999,
1999,,,1032500308,AE1611,2000,
2000,,,1032500309,AE1611,2001,
2001,,,1032500310,AE1611,2002,
2002,,,1032500311,AE1611,2003,
2003,,,1032500312,AE1611,2004,
2004,,,1032500313,AE1611,2005,
2005,,,1032500314,AE1611,2006,
2006,,,1032500315,AE1611,2007,
2007,,,1032500316,AE1611,2008,
2008,,,1032500317,AE1611,2009,
2009,,,1032500318,AE1611,2010,
2010,,,1032500319,AE1611,2011,
2011,,,1032500320,AE1611,2012,
2012,,,1032500321,AE1611,2013,
2013,,,1032500322,AE1611,2014,
2014,,,1032500323,AE1611,2015,
2015,,,1032500324,AE1611,2016,
2016,,,1032500401,AE1611,2017,
2017,,,1032500402,AE1611,2018,
2018,,,1032500403,AE1611,2019,
2019,,,1032500404,AE1611,2020,
2020,,,1032500405,AE1611,2021,
2021,,,1032500406,AE1611,2022,
2022,,,1032500407,AE1611,2023,
2023,,,1032500408,AE1611,2024,
2024,,,1032500409,AE1611,2025,
2025,,,1032500410,AE1611,2026,
2026,,,1032500411,AE1611,2027,
2027,,,1032500412,AE1611,2028,
2028,,,1032500413,AE1611,2029,
2029,,,1032500414,AE1611,2030,
2030,,,1032500415,AE1611,2031,
2031,,,1032500416,AE1611,2032,
2032,,,1032500417,AE1611,2033,
2033,,,1032500418,AE1611,2034,
2034,,,1032500419,AE1611,2035,
2035,,,1032500420,AE1611,2036,
2036,,,1032500421,AE1611,2037,
2037,,,1032500422,AE1611,2038,
2038,,,1032500423,AE1611,2039,
2039,,,1032500424,AE1611,2040,
2040,,,1032500501,AE1611,2041,
2041,,,1032500502,AE1611,2042,
2042,,,1032500503,AE1611,2043,
2043,,,1032500504,AE1611,2044,
2044,,,1032500505,AE1611,2045,
2045,,,1032500506,AE1611,2046,
2046,,,1032500507,AE1611,2047,
2047,,,1032500508,AE1611,2048,
2048,,,1032500509,AE1611,2049,
2049,,,1032500510,AE1611,2050,
2050,,,1032500511,AE1611,2051,
2051,,,1032500512,AE1611,2052,
2052,,,1032500513,AE1611,2053,
2053,,,1032500514,AE1611,2054,
2054,,,1032500515,AE1611,2055,
2055,,,1032500516,AE1611,2056,
2056,,,1032500517,AE1611,2057,
2057,,,1032500518,AE1611,2058,
2058,,,1032500519,AE1611,2059,
2059,,,1032500520,AE1611,2060,
2060,,,1032500521,AE1611,2061,
2061,,,1032500522,AE1611,2062,
2062,,,1032500523,AE1611,2063,
2063,,,1032500524,AE1611,2064,
2064,,,1032500701,AE1611,2065,
2065,,,1032500702,AE1611,2066,
2066,,,1032500703,AE1611,2067,
2067,,,1032500704,AE1611,2068,
2068,,,1032500705,AE1611,2069,
2069,,,1032500706,AE1611,2070,
2070,,,1032500707,AE1611,2071,
2071,,,1032500708,AE1611,2072,
2072,,,1032500709,AE1611,2073,
2073,,,1032500710,AE1611,2074,
2074,,,1032500711,AE1611,2075,
2075,,,1032500712,AE1611,2076,
2076,,,1032500713,AE1611,2077,
2077,,,1032500714,AE1611,2078,
2078,,,1032500715,AE1611,2079,
2079,,,1032500716,AE1611,2080,
2080,,,1032500717,AE1611,2081,
2081,,,1032500718,AE1611,2082,
2082,,,1032500719,AE1611,2083,
2083,,,1032500720,AE1611,2084,
2084,,,1032500721,AE1611,2085,
2085,,,1032500722,AE1611,2086,
2086,,,1032500723,AE1611,2087,
2087,,,1032500724,AE1611,2088,
2088,,,1032500901,AE1611,2089,
2089,,,1032500902,AE1611,2090,
2090,,,1032500903,AE1611,2091,
2091,,,1032500904,AE1611,2092,
2092,,,1032500905,AE1611,2093,
2093,,,1032500906,AE1611,2094,
2094,,,1032500907,AE1611,2095,
2095,,,1032500908,AE1611,2096,
2096,,,1032500909,AE1611,2097,
2097,,,1032500910,AE1611,2098,
2098,,,1032500911,AE1611,2099,
2099,,,1032500912,AE1611,2100,
2100,,,1032500913,AE1611,2101,
2101,,,1032500914,AE1611,2102,
2102,,,1032500915,AE1611,2103,
2103,,,1032500916,AE1611,2104,
2104,,,1032500917,AE1611,2105,
2105,,,1032500918,AE1611,2106,
2106,,,1032500919,AE1611,2107,
2107,,,1032500920,AE1611,2108,
2108,,,1032500921,AE1611,2109,
2109,,,1032500922,AE1611,2110,
2110,,,1032500923,AE1611,2111,
2111,,,1032500924,AE1611,2112,
2112,,,1032501001,AE1611,2113,
2113,,,1032501002,AE1611,2114,
2114,,,1032501003,AE1611,2115,
2115,,,1032501004,AE1611,2116,
2116,,,1032501005,AE1611,2117,
2117,,,1032501006,AE1611,2118,
2118,,,1032501007,AE1611,2119,
2119,,,1032501008,AE1611,2120,
2120,,,1032501009,AE1611,2121,
2121,,,1032501010,AE1611,2122,
2122,,,1032501011,AE1611,2123,
2123,,,1032501012,AE1611,2124,
2124,,,1032501013,AE1611,2125,
2125,,,1032501014,AE1611,2126,
2126,,,1032501015,AE1611,2127,
2127,,,1032501016,AE1611,2128,
2128,,,1032501017,AE1611,2129,
2129,,,1032501018,AE1611,2130,
2130,,,1032501019,AE1611,2131,
2131,,,1032501020,AE1611,2132,
2132,,,1032501021,AE1611,2133,
2133,,,1032501022,AE1611,2134,
2134,,,1032501023,AE1611,2135,
2135,,,1032501024,AE1611,2136,
2136,,,1032501101,AE1611,2137,
2137,,,1032501102,AE1611,2138,
2138,,,1032501103,AE1611,2139,
2139,,,1032501104,AE1611,2140,
2140,,,1032501105,AE1611,2141,
2141,,,1032501106,AE1611,2142,
2142,,,1032501107,AE1611,2143,
2143,,,1032501108,AE1611,2144,
2144,,,1032501109,AE1611,2145,
2145,,,1032501110,AE1611,2146,
2146,,,1032501111,AE1611,2147,
2147,,,1032501112,AE1611,2148,
2148,,,1032501113,AE1611,2149,
2149,,,1032501114,AE1611,2150,
2150,,,1032501115,AE1611,2151,
2151,,,1032501116,AE1611,2152,
2152,,,1032501117,AE1611,2153,
2153,,,1032501118,AE1611,2154,
2154,,,1032501119,AE1611,2155,
2155,,,1032501120,AE1611,2156,
2156,,,1032501121,AE1611,2157,
2157,,,1032501122,AE1611,2158,
2158,,,1032501123,AE1611,2159,
2159,,,1032501124,AE1611,2160,
2160,,,1032501201,AE1611,2161,
2161,,,1032501202,AE1611,2162,
2162,,,1032501203,AE1611,2163,
2163,,,1032501204,AE1611,2164,
2164,,,1032501205,AE1611,2165,
2165,,,1032501206,AE1611,2166,
2166,,,1032501207,AE1611,2167,
2167,,,1032501208,AE1611,2168,
2168,,,1032501209,AE1611,2169,
2169,,,1032501210,AE1611,2170,
2170,,,1032501211,AE1611,2171,
2171,,,1032501212,AE1611,2172,
2172,,,1032501213,AE1611,2173,
2173,,,1032501214,AE1611,2174,
2174,,,1032501215,AE1611,2175,
2175,,,1032501216,AE1611,2176,
2176,,,1032501217,AE1611,2177,
2177,,,1032501218,AE1611,2178,
2178,,,1032501219,AE1611,2179,
2179,,,1032501220,AE1611,2180,
2180,,,1032501221,AE1611,2181,
2181,,,1032501222,AE1611,2182,
2182,,,1032501223,AE1611,2183,
2183,,,1032501224,AE1611,2184,
2184,,V4_dada2_read_info_03052026.xlsx,1032501401,AE1611,2185,
2185,,,1032501402,AE1611,2186,
2186,V1V2_dada2_read_info_03052026.xlsx,V4_dada2_read_info_03052026.xlsx,1032501403,AE1611,2187,
2187,,,1032501404,AE1611,2188,
2188,V1V2_dada2_read_info_03052026.xlsx,V4_dada2_read_info_03052026.xlsx,1032501405,AE1611,2189,
2189,,,1032501406,AE1611,2190,
2190,V1V2_dada2_read_info_03052026.xlsx,V4_dada2_read_info_03052026.xlsx,1032501407,AE1611,2191,
2191,,,1032501408,AE1611,2192,
2192,V1V2_dada2_read_info_03052026.xlsx,V4_dada2_read_info_03052026.xlsx,1032501409,AE1611,2193,
2193,,,1032501410,AE1611,2194,
2194,,,1032501411,AE1611,2195,
2195,V1V2_dada2_read_info_03052026.xlsx,V4_dada2_read_info_03052026.xlsx,1032501412,AE1611,2196,
2196,V1V2_dada2_read_info_03052026.xlsx,V4_dada2_read_info_03052026.xlsx,1032501413,AE1611,2197,
2197,,,1032501414,AE1611,2198,
2198,V1V2_dada2_read_info_03052026.xlsx,V4_dada2_read_info_03052026.xlsx,1032501415,AE1611,2199,
2199,,,1032501416,AE1611,2200,
2200,V1V2_dada2_read_info_03052026.xlsx,,1032501417,AE1611,2201,
2201,,,1032501418,AE1611,2202,
2202,V1V2_dada2_read_info_03052026.xlsx,,1032501419,AE1611,2203,
2203,,,1032501420,AE1611,2204,
2204,V1V2_dada2_read_info_03052026.xlsx,,1032501421,AE1611,2205,
2205,,,1032501422,AE1611,2206,
2206,V1V2_dada2_read_info_03052026.xlsx,,1032501423,AE1611,2207,
2207,,,1032501424,AE1611,2208,
2208,,,1032501501,AE1611,2209,
2209,,,1032501502,AE1611,2210,
2210,,,1032501503,AE1611,2211,
2211,,,1032501504,AE1611,2212,
2212,,,1032501505,AE1611,2213,
2213,,,1032501506,AE1611,2214,
2214,,,1032501507,AE1611,2215,
2215,,,1032501508,AE1611,2216,
2216,,,1032501509,AE1611,2217,
2217,,,1032501510,AE1611,2218,
2218,,,1032501511,AE1611,2219,
2219,,,1032501512,AE1611,2220,
2220,,,1032501513,AE1611,2221,
2221,,,1032501514,AE1611,2222,
2222,,,1032501515,AE1611,2223,
2223,,,1032501516,AE1611,2224,
2224,,,1032501517,AE1611,2225,
2225,,,1032501518,AE1611,2226,
2226,,,1032501519,AE1611,2227,
2227,,,1032501520,AE1611,2228,
2228,,,1032501521,AE1611,2229,
2229,,,1032501522,AE1611,2230,
2230,,,1032501523,AE1611,2231,
2231,,,1032501524,AE1611,2232,
2232,,,1032501701,AE1611,2233,
2233,,,1032501702,AE1611,2234,
2234,,,1032501703,AE1611,2235,
2235,,,1032501704,AE1611,2236,
2236,,,1032501705,AE1611,2237,
2237,,,1032501706,AE1611,2238,
2238,,,1032501707,AE1611,2239,
2239,,,1032501708,AE1611,2240,
2240,,,1032501709,AE1611,2241,
2241,,,1032501710,AE1611,2242,
2242,,,1032501711,AE1611,2243,
2243,,,1032501712,AE1611,2244,
2244,,,1032501713,AE1611,2245,
2245,,,1032501714,AE1611,2246,
2246,,,1032501715,AE1611,2247,
2247,,,1032501716,AE1611,2248,
2248,,,1032501717,AE1611,2249,
2249,,,1032501718,AE1611,2250,
2250,,,1032501719,AE1611,2251,
2251,,,1032501720,AE1611,2252,
2252,,,1032501721,AE1611,2253,
2253,,,1032501722,AE1611,2254,
2254,,,1032501723,AE1611,2255,
2255,,,1032501724,AE1611,2256,
2256,,,1032501801,AE1611,2257,
2257,,,1032501802,AE1611,2258,
2258,,,1032501803,AE1611,2259,
2259,,,1032501804,AE1611,2260,
2260,,,1032501805,AE1611,2261,
2261,,,1032501806,AE1611,2262,
2262,,,1032501807,AE1611,2263,
2263,,,1032501808,AE1611,2264,
2264,,,1032501809,AE1611,2265,
2265,,,1032501810,AE1611,2266,
2266,,,1032501811,AE1611,2267,
2267,,,1032501812,AE1611,2268,
2268,,,1032501813,AE1611,2269,
2269,,,1032501814,AE1611,2270,
2270,,,1032501815,AE1611,2271,
2271,,,1032501816,AE1611,2272,
2272,,,1032501817,AE1611,2273,
2273,,,1032501818,AE1611,2274,
2274,,,1032501819,AE1611,2275,
2275,,,1032501820,AE1611,2276,
2276,,,1032501821,AE1611,2277,
2277,,,1032501822,AE1611,2278,
2278,,,1032501823,AE1611,2279,
2279,,,1032501824,AE1611,2280,
2280,,,1032600101,AE1615,2281,
2281,,,1032600102,AE1615,2282,
2282,,,1032600103,AE1615,2283,
2283,,,1032600104,AE1615,2284,
2284,,,1032600105,AE1615,2285,
2285,,,1032600106,AE1615,2286,
2286,,,1032600107,AE1615,2287,
2287,,,1032600108,AE1615,2288,
2288,,,1032600109,AE1615,2289,
2289,,,1032600110,AE1615,2290,
2290,,,1032600111,AE1615,2291,
2291,,,1032600112,AE1615,2292,
2292,,,1032600113,AE1615,2293,
2293,,,1032600114,AE1615,2294,
2294,,,1032600115,AE1615,2295,
2295,,,1032600116,AE1615,2296,
2296,,,1032600117,AE1615,2297,
2297,,,1032600118,AE1615,2298,
2298,,,1032600119,AE1615,2299,
2299,,,1032600120,AE1615,2300,
2300,,,1032600121,AE1615,2301,
2301,,,1032600122,AE1615,2302,
2302,,,1032600123,AE1615,2303,
2303,,,1032600124,AE1615,2304,
2304,,,1032600201,AE1615,2305,
2305,,,1032600202,AE1615,2306,
2306,,,1032600203,AE1615,2307,
2307,,,1032600204,AE1615,2308,
2308,,,1032600205,AE1615,2309,
2309,,,1032600206,AE1615,2310,
2310,,,1032600207,AE1615,2311,
2311,,,1032600208,AE1615,2312,
2312,,,1032600209,AE1615,2313,
2313,,,1032600210,AE1615,2314,
2314,,,1032600211,AE1615,2315,
2315,,,1032600212,AE1615,2316,
2316,,,1032600213,AE1615,2317,
2317,,,1032600214,AE1615,2318,
2318,,,1032600215,AE1615,2319,
2319,,,1032600216,AE1615,2320,
2320,,,1032600217,AE1615,2321,
2321,,,1032600218,AE1615,2322,
2322,,,1032600219,AE1615,2323,
2323,,,1032600220,AE1615,2324,
2324,,,1032600221,AE1615,2325,
2325,,,1032600222,AE1615,2326,
2326,,,1032600223,AE1615,2327,
2327,,,1032600224,AE1615,2328,
2328,,,1032600301,AE1615,2329,
2329,,,1032600302,AE1615,2330,
2330,,,1032600303,AE1615,2331,
2331,,,1032600304,AE1615,2332,
2332,,,1032600305,AE1615,2333,
2333,,,1032600306,AE1615,2334,
2334,,,1032600307,AE1615,2335,
2335,,,1032600308,AE1615,2336,
2336,,,1032600309,AE1615,2337,
2337,,,1032600310,AE1615,2338,
2338,,,1032600311,AE1615,2339,
2339,,,1032600312,AE1615,2340,
2340,,,1032600313,AE1615,2341,
2341,,,1032600314,AE1615,2342,
2342,,,1032600315,AE1615,2343,
2343,,,1032600316,AE1615,2344,
2344,,,1032600317,AE1615,2345,
2345,,,1032600318,AE1615,2346,
2346,,,1032600319,AE1615,2347,
2347,,,1032600320,AE1615,2348,
2348,,,1032600321,AE1615,2349,
2349,,,1032600322,AE1615,2350,
2350,,,1032600323,AE1615,2351,
2351,,,1032600324,AE1615,2352,
2352,,,1032600401,AE1615,2353,
2353,,,1032600402,AE1615,2354,
2354,,,1032600403,AE1615,2355,
2355,,,1032600404,AE1615,2356,
2356,,,1032600405,AE1615,2357,
2357,,,1032600406,AE1615,2358,
2358,,,1032600407,AE1615,2359,
2359,,,1032600408,AE1615,2360,
2360,,,1032600409,AE1615,2361,
2361,,,1032600410,AE1615,2362,
2362,,,1032600411,AE1615,2363,
2363,,,1032600412,AE1615,2364,
2364,,,1032600413,AE1615,2365,
2365,,,1032600414,AE1615,2366,
2366,,,1032600415,AE1615,2367,
2367,,,1032600416,AE1615,2368,
2368,,,1032600417,AE1615,2369,
2369,,,1032600418,AE1615,2370,
2370,,,1032600419,AE1615,2371,
2371,,,1032600420,AE1615,2372,
2372,,,1032600421,AE1615,2373,
2373,,,1032600422,AE1615,2374,
2374,,,1032600423,AE1615,2375,
2375,,,1032600424,AE1615,2376,
2376,,,1032600501,AE1615,2377,
2377,,,1032600502,AE1615,2378,
2378,,,1032600503,AE1615,2379,
2379,,,1032600504,AE1615,2380,
2380,,,1032600505,AE1615,2381,
2381,,,1032600506,AE1615,2382,
2382,,,1032600507,AE1615,2383,
2383,,,1032600508,AE1615,2384,
2384,,,1032600509,AE1615,2385,
2385,,,1032600510,AE1615,2386,
2386,,,1032600511,AE1615,2387,
2387,,,1032600512,AE1615,2388,
2388,,,1032600513,AE1615,2389,
2389,,,1032600514,AE1615,2390,
2390,,,1032600515,AE1615,2391,
2391,,,1032600516,AE1615,2392,
2392,,,1032600517,AE1615,2393,
2393,,,1032600518,AE1615,2394,
2394,,,1032600519,AE1615,2395,
2395,,,1032600520,AE1615,2396,
2396,,,1032600521,AE1615,2397,
2397,,,1032600522,AE1615,2398,
2398,,,1032600523,AE1615,2399,
2399,,,1032600524,AE1615,2400,
2400,,,1032600601,AE1615,2401,
2401,,,1032600602,AE1615,2402,
2402,,,1032600603,AE1615,2403,
2403,,,1032600604,AE1615,2404,
2404,,,1032600605,AE1615,2405,
2405,,,1032600606,AE1615,2406,
2406,,,1032600607,AE1615,2407,
2407,,,1032600608,AE1615,2408,
2408,,,1032600609,AE1615,2409,
2409,,,1032600610,AE1615,2410,
2410,,,1032600611,AE1615,2411,
2411,,,1032600612,AE1615,2412,
2412,,,1032600613,AE1615,2413,
2413,,,1032600614,AE1615,2414,
2414,,,1032600615,AE1615,2415,
2415,,,1032600616,AE1615,2416,
2416,,,1032600617,AE1615,2417,
2417,,,1032600618,AE1615,2418,
2418,,,1032600619,AE1615,2419,
2419,,,1032600620,AE1615,2420,
2420,,,1032600621,AE1615,2421,
2421,,,1032600622,AE1615,2422,
2422,,,1032600623,AE1615,2423,
2423,,,1032600624,AE1615,2424,
2424,,,1032600701,AE1615,2425,
2425,,,1032600702,AE1615,2426,
2426,,,1032600703,AE1615,2427,
2427,,,1032600704,AE1615,2428,
2428,,,1032600705,AE1615,2429,
2429,,,1032600706,AE1615,2430,
2430,,,1032600707,AE1615,2431,
2431,,,1032600708,AE1615,2432,
2432,,,1032600709,AE1615,2433,
2433,,,1032600710,AE1615,2434,
2434,,,1032600711,AE1615,2435,
2435,,,1032600712,AE1615,2436,
2436,,,1032600713,AE1615,2437,
2437,,,1032600714,AE1615,2438,
2438,,,1032600715,AE1615,2439,
2439,,,1032600716,AE1615,2440,
2440,,,1032600717,AE1615,2441,
2441,,,1032600718,AE1615,2442,
2442,,,1032600719,AE1615,2443,
2443,,,1032600720,AE1615,2444,
2444,,,1032600721,AE1615,2445,
2445,,,1032600722,AE1615,2446,
2446,,,1032600723,AE1615,2447,
2447,,,1032600724,AE1615,2448,
2448,,,1032600801,AE1615,2449,
2449,,,1032600802,AE1615,2450,
2450,,,1032600803,AE1615,2451,
2451,,,1032600804,AE1615,2452,
2452,,,1032600805,AE1615,2453,
2453,,,1032600806,AE1615,2454,
2454,,,1032600807,AE1615,2455,
2455,,,1032600808,AE1615,2456,
2456,,,1032600809,AE1615,2457,
2457,,,1032600810,AE1615,2458,
2458,,,1032600811,AE1615,2459,
2459,,,1032600812,AE1615,2460,
2460,,,1032600813,AE1615,2461,
2461,,,1032600814,AE1615,2462,
2462,,,1032600815,AE1615,2463,
2463,,,1032600816,AE1615,2464,
2464,,,1032600817,AE1615,2465,
2465,,,1032600818,AE1615,2466,
2466,,,1032600819,AE1615,2467,
2467,,,1032600820,AE1615,2468,
2468,,,1032600821,AE1615,2469,
2469,,,1032600822,AE1615,2470,
2470,,,1032600823,AE1615,2471,
2471,,,1032600824,AE1615,2472,
2472,,,1032600901,AE1615,2473,
2473,,,1032600902,AE1615,2474,
2474,,,1032600903,AE1615,2475,
2475,,,1032600904,AE1615,2476,
2476,,,1032600905,AE1615,2477,
2477,,,1032600906,AE1615,2478,
2478,,,1032600907,AE1615,2479,
2479,,,1032600908,AE1615,2480,
2480,,,1032600909,AE1615,2481,
2481,,,1032600910,AE1615,2482,
2482,,,1032600911,AE1615,2483,
2483,,,1032600912,AE1615,2484,
2484,,,1032600913,AE1615,2485,
2485,,,1032600914,AE1615,2486,
2486,,,1032600915,AE1615,2487,
2487,,,1032600916,AE1615,2488,
2488,,,1032600917,AE1615,2489,
2489,,,1032600918,AE1615,2490,
2490,,,1032600919,AE1615,2491,
2491,,,1032600920,AE1615,2492,
2492,,,1032600921,AE1615,2493,
2493,,,1032600922,AE1615,2494,
2494,,,1032600923,AE1615,2495,
2495,,,1032600924,AE1615,2496,
2496,,,1032601101,AE1615,2497,
2497,,,1032601102,AE1615,2498,
2498,,,1032601103,AE1615,2499,
2499,,,1032601104,AE1615,2500,
2500,,,1032601105,AE1615,2501,
2501,,,1032601106,AE1615,2502,
2502,,,1032601107,AE1615,2503,
2503,,,1032601108,AE1615,2504,
2504,,,1032601109,AE1615,2505,
2505,,,1032601110,AE1615,2506,
2506,,,1032601111,AE1615,2507,
2507,,,1032601112,AE1615,2508,
2508,,,1032601113,AE1615,2509,
2509,,,1032601114,AE1615,2510,
2510,,,1032601115,AE1615,2511,
2511,,,1032601116,AE1615,2512,
2512,,,1032601117,AE1615,2513,
2513,,,1032601118,AE1615,2514,
2514,,,1032601119,AE1615,2515,
2515,,,1032601120,AE1615,2516,
2516,,,1032601121,AE1615,2517,
2517,,,1032601122,AE1615,2518,
2518,,,1032601123,AE1615,2519,
2519,,,1032601124,AE1615,2520,
2520,,,1032601201,AE1615,2521,
2521,,,1032601202,AE1615,2522,
2522,V1V2_dada2_read_info_03052026.xlsx,V4_dada2_read_info_03052026.xlsx,1032601203,AE1615,2523,
2523,,,1032601204,AE1615,2524,
2524,V1V2_dada2_read_info_03052026.xlsx,V4_dada2_read_info_03052026.xlsx,1032601205,AE1615,2525,
2525,,,1032601206,AE1615,2526,
2526,V1V2_dada2_read_info_03052026.xlsx,V4_dada2_read_info_03052026.xlsx,1032601207,AE1615,2527,
2527,,,1032601208,AE1615,2528,
2528,V1V2_dada2_read_info_03052026.xlsx,V4_dada2_read_info_03052026.xlsx,1032601209,AE1615,2529,
2529,,,1032601210,AE1615,2530,
2530,V1V2_dada2_read_info_03052026.xlsx,V4_dada2_read_info_03052026.xlsx,1032601211,AE1615,2531,
2531,,,1032601212,AE1615,2532,
2532,,V4_dada2_read_info_03052026.xlsx,1032601213,AE1615,2533,
2533,,,1032601214,AE1615,2534,
2534,V1V2_dada2_read_info_03052026.xlsx,V4_dada2_read_info_03052026.xlsx,1032601215,AE1615,2535,
2535,,,1032601216,AE1615,2536,
2536,,,1032601217,AE1615,2537,
2537,,,1032601218,AE1615,2538,
2538,,,1032601219,AE1615,2539,
2539,,,1032601220,AE1615,2540,
2540,,,1032601221,AE1615,2541,
2541,,,1032601222,AE1615,2542,
2542,V1V2_dada2_read_info_03052026.xlsx,,1032601223,AE1615,2543,
2543,,,1032601224,AE1615,2544,
2544,,,1032601601,AE1615,2545,
2545,,,1032601602,AE1615,2546,
2546,,,1032601603,AE1615,2547,
2547,,,1032601604,AE1615,2548,
2548,,,1032601605,AE1615,2549,
2549,,,1032601606,AE1615,2550,
2550,,,1032601607,AE1615,2551,
2551,,,1032601608,AE1615,2552,
2552,,,1032601609,AE1615,2553,
2553,,,1032601610,AE1615,2554,
2554,,,1032601611,AE1615,2555,
2555,,,1032601612,AE1615,2556,
2556,,,1032601613,AE1615,2557,
2557,,,1032601614,AE1615,2558,
2558,,,1032601615,AE1615,2559,
2559,,,1032601616,AE1615,2560,
2560,,,1032601617,AE1615,2561,
2561,,,1032601618,AE1615,2562,
2562,,,1032601619,AE1615,2563,
2563,,,1032601620,AE1615,2564,
2564,,,1032601621,AE1615,2565,
2565,,,1032601622,AE1615,2566,
2566,,,1032601623,AE1615,2567,
2567,,,1032601624,AE1615,2568,
2568,,,1032700101,AE1618,2569,
2569,,,1032700102,AE1618,2570,
2570,,,1032700103,AE1618,2571,
2571,,,1032700104,AE1618,2572,
2572,,,1032700105,AE1618,2573,
2573,,,1032700106,AE1618,2574,
2574,,,1032700107,AE1618,2575,
2575,,,1032700108,AE1618,2576,
2576,,,1032700109,AE1618,2577,
2577,,,1032700110,AE1618,2578,
2578,,,1032700111,AE1618,2579,
2579,,,1032700112,AE1618,2580,
2580,,,1032700113,AE1618,2581,
2581,,,1032700114,AE1618,2582,
2582,,,1032700115,AE1618,2583,
2583,,,1032700116,AE1618,2584,
2584,,,1032700117,AE1618,2585,
2585,,,1032700118,AE1618,2586,
2586,,,1032700119,AE1618,2587,
2587,,,1032700120,AE1618,2588,
2588,,,1032700121,AE1618,2589,
2589,,,1032700122,AE1618,2590,
2590,,,1032700123,AE1618,2591,
2591,,,1032700124,AE1618,2592,
2592,,,1032700201,AE1618,2593,
2593,,,1032700202,AE1618,2594,
2594,,,1032700203,AE1618,2595,
2595,,,1032700204,AE1618,2596,
2596,,,1032700205,AE1618,2597,
2597,,,1032700206,AE1618,2598,
2598,,,1032700207,AE1618,2599,
2599,,,1032700208,AE1618,2600,
2600,,,1032700209,AE1618,2601,
2601,,,1032700210,AE1618,2602,
2602,,,1032700211,AE1618,2603,
2603,,,1032700212,AE1618,2604,
2604,,,1032700213,AE1618,2605,
2605,,,1032700214,AE1618,2606,
2606,,,1032700215,AE1618,2607,
2607,,,1032700216,AE1618,2608,
2608,,,1032700217,AE1618,2609,
2609,,,1032700218,AE1618,2610,
2610,,,1032700219,AE1618,2611,
2611,,,1032700220,AE1618,2612,
2612,,,1032700221,AE1618,2613,
2613,,,1032700222,AE1618,2614,
2614,,,1032700223,AE1618,2615,
2615,,,1032700224,AE1618,2616,
2616,,,1032700301,AE1618,2617,
2617,,,1032700302,AE1618,2618,
2618,,,1032700303,AE1618,2619,
2619,,,1032700304,AE1618,2620,
2620,,,1032700305,AE1618,2621,
2621,,,1032700306,AE1618,2622,
2622,,,1032700307,AE1618,2623,
2623,,,1032700308,AE1618,2624,
2624,,,1032700309,AE1618,2625,
2625,,,1032700310,AE1618,2626,
2626,,,1032700311,AE1618,2627,
2627,,,1032700312,AE1618,2628,
2628,,,1032700313,AE1618,2629,
2629,,,1032700314,AE1618,2630,
2630,,,1032700315,AE1618,2631,
2631,,,1032700316,AE1618,2632,
2632,,,1032700317,AE1618,2633,
2633,,,1032700318,AE1618,2634,
2634,,,1032700319,AE1618,2635,
2635,,,1032700320,AE1618,2636,
2636,,,1032700321,AE1618,2637,
2637,,,1032700322,AE1618,2638,
2638,,,1032700323,AE1618,2639,
2639,,,1032700324,AE1618,2640,
2640,,,1032700401,AE1618,2641,
2641,,,1032700402,AE1618,2642,
2642,,,1032700403,AE1618,2643,
2643,,,1032700404,AE1618,2644,
2644,,,1032700405,AE1618,2645,
2645,,,1032700406,AE1618,2646,
2646,,,1032700407,AE1618,2647,
2647,,,1032700408,AE1618,2648,
2648,,,1032700409,AE1618,2649,
2649,,,1032700410,AE1618,2650,
2650,,,1032700411,AE1618,2651,
2651,,,1032700412,AE1618,2652,
2652,,,1032700413,AE1618,2653,
2653,,,1032700414,AE1618,2654,
2654,,,1032700415,AE1618,2655,
2655,,,1032700416,AE1618,2656,
2656,,,1032700417,AE1618,2657,
2657,,,1032700418,AE1618,2658,
2658,,,1032700419,AE1618,2659,
2659,,,1032700420,AE1618,2660,
2660,,,1032700421,AE1618,2661,
2661,,,1032700422,AE1618,2662,
2662,,,1032700423,AE1618,2663,
2663,,,1032700424,AE1618,2664,
2664,,,1032700501,AE1618,2665,
2665,,,1032700502,AE1618,2666,
2666,,,1032700503,AE1618,2667,
2667,,,1032700504,AE1618,2668,
2668,,,1032700505,AE1618,2669,
2669,,,1032700506,AE1618,2670,
2670,,,1032700507,AE1618,2671,
2671,,,1032700508,AE1618,2672,
2672,,,1032700509,AE1618,2673,
2673,,,1032700510,AE1618,2674,
2674,,,1032700511,AE1618,2675,
2675,,,1032700512,AE1618,2676,
2676,,,1032700513,AE1618,2677,
2677,,,1032700514,AE1618,2678,
2678,,,1032700515,AE1618,2679,
2679,,,1032700516,AE1618,2680,
2680,,,1032700517,AE1618,2681,
2681,,,1032700518,AE1618,2682,
2682,,,1032700519,AE1618,2683,
2683,,,1032700520,AE1618,2684,
2684,,,1032700521,AE1618,2685,
2685,,,1032700522,AE1618,2686,
2686,,,1032700523,AE1618,2687,
2687,,,1032700524,AE1618,2688,
2688,,,1032700901,AE1618,2689,
2689,,,1032700902,AE1618,2690,
2690,,,1032700903,AE1618,2691,
2691,,,1032700904,AE1618,2692,
2692,,,1032700905,AE1618,2693,
2693,,,1032700906,AE1618,2694,
2694,,,1032700907,AE1618,2695,
2695,,,1032700908,AE1618,2696,
2696,,,1032700909,AE1618,2697,
2697,,,1032700910,AE1618,2698,
2698,,,1032700911,AE1618,2699,
2699,,,1032700912,AE1618,2700,
2700,,,1032700913,AE1618,2701,
2701,,,1032700914,AE1618,2702,
2702,,,1032700915,AE1618,2703,
2703,,,1032700916,AE1618,2704,
2704,,,1032700917,AE1618,2705,
2705,,,1032700918,AE1618,2706,
2706,,,1032700919,AE1618,2707,
2707,,,1032700920,AE1618,2708,
2708,,,1032700921,AE1618,2709,
2709,,,1032700922,AE1618,2710,
2710,,,1032700923,AE1618,2711,
2711,,,1032700924,AE1618,2712,
2712,V1V2_dada2_read_info_03052026.xlsx,V4_dada2_read_info_03052026.xlsx,1032701001,AE1618,2713,
2713,,,1032701002,AE1618,2714,
2714,V1V2_dada2_read_info_03052026.xlsx,V4_dada2_read_info_03052026.xlsx,1032701003,AE1618,2715,
2715,,,1032701004,AE1618,2716,
2716,V1V2_dada2_read_info_03052026.xlsx,V4_dada2_read_info_03052026.xlsx,1032701005,AE1618,2717,
2717,,,1032701006,AE1618,2718,
2718,V1V2_dada2_read_info_03052026.xlsx,V4_dada2_read_info_03052026.xlsx,1032701007,AE1618,2719,
2719,,,1032701008,AE1618,2720,
2720,V1V2_dada2_read_info_03052026.xlsx,V4_dada2_read_info_03052026.xlsx,1032701009,AE1618,2721,
2721,,,1032701010,AE1618,2722,
2722,V1V2_dada2_read_info_03052026.xlsx,V4_dada2_read_info_03052026.xlsx,1032701011,AE1618,2723,
2723,,,1032701012,AE1618,2724,
2724,V1V2_dada2_read_info_03052026.xlsx,V4_dada2_read_info_03052026.xlsx,1032701013,AE1618,2725,
2725,,,1032701014,AE1618,2726,
2726,V1V2_dada2_read_info_03052026.xlsx,V4_dada2_read_info_03052026.xlsx,1032701015,AE1618,2727,
2727,,,1032701016,AE1618,2728,
2728,V1V2_dada2_read_info_03052026.xlsx,,1032701017,AE1618,2729,
2729,,,1032701018,AE1618,2730,
2730,V1V2_dada2_read_info_03052026.xlsx,,1032701019,AE1618,2731,
2731,,,1032701020,AE1618,2732,
2732,V1V2_dada2_read_info_03052026.xlsx,,1032701021,AE1618,2733,
2733,,,1032701022,AE1618,2734,
2734,V1V2_dada2_read_info_03052026.xlsx,,1032701023,AE1618,2735,
2735,,,1032701024,AE1618,2736,
2736,,,1032701101,AE1618,2737,
2737,,,1032701102,AE1618,2738,
2738,,,1032701103,AE1618,2739,
2739,,,1032701104,AE1618,2740,
2740,,,1032701105,AE1618,2741,
2741,,,1032701106,AE1618,2742,
2742,,,1032701107,AE1618,2743,
2743,,,1032701108,AE1618,2744,
2744,,,1032701109,AE1618,2745,
2745,,,1032701110,AE1618,2746,
2746,,,1032701111,AE1618,2747,
2747,,,1032701112,AE1618,2748,
2748,,,1032701113,AE1618,2749,
2749,,,1032701114,AE1618,2750,
2750,,,1032701115,AE1618,2751,
2751,,,1032701116,AE1618,2752,
2752,,,1032701117,AE1618,2753,
2753,,,1032701118,AE1618,2754,
2754,,,1032701119,AE1618,2755,
2755,,,1032701120,AE1618,2756,
2756,,,1032701121,AE1618,2757,
2757,,,1032701122,AE1618,2758,
2758,,,1032701123,AE1618,2759,
2759,,,1032701124,AE1618,2760,
2760,,,1032701201,AE1618,2761,
2761,,,1032701202,AE1618,2762,
2762,,,1032701203,AE1618,2763,
2763,,,1032701204,AE1618,2764,
2764,,,1032701205,AE1618,2765,
2765,,,1032701206,AE1618,2766,
2766,,,1032701207,AE1618,2767,
2767,,,1032701208,AE1618,2768,
2768,,,1032701209,AE1618,2769,
2769,,,1032701210,AE1618,2770,
2770,,,1032701211,AE1618,2771,
2771,,,1032701212,AE1618,2772,
2772,,,1032701213,AE1618,2773,
2773,,,1032701214,AE1618,2774,
2774,,,1032701215,AE1618,2775,
2775,,,1032701216,AE1618,2776,
2776,,,1032701217,AE1618,2777,
2777,,,1032701218,AE1618,2778,
2778,,,1032701219,AE1618,2779,
2779,,,1032701220,AE1618,2780,
2780,,,1032701221,AE1618,2781,
2781,,,1032701222,AE1618,2782,
2782,,,1032701223,AE1618,2783,
2783,,,1032701224,AE1618,2784,
2784,,,1032701301,AE1618,2785,
2785,,,1032701302,AE1618,2786,
2786,,,1032701303,AE1618,2787,
2787,,,1032701304,AE1618,2788,
2788,,,1032701305,AE1618,2789,
2789,,,1032701306,AE1618,2790,
2790,,,1032701307,AE1618,2791,
2791,,,1032701308,AE1618,2792,
2792,,,1032701309,AE1618,2793,
2793,,,1032701310,AE1618,2794,
2794,,,1032701311,AE1618,2795,
2795,,,1032701312,AE1618,2796,
2796,,,1032701313,AE1618,2797,
2797,,,1032701314,AE1618,2798,
2798,,,1032701315,AE1618,2799,
2799,,,1032701316,AE1618,2800,
2800,,,1032701317,AE1618,2801,
2801,,,1032701318,AE1618,2802,
2802,,,1032701319,AE1618,2803,
2803,,,1032701320,AE1618,2804,
2804,,,1032701321,AE1618,2805,
2805,,,1032701322,AE1618,2806,
2806,,,1032701323,AE1618,2807,
2807,,,1032701324,AE1618,2808,
2808,,,1032701601,AE1618,2809,
2809,,,1032701602,AE1618,2810,
2810,,,1032701603,AE1618,2811,
2811,,,1032701604,AE1618,2812,
2812,,,1032701605,AE1618,2813,
2813,,,1032701606,AE1618,2814,
2814,,,1032701607,AE1618,2815,
2815,,,1032701608,AE1618,2816,
2816,,,1032701609,AE1618,2817,
2817,,,1032701610,AE1618,2818,
2818,,,1032701611,AE1618,2819,
2819,,,1032701612,AE1618,2820,
2820,,,1032701613,AE1618,2821,
2821,,,1032701614,AE1618,2822,
2822,,,1032701615,AE1618,2823,
2823,,,1032701616,AE1618,2824,
2824,,,1032701617,AE1618,2825,
2825,,,1032701618,AE1618,2826,
2826,,,1032701619,AE1618,2827,
2827,,,1032701620,AE1618,2828,
2828,,,1032701621,AE1618,2829,
2829,,,1032701622,AE1618,2830,
2830,,,1032701623,AE1618,2831,
2831,,,1032701624,AE1618,2832,
2832,,,1032701701,AE1618,2833,
2833,,,1032701702,AE1618,2834,
2834,,,1032701703,AE1618,2835,
2835,,,1032701704,AE1618,2836,
2836,,,1032701705,AE1618,2837,
2837,,,1032701706,AE1618,2838,
2838,,,1032701707,AE1618,2839,
2839,,,1032701708,AE1618,2840,
2840,,,1032701709,AE1618,2841,
2841,,,1032701710,AE1618,2842,
2842,,,1032701711,AE1618,2843,
2843,,,1032701712,AE1618,2844,
2844,,,1032701713,AE1618,2845,
2845,,,1032701714,AE1618,2846,
2846,,,1032701715,AE1618,2847,
2847,,,1032701716,AE1618,2848,
2848,,,1032701717,AE1618,2849,
2849,,,1032701718,AE1618,2850,
2850,,,1032701719,AE1618,2851,
2851,,,1032701720,AE1618,2852,
2852,,,1032701721,AE1618,2853,
2853,,,1032701722,AE1618,2854,
2854,,,1032701723,AE1618,2855,
2855,,,1032701724,AE1618,2856,
2856,,,1032701801,AE1618,2857,
2857,,,1032701802,AE1618,2858,
2858,,,1032701803,AE1618,2859,
2859,,,1032701804,AE1618,2860,
2860,,,1032701805,AE1618,2861,
2861,,,1032701806,AE1618,2862,
2862,,,1032701807,AE1618,2863,
2863,,,1032701808,AE1618,2864,
2864,,,1032701809,AE1618,2865,
2865,,,1032701810,AE1618,2866,
2866,,,1032701811,AE1618,2867,
2867,,,1032701812,AE1618,2868,
2868,,,1032701813,AE1618,2869,
2869,,,1032701814,AE1618,2870,
2870,,,1032701815,AE1618,2871,
2871,,,1032701816,AE1618,2872,
2872,,,1032701817,AE1618,2873,
2873,,,1032701818,AE1618,2874,
2874,,,1032701819,AE1618,2875,
2875,,,1032701820,AE1618,2876,
2876,,,1032701821,AE1618,2877,
2877,,,1032701822,AE1618,2878,
2878,,,1032701823,AE1618,2879,
2879,,,1032701824,AE1618,2880,
2880,,,1032702001,AE1618,2881,
2881,,,1032702002,AE1618,2882,
2882,,,1032702003,AE1618,2883,
2883,,,1032702004,AE1618,2884,
2884,,,1032702005,AE1618,2885,
2885,,,1032702006,AE1618,2886,
2886,,,1032702007,AE1618,2887,
2887,,,1032702008,AE1618,2888,
2888,,,1032702009,AE1618,2889,
2889,,,1032702010,AE1618,2890,
2890,,,1032702011,AE1618,2891,
2891,,,1032702012,AE1618,2892,
2892,,,1032702013,AE1618,2893,
2893,,,1032702014,AE1618,2894,
2894,,,1032702015,AE1618,2895,
2895,,,1032702016,AE1618,2896,
2896,,,1032702017,AE1618,2897,
2897,,,1032702018,AE1618,2898,
2898,,,1032702019,AE1618,2899,
2899,,,1032702020,AE1618,2900,
2900,,,1032702021,AE1618,2901,
2901,,,1032702022,AE1618,2902,
2902,,,1032702023,AE1618,2903,
2903,,,1032702024,AE1618,2904,
2904,,,1032800101,AE1621,2905,
2905,,,1032800102,AE1621,2906,
2906,,,1032800103,AE1621,2907,
2907,,,1032800104,AE1621,2908,
2908,,,1032800105,AE1621,2909,
2909,,,1032800106,AE1621,2910,
2910,,,1032800107,AE1621,2911,
2911,,,1032800108,AE1621,2912,
2912,,,1032800109,AE1621,2913,
2913,,,1032800110,AE1621,2914,
2914,,,1032800111,AE1621,2915,
2915,,,1032800112,AE1621,2916,
2916,,,1032800113,AE1621,2917,
2917,,,1032800114,AE1621,2918,
2918,,,1032800115,AE1621,2919,
2919,,,1032800116,AE1621,2920,
2920,,,1032800117,AE1621,2921,
2921,,,1032800118,AE1621,2922,
2922,,,1032800119,AE1621,2923,
2923,,,1032800120,AE1621,2924,
2924,,,1032800121,AE1621,2925,
2925,,,1032800122,AE1621,2926,
2926,,,1032800123,AE1621,2927,
2927,,,1032800124,AE1621,2928,
2928,,,1032800201,AE1621,2929,
2929,,,1032800202,AE1621,2930,
2930,,,1032800203,AE1621,2931,
2931,,,1032800204,AE1621,2932,
2932,,,1032800205,AE1621,2933,
2933,,,1032800206,AE1621,2934,
2934,,,1032800207,AE1621,2935,
2935,,,1032800208,AE1621,2936,
2936,,,1032800209,AE1621,2937,
2937,,,1032800210,AE1621,2938,
2938,,,1032800211,AE1621,2939,
2939,,,1032800212,AE1621,2940,
2940,,,1032800213,AE1621,2941,
2941,,,1032800214,AE1621,2942,
2942,,,1032800215,AE1621,2943,
2943,,,1032800216,AE1621,2944,
2944,,,1032800217,AE1621,2945,
2945,,,1032800218,AE1621,2946,
2946,,,1032800219,AE1621,2947,
2947,,,1032800220,AE1621,2948,
2948,,,1032800221,AE1621,2949,
2949,,,1032800222,AE1621,2950,
2950,,,1032800223,AE1621,2951,
2951,,,1032800224,AE1621,2952,
2952,,,1032800301,AE1621,2953,
2953,,,1032800302,AE1621,2954,
2954,,,1032800303,AE1621,2955,
2955,,,1032800304,AE1621,2956,
2956,,,1032800305,AE1621,2957,
2957,,,1032800306,AE1621,2958,
2958,,,1032800307,AE1621,2959,
2959,,,1032800308,AE1621,2960,
2960,,,1032800309,AE1621,2961,
2961,,,1032800310,AE1621,2962,
2962,,,1032800311,AE1621,2963,
2963,,,1032800312,AE1621,2964,
2964,,,1032800313,AE1621,2965,
2965,,,1032800314,AE1621,2966,
2966,,,1032800315,AE1621,2967,
2967,,,1032800316,AE1621,2968,
2968,,,1032800317,AE1621,2969,
2969,,,1032800318,AE1621,2970,
2970,,,1032800319,AE1621,2971,
2971,,,1032800320,AE1621,2972,
2972,,,1032800321,AE1621,2973,
2973,,,1032800322,AE1621,2974,
2974,,,1032800323,AE1621,2975,
2975,,,1032800324,AE1621,2976,
2976,,,1032800401,AE1621,2977,
2977,,,1032800402,AE1621,2978,
2978,,,1032800403,AE1621,2979,
2979,,,1032800404,AE1621,2980,
2980,,,1032800405,AE1621,2981,
2981,,,1032800406,AE1621,2982,
2982,,,1032800407,AE1621,2983,
2983,,,1032800408,AE1621,2984,
2984,,,1032800409,AE1621,2985,
2985,,,1032800410,AE1621,2986,
2986,,,1032800411,AE1621,2987,
2987,,,1032800412,AE1621,2988,
2988,,,1032800413,AE1621,2989,
2989,,,1032800414,AE1621,2990,
2990,,,1032800415,AE1621,2991,
2991,,,1032800416,AE1621,2992,
2992,,,1032800417,AE1621,2993,
2993,,,1032800418,AE1621,2994,
2994,,,1032800419,AE1621,2995,
2995,,,1032800420,AE1621,2996,
2996,,,1032800421,AE1621,2997,
2997,,,1032800422,AE1621,2998,
2998,,,1032800423,AE1621,2999,
2999,,,1032800424,AE1621,3000,
3000,,,1032800501,AE1621,3001,
3001,,,1032800502,AE1621,3002,
3002,,,1032800503,AE1621,3003,
3003,,,1032800504,AE1621,3004,
3004,,,1032800505,AE1621,3005,
3005,,,1032800506,AE1621,3006,
3006,,,1032800507,AE1621,3007,
3007,,,1032800508,AE1621,3008,
3008,,,1032800509,AE1621,3009,
3009,,,1032800510,AE1621,3010,
3010,,,1032800511,AE1621,3011,
3011,,,1032800512,AE1621,3012,
3012,,,1032800513,AE1621,3013,
3013,,,1032800514,AE1621,3014,
3014,,,1032800515,AE1621,3015,
3015,,,1032800516,AE1621,3016,
3016,,,1032800517,AE1621,3017,
3017,,,1032800518,AE1621,3018,
3018,,,1032800519,AE1621,3019,
3019,,,1032800520,AE1621,3020,
3020,,,1032800521,AE1621,3021,
3021,,,1032800522,AE1621,3022,
3022,,,1032800523,AE1621,3023,
3023,,,1032800524,AE1621,3024,
3024,,,1032800701,AE1621,3025,
3025,,,1032800702,AE1621,3026,
3026,,,1032800703,AE1621,3027,
3027,,,1032800704,AE1621,3028,
3028,,,1032800705,AE1621,3029,
3029,,,1032800706,AE1621,3030,
3030,,,1032800707,AE1621,3031,
3031,,,1032800708,AE1621,3032,
3032,,,1032800709,AE1621,3033,
3033,,,1032800710,AE1621,3034,
3034,,,1032800711,AE1621,3035,
3035,,,1032800712,AE1621,3036,
3036,,,1032800713,AE1621,3037,
3037,,,1032800714,AE1621,3038,
3038,,,1032800715,AE1621,3039,
3039,,,1032800716,AE1621,3040,
3040,,,1032800717,AE1621,3041,
3041,,,1032800718,AE1621,3042,
3042,,,1032800719,AE1621,3043,
3043,,,1032800720,AE1621,3044,
3044,,,1032800721,AE1621,3045,
3045,,,1032800722,AE1621,3046,
3046,,,1032800723,AE1621,3047,
3047,,,1032800724,AE1621,3048,
3048,,,1032800801,AE1621,3049,
3049,,,1032800802,AE1621,3050,
3050,,,1032800803,AE1621,3051,
3051,,,1032800804,AE1621,3052,
3052,,,1032800805,AE1621,3053,
3053,,,1032800806,AE1621,3054,
3054,,,1032800807,AE1621,3055,
3055,,,1032800808,AE1621,3056,
3056,,,1032800809,AE1621,3057,
3057,,,1032800810,AE1621,3058,
3058,,,1032800811,AE1621,3059,
3059,,,1032800812,AE1621,3060,
3060,,,1032800813,AE1621,3061,
3061,,,1032800814,AE1621,3062,
3062,,,1032800815,AE1621,3063,
3063,,,1032800816,AE1621,3064,
3064,,,1032800817,AE1621,3065,
3065,,,1032800818,AE1621,3066,
3066,,,1032800819,AE1621,3067,
3067,,,1032800820,AE1621,3068,
3068,,,1032800821,AE1621,3069,
3069,,,1032800822,AE1621,3070,
3070,,,1032800823,AE1621,3071,
3071,,,1032800824,AE1621,3072,
3072,,,1032801001,AE1621,3073,
3073,,,1032801002,AE1621,3074,
3074,,,1032801003,AE1621,3075,
3075,,,1032801004,AE1621,3076,
3076,,,1032801005,AE1621,3077,
3077,,,1032801006,AE1621,3078,
3078,,,1032801007,AE1621,3079,
3079,,,1032801008,AE1621,3080,
3080,,,1032801009,AE1621,3081,
3081,,,1032801010,AE1621,3082,
3082,,,1032801011,AE1621,3083,
3083,,,1032801012,AE1621,3084,
3084,,,1032801013,AE1621,3085,
3085,,,1032801014,AE1621,3086,
3086,,,1032801015,AE1621,3087,
3087,,,1032801016,AE1621,3088,
3088,,,1032801017,AE1621,3089,
3089,,,1032801018,AE1621,3090,
3090,,,1032801019,AE1621,3091,
3091,,,1032801020,AE1621,3092,
3092,,,1032801021,AE1621,3093,
3093,,,1032801022,AE1621,3094,
3094,,,1032801023,AE1621,3095,
3095,,,1032801024,AE1621,3096,
3096,,,1032801101,AE1621,3097,
3097,,,1032801102,AE1621,3098,
3098,,,1032801103,AE1621,3099,
3099,,,1032801104,AE1621,3100,
3100,,,1032801105,AE1621,3101,
3101,,,1032801106,AE1621,3102,
3102,,,1032801107,AE1621,3103,
3103,,,1032801108,AE1621,3104,
3104,,,1032801109,AE1621,3105,
3105,,,1032801110,AE1621,3106,
3106,,,1032801111,AE1621,3107,
3107,,,1032801112,AE1621,3108,
3108,,,1032801113,AE1621,3109,
3109,,,1032801114,AE1621,3110,
3110,,,1032801115,AE1621,3111,
3111,,,1032801116,AE1621,3112,
3112,,,1032801117,AE1621,3113,
3113,,,1032801118,AE1621,3114,
3114,,,1032801119,AE1621,3115,
3115,,,1032801120,AE1621,3116,
3116,,,1032801121,AE1621,3117,
3117,,,1032801122,AE1621,3118,
3118,,,1032801123,AE1621,3119,
3119,,,1032801124,AE1621,3120,
3120,,,1032801201,AE1621,3121,
3121,,,1032801202,AE1621,3122,
3122,,,1032801203,AE1621,3123,
3123,,,1032801204,AE1621,3124,
3124,,,1032801205,AE1621,3125,
3125,,,1032801206,AE1621,3126,
3126,,,1032801207,AE1621,3127,
3127,,,1032801208,AE1621,3128,
3128,,,1032801209,AE1621,3129,
3129,,,1032801210,AE1621,3130,
3130,,,1032801211,AE1621,3131,
3131,,,1032801212,AE1621,3132,
3132,,,1032801213,AE1621,3133,
3133,,,1032801214,AE1621,3134,
3134,,,1032801215,AE1621,3135,
3135,,,1032801216,AE1621,3136,
3136,,,1032801217,AE1621,3137,
3137,,,1032801218,AE1621,3138,
3138,,,1032801219,AE1621,3139,
3139,,,1032801220,AE1621,3140,
3140,,,1032801221,AE1621,3141,
3141,,,1032801222,AE1621,3142,
3142,,,1032801223,AE1621,3143,
3143,,,1032801224,AE1621,3144,
3144,,,1032801401,AE1621,3145,
3145,,,1032801402,AE1621,3146,
3146,,,1032801403,AE1621,3147,
3147,,,1032801404,AE1621,3148,
3148,,,1032801405,AE1621,3149,
3149,,,1032801406,AE1621,3150,
3150,,,1032801407,AE1621,3151,
3151,,,1032801408,AE1621,3152,
3152,,,1032801409,AE1621,3153,
3153,,,1032801410,AE1621,3154,
3154,,,1032801411,AE1621,3155,
3155,,,1032801412,AE1621,3156,
3156,,,1032801413,AE1621,3157,
3157,,,1032801414,AE1621,3158,
3158,,,1032801415,AE1621,3159,
3159,,,1032801416,AE1621,3160,
3160,,,1032801417,AE1621,3161,
3161,,,1032801418,AE1621,3162,
3162,,,1032801419,AE1621,3163,
3163,,,1032801420,AE1621,3164,
3164,,,1032801421,AE1621,3165,
3165,,,1032801422,AE1621,3166,
3166,,,1032801423,AE1621,3167,
3167,,,1032801424,AE1621,3168,
3168,V1V2_dada2_read_info_03052026.xlsx,V4_dada2_read_info_03052026.xlsx,1032801501,AE1621,3169,
3169,,,1032801502,AE1621,3170,
3170,,,1032801503,AE1621,3171,
3171,V1V2_dada2_read_info_03052026.xlsx,V4_dada2_read_info_03052026.xlsx,1032801504,AE1621,3172,
3172,,,1032801505,AE1621,3173,
3173,,,1032801506,AE1621,3174,
3174,V1V2_dada2_read_info_03052026.xlsx,V4_dada2_read_info_03052026.xlsx,1032801507,AE1621,3175,
3175,,,1032801508,AE1621,3176,
3176,V1V2_dada2_read_info_03052026.xlsx,V4_dada2_read_info_03052026.xlsx,1032801509,AE1621,3177,
3177,,,1032801510,AE1621,3178,
3178,,,1032801511,AE1621,3179,
3179,V1V2_dada2_read_info_03052026.xlsx,V4_dada2_read_info_03052026.xlsx,1032801512,AE1621,3180,
3180,V1V2_dada2_read_info_03052026.xlsx,V4_dada2_read_info_03052026.xlsx,1032801513,AE1621,3181,
3181,,,1032801514,AE1621,3182,
3182,V1V2_dada2_read_info_03052026.xlsx,V4_dada2_read_info_03052026.xlsx,1032801515,AE1621,3183,
3183,,,1032801516,AE1621,3184,
3184,V1V2_dada2_read_info_03052026.xlsx,,1032801517,AE1621,3185,
3185,,,1032801518,AE1621,3186,
3186,V1V2_dada2_read_info_03052026.xlsx,,1032801519,AE1621,3187,
3187,,,1032801520,AE1621,3188,
3188,V1V2_dada2_read_info_03052026.xlsx,,1032801521,AE1621,3189,
3189,,,1032801522,AE1621,3190,
3190,V1V2_dada2_read_info_03052026.xlsx,,1032801523,AE1621,3191,
3191,,,1032801524,AE1621,3192,
3192,,,1032900101,AE1624,3193,
3193,,,1032900102,AE1624,3194,
3194,,,1032900103,AE1624,3195,
3195,,,1032900104,AE1624,3196,
3196,,,1032900105,AE1624,3197,
3197,,,1032900106,AE1624,3198,
3198,,,1032900107,AE1624,3199,
3199,,,1032900108,AE1624,3200,
3200,,,1032900109,AE1624,3201,
3201,,,1032900110,AE1624,3202,
3202,,,1032900111,AE1624,3203,
3203,,,1032900112,AE1624,3204,
3204,,,1032900113,AE1624,3205,
3205,,,1032900114,AE1624,3206,
3206,,,1032900115,AE1624,3207,
3207,,,1032900116,AE1624,3208,
3208,,,1032900117,AE1624,3209,
3209,,,1032900118,AE1624,3210,
3210,,,1032900119,AE1624,3211,
3211,,,1032900120,AE1624,3212,
3212,,,1032900121,AE1624,3213,
3213,,,1032900122,AE1624,3214,
3214,,,1032900123,AE1624,3215,
3215,,,1032900124,AE1624,3216,
3216,,,1032900201,AE1624,3217,
3217,,,1032900202,AE1624,3218,
3218,,,1032900203,AE1624,3219,
3219,,,1032900204,AE1624,3220,
3220,,,1032900205,AE1624,3221,
3221,,,1032900206,AE1624,3222,
3222,,,1032900207,AE1624,3223,
3223,,,1032900208,AE1624,3224,
3224,,,1032900209,AE1624,3225,
3225,,,1032900210,AE1624,3226,
3226,,,1032900211,AE1624,3227,
3227,,,1032900212,AE1624,3228,
3228,,,1032900213,AE1624,3229,
3229,,,1032900214,AE1624,3230,
3230,,,1032900215,AE1624,3231,
3231,,,1032900216,AE1624,3232,
3232,,,1032900217,AE1624,3233,
3233,,,1032900218,AE1624,3234,
3234,,,1032900219,AE1624,3235,
3235,,,1032900220,AE1624,3236,
3236,,,1032900221,AE1624,3237,
3237,,,1032900222,AE1624,3238,
3238,,,1032900223,AE1624,3239,
3239,,,1032900224,AE1624,3240,
3240,,,1032900301,AE1624,3241,
3241,,,1032900302,AE1624,3242,
3242,,,1032900303,AE1624,3243,
3243,,,1032900304,AE1624,3244,
3244,,,1032900305,AE1624,3245,
3245,,,1032900306,AE1624,3246,
3246,,,1032900307,AE1624,3247,
3247,,,1032900308,AE1624,3248,
3248,,,1032900309,AE1624,3249,
3249,,,1032900310,AE1624,3250,
3250,,,1032900311,AE1624,3251,
3251,,,1032900312,AE1624,3252,
3252,,,1032900313,AE1624,3253,
3253,,,1032900314,AE1624,3254,
3254,,,1032900315,AE1624,3255,
3255,,,1032900316,AE1624,3256,
3256,,,1032900317,AE1624,3257,
3257,,,1032900318,AE1624,3258,
3258,,,1032900319,AE1624,3259,
3259,,,1032900320,AE1624,3260,
3260,,,1032900321,AE1624,3261,
3261,,,1032900322,AE1624,3262,
3262,,,1032900323,AE1624,3263,
3263,,,1032900324,AE1624,3264,
3264,,,1032900401,AE1624,3265,
3265,,,1032900402,AE1624,3266,
3266,,,1032900403,AE1624,3267,
3267,,,1032900404,AE1624,3268,
3268,,,1032900405,AE1624,3269,
3269,,,1032900406,AE1624,3270,
3270,,,1032900407,AE1624,3271,
3271,,,1032900408,AE1624,3272,
3272,,,1032900409,AE1624,3273,
3273,,,1032900410,AE1624,3274,
3274,,,1032900411,AE1624,3275,
3275,,,1032900412,AE1624,3276,
3276,,,1032900413,AE1624,3277,
3277,,,1032900414,AE1624,3278,
3278,,,1032900415,AE1624,3279,
3279,,,1032900416,AE1624,3280,
3280,,,1032900417,AE1624,3281,
3281,,,1032900418,AE1624,3282,
3282,,,1032900419,AE1624,3283,
3283,,,1032900420,AE1624,3284,
3284,,,1032900421,AE1624,3285,
3285,,,1032900422,AE1624,3286,
3286,,,1032900423,AE1624,3287,
3287,,,1032900424,AE1624,3288,
3288,,,1032900501,AE1624,3289,
3289,,,1032900502,AE1624,3290,
3290,,,1032900503,AE1624,3291,
3291,,,1032900504,AE1624,3292,
3292,,,1032900505,AE1624,3293,
3293,,,1032900506,AE1624,3294,
3294,,,1032900507,AE1624,3295,
3295,,,1032900508,AE1624,3296,
3296,,,1032900509,AE1624,3297,
3297,,,1032900510,AE1624,3298,
3298,,,1032900511,AE1624,3299,
3299,,,1032900512,AE1624,3300,
3300,,,1032900513,AE1624,3301,
3301,,,1032900514,AE1624,3302,
3302,,,1032900515,AE1624,3303,
3303,,,1032900516,AE1624,3304,
3304,,,1032900517,AE1624,3305,
3305,,,1032900518,AE1624,3306,
3306,,,1032900519,AE1624,3307,
3307,,,1032900520,AE1624,3308,
3308,,,1032900521,AE1624,3309,
3309,,,1032900522,AE1624,3310,
3310,,,1032900523,AE1624,3311,
3311,,,1032900524,AE1624,3312,
3312,,,1032900601,AE1624,3313,
3313,,,1032900602,AE1624,3314,
3314,,,1032900603,AE1624,3315,
3315,,,1032900604,AE1624,3316,
3316,,,1032900605,AE1624,3317,
3317,,,1032900606,AE1624,3318,
3318,,,1032900607,AE1624,3319,
3319,,,1032900608,AE1624,3320,
3320,,,1032900609,AE1624,3321,
3321,,,1032900610,AE1624,3322,
3322,,,1032900611,AE1624,3323,
3323,,,1032900612,AE1624,3324,
3324,,,1032900613,AE1624,3325,
3325,,,1032900614,AE1624,3326,
3326,,,1032900615,AE1624,3327,
3327,,,1032900616,AE1624,3328,
3328,,,1032900617,AE1624,3329,
3329,,,1032900618,AE1624,3330,
3330,,,1032900619,AE1624,3331,
3331,,,1032900620,AE1624,3332,
3332,,,1032900621,AE1624,3333,
3333,,,1032900622,AE1624,3334,
3334,,,1032900623,AE1624,3335,
3335,,,1032900624,AE1624,3336,
3336,,,1032900701,AE1624,3337,
3337,,,1032900702,AE1624,3338,
3338,,,1032900703,AE1624,3339,
3339,,,1032900704,AE1624,3340,
3340,,,1032900705,AE1624,3341,
3341,,,1032900706,AE1624,3342,
3342,,,1032900707,AE1624,3343,
3343,,,1032900708,AE1624,3344,
3344,,,1032900709,AE1624,3345,
3345,,,1032900710,AE1624,3346,
3346,,,1032900711,AE1624,3347,
3347,,,1032900712,AE1624,3348,
3348,,,1032900713,AE1624,3349,
3349,,,1032900714,AE1624,3350,
3350,,,1032900715,AE1624,3351,
3351,,,1032900716,AE1624,3352,
3352,,,1032900717,AE1624,3353,
3353,,,1032900718,AE1624,3354,
3354,,,1032900719,AE1624,3355,
3355,,,1032900720,AE1624,3356,
3356,,,1032900721,AE1624,3357,
3357,,,1032900722,AE1624,3358,
3358,,,1032900723,AE1624,3359,
3359,,,1032900724,AE1624,3360,
3360,,,1032900801,AE1624,3361,
3361,,,1032900802,AE1624,3362,
3362,,,1032900803,AE1624,3363,
3363,,,1032900804,AE1624,3364,
3364,,,1032900805,AE1624,3365,
3365,,,1032900806,AE1624,3366,
3366,,,1032900807,AE1624,3367,
3367,,,1032900808,AE1624,3368,
3368,,,1032900809,AE1624,3369,
3369,,,1032900810,AE1624,3370,
3370,,,1032900811,AE1624,3371,
3371,,,1032900812,AE1624,3372,
3372,,,1032900813,AE1624,3373,
3373,,,1032900814,AE1624,3374,
3374,,,1032900815,AE1624,3375,
3375,,,1032900816,AE1624,3376,
3376,,,1032900817,AE1624,3377,
3377,,,1032900818,AE1624,3378,
3378,,,1032900819,AE1624,3379,
3379,,,1032900820,AE1624,3380,
3380,,,1032900821,AE1624,3381,
3381,,,1032900822,AE1624,3382,
3382,,,1032900823,AE1624,3383,
3383,,,1032900824,AE1624,3384,
3384,V1V2_dada2_read_info_03052026.xlsx,V4_dada2_read_info_03052026.xlsx,1032901101,AE1624,3385,
3385,,,1032901102,AE1624,3386,
3386,V1V2_dada2_read_info_03052026.xlsx,V4_dada2_read_info_03052026.xlsx,1032901103,AE1624,3387,
3387,,,1032901104,AE1624,3388,
3388,V1V2_dada2_read_info_03052026.xlsx,V4_dada2_read_info_03052026.xlsx,1032901105,AE1624,3389,
3389,,,1032901106,AE1624,3390,
3390,V1V2_dada2_read_info_03052026.xlsx,V4_dada2_read_info_03052026.xlsx,1032901107,AE1624,3391,
3391,,,1032901108,AE1624,3392,
3392,V1V2_dada2_read_info_03052026.xlsx,V4_dada2_read_info_03052026.xlsx,1032901109,AE1624,3393,
3393,,,1032901110,AE1624,3394,
3394,V1V2_dada2_read_info_03052026.xlsx,V4_dada2_read_info_03052026.xlsx,1032901111,AE1624,3395,
3395,,,1032901112,AE1624,3396,
3396,V1V2_dada2_read_info_03052026.xlsx,V4_dada2_read_info_03052026.xlsx,1032901113,AE1624,3397,
3397,,,1032901114,AE1624,3398,
3398,V1V2_dada2_read_info_03052026.xlsx,V4_dada2_read_info_03052026.xlsx,1032901115,AE1624,3399,
3399,,,1032901116,AE1624,3400,
3400,,,1032901117,AE1624,3401,
3401,,,1032901118,AE1624,3402,
3402,,,1032901119,AE1624,3403,
3403,,,1032901120,AE1624,3404,
3404,,,1032901121,AE1624,3405,
3405,,,1032901122,AE1624,3406,
3406,,,1032901123,AE1624,3407,
3407,,,1032901124,AE1624,3408,
3408,,,1032901201,AE1624,3409,
3409,,,1032901202,AE1624,3410,
3410,,,1032901203,AE1624,3411,
3411,,,1032901204,AE1624,3412,
3412,,,1032901205,AE1624,3413,
3413,,,1032901206,AE1624,3414,
3414,,,1032901207,AE1624,3415,
3415,,,1032901208,AE1624,3416,
3416,,,1032901209,AE1624,3417,
3417,,,1032901210,AE1624,3418,
3418,,,1032901211,AE1624,3419,
3419,,,1032901212,AE1624,3420,
3420,,,1032901213,AE1624,3421,
3421,,,1032901214,AE1624,3422,
3422,,,1032901215,AE1624,3423,
3423,,,1032901216,AE1624,3424,
3424,,,1032901217,AE1624,3425,
3425,,,1032901218,AE1624,3426,
3426,,,1032901219,AE1624,3427,
3427,,,1032901220,AE1624,3428,
3428,,,1032901221,AE1624,3429,
3429,,,1032901222,AE1624,3430,
3430,,,1032901223,AE1624,3431,
3431,,,1032901224,AE1624,3432,
3432,,,1032901301,AE1624,3433,
3433,,,1032901302,AE1624,3434,
3434,,,1032901303,AE1624,3435,
3435,,,1032901304,AE1624,3436,
3436,,,1032901305,AE1624,3437,
3437,,,1032901306,AE1624,3438,
3438,,,1032901307,AE1624,3439,
3439,,,1032901308,AE1624,3440,
3440,,,1032901309,AE1624,3441,
3441,,,1032901310,AE1624,3442,
3442,,,1032901311,AE1624,3443,
3443,,,1032901312,AE1624,3444,
3444,,,1032901313,AE1624,3445,
3445,,,1032901314,AE1624,3446,
3446,,,1032901315,AE1624,3447,
3447,,,1032901316,AE1624,3448,
3448,,,1032901317,AE1624,3449,
3449,,,1032901318,AE1624,3450,
3450,,,1032901319,AE1624,3451,
3451,,,1032901320,AE1624,3452,
3452,,,1032901321,AE1624,3453,
3453,,,1032901322,AE1624,3454,
3454,,,1032901323,AE1624,3455,
3455,,,1032901324,AE1624,3456,
3456,V1V2_dada2_read_info_03052026.xlsx,V4_dada2_read_info_03052026.xlsx,1032901601,AE1624,3457,
3457,,,1032901602,AE1624,3458,
3458,V1V2_dada2_read_info_03052026.xlsx,V4_dada2_read_info_03052026.xlsx,1032901603,AE1624,3459,
3459,,,1032901604,AE1624,3460,
3460,,,1032901605,AE1624,3461,
3461,V1V2_dada2_read_info_03052026.xlsx,V4_dada2_read_info_03052026.xlsx,1032901606,AE1624,3462,
3462,V1V2_dada2_read_info_03052026.xlsx,V4_dada2_read_info_03052026.xlsx,1032901607,AE1624,3463,
3463,,,1032901608,AE1624,3464,
3464,,,1032901609,AE1624,3465,
3465,,,1032901610,AE1624,3466,
3466,,,1032901611,AE1624,3467,
3467,,,1032901612,AE1624,3468,
3468,,,1032901613,AE1624,3469,
3469,,,1032901614,AE1624,3470,
3470,,,1032901615,AE1624,3471,
3471,,,1032901616,AE1624,3472,
3472,,,1032901617,AE1624,3473,
3473,,,1032901618,AE1624,3474,
3474,,,1032901619,AE1624,3475,
3475,,,1032901620,AE1624,3476,
3476,,,1032901621,AE1624,3477,
3477,,,1032901622,AE1624,3478,
3478,,,1032901623,AE1624,3479,
3479,,,1032901624,AE1624,3480,
3480,,,1032901701,AE1624,3481,
3481,,,1032901702,AE1624,3482,
3482,,,1032901703,AE1624,3483,
3483,,,1032901704,AE1624,3484,
3484,,,1032901705,AE1624,3485,
3485,,,1032901706,AE1624,3486,
3486,,,1032901707,AE1624,3487,
3487,,,1032901708,AE1624,3488,
3488,,,1032901709,AE1624,3489,
3489,,,1032901710,AE1624,3490,
3490,,,1032901711,AE1624,3491,
3491,,,1032901712,AE1624,3492,
3492,,,1032901713,AE1624,3493,
3493,,,1032901714,AE1624,3494,
3494,,,1032901715,AE1624,3495,
3495,,,1032901716,AE1624,3496,
3496,,,1032901717,AE1624,3497,
3497,,,1032901718,AE1624,3498,
3498,,,1032901719,AE1624,3499,
3499,,,1032901720,AE1624,3500,
3500,,,1032901721,AE1624,3501,
3501,,,1032901722,AE1624,3502,
3502,,,1032901723,AE1624,3503,
3503,,,1032901724,AE1624,3504,
3504,,,1033000101,AE1627,3505,
3505,,,1033000102,AE1627,3506,
3506,,,1033000103,AE1627,3507,
3507,,,1033000104,AE1627,3508,
3508,,,1033000105,AE1627,3509,
3509,,,1033000106,AE1627,3510,
3510,,,1033000107,AE1627,3511,
3511,,,1033000108,AE1627,3512,
3512,,,1033000109,AE1627,3513,
3513,,,1033000110,AE1627,3514,
3514,,,1033000111,AE1627,3515,
3515,,,1033000112,AE1627,3516,
3516,,,1033000113,AE1627,3517,
3517,,,1033000114,AE1627,3518,
3518,,,1033000115,AE1627,3519,
3519,,,1033000116,AE1627,3520,
3520,,,1033000117,AE1627,3521,
3521,,,1033000118,AE1627,3522,
3522,,,1033000119,AE1627,3523,
3523,,,1033000120,AE1627,3524,
3524,,,1033000121,AE1627,3525,
3525,,,1033000122,AE1627,3526,
3526,,,1033000123,AE1627,3527,
3527,,,1033000124,AE1627,3528,
3528,,,1033000201,AE1627,3529,
3529,,,1033000202,AE1627,3530,
3530,,,1033000203,AE1627,3531,
3531,,,1033000204,AE1627,3532,
3532,,,1033000205,AE1627,3533,
3533,,,1033000206,AE1627,3534,
3534,,,1033000207,AE1627,3535,
3535,,,1033000208,AE1627,3536,
3536,,,1033000209,AE1627,3537,
3537,,,1033000210,AE1627,3538,
3538,,,1033000211,AE1627,3539,
3539,,,1033000212,AE1627,3540,
3540,,,1033000213,AE1627,3541,
3541,,,1033000214,AE1627,3542,
3542,,,1033000215,AE1627,3543,
3543,,,1033000216,AE1627,3544,
3544,,,1033000217,AE1627,3545,
3545,,,1033000218,AE1627,3546,
3546,,,1033000219,AE1627,3547,
3547,,,1033000220,AE1627,3548,
3548,,,1033000221,AE1627,3549,
3549,,,1033000222,AE1627,3550,
3550,,,1033000223,AE1627,3551,
3551,,,1033000224,AE1627,3552,
3552,,,1033000301,AE1627,3553,
3553,,,1033000302,AE1627,3554,
3554,,,1033000303,AE1627,3555,
3555,,,1033000304,AE1627,3556,
3556,,,1033000305,AE1627,3557,
3557,,,1033000306,AE1627,3558,
3558,,,1033000307,AE1627,3559,
3559,,,1033000308,AE1627,3560,
3560,,,1033000309,AE1627,3561,
3561,,,1033000310,AE1627,3562,
3562,,,1033000311,AE1627,3563,
3563,,,1033000312,AE1627,3564,
3564,,,1033000313,AE1627,3565,
3565,,,1033000314,AE1627,3566,
3566,,,1033000315,AE1627,3567,
3567,,,1033000316,AE1627,3568,
3568,,,1033000317,AE1627,3569,
3569,,,1033000318,AE1627,3570,
3570,,,1033000319,AE1627,3571,
3571,,,1033000320,AE1627,3572,
3572,,,1033000321,AE1627,3573,
3573,,,1033000322,AE1627,3574,
3574,,,1033000323,AE1627,3575,
3575,,,1033000324,AE1627,3576,
3576,,,1033000401,AE1627,3577,
3577,,,1033000402,AE1627,3578,
3578,,,1033000403,AE1627,3579,
3579,,,1033000404,AE1627,3580,
3580,,,1033000405,AE1627,3581,
3581,,,1033000406,AE1627,3582,
3582,,,1033000407,AE1627,3583,
3583,,,1033000408,AE1627,3584,
3584,,,1033000409,AE1627,3585,
3585,,,1033000410,AE1627,3586,
3586,,,1033000411,AE1627,3587,
3587,,,1033000412,AE1627,3588,
3588,,,1033000413,AE1627,3589,
3589,,,1033000414,AE1627,3590,
3590,,,1033000415,AE1627,3591,
3591,,,1033000416,AE1627,3592,
3592,,,1033000417,AE1627,3593,
3593,,,1033000418,AE1627,3594,
3594,,,1033000419,AE1627,3595,
3595,,,1033000420,AE1627,3596,
3596,,,1033000421,AE1627,3597,
3597,,,1033000422,AE1627,3598,
3598,,,1033000423,AE1627,3599,
3599,,,1033000424,AE1627,3600,
3600,,,1033000501,AE1627,3601,
3601,,,1033000502,AE1627,3602,
3602,,,1033000503,AE1627,3603,
3603,,,1033000504,AE1627,3604,
3604,,,1033000505,AE1627,3605,
3605,,,1033000506,AE1627,3606,
3606,,,1033000507,AE1627,3607,
3607,,,1033000508,AE1627,3608,
3608,,,1033000509,AE1627,3609,
3609,,,1033000510,AE1627,3610,
3610,,,1033000511,AE1627,3611,
3611,,,1033000512,AE1627,3612,
3612,,,1033000513,AE1627,3613,
3613,,,1033000514,AE1627,3614,
3614,,,1033000515,AE1627,3615,
3615,,,1033000516,AE1627,3616,
3616,,,1033000517,AE1627,3617,
3617,,,1033000518,AE1627,3618,
3618,,,1033000519,AE1627,3619,
3619,,,1033000520,AE1627,3620,
3620,,,1033000521,AE1627,3621,
3621,,,1033000522,AE1627,3622,
3622,,,1033000523,AE1627,3623,
3623,,,1033000524,AE1627,3624,
3624,,,1033000801,AE1627,3625,
3625,,,1033000802,AE1627,3626,
3626,,,1033000803,AE1627,3627,
3627,,,1033000804,AE1627,3628,
3628,,,1033000805,AE1627,3629,
3629,,,1033000806,AE1627,3630,
3630,,,1033000807,AE1627,3631,
3631,,,1033000808,AE1627,3632,
3632,,,1033000809,AE1627,3633,
3633,,,1033000810,AE1627,3634,
3634,,,1033000811,AE1627,3635,
3635,,,1033000812,AE1627,3636,
3636,,,1033000813,AE1627,3637,
3637,,,1033000814,AE1627,3638,
3638,,,1033000815,AE1627,3639,
3639,,,1033000816,AE1627,3640,
3640,,,1033000817,AE1627,3641,
3641,,,1033000818,AE1627,3642,
3642,,,1033000819,AE1627,3643,
3643,,,1033000820,AE1627,3644,
3644,,,1033000821,AE1627,3645,
3645,,,1033000822,AE1627,3646,
3646,,,1033000823,AE1627,3647,
3647,,,1033000824,AE1627,3648,
3648,,,1033000901,AE1627,3649,
3649,,,1033000902,AE1627,3650,
3650,,,1033000903,AE1627,3651,
3651,,,1033000904,AE1627,3652,
3652,,,1033000905,AE1627,3653,
3653,,,1033000906,AE1627,3654,
3654,,,1033000907,AE1627,3655,
3655,,,1033000908,AE1627,3656,
3656,,,1033000909,AE1627,3657,
3657,,,1033000910,AE1627,3658,
3658,,,1033000911,AE1627,3659,
3659,,,1033000912,AE1627,3660,
3660,,,1033000913,AE1627,3661,
3661,,,1033000914,AE1627,3662,
3662,,,1033000915,AE1627,3663,
3663,,,1033000916,AE1627,3664,
3664,,,1033000917,AE1627,3665,
3665,,,1033000918,AE1627,3666,
3666,,,1033000919,AE1627,3667,
3667,,,1033000920,AE1627,3668,
3668,,,1033000921,AE1627,3669,
3669,,,1033000922,AE1627,3670,
3670,,,1033000923,AE1627,3671,
3671,,,1033000924,AE1627,3672,
3672,,,1033001001,AE1627,3673,
3673,,,1033001002,AE1627,3674,
3674,,,1033001003,AE1627,3675,
3675,,,1033001004,AE1627,3676,
3676,,,1033001005,AE1627,3677,
3677,,,1033001006,AE1627,3678,
3678,,,1033001007,AE1627,3679,
3679,,,1033001008,AE1627,3680,
3680,,,1033001009,AE1627,3681,
3681,,,1033001010,AE1627,3682,
3682,,,1033001011,AE1627,3683,
3683,,,1033001012,AE1627,3684,
3684,,,1033001013,AE1627,3685,
3685,,,1033001014,AE1627,3686,
3686,,,1033001015,AE1627,3687,
3687,,,1033001016,AE1627,3688,
3688,,,1033001017,AE1627,3689,
3689,,,1033001018,AE1627,3690,
3690,,,1033001019,AE1627,3691,
3691,,,1033001020,AE1627,3692,
3692,,,1033001021,AE1627,3693,
3693,,,1033001022,AE1627,3694,
3694,,,1033001023,AE1627,3695,
3695,,,1033001024,AE1627,3696,
3696,,,1033001101,AE1627,3697,
3697,,,1033001102,AE1627,3698,
3698,,,1033001103,AE1627,3699,
3699,,,1033001104,AE1627,3700,
3700,,,1033001105,AE1627,3701,
3701,,,1033001106,AE1627,3702,
3702,,,1033001107,AE1627,3703,
3703,,,1033001108,AE1627,3704,
3704,,,1033001109,AE1627,3705,
3705,,,1033001110,AE1627,3706,
3706,,,1033001111,AE1627,3707,
3707,,,1033001112,AE1627,3708,
3708,,,1033001113,AE1627,3709,
3709,,,1033001114,AE1627,3710,
3710,,,1033001115,AE1627,3711,
3711,,,1033001116,AE1627,3712,
3712,,,1033001117,AE1627,3713,
3713,,,1033001118,AE1627,3714,
3714,,,1033001119,AE1627,3715,
3715,,,1033001120,AE1627,3716,
3716,,,1033001121,AE1627,3717,
3717,,,1033001122,AE1627,3718,
3718,,,1033001123,AE1627,3719,
3719,,,1033001124,AE1627,3720,
3720,,,1033001201,AE1627,3721,
3721,,,1033001202,AE1627,3722,
3722,,,1033001203,AE1627,3723,
3723,,,1033001204,AE1627,3724,
3724,,,1033001205,AE1627,3725,
3725,,,1033001206,AE1627,3726,
3726,,,1033001207,AE1627,3727,
3727,,,1033001208,AE1627,3728,
3728,,,1033001209,AE1627,3729,
3729,,,1033001210,AE1627,3730,
3730,,,1033001211,AE1627,3731,
3731,,,1033001212,AE1627,3732,
3732,,,1033001213,AE1627,3733,
3733,,,1033001214,AE1627,3734,
3734,,,1033001215,AE1627,3735,
3735,,,1033001216,AE1627,3736,
3736,,,1033001217,AE1627,3737,
3737,,,1033001218,AE1627,3738,
3738,,,1033001219,AE1627,3739,
3739,,,1033001220,AE1627,3740,
3740,,,1033001221,AE1627,3741,
3741,,,1033001222,AE1627,3742,
3742,,,1033001223,AE1627,3743,
3743,,,1033001224,AE1627,3744,
3744,V1V2_dada2_read_info_03052026.xlsx,V4_dada2_read_info_03052026.xlsx,1033001401,AE1627,3745,
3745,,,1033001402,AE1627,3746,MTBLS2356
3746,,,1033001403,AE1627,3747,
3747,V1V2_dada2_read_info_03052026.xlsx,V4_dada2_read_info_03052026.xlsx,1033001404,AE1627,3748,
3748,,,1033001405,AE1627,3749,MTBLS2356
3749,,,1033001406,AE1627,3750,
3750,V1V2_dada2_read_info_03052026.xlsx,V4_dada2_read_info_03052026.xlsx,1033001407,AE1627,3751,
3751,,,1033001408,AE1627,3752,
3752,V1V2_dada2_read_info_03052026.xlsx,V4_dada2_read_info_03052026.xlsx,1033001409,AE1627,3753,
3753,,,1033001410,AE1627,3754,MTBLS2356
3754,,,1033001411,AE1627,3755,
3755,V1V2_dada2_read_info_03052026.xlsx,V4_dada2_read_info_03052026.xlsx,1033001412,AE1627,3756,
3756,V1V2_dada2_read_info_03052026.xlsx,V4_dada2_read_info_03052026.xlsx,1033001413,AE1627,3757,
3757,,,1033001414,AE1627,3758,MTBLS2356
3758,V1V2_dada2_read_info_03052026.xlsx,V4_dada2_read_info_03052026.xlsx,1033001415,AE1627,3759,
3759,,,1033001416,AE1627,3760,
3760,V1V2_dada2_read_info_03052026.xlsx,V4_dada2_read_info_03052026.xlsx,1033001417,AE1627,3761,
3761,,,1033001418,AE1627,3762,
3762,V1V2_dada2_read_info_03052026.xlsx,V4_dada2_read_info_03052026.xlsx,1033001419,AE1627,3763,
3763,,,1033001420,AE1627,3764,MTBLS2356
3764,V1V2_dada2_read_info_03052026.xlsx,V4_dada2_read_info_03052026.xlsx,1033001421,AE1627,3765,
3765,V1V2_dada2_read_info_03052026.xlsx,V4_dada2_read_info_03052026.xlsx,1033001422,AE1627,3766,
3766,V1V2_dada2_read_info_03052026.xlsx,V4_dada2_read_info_03052026.xlsx,1033001423,AE1627,3767,
3767,,,1033001424,AE1627,3768,MTBLS2356
3768,,,1033001501,AE1627,3769,
3769,,,1033001502,AE1627,3770,
3770,,,1033001503,AE1627,3771,
3771,,,1033001504,AE1627,3772,
3772,,,1033001505,AE1627,3773,
3773,,,1033001506,AE1627,3774,
3774,,,1033001507,AE1627,3775,
3775,,,1033001508,AE1627,3776,
3776,,,1033001509,AE1627,3777,
3777,,,1033001510,AE1627,3778,
3778,,,1033001511,AE1627,3779,
3779,,,1033001512,AE1627,3780,
3780,,,1033001513,AE1627,3781,
3781,,,1033001514,AE1627,3782,
3782,,,1033001515,AE1627,3783,
3783,,,1033001516,AE1627,3784,
3784,,,1033001517,AE1627,3785,
3785,,,1033001518,AE1627,3786,
3786,,,1033001519,AE1627,3787,
3787,,,1033001520,AE1627,3788,
3788,,,1033001521,AE1627,3789,
3789,,,1033001522,AE1627,3790,
3790,,,1033001523,AE1627,3791,
3791,,,1033001524,AE1627,3792,
3792,,,1033100101,AE1629,3793,
3793,,,1033100102,AE1629,3794,
3794,,,1033100103,AE1629,3795,
3795,,,1033100104,AE1629,3796,
3796,,,1033100105,AE1629,3797,
3797,,,1033100106,AE1629,3798,
3798,,,1033100107,AE1629,3799,
3799,,,1033100108,AE1629,3800,
3800,,,1033100109,AE1629,3801,
3801,,,1033100110,AE1629,3802,
3802,,,1033100111,AE1629,3803,
3803,,,1033100112,AE1629,3804,
3804,,,1033100113,AE1629,3805,
3805,,,1033100114,AE1629,3806,
3806,,,1033100115,AE1629,3807,
3807,,,1033100116,AE1629,3808,
3808,,,1033100117,AE1629,3809,
3809,,,1033100118,AE1629,3810,
3810,,,1033100119,AE1629,3811,
3811,,,1033100120,AE1629,3812,
3812,,,1033100121,AE1629,3813,
3813,,,1033100122,AE1629,3814,
3814,,,1033100123,AE1629,3815,
3815,,,1033100124,AE1629,3816,
3816,,,1033100201,AE1629,3817,
3817,,,1033100202,AE1629,3818,
3818,,,1033100203,AE1629,3819,
3819,,,1033100204,AE1629,3820,
3820,,,1033100205,AE1629,3821,
3821,,,1033100206,AE1629,3822,
3822,,,1033100207,AE1629,3823,
3823,,,1033100208,AE1629,3824,
3824,,,1033100209,AE1629,3825,
3825,,,1033100210,AE1629,3826,
3826,,,1033100211,AE1629,3827,
3827,,,1033100212,AE1629,3828,
3828,,,1033100213,AE1629,3829,
3829,,,1033100214,AE1629,3830,
3830,,,1033100215,AE1629,3831,
3831,,,1033100216,AE1629,3832,
3832,,,1033100217,AE1629,3833,
3833,,,1033100218,AE1629,3834,
3834,,,1033100219,AE1629,3835,
3835,,,1033100220,AE1629,3836,
3836,,,1033100221,AE1629,3837,
3837,,,1033100222,AE1629,3838,
3838,,,1033100223,AE1629,3839,
3839,,,1033100224,AE1629,3840,
3840,,,1033100301,AE1629,3841,
3841,,,1033100302,AE1629,3842,
3842,,,1033100303,AE1629,3843,
3843,,,1033100304,AE1629,3844,
3844,,,1033100305,AE1629,3845,
3845,,,1033100306,AE1629,3846,
3846,,,1033100307,AE1629,3847,
3847,,,1033100308,AE1629,3848,
3848,,,1033100309,AE1629,3849,
3849,,,1033100310,AE1629,3850,
3850,,,1033100311,AE1629,3851,
3851,,,1033100312,AE1629,3852,
3852,,,1033100313,AE1629,3853,
3853,,,1033100314,AE1629,3854,
3854,,,1033100315,AE1629,3855,
3855,,,1033100316,AE1629,3856,
3856,,,1033100317,AE1629,3857,
3857,,,1033100318,AE1629,3858,
3858,,,1033100319,AE1629,3859,
3859,,,1033100320,AE1629,3860,
3860,,,1033100321,AE1629,3861,
3861,,,1033100322,AE1629,3862,
3862,,,1033100323,AE1629,3863,
3863,,,1033100324,AE1629,3864,
3864,,,1033100401,AE1629,3865,
3865,,,1033100402,AE1629,3866,
3866,,,1033100403,AE1629,3867,
3867,,,1033100404,AE1629,3868,
3868,,,1033100405,AE1629,3869,
3869,,,1033100406,AE1629,3870,
3870,,,1033100407,AE1629,3871,
3871,,,1033100408,AE1629,3872,
3872,,,1033100409,AE1629,3873,
3873,,,1033100410,AE1629,3874,
3874,,,1033100411,AE1629,3875,
3875,,,1033100412,AE1629,3876,
3876,,,1033100413,AE1629,3877,
3877,,,1033100414,AE1629,3878,
3878,,,1033100415,AE1629,3879,
3879,,,1033100416,AE1629,3880,
3880,,,1033100417,AE1629,3881,
3881,,,1033100418,AE1629,3882,
3882,,,1033100419,AE1629,3883,
3883,,,1033100420,AE1629,3884,
3884,,,1033100421,AE1629,3885,
3885,,,1033100422,AE1629,3886,
3886,,,1033100423,AE1629,3887,
3887,,,1033100424,AE1629,3888,
3888,,,1033100501,AE1629,3889,
3889,,,1033100502,AE1629,3890,
3890,,,1033100503,AE1629,3891,
3891,,,1033100504,AE1629,3892,
3892,,,1033100505,AE1629,3893,
3893,,,1033100506,AE1629,3894,
3894,,,1033100507,AE1629,3895,
3895,,,1033100508,AE1629,3896,
3896,,,1033100509,AE1629,3897,
3897,,,1033100510,AE1629,3898,
3898,,,1033100511,AE1629,3899,
3899,,,1033100512,AE1629,3900,
3900,,,1033100513,AE1629,3901,
3901,,,1033100514,AE1629,3902,
3902,,,1033100515,AE1629,3903,
3903,,,1033100516,AE1629,3904,
3904,,,1033100517,AE1629,3905,
3905,,,1033100518,AE1629,3906,
3906,,,1033100519,AE1629,3907,
3907,,,1033100520,AE1629,3908,
3908,,,1033100521,AE1629,3909,
3909,,,1033100522,AE1629,3910,
3910,,,1033100523,AE1629,3911,
3911,,,1033100524,AE1629,3912,
3912,,,1033100901,AE1629,3913,
3913,,,1033100902,AE1629,3914,
3914,,,1033100903,AE1629,3915,
3915,,,1033100904,AE1629,3916,
3916,,,1033100905,AE1629,3917,
3917,,,1033100906,AE1629,3918,
3918,,,1033100907,AE1629,3919,
3919,,,1033100908,AE1629,3920,
3920,,,1033100909,AE1629,3921,
3921,,,1033100910,AE1629,3922,
3922,,,1033100911,AE1629,3923,
3923,,,1033100912,AE1629,3924,
3924,,,1033100913,AE1629,3925,
3925,,,1033100914,AE1629,3926,
3926,,,1033100915,AE1629,3927,
3927,,,1033100916,AE1629,3928,
3928,,,1033100917,AE1629,3929,
3929,,,1033100918,AE1629,3930,
3930,,,1033100919,AE1629,3931,
3931,,,1033100920,AE1629,3932,
3932,,,1033100921,AE1629,3933,
3933,,,1033100922,AE1629,3934,
3934,,,1033100923,AE1629,3935,
3935,,,1033100924,AE1629,3936,
3936,,,1033101001,AE1629,3937,
3937,,,1033101002,AE1629,3938,
3938,,,1033101003,AE1629,3939,
3939,,,1033101004,AE1629,3940,
3940,,,1033101005,AE1629,3941,
3941,,,1033101006,AE1629,3942,
3942,,,1033101007,AE1629,3943,
3943,,,1033101008,AE1629,3944,
3944,,,1033101009,AE1629,3945,
3945,,,1033101010,AE1629,3946,
3946,,,1033101011,AE1629,3947,
3947,,,1033101012,AE1629,3948,
3948,,,1033101013,AE1629,3949,
3949,,,1033101014,AE1629,3950,
3950,,,1033101015,AE1629,3951,
3951,,,1033101016,AE1629,3952,
3952,,,1033101017,AE1629,3953,
3953,,,1033101018,AE1629,3954,
3954,,,1033101019,AE1629,3955,
3955,,,1033101020,AE1629,3956,
3956,,,1033101021,AE1629,3957,
3957,,,1033101022,AE1629,3958,
3958,,,1033101023,AE1629,3959,
3959,,,1033101024,AE1629,3960,
3960,,,1033101101,AE1629,3961,
3961,,,1033101102,AE1629,3962,
3962,,,1033101103,AE1629,3963,
3963,,,1033101104,AE1629,3964,
3964,,,1033101105,AE1629,3965,
3965,,,1033101106,AE1629,3966,
3966,,,1033101107,AE1629,3967,
3967,,,1033101108,AE1629,3968,
3968,,,1033101109,AE1629,3969,
3969,,,1033101110,AE1629,3970,
3970,,,1033101111,AE1629,3971,
3971,,,1033101112,AE1629,3972,
3972,,,1033101113,AE1629,3973,
3973,,,1033101114,AE1629,3974,
3974,,,1033101115,AE1629,3975,
3975,,,1033101116,AE1629,3976,
3976,,,1033101117,AE1629,3977,
3977,,,1033101118,AE1629,3978,
3978,,,1033101119,AE1629,3979,
3979,,,1033101120,AE1629,3980,
3980,,,1033101121,AE1629,3981,
3981,,,1033101122,AE1629,3982,
3982,,,1033101123,AE1629,3983,
3983,,,1033101124,AE1629,3984,
3984,,,1033101201,AE1629,3985,
3985,,,1033101202,AE1629,3986,
3986,,,1033101203,AE1629,3987,
3987,,,1033101204,AE1629,3988,
3988,,,1033101205,AE1629,3989,
3989,,,1033101206,AE1629,3990,
3990,,,1033101207,AE1629,3991,
3991,,,1033101208,AE1629,3992,
3992,,,1033101209,AE1629,3993,
3993,,,1033101210,AE1629,3994,
3994,,,1033101211,AE1629,3995,
3995,,,1033101212,AE1629,3996,
3996,,,1033101213,AE1629,3997,
3997,,,1033101214,AE1629,3998,
3998,,,1033101215,AE1629,3999,
3999,,,1033101216,AE1629,4000,
4000,,,1033101217,AE1629,4001,
4001,,,1033101218,AE1629,4002,
4002,,,1033101219,AE1629,4003,
4003,,,1033101220,AE1629,4004,
4004,,,1033101221,AE1629,4005,
4005,,,1033101222,AE1629,4006,
4006,,,1033101223,AE1629,4007,
4007,,,1033101224,AE1629,4008,
4008,,,1033101301,AE1629,4009,
4009,,,1033101302,AE1629,4010,
4010,,,1033101303,AE1629,4011,
4011,,,1033101304,AE1629,4012,
4012,,,1033101305,AE1629,4013,
4013,,,1033101306,AE1629,4014,
4014,,,1033101307,AE1629,4015,
4015,,,1033101308,AE1629,4016,
4016,,,1033101309,AE1629,4017,
4017,,,1033101310,AE1629,4018,
4018,,,1033101311,AE1629,4019,
4019,,,1033101312,AE1629,4020,
4020,,,1033101313,AE1629,4021,
4021,,,1033101314,AE1629,4022,
4022,,,1033101315,AE1629,4023,
4023,,,1033101316,AE1629,4024,
4024,,,1033101317,AE1629,4025,
4025,,,1033101318,AE1629,4026,
4026,,,1033101319,AE1629,4027,
4027,,,1033101320,AE1629,4028,
4028,,,1033101321,AE1629,4029,
4029,,,1033101322,AE1629,4030,
4030,,,1033101323,AE1629,4031,
4031,,,1033101324,AE1629,4032,
4032,V1V2_dada2_read_info_03052026.xlsx,V4_dada2_read_info_03052026.xlsx,1033101501,AE1629,4033,
4033,,,1033101502,AE1629,4034,
4034,V1V2_dada2_read_info_03052026.xlsx,V4_dada2_read_info_03052026.xlsx,1033101503,AE1629,4035,
4035,,,1033101504,AE1629,4036,
4036,V1V2_dada2_read_info_03052026.xlsx,V4_dada2_read_info_03052026.xlsx,1033101505,AE1629,4037,
4037,,,1033101506,AE1629,4038,
4038,V1V2_dada2_read_info_03052026.xlsx,V4_dada2_read_info_03052026.xlsx,1033101507,AE1629,4039,
4039,,,1033101508,AE1629,4040,
4040,V1V2_dada2_read_info_03052026.xlsx,V4_dada2_read_info_03052026.xlsx,1033101509,AE1629,4041,
4041,,,1033101510,AE1629,4042,
4042,V1V2_dada2_read_info_03052026.xlsx,V4_dada2_read_info_03052026.xlsx,1033101511,AE1629,4043,
4043,,,1033101512,AE1629,4044,
4044,V1V2_dada2_read_info_03052026.xlsx,V4_dada2_read_info_03052026.xlsx,1033101513,AE1629,4045,
4045,,,1033101514,AE1629,4046,
4046,V1V2_dada2_read_info_03052026.xlsx,V4_dada2_read_info_03052026.xlsx,1033101515,AE1629,4047,
4047,,,1033101516,AE1629,4048,
4048,V1V2_dada2_read_info_03052026.xlsx,V4_dada2_read_info_03052026.xlsx,1033101517,AE1629,4049,
4049,,,1033101518,AE1629,4050,
4050,V1V2_dada2_read_info_03052026.xlsx,V4_dada2_read_info_03052026.xlsx,1033101519,AE1629,4051,
4051,,,1033101520,AE1629,4052,
4052,V1V2_dada2_read_info_03052026.xlsx,V4_dada2_read_info_03052026.xlsx,1033101521,AE1629,4053,
4053,,,1033101522,AE1629,4054,
4054,V1V2_dada2_read_info_03052026.xlsx,V4_dada2_read_info_03052026.xlsx,1033101523,AE1629,4055,
4055,,,1033101524,AE1629,4056,
4056,,,1033101701,AE1629,4057,
4057,,,1033101702,AE1629,4058,
4058,,,1033101703,AE1629,4059,
4059,,,1033101704,AE1629,4060,
4060,,,1033101705,AE1629,4061,
4061,,,1033101706,AE1629,4062,
4062,,,1033101707,AE1629,4063,
4063,,,1033101708,AE1629,4064,
4064,,,1033101709,AE1629,4065,
4065,,,1033101710,AE1629,4066,
4066,,,1033101711,AE1629,4067,
4067,,,1033101712,AE1629,4068,
4068,,,1033101713,AE1629,4069,
4069,,,1033101714,AE1629,4070,
4070,,,1033101715,AE1629,4071,
4071,,,1033101716,AE1629,4072,
4072,,,1033101717,AE1629,4073,
4073,,,1033101718,AE1629,4074,
4074,,,1033101719,AE1629,4075,
4075,,,1033101720,AE1629,4076,
4076,,,1033101721,AE1629,4077,
4077,,,1033101722,AE1629,4078,
4078,,,1033101723,AE1629,4079,
4079,,,1033101724,AE1629,4080,
4080,,,1033200601,AE1701,4081,
4081,,,1033200602,AE1701,4082,
4082,,,1033200603,AE1701,4083,
4083,,,1033200604,AE1701,4084,
4084,,,1033200605,AE1701,4085,
4085,,,1033200606,AE1701,4086,
4086,,,1033200607,AE1701,4087,
4087,,,1033200608,AE1701,4088,
4088,,,1033200609,AE1701,4089,
4089,,,1033200610,AE1701,4090,
4090,,,1033200611,AE1701,4091,
4091,,,1033200612,AE1701,4092,
4092,,,1033200613,AE1701,4093,
4093,,,1033200614,AE1701,4094,
4094,,,1033200615,AE1701,4095,
4095,,,1033200616,AE1701,4096,
4096,,,1033200617,AE1701,4097,
4097,,,1033200618,AE1701,4098,
4098,,,1033200619,AE1701,4099,
4099,,,1033200620,AE1701,4100,
4100,,,1033200621,AE1701,4101,
4101,,,1033200622,AE1701,4102,
4102,,,1033200623,AE1701,4103,
4103,,,1033200624,AE1701,4104,
4104,,,1033200901,AE1701,4105,
4105,,,1033200902,AE1701,4106,
4106,,,1033200903,AE1701,4107,
4107,,,1033200904,AE1701,4108,
4108,,,1033200905,AE1701,4109,
4109,,,1033200906,AE1701,4110,
4110,,,1033200907,AE1701,4111,
4111,,,1033200908,AE1701,4112,
4112,,,1033200909,AE1701,4113,
4113,,,1033200910,AE1701,4114,
4114,,,1033200911,AE1701,4115,
4115,,,1033200912,AE1701,4116,
4116,,,1033200913,AE1701,4117,
4117,,,1033200914,AE1701,4118,
4118,,,1033200915,AE1701,4119,
4119,,,1033200916,AE1701,4120,
4120,,,1033200917,AE1701,4121,
4121,,,1033200918,AE1701,4122,
4122,,,1033200919,AE1701,4123,
4123,,,1033200920,AE1701,4124,
4124,,,1033200921,AE1701,4125,
4125,,,1033200922,AE1701,4126,
4126,,,1033200923,AE1701,4127,
4127,,,1033200924,AE1701,4128,
4128,,,1033201001,AE1701,4129,
4129,,,1033201002,AE1701,4130,
4130,,,1033201003,AE1701,4131,
4131,,,1033201004,AE1701,4132,
4132,,,1033201005,AE1701,4133,
4133,,,1033201006,AE1701,4134,
4134,,,1033201007,AE1701,4135,
4135,,,1033201008,AE1701,4136,
4136,,,1033201009,AE1701,4137,
4137,,,1033201010,AE1701,4138,
4138,,,1033201011,AE1701,4139,
4139,,,1033201012,AE1701,4140,
4140,,,1033201013,AE1701,4141,
4141,,,1033201014,AE1701,4142,
4142,,,1033201015,AE1701,4143,
4143,,,1033201016,AE1701,4144,
4144,,,1033201201,AE1701,4145,
4145,,,1033201202,AE1701,4146,
4146,,,1033201203,AE1701,4147,
4147,,,1033201204,AE1701,4148,
4148,,,1033201205,AE1701,4149,
4149,,,1033201206,AE1701,4150,
4150,,,1033201207,AE1701,4151,
4151,,,1033201208,AE1701,4152,
4152,,,1033201209,AE1701,4153,
4153,,,1033201210,AE1701,4154,
4154,,,1033201211,AE1701,4155,
4155,,,1033201212,AE1701,4156,
4156,,,1033201213,AE1701,4157,
4157,,,1033201214,AE1701,4158,
4158,,,1033201215,AE1701,4159,
4159,,,1033201216,AE1701,4160,
4160,,,1033201217,AE1701,4161,
4161,,,1033201218,AE1701,4162,
4162,,,1033201219,AE1701,4163,
4163,,,1033201220,AE1701,4164,
4164,,,1033201221,AE1701,4165,
4165,,,1033201222,AE1701,4166,
4166,,,1033201223,AE1701,4167,
4167,,,1033201224,AE1701,4168,
4168,,,1033201301,AE1701,4169,
4169,,,1033201302,AE1701,4170,
4170,,,1033201303,AE1701,4171,
4171,,,1033201304,AE1701,4172,
4172,,,1033201305,AE1701,4173,
4173,,,1033201306,AE1701,4174,
4174,,,1033201307,AE1701,4175,
4175,,,1033201308,AE1701,4176,
4176,,,1033201309,AE1701,4177,
4177,,,1033201310,AE1701,4178,
4178,,,1033201311,AE1701,4179,
4179,,,1033201312,AE1701,4180,
4180,,,1033201313,AE1701,4181,
4181,,,1033201314,AE1701,4182,
4182,,,1033201315,AE1701,4183,
4183,,,1033201316,AE1701,4184,
4184,,,1033201317,AE1701,4185,
4185,,,1033201318,AE1701,4186,
4186,,,1033201319,AE1701,4187,
4187,,,1033201320,AE1701,4188,
4188,,,1033201321,AE1701,4189,
4189,,,1033201322,AE1701,4190,
4190,,,1033201323,AE1701,4191,
4191,,,1033201324,AE1701,4192,
4192,V1V2_dada2_read_info_03052026.xlsx,V4_dada2_read_info_03052026.xlsx,1033201501,AE1701,4193,MTBLS2356
4193,,,1033201502,AE1701,4194,
4194,,,1033201503,AE1701,4195,
4195,V1V2_dada2_read_info_03052026.xlsx,V4_dada2_read_info_03052026.xlsx,1033201504,AE1701,4196,MTBLS2356
4196,V1V2_dada2_read_info_03052026.xlsx,V4_dada2_read_info_03052026.xlsx,1033201505,AE1701,4197,
4197,,,1033201506,AE1701,4198,
4198,V1V2_dada2_read_info_03052026.xlsx,V4_dada2_read_info_03052026.xlsx,1033201507,AE1701,4199,MTBLS2356
4199,,,1033201508,AE1701,4200,
4200,V1V2_dada2_read_info_03052026.xlsx,V4_dada2_read_info_03052026.xlsx,1033201509,AE1701,4201,
4201,,,1033201510,AE1701,4202,
4202,V1V2_dada2_read_info_03052026.xlsx,V4_dada2_read_info_03052026.xlsx,1033201511,AE1701,4203,MTBLS2356
4203,,,1033201512,AE1701,4204,
4204,V1V2_dada2_read_info_03052026.xlsx,V4_dada2_read_info_03052026.xlsx,1033201513,AE1701,4205,
4205,,,1033201514,AE1701,4206,
4206,V1V2_dada2_read_info_03052026.xlsx,V4_dada2_read_info_03052026.xlsx,1033201515,AE1701,4207,
4207,,,1033201516,AE1701,4208,
4208,,,1033201517,AE1701,4209,
4209,V1V2_dada2_read_info_03052026.xlsx,V4_dada2_read_info_03052026.xlsx,1033201518,AE1701,4210,MTBLS2356
4210,V1V2_dada2_read_info_03052026.xlsx,V4_dada2_read_info_03052026.xlsx,1033201519,AE1701,4211,
4211,,,1033201520,AE1701,4212,
4212,V1V2_dada2_read_info_03052026.xlsx,V4_dada2_read_info_03052026.xlsx,1033201521,AE1701,4213,
4213,,,1033201522,AE1701,4214,
4214,V1V2_dada2_read_info_03052026.xlsx,V4_dada2_read_info_03052026.xlsx,1033201523,AE1701,4215,MTBLS2356
4215,,,1033201524,AE1701,4216,
4216,V1V2_dada2_read_info_03052026.xlsx,V4_dada2_read_info_03052026.xlsx,1033300401,EN592,4217,
4217,,,1033300402,EN592,4218,
4218,V1V2_dada2_read_info_03052026.xlsx,V4_dada2_read_info_03052026.xlsx,1033300403,EN592,4219,
4219,,,1033300404,EN592,4220,
4220,V1V2_dada2_read_info_03052026.xlsx,V4_dada2_read_info_03052026.xlsx,1033300405,EN592,4221,
4221,,,1033300406,EN592,4222,
4222,V1V2_dada2_read_info_03052026.xlsx,V4_dada2_read_info_03052026.xlsx,1033300407,EN592,4223,
4223,,,1033300408,EN592,4224,
4224,V1V2_dada2_read_info_03052026.xlsx,V4_dada2_read_info_03052026.xlsx,1033300409,EN592,4225,
4225,,,1033300410,EN592,4226,
4226,V1V2_dada2_read_info_03052026.xlsx,V4_dada2_read_info_03052026.xlsx,1033300411,EN592,4227,
4227,,,1033300412,EN592,4228,
4228,V1V2_dada2_read_info_03052026.xlsx,V4_dada2_read_info_03052026.xlsx,1033300413,EN592,4229,
4229,,,1033300414,EN592,4230,
4230,V1V2_dada2_read_info_03052026.xlsx,V4_dada2_read_info_03052026.xlsx,1033300415,EN592,4231,
4231,,,1033300416,EN592,4232,
4232,V1V2_dada2_read_info_03052026.xlsx,V4_dada2_read_info_03052026.xlsx,1033300417,EN592,4233,
4233,,,1033300418,EN592,4234,
4234,V1V2_dada2_read_info_03052026.xlsx,V4_dada2_read_info_03052026.xlsx,1033300419,EN592,4235,
4235,,,1033300420,EN592,4236,
4236,V1V2_dada2_read_info_03052026.xlsx,V4_dada2_read_info_03052026.xlsx,1033300421,EN592,4237,
4237,,,1033300422,EN592,4238,
4238,V1V2_dada2_read_info_03052026.xlsx,V4_dada2_read_info_03052026.xlsx,1033300423,EN592,4239,
4239,,,1033300424,EN592,4240,
4240,,,1033300501,EN592,4241,
4241,,,1033300502,EN592,4242,
4242,,,1033300503,EN592,4243,
4243,,,1033300504,EN592,4244,
4244,,,1033300505,EN592,4245,
4245,,,1033300506,EN592,4246,
4246,,,1033300507,EN592,4247,
4247,,,1033300508,EN592,4248,
4248,,,1033300509,EN592,4249,
4249,,,1033300510,EN592,4250,
4250,,,1033300511,EN592,4251,
4251,,,1033300512,EN592,4252,
4252,,,1033300513,EN592,4253,
4253,,,1033300514,EN592,4254,
4254,,,1033300515,EN592,4255,
4255,,,1033300516,EN592,4256,
4256,,,1033300517,EN592,4257,
4257,,,1033300518,EN592,4258,
4258,,,1033300519,EN592,4259,
4259,,,1033300520,EN592,4260,
4260,,,1033300521,EN592,4261,
4261,,,1033300522,EN592,4262,
4262,,,1033300523,EN592,4263,
4263,,,1033300524,EN592,4264,
4264,,,1033300609,EN592,4265,
4265,,,1033300610,EN592,4266,
4266,,,1033300611,EN592,4267,
4267,,,1033300612,EN592,4268,
4268,,,1033300613,EN592,4269,
4269,,,1033300614,EN592,4270,
4270,,,1033300615,EN592,4271,
4271,,,1033300616,EN592,4272,
4272,,,1033300617,EN592,4273,
4273,,,1033300618,EN592,4274,
4274,,,1033300619,EN592,4275,
4275,,,1033300620,EN592,4276,
4276,,,1033300621,EN592,4277,
4277,,,1033300622,EN592,4278,
4278,,,1033300623,EN592,4279,
4279,,,1033300624,EN592,4280,
4280,,,1033300701,EN592,4281,
4281,,,1033300702,EN592,4282,
4282,,,1033300703,EN592,4283,
4283,,,1033300704,EN592,4284,
4284,,,1033300705,EN592,4285,
4285,,,1033300706,EN592,4286,
4286,,,1033300707,EN592,4287,
4287,,,1033300708,EN592,4288,
4288,,,1033300709,EN592,4289,
4289,,,1033300710,EN592,4290,
4290,,,1033300711,EN592,4291,
4291,,,1033300712,EN592,4292,
4292,,,1033300713,EN592,4293,
4293,,,1033300714,EN592,4294,
4294,,,1033300715,EN592,4295,
4295,,,1033300716,EN592,4296,
4296,,,1033300717,EN592,4297,
4297,,,1033300718,EN592,4298,
4298,,,1033300719,EN592,4299,
4299,,,1033300720,EN592,4300,
4300,,,1033300721,EN592,4301,
4301,,,1033300722,EN592,4302,
4302,,,1033300723,EN592,4303,
4303,,,1033300724,EN592,4304,
4304,,,1033300901,EN592,4305,
4305,,,1033300902,EN592,4306,
4306,,,1033300903,EN592,4307,
4307,,,1033300904,EN592,4308,
4308,,,1033300905,EN592,4309,
4309,,,1033300906,EN592,4310,
4310,,,1033300907,EN592,4311,
4311,,,1033300908,EN592,4312,
4312,,,1033300909,EN592,4313,
4313,,,1033300910,EN592,4314,
4314,,,1033300911,EN592,4315,
4315,,,1033300912,EN592,4316,
4316,,,1033300913,EN592,4317,
4317,,,1033300914,EN592,4318,
4318,,,1033300915,EN592,4319,
4319,,,1033300916,EN592,4320,
4320,,,1033300917,EN592,4321,
4321,,,1033300918,EN592,4322,
4322,,,1033300919,EN592,4323,
4323,,,1033300920,EN592,4324,
4324,,,1033300921,EN592,4325,
4325,,,1033300922,EN592,4326,
4326,,,1033300923,EN592,4327,
4327,,,1033300924,EN592,4328,
4328,,,1033400701,AE1704,4329,
4329,,,1033400702,AE1704,4330,
4330,,,1033400703,AE1704,4331,
4331,,,1033400704,AE1704,4332,
4332,,,1033400705,AE1704,4333,
4333,,,1033400706,AE1704,4334,
4334,,,1033400707,AE1704,4335,
4335,,,1033400708,AE1704,4336,
4336,,,1033400709,AE1704,4337,
4337,,,1033400710,AE1704,4338,
4338,,,1033400711,AE1704,4339,
4339,,,1033400712,AE1704,4340,
4340,,,1033400713,AE1704,4341,
4341,,,1033400714,AE1704,4342,
4342,,,1033400715,AE1704,4343,
4343,,,1033400716,AE1704,4344,
4344,,,1033400717,AE1704,4345,
4345,,,1033400718,AE1704,4346,
4346,,,1033400719,AE1704,4347,
4347,,,1033400720,AE1704,4348,
4348,,,1033400721,AE1704,4349,
4349,,,1033400722,AE1704,4350,
4350,,,1033400723,AE1704,4351,
4351,,,1033400724,AE1704,4352,
4352,,,1033400801,AE1704,4353,
4353,,,1033400802,AE1704,4354,
4354,,,1033400803,AE1704,4355,
4355,,,1033400804,AE1704,4356,
4356,,,1033400805,AE1704,4357,
4357,,,1033400806,AE1704,4358,
4358,,,1033400807,AE1704,4359,
4359,,,1033400808,AE1704,4360,
4360,,,1033400809,AE1704,4361,
4361,,,1033400810,AE1704,4362,
4362,,,1033400811,AE1704,4363,
4363,,,1033400812,AE1704,4364,
4364,,,1033400813,AE1704,4365,
4365,,,1033400814,AE1704,4366,
4366,,,1033400815,AE1704,4367,
4367,,,1033400816,AE1704,4368,
4368,,,1033400901,AE1704,4369,
4369,,,1033400902,AE1704,4370,
4370,,,1033400903,AE1704,4371,
4371,,,1033400904,AE1704,4372,
4372,,,1033400905,AE1704,4373,
4373,,,1033400906,AE1704,4374,
4374,,,1033400907,AE1704,4375,
4375,,,1033400908,AE1704,4376,
4376,,,1033400909,AE1704,4377,
4377,,,1033400910,AE1704,4378,
4378,,,1033400911,AE1704,4379,
4379,,,1033400912,AE1704,4380,
4380,,,1033400913,AE1704,4381,
4381,,,1033400914,AE1704,4382,
4382,,,1033400915,AE1704,4383,
4383,,,1033400916,AE1704,4384,
4384,,,1033400917,AE1704,4385,
4385,,,1033400918,AE1704,4386,
4386,,,1033400919,AE1704,4387,
4387,,,1033400920,AE1704,4388,
4388,,,1033400921,AE1704,4389,
4389,,,1033400922,AE1704,4390,
4390,,,1033400923,AE1704,4391,
4391,,,1033400924,AE1704,4392,
4392,,,1033401001,AE1704,4393,
4393,,,1033401002,AE1704,4394,
4394,,,1033401003,AE1704,4395,
4395,,,1033401004,AE1704,4396,
4396,,,1033401005,AE1704,4397,
4397,,,1033401006,AE1704,4398,
4398,,,1033401007,AE1704,4399,
4399,,,1033401008,AE1704,4400,
4400,,,1033401009,AE1704,4401,
4401,,,1033401010,AE1704,4402,
4402,,,1033401011,AE1704,4403,
4403,,,1033401012,AE1704,4404,
4404,,,1033401013,AE1704,4405,
4405,,,1033401014,AE1704,4406,
4406,,,1033401015,AE1704,4407,
4407,,,1033401016,AE1704,4408,
4408,,,1033401017,AE1704,4409,
4409,,,1033401018,AE1704,4410,
4410,,,1033401019,AE1704,4411,
4411,,,1033401020,AE1704,4412,
4412,,,1033401021,AE1704,4413,
4413,,,1033401022,AE1704,4414,
4414,,,1033401023,AE1704,4415,
4415,,,1033401024,AE1704,4416,
4416,,,1033401101,AE1704,4417,
4417,,,1033401102,AE1704,4418,
4418,,,1033401103,AE1704,4419,
4419,,,1033401104,AE1704,4420,
4420,,,1033401105,AE1704,4421,
4421,,,1033401106,AE1704,4422,
4422,,,1033401107,AE1704,4423,
4423,,,1033401108,AE1704,4424,
4424,,,1033401109,AE1704,4425,
4425,,,1033401110,AE1704,4426,
4426,,,1033401111,AE1704,4427,
4427,,,1033401112,AE1704,4428,
4428,,,1033401113,AE1704,4429,
4429,,,1033401114,AE1704,4430,
4430,,,1033401115,AE1704,4431,
4431,,,1033401116,AE1704,4432,
4432,,,1033401117,AE1704,4433,
4433,,,1033401118,AE1704,4434,
4434,,,1033401119,AE1704,4435,
4435,,,1033401120,AE1704,4436,
4436,,,1033401121,AE1704,4437,
4437,,,1033401122,AE1704,4438,
4438,,,1033401123,AE1704,4439,
4439,,,1033401124,AE1704,4440,
4440,V1V2_dada2_read_info_03052026.xlsx,V4_dada2_read_info_03052026.xlsx,1033401201,AE1704,4441,
4441,,,1033401202,AE1704,4442,
4442,V1V2_dada2_read_info_03052026.xlsx,V4_dada2_read_info_03052026.xlsx,1033401203,AE1704,4443,
4443,,,1033401204,AE1704,4444,
4444,V1V2_dada2_read_info_03052026.xlsx,V4_dada2_read_info_03052026.xlsx,1033401205,AE1704,4445,
4445,,,1033401206,AE1704,4446,
4446,V1V2_dada2_read_info_03052026.xlsx,V4_dada2_read_info_03052026.xlsx,1033401207,AE1704,4447,
4447,,,1033401208,AE1704,4448,
4448,V1V2_dada2_read_info_03052026.xlsx,V4_dada2_read_info_03052026.xlsx,1033401209,AE1704,4449,
4449,,,1033401210,AE1704,4450,
4450,V1V2_dada2_read_info_03052026.xlsx,V4_dada2_read_info_03052026.xlsx,1033401211,AE1704,4451,
4451,,,1033401212,AE1704,4452,
4452,V1V2_dada2_read_info_03052026.xlsx,V4_dada2_read_info_03052026.xlsx,1033401213,AE1704,4453,
4453,,,1033401214,AE1704,4454,
4454,V1V2_dada2_read_info_03052026.xlsx,V4_dada2_read_info_03052026.xlsx,1033401215,AE1704,4455,
4455,,,1033401216,AE1704,4456,
4456,V1V2_dada2_read_info_03052026.xlsx,,1033401217,AE1704,4457,
4457,,,1033401218,AE1704,4458,
4458,V1V2_dada2_read_info_03052026.xlsx,,1033401219,AE1704,4459,
4459,,,1033401220,AE1704,4460,
4460,V1V2_dada2_read_info_03052026.xlsx,,1033401221,AE1704,4461,
4461,,,1033401222,AE1704,4462,
4462,V1V2_dada2_read_info_03052026.xlsx,,1033401223,AE1704,4463,
4463,,,1033401224,AE1704,4464,
4464,V1V2_dada2_read_info_03052026.xlsx,V4_dada2_read_info_03052026.xlsx,1033500701,AE1707,4465,
4465,,,1033500702,AE1707,4466,MTBLS2356
4466,V1V2_dada2_read_info_03052026.xlsx,V4_dada2_read_info_03052026.xlsx,1033500703,AE1707,4467,
4467,,,1033500704,AE1707,4468,
4468,V1V2_dada2_read_info_03052026.xlsx,V4_dada2_read_info_03052026.xlsx,1033500705,AE1707,4469,MTBLS2356
4469,,,1033500706,AE1707,4470,
4470,V1V2_dada2_read_info_03052026.xlsx,V4_dada2_read_info_03052026.xlsx,1033500707,AE1707,4471,
4471,,,1033500708,AE1707,4472,
4472,V1V2_dada2_read_info_03052026.xlsx,,1033500709,AE1707,4473,
4473,,,1033500710,AE1707,4474,MTBLS2356
4474,,,1033500711,AE1707,4475,
4475,V1V2_dada2_read_info_03052026.xlsx,V4_dada2_read_info_03052026.xlsx,1033500712,AE1707,4476,
4476,V1V2_dada2_read_info_03052026.xlsx,,1033500713,AE1707,4477,
4477,,,1033500714,AE1707,4478,MTBLS2356
4478,V1V2_dada2_read_info_03052026.xlsx,V4_dada2_read_info_03052026.xlsx,1033500715,AE1707,4479,
4479,,,1033500716,AE1707,4480,
4480,V1V2_dada2_read_info_03052026.xlsx,,1033500717,AE1707,4481,
4481,,,1033500718,AE1707,4482,
4482,V1V2_dada2_read_info_03052026.xlsx,,1033500719,AE1707,4483,
4483,,,1033500720,AE1707,4484,MTBLS2356
4484,V1V2_dada2_read_info_03052026.xlsx,,1033500721,AE1707,4485,
4485,,,1033500722,AE1707,4486,
4486,V1V2_dada2_read_info_03052026.xlsx,V4_dada2_read_info_03052026.xlsx,1033500723,AE1707,4487,
4487,,,1033500724,AE1707,4488,MTBLS2356
4488,,,1033500801,AE1707,4489,
4489,,,1033500802,AE1707,4490,
4490,,,1033500803,AE1707,4491,
4491,,,1033500804,AE1707,4492,
4492,,,1033500805,AE1707,4493,
4493,,,1033500806,AE1707,4494,
4494,,,1033500807,AE1707,4495,
4495,,,1033500808,AE1707,4496,
4496,,,1033500809,AE1707,4497,
4497,,,1033500810,AE1707,4498,
4498,,,1033500811,AE1707,4499,
4499,,,1033500812,AE1707,4500,
4500,,,1033500813,AE1707,4501,
4501,,,1033500814,AE1707,4502,
4502,,,1033500815,AE1707,4503,
4503,,,1033500816,AE1707,4504,
4504,,,1033500817,AE1707,4505,
4505,,,1033500818,AE1707,4506,
4506,,,1033500819,AE1707,4507,
4507,,,1033500820,AE1707,4508,
4508,,,1033500821,AE1707,4509,
4509,,,1033500822,AE1707,4510,
4510,,,1033500823,AE1707,4511,
4511,,,1033500824,AE1707,4512,
4512,,,1033500909,AE1707,4513,
4513,,,1033500910,AE1707,4514,
4514,,,1033500911,AE1707,4515,
4515,,,1033500912,AE1707,4516,
4516,,,1033500913,AE1707,4517,
4517,,,1033500914,AE1707,4518,
4518,,,1033500915,AE1707,4519,
4519,,,1033500916,AE1707,4520,
4520,,,1033500917,AE1707,4521,
4521,,,1033500918,AE1707,4522,
4522,,,1033500919,AE1707,4523,
4523,,,1033500920,AE1707,4524,
4524,,,1033500921,AE1707,4525,
4525,,,1033500922,AE1707,4526,
4526,,,1033500923,AE1707,4527,
4527,,,1033500924,AE1707,4528,
4528,,,1033501001,AE1707,4529,
4529,,,1033501002,AE1707,4530,
4530,,,1033501003,AE1707,4531,
4531,,,1033501004,AE1707,4532,
4532,,,1033501005,AE1707,4533,
4533,,,1033501006,AE1707,4534,
4534,,,1033501007,AE1707,4535,
4535,,,1033501008,AE1707,4536,
4536,,,1033501009,AE1707,4537,
4537,,,1033501010,AE1707,4538,
4538,,,1033501011,AE1707,4539,
4539,,,1033501012,AE1707,4540,
4540,,,1033501013,AE1707,4541,
4541,,,1033501014,AE1707,4542,
4542,,,1033501015,AE1707,4543,
4543,,,1033501016,AE1707,4544,
4544,,,1033501017,AE1707,4545,
4545,,,1033501018,AE1707,4546,
4546,,,1033501019,AE1707,4547,
4547,,,1033501020,AE1707,4548,
4548,,,1033501021,AE1707,4549,
4549,,,1033501022,AE1707,4550,
4550,,,1033501023,AE1707,4551,
4551,,,1033501024,AE1707,4552,
4552,,,1033501101,AE1707,4553,
4553,,,1033501102,AE1707,4554,
4554,,,1033501103,AE1707,4555,
4555,,,1033501104,AE1707,4556,
4556,,,1033501105,AE1707,4557,
4557,,,1033501106,AE1707,4558,
4558,,,1033501107,AE1707,4559,
4559,,,1033501108,AE1707,4560,
4560,,,1033501109,AE1707,4561,
4561,,,1033501110,AE1707,4562,
4562,,,1033501111,AE1707,4563,
4563,,,1033501112,AE1707,4564,
4564,,,1033501113,AE1707,4565,
4565,,,1033501114,AE1707,4566,
4566,,,1033501115,AE1707,4567,
4567,,,1033501116,AE1707,4568,
4568,,,1033501117,AE1707,4569,
4569,,,1033501118,AE1707,4570,
4570,,,1033501119,AE1707,4571,
4571,,,1033501120,AE1707,4572,
4572,,,1033501121,AE1707,4573,
4573,,,1033501122,AE1707,4574,
4574,,,1033501123,AE1707,4575,
4575,,,1033501124,AE1707,4576,
4576,,,1033600701,AE1709,4577,
4577,,,1033600702,AE1709,4578,
4578,,,1033600703,AE1709,4579,
4579,,,1033600704,AE1709,4580,
4580,,,1033600705,AE1709,4581,
4581,,,1033600706,AE1709,4582,
4582,,,1033600707,AE1709,4583,
4583,,,1033600708,AE1709,4584,
4584,,,1033600709,AE1709,4585,
4585,,,1033600710,AE1709,4586,
4586,,,1033600711,AE1709,4587,
4587,,,1033600712,AE1709,4588,
4588,,,1033600713,AE1709,4589,
4589,,,1033600714,AE1709,4590,
4590,,,1033600801,AE1709,4591,
4591,,,1033600802,AE1709,4592,
4592,,,1033600803,AE1709,4593,
4593,,,1033600804,AE1709,4594,
4594,,,1033600805,AE1709,4595,
4595,,,1033600806,AE1709,4596,
4596,,,1033600807,AE1709,4597,
4597,,,1033600808,AE1709,4598,
4598,,,1033600809,AE1709,4599,
4599,,,1033600810,AE1709,4600,
4600,,,1033600811,AE1709,4601,
4601,,,1033600812,AE1709,4602,
4602,,,1033600813,AE1709,4603,
4603,,,1033600814,AE1709,4604,
4604,,,1033600815,AE1709,4605,
4605,,,1033600816,AE1709,4606,
4606,,,1033600817,AE1709,4607,
4607,,,1033600818,AE1709,4608,
4608,,,1033600819,AE1709,4609,
4609,,,1033600820,AE1709,4610,
4610,,,1033600821,AE1709,4611,
4611,,,1033600822,AE1709,4612,
4612,,,1033600823,AE1709,4613,
4613,,,1033600824,AE1709,4614,
4614,,,1033600901,AE1709,4615,
4615,,,1033600902,AE1709,4616,
4616,,,1033600903,AE1709,4617,
4617,,,1033600904,AE1709,4618,
4618,,,1033600905,AE1709,4619,
4619,,,1033600906,AE1709,4620,
4620,,,1033600907,AE1709,4621,
4621,,,1033600908,AE1709,4622,
4622,,,1033600909,AE1709,4623,
4623,,,1033600910,AE1709,4624,
4624,,,1033600911,AE1709,4625,
4625,,,1033600912,AE1709,4626,
4626,,,1033600913,AE1709,4627,
4627,,,1033600914,AE1709,4628,
4628,,,1033600915,AE1709,4629,
4629,,,1033600916,AE1709,4630,
4630,,,1033601001,AE1709,4631,
4631,,,1033601002,AE1709,4632,
4632,,,1033601003,AE1709,4633,
4633,,,1033601004,AE1709,4634,
4634,,,1033601005,AE1709,4635,
4635,,,1033601006,AE1709,4636,
4636,,,1033601007,AE1709,4637,
4637,,,1033601008,AE1709,4638,
4638,,,1033601009,AE1709,4639,
4639,,,1033601010,AE1709,4640,
4640,,,1033601011,AE1709,4641,
4641,,,1033601012,AE1709,4642,
4642,,,1033601013,AE1709,4643,
4643,,,1033601014,AE1709,4644,
4644,,,1033601015,AE1709,4645,
4645,,,1033601016,AE1709,4646,
4646,,,1033601017,AE1709,4647,
4647,,,1033601018,AE1709,4648,
4648,,,1033601019,AE1709,4649,
4649,,,1033601020,AE1709,4650,
4650,,,1033601021,AE1709,4651,
4651,,,1033601022,AE1709,4652,
4652,,,1033601023,AE1709,4653,
4653,,,1033601024,AE1709,4654,
4654,,,1033601101,AE1709,4655,
4655,,,1033601102,AE1709,4656,
4656,,,1033601103,AE1709,4657,
4657,,,1033601104,AE1709,4658,
4658,,,1033601105,AE1709,4659,
4659,,,1033601106,AE1709,4660,
4660,,,1033601107,AE1709,4661,
4661,,,1033601108,AE1709,4662,
4662,,,1033601109,AE1709,4663,
4663,,,1033601110,AE1709,4664,
4664,,,1033601111,AE1709,4665,
4665,,,1033601112,AE1709,4666,
4666,,,1033601113,AE1709,4667,
4667,,,1033601114,AE1709,4668,
4668,,,1033601115,AE1709,4669,
4669,,,1033601116,AE1709,4670,
4670,,,1033601117,AE1709,4671,
4671,,,1033601118,AE1709,4672,
4672,,,1033601119,AE1709,4673,
4673,,,1033601120,AE1709,4674,
4674,,,1033601121,AE1709,4675,
4675,,,1033601122,AE1709,4676,
4676,,,1033601123,AE1709,4677,
4677,,,1033601124,AE1709,4678,
4678,V1V2_dada2_read_info_03052026.xlsx,V4_dada2_read_info_03052026.xlsx,1033601301,AE1709,4679,
4679,,,1033601302,AE1709,4680,
4680,V1V2_dada2_read_info_03052026.xlsx,V4_dada2_read_info_03052026.xlsx,1033601303,AE1709,4681,
4681,,,1033601304,AE1709,4682,
4682,V1V2_dada2_read_info_03052026.xlsx,V4_dada2_read_info_03052026.xlsx,1033601305,AE1709,4683,
4683,,,1033601306,AE1709,4684,
4684,V1V2_dada2_read_info_03052026.xlsx,V4_dada2_read_info_03052026.xlsx,1033601307,AE1709,4685,
4685,,,1033601308,AE1709,4686,
4686,V1V2_dada2_read_info_03052026.xlsx,V4_dada2_read_info_03052026.xlsx,1033601309,AE1709,4687,
4687,,,1033601310,AE1709,4688,
4688,V1V2_dada2_read_info_03052026.xlsx,V4_dada2_read_info_03052026.xlsx,1033601311,AE1709,4689,
4689,,,1033601312,AE1709,4690,
4690,V1V2_dada2_read_info_03052026.xlsx,V4_dada2_read_info_03052026.xlsx,1033601313,AE1709,4691,
4691,,,1033601314,AE1709,4692,
4692,V1V2_dada2_read_info_03052026.xlsx,V4_dada2_read_info_03052026.xlsx,1033601315,AE1709,4693,
4693,,,1033601316,AE1709,4694,
4694,V1V2_dada2_read_info_03052026.xlsx,,1033601317,AE1709,4695,
4695,,,1033601318,AE1709,4696,
4696,,,1033601319,AE1709,4697,
4697,V1V2_dada2_read_info_03052026.xlsx,,1033601320,AE1709,4698,
4698,V1V2_dada2_read_info_03052026.xlsx,,1033601321,AE1709,4699,
4699,,,1033601322,AE1709,4700,
4700,V1V2_dada2_read_info_03052026.xlsx,,1033601323,AE1709,4701,
4701,,,1033601324,AE1709,4702,
4702,,,1033700801,AE1713,4703,
4703,,,1033700802,AE1713,4704,
4704,,,1033700803,AE1713,4705,
4705,,,1033700804,AE1713,4706,
4706,,,1033700805,AE1713,4707,
4707,,,1033700806,AE1713,4708,
4708,,,1033700807,AE1713,4709,
4709,,,1033700808,AE1713,4710,
4710,,,1033700809,AE1713,4711,
4711,,,1033700810,AE1713,4712,
4712,,,1033700811,AE1713,4713,
4713,,,1033700812,AE1713,4714,
4714,,,1033700813,AE1713,4715,
4715,,,1033700814,AE1713,4716,
4716,,,1033700815,AE1713,4717,
4717,,,1033700816,AE1713,4718,
4718,,,1033700817,AE1713,4719,
4719,,,1033700818,AE1713,4720,
4720,,,1033700819,AE1713,4721,
4721,,,1033700820,AE1713,4722,
4722,,,1033700821,AE1713,4723,
4723,,,1033700822,AE1713,4724,
4724,,,1033700823,AE1713,4725,
4725,,,1033700824,AE1713,4726,
4726,,,1033701001,AE1713,4727,
4727,,,1033701002,AE1713,4728,
4728,,,1033701003,AE1713,4729,
4729,,,1033701004,AE1713,4730,
4730,,,1033701005,AE1713,4731,
4731,,,1033701006,AE1713,4732,
4732,,,1033701007,AE1713,4733,
4733,,,1033701008,AE1713,4734,
4734,,,1033701009,AE1713,4735,
4735,,,1033701010,AE1713,4736,
4736,,,1033701011,AE1713,4737,
4737,,,1033701012,AE1713,4738,
4738,,,1033701013,AE1713,4739,
4739,,,1033701014,AE1713,4740,
4740,,,1033701015,AE1713,4741,
4741,,,1033701016,AE1713,4742,
4742,,,1033701201,AE1713,4743,
4743,,,1033701202,AE1713,4744,
4744,,,1033701203,AE1713,4745,
4745,,,1033701204,AE1713,4746,
4746,,,1033701205,AE1713,4747,
4747,,,1033701206,AE1713,4748,
4748,,,1033701207,AE1713,4749,
4749,,,1033701208,AE1713,4750,
4750,,,1033701209,AE1713,4751,
4751,,,1033701210,AE1713,4752,
4752,,,1033701211,AE1713,4753,
4753,,,1033701212,AE1713,4754,
4754,,,1033701213,AE1713,4755,
4755,,,1033701214,AE1713,4756,
4756,,,1033701215,AE1713,4757,
4757,,,1033701216,AE1713,4758,
4758,,,1033701217,AE1713,4759,
4759,,,1033701218,AE1713,4760,
4760,,,1033701219,AE1713,4761,
4761,,,1033701220,AE1713,4762,
4762,,,1033701221,AE1713,4763,
4763,,,1033701222,AE1713,4764,
4764,,,1033701223,AE1713,4765,
4765,,,1033701224,AE1713,4766,
4766,,,1033701301,AE1713,4767,
4767,,,1033701302,AE1713,4768,
4768,,,1033701303,AE1713,4769,
4769,,,1033701304,AE1713,4770,
4770,,,1033701305,AE1713,4771,
4771,,,1033701306,AE1713,4772,
4772,,,1033701307,AE1713,4773,
4773,,,1033701308,AE1713,4774,
4774,,,1033701309,AE1713,4775,
4775,,,1033701310,AE1713,4776,
4776,,,1033701311,AE1713,4777,
4777,,,1033701312,AE1713,4778,
4778,,,1033701313,AE1713,4779,
4779,,,1033701314,AE1713,4780,
4780,,,1033701315,AE1713,4781,
4781,,,1033701316,AE1713,4782,
4782,,,1033701317,AE1713,4783,
4783,,,1033701318,AE1713,4784,
4784,,,1033701319,AE1713,4785,
4785,,,1033701320,AE1713,4786,
4786,,,1033701321,AE1713,4787,
4787,,,1033701322,AE1713,4788,
4788,,,1033701323,AE1713,4789,
4789,,,1033701324,AE1713,4790,
4790,V1V2_dada2_read_info_03052026.xlsx,V4_dada2_read_info_03052026.xlsx,1033701701,AE1713,4791,
4791,,,1033701702,AE1713,4792,
4792,,,1033701703,AE1713,4793,
4793,V1V2_dada2_read_info_03052026.xlsx,V4_dada2_read_info_03052026.xlsx,1033701704,AE1713,4794,
4794,,,1033701705,AE1713,4795,
4795,,,1033701706,AE1713,4796,
4796,V1V2_dada2_read_info_03052026.xlsx,V4_dada2_read_info_03052026.xlsx,1033701707,AE1713,4797,
4797,,,1033701708,AE1713,4798,
4798,V1V2_dada2_read_info_03052026.xlsx,V4_dada2_read_info_03052026.xlsx,1033701709,AE1713,4799,
4799,,,1033701710,AE1713,4800,
4800,,,1033701711,AE1713,4801,
4801,V1V2_dada2_read_info_03052026.xlsx,V4_dada2_read_info_03052026.xlsx,1033701712,AE1713,4802,
4802,V1V2_dada2_read_info_03052026.xlsx,V4_dada2_read_info_03052026.xlsx,1033701713,AE1713,4803,
4803,,,1033701714,AE1713,4804,
4804,V1V2_dada2_read_info_03052026.xlsx,V4_dada2_read_info_03052026.xlsx,1033701715,AE1713,4805,
4805,,,1033701716,AE1713,4806,
4806,V1V2_dada2_read_info_03052026.xlsx,V4_dada2_read_info_03052026.xlsx,1033701717,AE1713,4807,
4807,,,1033701718,AE1713,4808,
4808,,,1033701719,AE1713,4809,
4809,,,1033701720,AE1713,4810,
4810,V1V2_dada2_read_info_03052026.xlsx,,1033701721,AE1713,4811,
4811,V1V2_dada2_read_info_03052026.xlsx,,1033701722,AE1713,4812,
4812,V1V2_dada2_read_info_03052026.xlsx,,1033701723,AE1713,4813,
4813,,,1033701724,AE1713,4814,
4814,,,1033800701,AE1715,4815,
4815,,,1033800702,AE1715,4816,
4816,,,1033800703,AE1715,4817,
4817,,,1033800704,AE1715,4818,
4818,,,1033800705,AE1715,4819,
4819,,,1033800706,AE1715,4820,
4820,,,1033800707,AE1715,4821,
4821,,,1033800708,AE1715,4822,
4822,,,1033800709,AE1715,4823,
4823,,,1033800710,AE1715,4824,
4824,,,1033800711,AE1715,4825,
4825,,,1033800712,AE1715,4826,
4826,,,1033800713,AE1715,4827,
4827,,,1033800714,AE1715,4828,
4828,,,1033800715,AE1715,4829,
4829,,,1033800716,AE1715,4830,
4830,,,1033800717,AE1715,4831,
4831,,,1033800718,AE1715,4832,
4832,,,1033800719,AE1715,4833,
4833,,,1033800720,AE1715,4834,
4834,,,1033800721,AE1715,4835,
4835,,,1033800722,AE1715,4836,
4836,,,1033800723,AE1715,4837,
4837,,,1033800724,AE1715,4838,
4838,,,1033800801,AE1715,4839,
4839,,,1033800802,AE1715,4840,
4840,,,1033800803,AE1715,4841,
4841,,,1033800804,AE1715,4842,
4842,,,1033800805,AE1715,4843,
4843,,,1033800806,AE1715,4844,
4844,,,1033800807,AE1715,4845,
4845,,,1033800808,AE1715,4846,
4846,,,1033800809,AE1715,4847,
4847,,,1033800810,AE1715,4848,
4848,,,1033800811,AE1715,4849,
4849,,,1033800812,AE1715,4850,
4850,,,1033800813,AE1715,4851,
4851,,,1033800814,AE1715,4852,
4852,,,1033800815,AE1715,4853,
4853,,,1033800816,AE1715,4854,
4854,,,1033801101,AE1715,4855,
4855,,,1033801102,AE1715,4856,
4856,,,1033801103,AE1715,4857,
4857,,,1033801104,AE1715,4858,
4858,,,1033801105,AE1715,4859,
4859,,,1033801106,AE1715,4860,
4860,,,1033801107,AE1715,4861,
4861,,,1033801108,AE1715,4862,
4862,,,1033801109,AE1715,4863,
4863,,,1033801110,AE1715,4864,
4864,,,1033801111,AE1715,4865,
4865,,,1033801112,AE1715,4866,
4866,,,1033801113,AE1715,4867,
4867,,,1033801114,AE1715,4868,
4868,,,1033801115,AE1715,4869,
4869,,,1033801116,AE1715,4870,
4870,,,1033801117,AE1715,4871,
4871,,,1033801118,AE1715,4872,
4872,,,1033801119,AE1715,4873,
4873,,,1033801120,AE1715,4874,
4874,,,1033801121,AE1715,4875,
4875,,,1033801122,AE1715,4876,
4876,,,1033801123,AE1715,4877,
4877,,,1033801124,AE1715,4878,
4878,,,1033801201,AE1715,4879,
4879,,,1033801202,AE1715,4880,
4880,,,1033801203,AE1715,4881,
4881,,,1033801204,AE1715,4882,
4882,,,1033801205,AE1715,4883,
4883,,,1033801206,AE1715,4884,
4884,,,1033801207,AE1715,4885,
4885,,,1033801208,AE1715,4886,
4886,,,1033801209,AE1715,4887,
4887,,,1033801210,AE1715,4888,
4888,,,1033801211,AE1715,4889,
4889,,,1033801212,AE1715,4890,
4890,,,1033801213,AE1715,4891,
4891,,,1033801214,AE1715,4892,
4892,,,1033801215,AE1715,4893,
4893,,,1033801216,AE1715,4894,
4894,,,1033801217,AE1715,4895,
4895,,,1033801218,AE1715,4896,
4896,,,1033801219,AE1715,4897,
4897,,,1033801220,AE1715,4898,
4898,,,1033801221,AE1715,4899,
4899,,,1033801222,AE1715,4900,
4900,,,1033801223,AE1715,4901,
4901,,,1033801224,AE1715,4902,
4902,V1V2_dada2_read_info_03052026.xlsx,V4_dada2_read_info_03052026.xlsx,1033801501,AE1715,4903,
4903,,,1033801502,AE1715,4904,
4904,,,1033801503,AE1715,4905,
4905,V1V2_dada2_read_info_03052026.xlsx,V4_dada2_read_info_03052026.xlsx,1033801504,AE1715,4906,
4906,,,1033801505,AE1715,4907,
4907,,,1033801506,AE1715,4908,
4908,,,1033801507,AE1715,4909,
4909,,,1033801508,AE1715,4910,
4910,V1V2_dada2_read_info_03052026.xlsx,V4_dada2_read_info_03052026.xlsx,1033801509,AE1715,4911,
4911,,,1033801510,AE1715,4912,
4912,,,1033801511,AE1715,4913,
4913,V1V2_dada2_read_info_03052026.xlsx,V4_dada2_read_info_03052026.xlsx,1033801512,AE1715,4914,
4914,V1V2_dada2_read_info_03052026.xlsx,V4_dada2_read_info_03052026.xlsx,1033801513,AE1715,4915,
4915,,,1033801514,AE1715,4916,
4916,V1V2_dada2_read_info_03052026.xlsx,V4_dada2_read_info_03052026.xlsx,1033801515,AE1715,4917,
4917,,,1033801516,AE1715,4918,
4918,V1V2_dada2_read_info_03052026.xlsx,V4_dada2_read_info_03052026.xlsx,1033801517,AE1715,4919,
4919,,,1033801518,AE1715,4920,
4920,,,1033801519,AE1715,4921,
4921,V1V2_dada2_read_info_03052026.xlsx,,1033801520,AE1715,4922,
4922,V1V2_dada2_read_info_03052026.xlsx,,1033801521,AE1715,4923,
4923,V1V2_dada2_read_info_03052026.xlsx,,1033801522,AE1715,4924,
4924,,,1033801523,AE1715,4925,
4925,V1V2_dada2_read_info_03052026.xlsx,,1033801524,AE1715,4926,
4926,,,1033900201,AE1718,4927,
4927,,,1033900202,AE1718,4928,
4928,,,1033900203,AE1718,4929,
4929,,,1033900204,AE1718,4930,
4930,,,1033900205,AE1718,4931,
4931,,,1033900206,AE1718,4932,
4932,,,1033900207,AE1718,4933,
4933,,,1033900208,AE1718,4934,
4934,,,1033900209,AE1718,4935,
4935,,,1033900210,AE1718,4936,
4936,,,1033900211,AE1718,4937,
4937,,,1033900212,AE1718,4938,
4938,,,1033900213,AE1718,4939,
4939,,,1033900214,AE1718,4940,
4940,,,1033900501,AE1718,4941,
4941,,,1033900502,AE1718,4942,
4942,,,1033900503,AE1718,4943,
4943,,,1033900504,AE1718,4944,
4944,,,1033900505,AE1718,4945,
4945,,,1033900506,AE1718,4946,
4946,,,1033900507,AE1718,4947,
4947,,,1033900508,AE1718,4948,
4948,,,1033900509,AE1718,4949,
4949,,,1033900510,AE1718,4950,
4950,,,1033900511,AE1718,4951,
4951,,,1033900512,AE1718,4952,
4952,,,1033900513,AE1718,4953,
4953,,,1033900514,AE1718,4954,
4954,,,1033900515,AE1718,4955,
4955,,,1033900516,AE1718,4956,
4956,,,1033900517,AE1718,4957,
4957,,,1033900518,AE1718,4958,
4958,,,1033900519,AE1718,4959,
4959,,,1033900520,AE1718,4960,
4960,,,1033900521,AE1718,4961,
4961,,,1033900522,AE1718,4962,
4962,,,1033900523,AE1718,4963,
4963,,,1033900524,AE1718,4964,
4964,,,1033900601,AE1718,4965,
4965,,,1033900602,AE1718,4966,
4966,,,1033900603,AE1718,4967,
4967,,,1033900604,AE1718,4968,
4968,,,1033900605,AE1718,4969,
4969,,,1033900606,AE1718,4970,
4970,,,1033900607,AE1718,4971,
4971,,,1033900608,AE1718,4972,
4972,,,1033900609,AE1718,4973,
4973,,,1033900610,AE1718,4974,
4974,,,1033900611,AE1718,4975,
4975,,,1033900612,AE1718,4976,
4976,,,1033900613,AE1718,4977,
4977,,,1033900614,AE1718,4978,
4978,,,1033900615,AE1718,4979,
4979,,,1033900616,AE1718,4980,
4980,,,1033900701,AE1718,4981,
4981,,,1033900702,AE1718,4982,
4982,,,1033900703,AE1718,4983,
4983,,,1033900704,AE1718,4984,
4984,,,1033900705,AE1718,4985,
4985,,,1033900706,AE1718,4986,
4986,,,1033900707,AE1718,4987,
4987,,,1033900708,AE1718,4988,
4988,,,1033900709,AE1718,4989,
4989,,,1033900710,AE1718,4990,
4990,,,1033900711,AE1718,4991,
4991,,,1033900712,AE1718,4992,
4992,,,1033900713,AE1718,4993,
4993,,,1033900714,AE1718,4994,
4994,,,1033900715,AE1718,4995,
4995,,,1033900716,AE1718,4996,
4996,,,1033900717,AE1718,4997,
4997,,,1033900718,AE1718,4998,
4998,,,1033900719,AE1718,4999,
4999,,,1033900720,AE1718,5000,
5000,,,1033900721,AE1718,5001,
5001,,,1033900722,AE1718,5002,
5002,,,1033900723,AE1718,5003,
5003,,,1033900724,AE1718,5004,
5004,,,1033900801,AE1718,5005,
5005,,,1033900802,AE1718,5006,
5006,,,1033900803,AE1718,5007,
5007,,,1033900804,AE1718,5008,
5008,,,1033900805,AE1718,5009,
5009,,,1033900806,AE1718,5010,
5010,,,1033900807,AE1718,5011,
5011,,,1033900808,AE1718,5012,
5012,,,1033900809,AE1718,5013,
5013,,,1033900810,AE1718,5014,
5014,,,1033900811,AE1718,5015,
5015,,,1033900812,AE1718,5016,
5016,,,1033900813,AE1718,5017,
5017,,,1033900814,AE1718,5018,
5018,,,1033900815,AE1718,5019,
5019,,,1033900816,AE1718,5020,
5020,,,1033900817,AE1718,5021,
5021,,,1033900818,AE1718,5022,
5022,,,1033900819,AE1718,5023,
5023,,,1033900820,AE1718,5024,
5024,,,1033900821,AE1718,5025,
5025,,,1033900822,AE1718,5026,
5026,,,1033900823,AE1718,5027,
5027,,,1033900824,AE1718,5028,
5028,,,1033901101,AE1718,5029,
5029,V1V2_dada2_read_info_03052026.xlsx,V4_dada2_read_info_03052026.xlsx,1033901102,AE1718,5030,MTBLS2356
5030,,,1033901103,AE1718,5031,
5031,V1V2_dada2_read_info_03052026.xlsx,V4_dada2_read_info_03052026.xlsx,1033901104,AE1718,5032,
5032,,,1033901105,AE1718,5033,
5033,,,1033901106,AE1718,5034,
5034,V1V2_dada2_read_info_03052026.xlsx,V4_dada2_read_info_03052026.xlsx,1033901107,AE1718,5035,
5035,,,1033901108,AE1718,5036,
5036,V1V2_dada2_read_info_03052026.xlsx,V4_dada2_read_info_03052026.xlsx,1033901109,AE1718,5037,MTBLS2356
5037,,,1033901110,AE1718,5038,
5038,,,1033901111,AE1718,5039,
5039,V1V2_dada2_read_info_03052026.xlsx,V4_dada2_read_info_03052026.xlsx,1033901112,AE1718,5040,
5040,V1V2_dada2_read_info_03052026.xlsx,V4_dada2_read_info_03052026.xlsx,1033901113,AE1718,5041,
5041,,,1033901114,AE1718,5042,
5042,V1V2_dada2_read_info_03052026.xlsx,V4_dada2_read_info_03052026.xlsx,1033901115,AE1718,5043,
5043,,,1033901116,AE1718,5044,
5044,V1V2_dada2_read_info_03052026.xlsx,V4_dada2_read_info_03052026.xlsx,1033901117,AE1718,5045,
5045,,,1033901118,AE1718,5046,
5046,,,1033901119,AE1718,5047,
5047,V1V2_dada2_read_info_03052026.xlsx,,1033901120,AE1718,5048,MTBLS2356
5048,V1V2_dada2_read_info_03052026.xlsx,,1033901121,AE1718,5049,
5049,V1V2_dada2_read_info_03052026.xlsx,,1033901122,AE1718,5050,
5050,V1V2_dada2_read_info_03052026.xlsx,,1033901123,AE1718,5051,
5051,,,1033901124,AE1718,5052,
5052,,,1034000101,AE1722,5053,
5053,,,1034000102,AE1722,5054,
5054,,,1034000103,AE1722,5055,
5055,,,1034000104,AE1722,5056,
5056,,,1034000105,AE1722,5057,
5057,,,1034000106,AE1722,5058,
5058,,,1034000107,AE1722,5059,
5059,,,1034000108,AE1722,5060,
5060,,,1034000109,AE1722,5061,
5061,,,1034000110,AE1722,5062,
5062,,,1034000111,AE1722,5063,
5063,,,1034000112,AE1722,5064,
5064,,,1034000113,AE1722,5065,
5065,,,1034000114,AE1722,5066,
5066,,,1034000115,AE1722,5067,
5067,,,1034000116,AE1722,5068,
5068,,,1034000117,AE1722,5069,
5069,,,1034000118,AE1722,5070,
5070,,,1034000119,AE1722,5071,
5071,,,1034000120,AE1722,5072,
5072,,,1034000121,AE1722,5073,
5073,V1V2_dada2_read_info_03052026.xlsx,V4_dada2_read_info_03052026.xlsx,1034000401,AE1722,5074,
5074,,,1034000402,AE1722,5075,
5075,V1V2_dada2_read_info_03052026.xlsx,V4_dada2_read_info_03052026.xlsx,1034000403,AE1722,5076,
5076,,,1034000404,AE1722,5077,
5077,V1V2_dada2_read_info_03052026.xlsx,V4_dada2_read_info_03052026.xlsx,1034000405,AE1722,5078,
5078,,,1034000406,AE1722,5079,
5079,V1V2_dada2_read_info_03052026.xlsx,V4_dada2_read_info_03052026.xlsx,1034000407,AE1722,5080,
5080,,,1034000408,AE1722,5081,
5081,V1V2_dada2_read_info_03052026.xlsx,V4_dada2_read_info_03052026.xlsx,1034000409,AE1722,5082,
5082,,,1034000410,AE1722,5083,
5083,V1V2_dada2_read_info_03052026.xlsx,V4_dada2_read_info_03052026.xlsx,1034000411,AE1722,5084,
5084,,,1034000412,AE1722,5085,
5085,V1V2_dada2_read_info_03052026.xlsx,V4_dada2_read_info_03052026.xlsx,1034000413,AE1722,5086,
5086,,,1034000414,AE1722,5087,
5087,V1V2_dada2_read_info_03052026.xlsx,V4_dada2_read_info_03052026.xlsx,1034000415,AE1722,5088,
5088,,,1034000416,AE1722,5089,
5089,V1V2_dada2_read_info_03052026.xlsx,,1034000417,AE1722,5090,
5090,,,1034000418,AE1722,5091,
5091,V1V2_dada2_read_info_03052026.xlsx,,1034000419,AE1722,5092,
5092,,,1034000420,AE1722,5093,
5093,V1V2_dada2_read_info_03052026.xlsx,,1034000421,AE1722,5094,
5094,,,1034000422,AE1722,5095,
5095,V1V2_dada2_read_info_03052026.xlsx,,1034000423,AE1722,5096,
5096,,,1034000424,AE1722,5097,
5097,,,1034000501,AE1722,5098,
5098,,,1034000502,AE1722,5099,
5099,,,1034000503,AE1722,5100,
5100,,,1034000504,AE1722,5101,
5101,,,1034000505,AE1722,5102,
5102,,,1034000506,AE1722,5103,
5103,,,1034000507,AE1722,5104,
5104,,,1034000508,AE1722,5105,
5105,,,1034000509,AE1722,5106,
5106,,,1034000510,AE1722,5107,
5107,,,1034000511,AE1722,5108,
5108,,,1034000512,AE1722,5109,
5109,,,1034000513,AE1722,5110,
5110,,,1034000514,AE1722,5111,
5111,,,1034000515,AE1722,5112,
5112,,,1034000516,AE1722,5113,
5113,,,1034000601,AE1722,5114,
5114,,,1034000602,AE1722,5115,
5115,,,1034000603,AE1722,5116,
5116,,,1034000604,AE1722,5117,
5117,,,1034000605,AE1722,5118,
5118,,,1034000606,AE1722,5119,
5119,,,1034000607,AE1722,5120,
5120,,,1034000608,AE1722,5121,
5121,,,1034000609,AE1722,5122,
5122,,,1034000610,AE1722,5123,
5123,,,1034000611,AE1722,5124,
5124,,,1034000612,AE1722,5125,
5125,,,1034000613,AE1722,5126,
5126,,,1034000614,AE1722,5127,
5127,,,1034000615,AE1722,5128,
5128,,,1034000616,AE1722,5129,
5129,,,1034000617,AE1722,5130,
5130,,,1034000618,AE1722,5131,
5131,,,1034000619,AE1722,5132,
5132,,,1034000620,AE1722,5133,
5133,,,1034000621,AE1722,5134,
5134,,,1034000622,AE1722,5135,
5135,,,1034000623,AE1722,5136,
5136,,,1034000624,AE1722,5137,
5137,,,1034000701,AE1722,5138,
5138,,,1034000702,AE1722,5139,
5139,,,1034000703,AE1722,5140,
5140,,,1034000704,AE1722,5141,
5141,,,1034000705,AE1722,5142,
5142,,,1034000706,AE1722,5143,
5143,,,1034000707,AE1722,5144,
5144,,,1034000708,AE1722,5145,
5145,,,1034000709,AE1722,5146,
5146,,,1034000710,AE1722,5147,
5147,,,1034000711,AE1722,5148,
5148,,,1034000712,AE1722,5149,
5149,,,1034000713,AE1722,5150,
5150,,,1034000714,AE1722,5151,
5151,,,1034000715,AE1722,5152,
5152,,,1034000716,AE1722,5153,
5153,,,1034000717,AE1722,5154,
5154,,,1034000718,AE1722,5155,
5155,,,1034000719,AE1722,5156,
5156,,,1034000720,AE1722,5157,
5157,,,1034000721,AE1722,5158,
5158,,,1034000722,AE1722,5159,
5159,,,1034000723,AE1722,5160,
5160,,,1034000724,AE1722,5161,
5161,,,1034000801,AE1722,5162,
5162,,,1034000802,AE1722,5163,
5163,,,1034000803,AE1722,5164,
5164,,,1034000804,AE1722,5165,
5165,,,1034000805,AE1722,5166,
5166,,,1034000806,AE1722,5167,
5167,,,1034000807,AE1722,5168,
5168,,,1034000808,AE1722,5169,
5169,,,1034000809,AE1722,5170,
5170,,,1034000810,AE1722,5171,
5171,,,1034000811,AE1722,5172,
5172,,,1034000812,AE1722,5173,
5173,,,1034000813,AE1722,5174,
5174,,,1034000814,AE1722,5175,
5175,,,1034000815,AE1722,5176,
5176,,,1034000816,AE1722,5177,
5177,,,1034000817,AE1722,5178,
5178,,,1034000818,AE1722,5179,
5179,,,1034000819,AE1722,5180,
5180,,,1034000820,AE1722,5181,
5181,,,1034000821,AE1722,5182,
5182,,,1034000822,AE1722,5183,
5183,,,1034000823,AE1722,5184,
5184,,,1034000824,AE1722,5185,
5185,,,1034100801,AE1726,5186,
5186,,,1034100802,AE1726,5187,
5187,,,1034100803,AE1726,5188,
5188,,,1034100804,AE1726,5189,
5189,,,1034100805,AE1726,5190,
5190,,,1034100806,AE1726,5191,
5191,,,1034100807,AE1726,5192,
5192,,,1034100808,AE1726,5193,
5193,,,1034100809,AE1726,5194,
5194,,,1034100810,AE1726,5195,
5195,,,1034100811,AE1726,5196,
5196,,,1034100812,AE1726,5197,
5197,,,1034100813,AE1726,5198,
5198,,,1034100814,AE1726,5199,
5199,,,1034100815,AE1726,5200,
5200,,,1034100816,AE1726,5201,
5201,,,1034100817,AE1726,5202,
5202,,,1034100818,AE1726,5203,
5203,,,1034100819,AE1726,5204,
5204,,,1034100820,AE1726,5205,
5205,,,1034100821,AE1726,5206,
5206,,,1034100822,AE1726,5207,
5207,,,1034100823,AE1726,5208,
5208,,,1034100824,AE1726,5209,
5209,,,1034100901,AE1726,5210,
5210,,,1034100902,AE1726,5211,
5211,,,1034100903,AE1726,5212,
5212,,,1034100904,AE1726,5213,
5213,,,1034100905,AE1726,5214,
5214,,,1034100906,AE1726,5215,
5215,,,1034100907,AE1726,5216,
5216,,,1034100908,AE1726,5217,
5217,,,1034100909,AE1726,5218,
5218,,,1034100910,AE1726,5219,
5219,,,1034100911,AE1726,5220,
5220,,,1034100912,AE1726,5221,
5221,,,1034100913,AE1726,5222,
5222,,,1034100914,AE1726,5223,
5223,,,1034100915,AE1726,5224,
5224,,,1034100916,AE1726,5225,
5225,,,1034100917,AE1726,5226,
5226,,,1034100918,AE1726,5227,
5227,,,1034100919,AE1726,5228,
5228,,,1034100920,AE1726,5229,
5229,,,1034100921,AE1726,5230,
5230,,,1034100922,AE1726,5231,
5231,,,1034100923,AE1726,5232,
5232,,,1034100924,AE1726,5233,
5233,,,1034101001,AE1726,5234,
5234,,,1034101002,AE1726,5235,
5235,,,1034101003,AE1726,5236,
5236,,,1034101004,AE1726,5237,
5237,,,1034101005,AE1726,5238,
5238,,,1034101006,AE1726,5239,
5239,,,1034101007,AE1726,5240,
5240,,,1034101008,AE1726,5241,
5241,,,1034101009,AE1726,5242,
5242,,,1034101010,AE1726,5243,
5243,,,1034101011,AE1726,5244,
5244,,,1034101012,AE1726,5245,
5245,,,1034101013,AE1726,5246,
5246,,,1034101014,AE1726,5247,
5247,,,1034101015,AE1726,5248,
5248,,,1034101016,AE1726,5249,
5249,,,1034101201,AE1726,5250,
5250,,,1034101202,AE1726,5251,
5251,,,1034101203,AE1726,5252,
5252,,,1034101204,AE1726,5253,
5253,,,1034101205,AE1726,5254,
5254,,,1034101206,AE1726,5255,
5255,,,1034101207,AE1726,5256,
5256,,,1034101208,AE1726,5257,
5257,,,1034101209,AE1726,5258,
5258,,,1034101210,AE1726,5259,
5259,,,1034101211,AE1726,5260,
5260,,,1034101212,AE1726,5261,
5261,,,1034101213,AE1726,5262,
5262,,,1034101214,AE1726,5263,
5263,,,1034101215,AE1726,5264,
5264,,,1034101216,AE1726,5265,
5265,,,1034101217,AE1726,5266,
5266,,,1034101218,AE1726,5267,
5267,,,1034101219,AE1726,5268,
5268,,,1034101220,AE1726,5269,
5269,,,1034101221,AE1726,5270,
5270,,,1034101222,AE1726,5271,
5271,,,1034101223,AE1726,5272,
5272,,,1034101224,AE1726,5273,
5273,,,1034101301,AE1726,5274,
5274,,,1034101302,AE1726,5275,
5275,,,1034101303,AE1726,5276,
5276,,,1034101304,AE1726,5277,
5277,,,1034101305,AE1726,5278,
5278,,,1034101306,AE1726,5279,
5279,,,1034101307,AE1726,5280,
5280,,,1034101308,AE1726,5281,
5281,,,1034101309,AE1726,5282,
5282,,,1034101310,AE1726,5283,
5283,,,1034101311,AE1726,5284,
5284,,,1034101312,AE1726,5285,
5285,,,1034101313,AE1726,5286,
5286,,,1034101314,AE1726,5287,
5287,,,1034101315,AE1726,5288,
5288,,,1034101316,AE1726,5289,
5289,,,1034101317,AE1726,5290,
5290,,,1034101318,AE1726,5291,
5291,,,1034101319,AE1726,5292,
5292,,,1034101320,AE1726,5293,
5293,,,1034101321,AE1726,5294,
5294,,,1034101322,AE1726,5295,
5295,,,1034101323,AE1726,5296,
5296,,,1034101324,AE1726,5297,
5297,V1V2_dada2_read_info_03052026.xlsx,V4_dada2_read_info_03052026.xlsx,1034101601,AE1726,5298,MTBLS2356
5298,,,1034101602,AE1726,5299,
5299,V1V2_dada2_read_info_03052026.xlsx,V4_dada2_read_info_03052026.xlsx,1034101603,AE1726,5300,MTBLS2356
5300,,,1034101604,AE1726,5301,
5301,V1V2_dada2_read_info_03052026.xlsx,V4_dada2_read_info_03052026.xlsx,1034101605,AE1726,5302,
5302,,,1034101606,AE1726,5303,
5303,V1V2_dada2_read_info_03052026.xlsx,V4_dada2_read_info_03052026.xlsx,1034101607,AE1726,5304,MTBLS2356
5304,,,1034101608,AE1726,5305,
5305,V1V2_dada2_read_info_03052026.xlsx,V4_dada2_read_info_03052026.xlsx,1034101609,AE1726,5306,
5306,,,1034101610,AE1726,5307,
5307,V1V2_dada2_read_info_03052026.xlsx,V4_dada2_read_info_03052026.xlsx,1034101611,AE1726,5308,MTBLS2356
5308,,,1034101612,AE1726,5309,
5309,V1V2_dada2_read_info_03052026.xlsx,V4_dada2_read_info_03052026.xlsx,1034101613,AE1726,5310,
5310,,,1034101614,AE1726,5311,
5311,V1V2_dada2_read_info_03052026.xlsx,V4_dada2_read_info_03052026.xlsx,1034101615,AE1726,5312,
5312,,,1034101616,AE1726,5313,
5313,V1V2_dada2_read_info_03052026.xlsx,,1034101617,AE1726,5314,MTBLS2356
5314,,,1034101618,AE1726,5315,
5315,V1V2_dada2_read_info_03052026.xlsx,,1034101619,AE1726,5316,
5316,,,1034101620,AE1726,5317,
5317,V1V2_dada2_read_info_03052026.xlsx,,1034101621,AE1726,5318,
5318,,,1034101622,AE1726,5319,
5319,V1V2_dada2_read_info_03052026.xlsx,,1034101623,AE1726,5320,MTBLS2356
5320,,,1034101624,AE1726,5321,
5321,,,1034200901,AE1728,5322,
5322,,,1034200902,AE1728,5323,
5323,,,1034200903,AE1728,5324,
5324,,,1034200904,AE1728,5325,
5325,,,1034200905,AE1728,5326,
5326,,,1034200906,AE1728,5327,
5327,,,1034200907,AE1728,5328,
5328,,,1034200908,AE1728,5329,
5329,,,1034200909,AE1728,5330,
5330,,,1034200910,AE1728,5331,
5331,,,1034200911,AE1728,5332,
5332,,,1034200912,AE1728,5333,
5333,,,1034200913,AE1728,5334,
5334,,,1034200914,AE1728,5335,
5335,,,1034200915,AE1728,5336,
5336,,,1034200916,AE1728,5337,
5337,,,1034200917,AE1728,5338,
5338,,,1034200918,AE1728,5339,
5339,,,1034200919,AE1728,5340,
5340,,,1034200920,AE1728,5341,
5341,,,1034200921,AE1728,5342,
5342,,,1034200922,AE1728,5343,
5343,,,1034200923,AE1728,5344,
5344,,,1034200924,AE1728,5345,
5345,,,1034201001,AE1728,5346,
5346,,,1034201002,AE1728,5347,
5347,,,1034201003,AE1728,5348,
5348,,,1034201004,AE1728,5349,
5349,,,1034201005,AE1728,5350,
5350,,,1034201006,AE1728,5351,
5351,,,1034201007,AE1728,5352,
5352,,,1034201008,AE1728,5353,
5353,,,1034201009,AE1728,5354,
5354,,,1034201010,AE1728,5355,
5355,,,1034201011,AE1728,5356,
5356,,,1034201012,AE1728,5357,
5357,,,1034201013,AE1728,5358,
5358,,,1034201014,AE1728,5359,
5359,,,1034201015,AE1728,5360,
5360,,,1034201016,AE1728,5361,
5361,,,1034201101,AE1728,5362,
5362,,,1034201102,AE1728,5363,
5363,,,1034201103,AE1728,5364,
5364,,,1034201104,AE1728,5365,
5365,,,1034201105,AE1728,5366,
5366,,,1034201106,AE1728,5367,
5367,,,1034201107,AE1728,5368,
5368,,,1034201108,AE1728,5369,
5369,,,1034201109,AE1728,5370,
5370,,,1034201110,AE1728,5371,
5371,,,1034201111,AE1728,5372,
5372,,,1034201112,AE1728,5373,
5373,,,1034201113,AE1728,5374,
5374,,,1034201114,AE1728,5375,
5375,,,1034201115,AE1728,5376,
5376,,,1034201116,AE1728,5377,
5377,,,1034201117,AE1728,5378,
5378,,,1034201118,AE1728,5379,
5379,,,1034201119,AE1728,5380,
5380,,,1034201120,AE1728,5381,
5381,,,1034201121,AE1728,5382,
5382,,,1034201122,AE1728,5383,
5383,,,1034201123,AE1728,5384,
5384,,,1034201124,AE1728,5385,
5385,,,1034201201,AE1728,5386,
5386,,,1034201202,AE1728,5387,
5387,,,1034201203,AE1728,5388,
5388,,,1034201204,AE1728,5389,
5389,,,1034201205,AE1728,5390,
5390,,,1034201206,AE1728,5391,
5391,,,1034201207,AE1728,5392,
5392,,,1034201208,AE1728,5393,
5393,,,1034201209,AE1728,5394,
5394,,,1034201210,AE1728,5395,
5395,,,1034201211,AE1728,5396,
5396,,,1034201212,AE1728,5397,
5397,,,1034201213,AE1728,5398,
5398,,,1034201214,AE1728,5399,
5399,,,1034201215,AE1728,5400,
5400,,,1034201216,AE1728,5401,
5401,,,1034201217,AE1728,5402,
5402,,,1034201218,AE1728,5403,
5403,,,1034201219,AE1728,5404,
5404,,,1034201220,AE1728,5405,
5405,,,1034201221,AE1728,5406,
5406,,,1034201222,AE1728,5407,
5407,,,1034201223,AE1728,5408,
5408,,,1034201224,AE1728,5409,
5409,,,1034201301,AE1728,5410,
5410,V1V2_dada2_read_info_03052026.xlsx,V4_dada2_read_info_03052026.xlsx,1034201302,AE1728,5411,
5411,V1V2_dada2_read_info_03052026.xlsx,V4_dada2_read_info_03052026.xlsx,1034201303,AE1728,5412,
5412,,,1034201304,AE1728,5413,
5413,V1V2_dada2_read_info_03052026.xlsx,V4_dada2_read_info_03052026.xlsx,1034201305,AE1728,5414,
5414,,,1034201306,AE1728,5415,
5415,V1V2_dada2_read_info_03052026.xlsx,V4_dada2_read_info_03052026.xlsx,1034201307,AE1728,5416,
5416,,,1034201308,AE1728,5417,
5417,V1V2_dada2_read_info_03052026.xlsx,V4_dada2_read_info_03052026.xlsx,1034201309,AE1728,5418,
5418,,,1034201310,AE1728,5419,
5419,V1V2_dada2_read_info_03052026.xlsx,V4_dada2_read_info_03052026.xlsx,1034201311,AE1728,5420,
5420,,,1034201312,AE1728,5421,
5421,V1V2_dada2_read_info_03052026.xlsx,V4_dada2_read_info_03052026.xlsx,1034201313,AE1728,5422,
5422,,,1034201314,AE1728,5423,
5423,V1V2_dada2_read_info_03052026.xlsx,V4_dada2_read_info_03052026.xlsx,1034201315,AE1728,5424,
5424,,,1034201316,AE1728,5425,
5425,V1V2_dada2_read_info_03052026.xlsx,V4_dada2_read_info_03052026.xlsx,1034201317,AE1728,5426,
5426,,,1034201318,AE1728,5427,
5427,V1V2_dada2_read_info_03052026.xlsx,V4_dada2_read_info_03052026.xlsx,1034201319,AE1728,5428,
5428,,,1034201320,AE1728,5429,
5429,V1V2_dada2_read_info_03052026.xlsx,V4_dada2_read_info_03052026.xlsx,1034201321,AE1728,5430,
5430,,,1034201322,AE1728,5431,
5431,V1V2_dada2_read_info_03052026.xlsx,V4_dada2_read_info_03052026.xlsx,1034201323,AE1728,5432,
5432,,,1034201324,AE1728,5433,
5433,,,1034300501,AE1802,5434,
5434,,,1034300502,AE1802,5435,
5435,,,1034300503,AE1802,5436,
5436,,,1034300504,AE1802,5437,
5437,,,1034300505,AE1802,5438,
5438,,,1034300506,AE1802,5439,
5439,,,1034300507,AE1802,5440,
5440,,,1034300508,AE1802,5441,
5441,,,1034300509,AE1802,5442,
5442,,,1034300510,AE1802,5443,
5443,,,1034300511,AE1802,5444,
5444,,,1034300512,AE1802,5445,
5445,,,1034300513,AE1802,5446,
5446,,,1034300514,AE1802,5447,
5447,,,1034300515,AE1802,5448,
5448,,,1034300516,AE1802,5449,
5449,,,1034300517,AE1802,5450,
5450,,,1034300518,AE1802,5451,
5451,,,1034300519,AE1802,5452,
5452,,,1034300520,AE1802,5453,
5453,,,1034300521,AE1802,5454,
5454,,,1034300522,AE1802,5455,
5455,,,1034300523,AE1802,5456,
5456,,,1034300524,AE1802,5457,
5457,,,1034300601,AE1802,5458,
5458,,,1034300602,AE1802,5459,
5459,,,1034300603,AE1802,5460,
5460,,,1034300604,AE1802,5461,
5461,,,1034300605,AE1802,5462,
5462,,,1034300606,AE1802,5463,
5463,,,1034300607,AE1802,5464,
5464,,,1034300608,AE1802,5465,
5465,,,1034300609,AE1802,5466,
5466,,,1034300610,AE1802,5467,
5467,,,1034300611,AE1802,5468,
5468,,,1034300612,AE1802,5469,
5469,,,1034300613,AE1802,5470,
5470,,,1034300614,AE1802,5471,
5471,,,1034300701,AE1802,5472,
5472,,,1034300702,AE1802,5473,
5473,,,1034300703,AE1802,5474,
5474,,,1034300704,AE1802,5475,
5475,,,1034300705,AE1802,5476,
5476,,,1034300706,AE1802,5477,
5477,,,1034300707,AE1802,5478,
5478,,,1034300708,AE1802,5479,
5479,,,1034300709,AE1802,5480,
5480,,,1034300710,AE1802,5481,
5481,,,1034300711,AE1802,5482,
5482,,,1034300712,AE1802,5483,
5483,,,1034300713,AE1802,5484,
5484,,,1034300714,AE1802,5485,
5485,,,1034300715,AE1802,5486,
5486,,,1034300716,AE1802,5487,
5487,,,1034300901,AE1802,5488,
5488,,,1034300902,AE1802,5489,
5489,,,1034300903,AE1802,5490,
5490,,,1034300904,AE1802,5491,
5491,,,1034300905,AE1802,5492,
5492,,,1034300906,AE1802,5493,
5493,,,1034300907,AE1802,5494,
5494,,,1034300908,AE1802,5495,
5495,,,1034300909,AE1802,5496,
5496,,,1034300910,AE1802,5497,
5497,,,1034300911,AE1802,5498,
5498,,,1034300912,AE1802,5499,
5499,,,1034300913,AE1802,5500,
5500,,,1034300914,AE1802,5501,
5501,,,1034300915,AE1802,5502,
5502,,,1034300916,AE1802,5503,
5503,,,1034300917,AE1802,5504,
5504,,,1034300918,AE1802,5505,
5505,,,1034300919,AE1802,5506,
5506,,,1034300920,AE1802,5507,
5507,,,1034300921,AE1802,5508,
5508,,,1034300922,AE1802,5509,
5509,,,1034300923,AE1802,5510,
5510,,,1034300924,AE1802,5511,
5511,,,1034301001,AE1802,5512,
5512,,,1034301002,AE1802,5513,
5513,,,1034301003,AE1802,5514,
5514,,,1034301004,AE1802,5515,
5515,,,1034301005,AE1802,5516,
5516,,,1034301006,AE1802,5517,
5517,,,1034301007,AE1802,5518,
5518,,,1034301008,AE1802,5519,
5519,,,1034301009,AE1802,5520,
5520,,,1034301010,AE1802,5521,
5521,,,1034301011,AE1802,5522,
5522,,,1034301012,AE1802,5523,
5523,,,1034301013,AE1802,5524,
5524,,,1034301014,AE1802,5525,
5525,,,1034301015,AE1802,5526,
5526,,,1034301016,AE1802,5527,
5527,,,1034301017,AE1802,5528,
5528,,,1034301018,AE1802,5529,
5529,,,1034301019,AE1802,5530,
5530,,,1034301020,AE1802,5531,
5531,,,1034301021,AE1802,5532,
5532,,,1034301022,AE1802,5533,
5533,,,1034301023,AE1802,5534,
5534,,,1034301024,AE1802,5535,
5535,V1V2_dada2_read_info_03052026.xlsx,V4_dada2_read_info_03052026.xlsx,1034301201,AE1802,5536,
5536,,,1034301202,AE1802,5537,MTBLS2356
5537,V1V2_dada2_read_info_03052026.xlsx,V4_dada2_read_info_03052026.xlsx,1034301203,AE1802,5538,
5538,,,1034301204,AE1802,5539,MTBLS2356
5539,V1V2_dada2_read_info_03052026.xlsx,V4_dada2_read_info_03052026.xlsx,1034301205,AE1802,5540,
5540,,,1034301206,AE1802,5541,
5541,V1V2_dada2_read_info_03052026.xlsx,V4_dada2_read_info_03052026.xlsx,1034301207,AE1802,5542,
5542,,,1034301208,AE1802,5543,MTBLS2356
5543,V1V2_dada2_read_info_03052026.xlsx,V4_dada2_read_info_03052026.xlsx,1034301209,AE1802,5544,
5544,,,1034301210,AE1802,5545,
5545,V1V2_dada2_read_info_03052026.xlsx,V4_dada2_read_info_03052026.xlsx,1034301211,AE1802,5546,
5546,,,1034301212,AE1802,5547,MTBLS2356
5547,V1V2_dada2_read_info_03052026.xlsx,V4_dada2_read_info_03052026.xlsx,1034301213,AE1802,5548,
5548,,,1034301214,AE1802,5549,
5549,V1V2_dada2_read_info_03052026.xlsx,V4_dada2_read_info_03052026.xlsx,1034301215,AE1802,5550,
5550,,,1034301216,AE1802,5551,
5551,V1V2_dada2_read_info_03052026.xlsx,V4_dada2_read_info_03052026.xlsx,1034301217,AE1802,5552,
5552,,,1034301218,AE1802,5553,MTBLS2356
5553,V1V2_dada2_read_info_03052026.xlsx,V4_dada2_read_info_03052026.xlsx,1034301219,AE1802,5554,
5554,,,1034301220,AE1802,5555,
5555,,,1034301221,AE1802,5556,
5556,V1V2_dada2_read_info_03052026.xlsx,V4_dada2_read_info_03052026.xlsx,1034301222,AE1802,5557,
5557,V1V2_dada2_read_info_03052026.xlsx,V4_dada2_read_info_03052026.xlsx,1034301223,AE1802,5558,
5558,,,1034301224,AE1802,5559,MTBLS2356
5559,,,1034400501,AE1805,5560,
5560,,,1034400502,AE1805,5561,
5561,,,1034400503,AE1805,5562,
5562,,,1034400504,AE1805,5563,
5563,,,1034400505,AE1805,5564,
5564,,,1034400506,AE1805,5565,
5565,,,1034400507,AE1805,5566,
5566,,,1034400508,AE1805,5567,
5567,,,1034400509,AE1805,5568,
5568,,,1034400510,AE1805,5569,
5569,,,1034400511,AE1805,5570,
5570,,,1034400512,AE1805,5571,
5571,,,1034400513,AE1805,5572,
5572,,,1034400514,AE1805,5573,
5573,,,1034400601,AE1805,5574,
5574,,,1034400602,AE1805,5575,
5575,,,1034400603,AE1805,5576,
5576,,,1034400604,AE1805,5577,
5577,,,1034400605,AE1805,5578,
5578,,,1034400606,AE1805,5579,
5579,,,1034400607,AE1805,5580,
5580,,,1034400608,AE1805,5581,
5581,,,1034400609,AE1805,5582,
5582,,,1034400610,AE1805,5583,
5583,,,1034400611,AE1805,5584,
5584,,,1034400612,AE1805,5585,
5585,,,1034400613,AE1805,5586,
5586,,,1034400614,AE1805,5587,
5587,,,1034400615,AE1805,5588,
5588,,,1034400616,AE1805,5589,
5589,,,1034400617,AE1805,5590,
5590,,,1034400618,AE1805,5591,
5591,,,1034400619,AE1805,5592,
5592,,,1034400620,AE1805,5593,
5593,,,1034400621,AE1805,5594,
5594,,,1034400622,AE1805,5595,
5595,,,1034400623,AE1805,5596,
5596,,,1034400624,AE1805,5597,
5597,,,1034400801,AE1805,5598,
5598,,,1034400802,AE1805,5599,
5599,,,1034400803,AE1805,5600,
5600,,,1034400804,AE1805,5601,
5601,,,1034400805,AE1805,5602,
5602,,,1034400806,AE1805,5603,
5603,,,1034400807,AE1805,5604,
5604,,,1034400808,AE1805,5605,
5605,,,1034400809,AE1805,5606,
5606,,,1034400810,AE1805,5607,
5607,,,1034400811,AE1805,5608,
5608,,,1034400812,AE1805,5609,
5609,,,1034400813,AE1805,5610,
5610,,,1034400814,AE1805,5611,
5611,,,1034400815,AE1805,5612,
5612,,,1034400816,AE1805,5613,
5613,,,1034401001,AE1805,5614,
5614,,,1034401002,AE1805,5615,
5615,,,1034401003,AE1805,5616,
5616,,,1034401004,AE1805,5617,
5617,,,1034401005,AE1805,5618,
5618,,,1034401006,AE1805,5619,
5619,,,1034401007,AE1805,5620,
5620,,,1034401008,AE1805,5621,
5621,,,1034401009,AE1805,5622,
5622,,,1034401010,AE1805,5623,
5623,,,1034401011,AE1805,5624,
5624,,,1034401012,AE1805,5625,
5625,,,1034401013,AE1805,5626,
5626,,,1034401014,AE1805,5627,
5627,,,1034401015,AE1805,5628,
5628,,,1034401016,AE1805,5629,
5629,,,1034401017,AE1805,5630,
5630,,,1034401018,AE1805,5631,
5631,,,1034401019,AE1805,5632,
5632,,,1034401020,AE1805,5633,
5633,,,1034401021,AE1805,5634,
5634,,,1034401022,AE1805,5635,
5635,,,1034401023,AE1805,5636,
5636,,,1034401024,AE1805,5637,
5637,,,1034401101,AE1805,5638,
5638,,,1034401102,AE1805,5639,
5639,,,1034401103,AE1805,5640,
5640,,,1034401104,AE1805,5641,
5641,,,1034401105,AE1805,5642,
5642,,,1034401106,AE1805,5643,
5643,,,1034401107,AE1805,5644,
5644,,,1034401108,AE1805,5645,
5645,,,1034401109,AE1805,5646,
5646,,,1034401110,AE1805,5647,
5647,,,1034401111,AE1805,5648,
5648,,,1034401112,AE1805,5649,
5649,,,1034401113,AE1805,5650,
5650,,,1034401114,AE1805,5651,
5651,,,1034401115,AE1805,5652,
5652,,,1034401116,AE1805,5653,
5653,,,1034401117,AE1805,5654,
5654,,,1034401118,AE1805,5655,
5655,,,1034401119,AE1805,5656,
5656,,,1034401120,AE1805,5657,
5657,,,1034401121,AE1805,5658,
5658,,,1034401122,AE1805,5659,
5659,,,1034401123,AE1805,5660,
5660,,,1034401124,AE1805,5661,
5661,V1V2_dada2_read_info_03052026.xlsx,V4_dada2_read_info_03052026.xlsx,1034401301,AE1805,5662,
5662,,,1034401302,AE1805,5663,
5663,V1V2_dada2_read_info_03052026.xlsx,V4_dada2_read_info_03052026.xlsx,1034401303,AE1805,5664,
5664,,,1034401304,AE1805,5665,
5665,V1V2_dada2_read_info_03052026.xlsx,V4_dada2_read_info_03052026.xlsx,1034401305,AE1805,5666,
5666,,,1034401306,AE1805,5667,
5667,V1V2_dada2_read_info_03052026.xlsx,V4_dada2_read_info_03052026.xlsx,1034401307,AE1805,5668,
5668,,,1034401308,AE1805,5669,
5669,V1V2_dada2_read_info_03052026.xlsx,V4_dada2_read_info_03052026.xlsx,1034401309,AE1805,5670,
5670,,,1034401310,AE1805,5671,
5671,V1V2_dada2_read_info_03052026.xlsx,V4_dada2_read_info_03052026.xlsx,1034401311,AE1805,5672,
5672,,,1034401312,AE1805,5673,
5673,V1V2_dada2_read_info_03052026.xlsx,V4_dada2_read_info_03052026.xlsx,1034401313,AE1805,5674,
5674,,,1034401314,AE1805,5675,
5675,V1V2_dada2_read_info_03052026.xlsx,V4_dada2_read_info_03052026.xlsx,1034401315,AE1805,5676,
5676,,,1034401316,AE1805,5677,
5677,V1V2_dada2_read_info_03052026.xlsx,V4_dada2_read_info_03052026.xlsx,1034401317,AE1805,5678,
5678,,,1034401318,AE1805,5679,
5679,V1V2_dada2_read_info_03052026.xlsx,V4_dada2_read_info_03052026.xlsx,1034401319,AE1805,5680,
5680,,,1034401320,AE1805,5681,
5681,V1V2_dada2_read_info_03052026.xlsx,V4_dada2_read_info_03052026.xlsx,1034401321,AE1805,5682,
5682,,,1034401322,AE1805,5683,
5683,V1V2_dada2_read_info_03052026.xlsx,V4_dada2_read_info_03052026.xlsx,1034401323,AE1805,5684,
5684,,,1034401324,AE1805,5685,
5685,,,1034500201,AE1807,5686,
5686,,,1034500202,AE1807,5687,
5687,,,1034500203,AE1807,5688,
5688,,,1034500204,AE1807,5689,
5689,,,1034500205,AE1807,5690,
5690,,,1034500206,AE1807,5691,
5691,,,1034500207,AE1807,5692,
5692,,,1034500208,AE1807,5693,
5693,,,1034500209,AE1807,5694,
5694,,,1034500210,AE1807,5695,
5695,,,1034500211,AE1807,5696,
5696,,,1034500212,AE1807,5697,
5697,,,1034500213,AE1807,5698,
5698,,,1034500214,AE1807,5699,
5699,,,1034500215,AE1807,5700,
5700,,,1034500216,AE1807,5701,
5701,,,1034500217,AE1807,5702,
5702,,,1034500218,AE1807,5703,
5703,,,1034500219,AE1807,5704,
5704,,,1034500220,AE1807,5705,
5705,,,1034500221,AE1807,5706,
5706,,,1034500222,AE1807,5707,
5707,,,1034500223,AE1807,5708,
5708,,,1034500224,AE1807,5709,
5709,,,1034500401,AE1807,5710,
5710,,,1034500402,AE1807,5711,
5711,,,1034500403,AE1807,5712,
5712,,,1034500404,AE1807,5713,
5713,,,1034500405,AE1807,5714,
5714,,,1034500406,AE1807,5715,
5715,,,1034500407,AE1807,5716,
5716,,,1034500408,AE1807,5717,
5717,,,1034500409,AE1807,5718,
5718,,,1034500410,AE1807,5719,
5719,,,1034500411,AE1807,5720,
5720,,,1034500412,AE1807,5721,
5721,,,1034500413,AE1807,5722,
5722,,,1034500414,AE1807,5723,
5723,,,1034500415,AE1807,5724,
5724,,,1034500416,AE1807,5725,
5725,,,1034500501,AE1807,5726,
5726,,,1034500502,AE1807,5727,
5727,,,1034500503,AE1807,5728,
5728,,,1034500504,AE1807,5729,
5729,,,1034500505,AE1807,5730,
5730,,,1034500506,AE1807,5731,
5731,,,1034500507,AE1807,5732,
5732,,,1034500508,AE1807,5733,
5733,,,1034500509,AE1807,5734,
5734,,,1034500510,AE1807,5735,
5735,,,1034500511,AE1807,5736,
5736,,,1034500512,AE1807,5737,
5737,,,1034500513,AE1807,5738,
5738,,,1034500514,AE1807,5739,
5739,,,1034500515,AE1807,5740,
5740,,,1034500516,AE1807,5741,
5741,,,1034500517,AE1807,5742,
5742,,,1034500518,AE1807,5743,
5743,,,1034500519,AE1807,5744,
5744,,,1034500520,AE1807,5745,
5745,,,1034500521,AE1807,5746,
5746,,,1034500522,AE1807,5747,
5747,,,1034500523,AE1807,5748,
5748,,,1034500524,AE1807,5749,
5749,,,1034600101,AE1810,5750,
5750,,,1034600102,AE1810,5751,
5751,,,1034600103,AE1810,5752,
5752,,,1034600104,AE1810,5753,
5753,,,1034600105,AE1810,5754,
5754,,,1034600106,AE1810,5755,
5755,,,1034600107,AE1810,5756,
5756,,,1034600108,AE1810,5757,
5757,,,1034600109,AE1810,5758,
5758,,,1034600110,AE1810,5759,
5759,,,1034600111,AE1810,5760,
5760,,,1034600112,AE1810,5761,
5761,,,1034600113,AE1810,5762,
5762,,,1034600114,AE1810,5763,
5763,,,1034600115,AE1810,5764,
5764,,,1034600116,AE1810,5765,
5765,,,1034600117,AE1810,5766,
5766,,,1034600118,AE1810,5767,
5767,,,1034600119,AE1810,5768,
5768,,,1034600120,AE1810,5769,
5769,,,1034600121,AE1810,5770,
5770,,,1034600122,AE1810,5771,
5771,,,1034600123,AE1810,5772,
5772,,,1034600124,AE1810,5773,
5773,,,1034600301,AE1810,5774,
5774,,,1034600302,AE1810,5775,
5775,,,1034600303,AE1810,5776,
5776,,,1034600304,AE1810,5777,
5777,,,1034600305,AE1810,5778,
5778,,,1034600306,AE1810,5779,
5779,,,1034600307,AE1810,5780,
5780,,,1034600308,AE1810,5781,
5781,,,1034600309,AE1810,5782,
5782,,,1034600310,AE1810,5783,
5783,,,1034600311,AE1810,5784,
5784,,,1034600312,AE1810,5785,
5785,,,1034600313,AE1810,5786,
5786,,,1034600314,AE1810,5787,
5787,,,1034600315,AE1810,5788,
5788,,,1034600316,AE1810,5789,
5789,,,1034600317,AE1810,5790,
5790,,,1034600318,AE1810,5791,
5791,,,1034600319,AE1810,5792,
5792,,,1034600320,AE1810,5793,
5793,,,1034600321,AE1810,5794,
5794,,,1034600322,AE1810,5795,
5795,,,1034600323,AE1810,5796,
5796,,,1034600324,AE1810,5797,
5797,,,1034600501,AE1810,5798,
5798,,,1034600502,AE1810,5799,
5799,,,1034600503,AE1810,5800,
5800,,,1034600504,AE1810,5801,
5801,,,1034600505,AE1810,5802,
5802,,,1034600506,AE1810,5803,
5803,,,1034600507,AE1810,5804,
5804,,,1034600508,AE1810,5805,
5805,,,1034600509,AE1810,5806,
5806,,,1034600510,AE1810,5807,
5807,,,1034600511,AE1810,5808,
5808,,,1034600512,AE1810,5809,
5809,,,1034600513,AE1810,5810,
5810,,,1034600514,AE1810,5811,
5811,,,1034600515,AE1810,5812,
5812,,,1034600516,AE1810,5813,
5813,,,1034600601,AE1810,5814,
5814,,,1034600602,AE1810,5815,
5815,,,1034600603,AE1810,5816,
5816,,,1034600604,AE1810,5817,
5817,,,1034600605,AE1810,5818,
5818,,,1034600606,AE1810,5819,
5819,,,1034600607,AE1810,5820,
5820,,,1034600608,AE1810,5821,
5821,,,1034600609,AE1810,5822,
5822,,,1034600610,AE1810,5823,
5823,,,1034600611,AE1810,5824,
5824,,,1034600612,AE1810,5825,
5825,,,1034600613,AE1810,5826,
5826,,,1034600614,AE1810,5827,
5827,,,1034600615,AE1810,5828,
5828,,,1034600616,AE1810,5829,
5829,,,1034600617,AE1810,5830,
5830,,,1034600618,AE1810,5831,
5831,,,1034600619,AE1810,5832,
5832,,,1034600620,AE1810,5833,
5833,,,1034600621,AE1810,5834,
5834,,,1034600622,AE1810,5835,
5835,,,1034600623,AE1810,5836,
5836,,,1034600624,AE1810,5837,
5837,,,1034600701,AE1810,5838,
5838,,,1034600702,AE1810,5839,
5839,,,1034600703,AE1810,5840,
5840,,,1034600704,AE1810,5841,
5841,,,1034600705,AE1810,5842,
5842,,,1034600706,AE1810,5843,
5843,,,1034600707,AE1810,5844,
5844,,,1034600708,AE1810,5845,
5845,,,1034600709,AE1810,5846,
5846,,,1034600710,AE1810,5847,
5847,,,1034600711,AE1810,5848,
5848,,,1034600712,AE1810,5849,
5849,,,1034600713,AE1810,5850,
5850,,,1034600714,AE1810,5851,
5851,,,1034600715,AE1810,5852,
5852,,,1034600716,AE1810,5853,
5853,,,1034600717,AE1810,5854,
5854,,,1034600718,AE1810,5855,
5855,,,1034600719,AE1810,5856,
5856,,,1034600720,AE1810,5857,
5857,,,1034600721,AE1810,5858,
5858,,,1034600722,AE1810,5859,
5859,,,1034600723,AE1810,5860,
5860,,,1034600724,AE1810,5861,
5861,V1V2_dada2_read_info_03052026.xlsx,V4_dada2_read_info_03052026.xlsx,1034601201,AE1810,5862,
5862,,,1034601202,AE1810,5863,MTBLS2356
5863,V1V2_dada2_read_info_03052026.xlsx,V4_dada2_read_info_03052026.xlsx,1034601203,AE1810,5864,
5864,,,1034601204,AE1810,5865,MTBLS2356
5865,V1V2_dada2_read_info_03052026.xlsx,V4_dada2_read_info_03052026.xlsx,1034601205,AE1810,5866,
5866,,,1034601206,AE1810,5867,
5867,V1V2_dada2_read_info_03052026.xlsx,V4_dada2_read_info_03052026.xlsx,1034601207,AE1810,5868,
5868,,,1034601208,AE1810,5869,MTBLS2356
5869,V1V2_dada2_read_info_03052026.xlsx,V4_dada2_read_info_03052026.xlsx,1034601209,AE1810,5870,
5870,,,1034601210,AE1810,5871,
5871,V1V2_dada2_read_info_03052026.xlsx,V4_dada2_read_info_03052026.xlsx,1034601211,AE1810,5872,
5872,,,1034601212,AE1810,5873,MTBLS2356
5873,V1V2_dada2_read_info_03052026.xlsx,V4_dada2_read_info_03052026.xlsx,1034601213,AE1810,5874,
5874,,,1034601214,AE1810,5875,
5875,V1V2_dada2_read_info_03052026.xlsx,V4_dada2_read_info_03052026.xlsx,1034601215,AE1810,5876,
5876,,,1034601216,AE1810,5877,
5877,V1V2_dada2_read_info_03052026.xlsx,V4_dada2_read_info_03052026.xlsx,1034601217,AE1810,5878,
5878,,,1034601218,AE1810,5879,MTBLS2356
5879,V1V2_dada2_read_info_03052026.xlsx,V4_dada2_read_info_03052026.xlsx,1034601219,AE1810,5880,
5880,,,1034601220,AE1810,5881,
5881,V1V2_dada2_read_info_03052026.xlsx,V4_dada2_read_info_03052026.xlsx,1034601221,AE1810,5882,
5882,,,1034601222,AE1810,5883,
5883,V1V2_dada2_read_info_03052026.xlsx,V4_dada2_read_info_03052026.xlsx,1034601223,AE1810,5884,
5884,,,1034601224,AE1810,5885,MTBLS2356
5885,,,1034700801,AE1814,5886,
5886,,,1034700802,AE1814,5887,
5887,,,1034700803,AE1814,5888,
5888,,,1034700804,AE1814,5889,
5889,,,1034700805,AE1814,5890,
5890,,,1034700806,AE1814,5891,
5891,,,1034700807,AE1814,5892,
5892,,,1034700808,AE1814,5893,
5893,,,1034700809,AE1814,5894,
5894,,,1034700810,AE1814,5895,
5895,,,1034700811,AE1814,5896,
5896,,,1034700812,AE1814,5897,
5897,,,1034700813,AE1814,5898,
5898,,,1034700814,AE1814,5899,
5899,,,1034700815,AE1814,5900,
5900,,,1034700901,AE1814,5901,
5901,,,1034700902,AE1814,5902,
5902,,,1034700903,AE1814,5903,
5903,,,1034700904,AE1814,5904,
5904,,,1034700905,AE1814,5905,
5905,,,1034700906,AE1814,5906,
5906,,,1034700907,AE1814,5907,
5907,,,1034700908,AE1814,5908,
5908,,,1034700909,AE1814,5909,
5909,,,1034700910,AE1814,5910,
5910,,,1034700911,AE1814,5911,
5911,,,1034700912,AE1814,5912,
5912,,,1034700913,AE1814,5913,
5913,,,1034700914,AE1814,5914,
5914,,,1034700915,AE1814,5915,
5915,,,1034700916,AE1814,5916,
5916,,,1034700917,AE1814,5917,
5917,,,1034700918,AE1814,5918,
5918,,,1034700919,AE1814,5919,
5919,,,1034700920,AE1814,5920,
5920,,,1034700921,AE1814,5921,
5921,,,1034700922,AE1814,5922,
5922,,,1034700923,AE1814,5923,
5923,,,1034700924,AE1814,5924,
5924,,,1034701001,AE1814,5925,
5925,,,1034701002,AE1814,5926,
5926,,,1034701003,AE1814,5927,
5927,,,1034701004,AE1814,5928,
5928,,,1034701005,AE1814,5929,
5929,,,1034701006,AE1814,5930,
5930,,,1034701007,AE1814,5931,
5931,,,1034701008,AE1814,5932,
5932,,,1034701009,AE1814,5933,
5933,,,1034701010,AE1814,5934,
5934,,,1034701011,AE1814,5935,
5935,,,1034701012,AE1814,5936,
5936,,,1034701013,AE1814,5937,
5937,,,1034701014,AE1814,5938,
5938,,,1034701015,AE1814,5939,
5939,,,1034701016,AE1814,5940,
5940,,,1034701201,AE1814,5941,
5941,,,1034701202,AE1814,5942,
5942,,,1034701203,AE1814,5943,
5943,,,1034701204,AE1814,5944,
5944,,,1034701205,AE1814,5945,
5945,,,1034701206,AE1814,5946,
5946,,,1034701207,AE1814,5947,
5947,,,1034701208,AE1814,5948,
5948,,,1034701209,AE1814,5949,
5949,,,1034701210,AE1814,5950,
5950,,,1034701211,AE1814,5951,
5951,,,1034701212,AE1814,5952,
5952,,,1034701213,AE1814,5953,
5953,,,1034701214,AE1814,5954,
5954,,,1034701215,AE1814,5955,
5955,,,1034701216,AE1814,5956,
5956,,,1034701217,AE1814,5957,
5957,,,1034701218,AE1814,5958,
5958,,,1034701219,AE1814,5959,
5959,,,1034701220,AE1814,5960,
5960,,,1034701221,AE1814,5961,
5961,,,1034701222,AE1814,5962,
5962,,,1034701223,AE1814,5963,
5963,,,1034701224,AE1814,5964,
5964,,,1034701301,AE1814,5965,
5965,,,1034701302,AE1814,5966,
5966,,,1034701303,AE1814,5967,
5967,,,1034701304,AE1814,5968,
5968,,,1034701305,AE1814,5969,
5969,,,1034701306,AE1814,5970,
5970,,,1034701307,AE1814,5971,
5971,,,1034701308,AE1814,5972,
5972,,,1034701309,AE1814,5973,
5973,,,1034701310,AE1814,5974,
5974,,,1034701311,AE1814,5975,
5975,,,1034701312,AE1814,5976,
5976,,,1034701313,AE1814,5977,
5977,,,1034701314,AE1814,5978,
5978,,,1034701315,AE1814,5979,
5979,,,1034701316,AE1814,5980,
5980,,,1034701317,AE1814,5981,
5981,,,1034701318,AE1814,5982,
5982,,,1034701319,AE1814,5983,
5983,,,1034701320,AE1814,5984,
5984,,,1034701321,AE1814,5985,
5985,,,1034701322,AE1814,5986,
5986,,,1034701323,AE1814,5987,
5987,,,1034701324,AE1814,5988,
5988,V1V2_dada2_read_info_03052026.xlsx,V4_dada2_read_info_03052026.xlsx,1034701601,AE1814,5989,
5989,,,1034701602,AE1814,5990,MTBLS2356
5990,V1V2_dada2_read_info_03052026.xlsx,V4_dada2_read_info_03052026.xlsx,1034701603,AE1814,5991,MTBLS2356
5991,,,1034701604,AE1814,5992,
5992,V1V2_dada2_read_info_03052026.xlsx,V4_dada2_read_info_03052026.xlsx,1034701605,AE1814,5993,
5993,,,1034701606,AE1814,5994,
5994,V1V2_dada2_read_info_03052026.xlsx,V4_dada2_read_info_03052026.xlsx,1034701607,AE1814,5995,
5995,,,1034701608,AE1814,5996,MTBLS2356
5996,V1V2_dada2_read_info_03052026.xlsx,V4_dada2_read_info_03052026.xlsx,1034701609,AE1814,5997,
5997,,,1034701610,AE1814,5998,
5998,V1V2_dada2_read_info_03052026.xlsx,V4_dada2_read_info_03052026.xlsx,1034701611,AE1814,5999,
5999,,,1034701612,AE1814,6000,MTBLS2356
6000,V1V2_dada2_read_info_03052026.xlsx,V4_dada2_read_info_03052026.xlsx,1034701613,AE1814,6001,
6001,,,1034701614,AE1814,6002,
6002,V1V2_dada2_read_info_03052026.xlsx,V4_dada2_read_info_03052026.xlsx,1034701615,AE1814,6003,
6003,,,1034701616,AE1814,6004,
6004,V1V2_dada2_read_info_03052026.xlsx,V4_dada2_read_info_03052026.xlsx,1034701617,AE1814,6005,
6005,,,1034701618,AE1814,6006,MTBLS2356
6006,V1V2_dada2_read_info_03052026.xlsx,V4_dada2_read_info_03052026.xlsx,1034701619,AE1814,6007,
6007,,,1034701620,AE1814,6008,
6008,V1V2_dada2_read_info_03052026.xlsx,V4_dada2_read_info_03052026.xlsx,1034701621,AE1814,6009,
6009,,,1034701622,AE1814,6010,
6010,V1V2_dada2_read_info_03052026.xlsx,V4_dada2_read_info_03052026.xlsx,1034701623,AE1814,6011,
6011,,,1034701624,AE1814,6012,MTBLS2356
6012,,,1034800601,AE1817,6013,
6013,,,1034800602,AE1817,6014,
6014,,,1034800603,AE1817,6015,
6015,,,1034800604,AE1817,6016,
6016,,,1034800605,AE1817,6017,
6017,,,1034800606,AE1817,6018,
6018,,,1034800607,AE1817,6019,
6019,,,1034800608,AE1817,6020,
6020,,,1034800609,AE1817,6021,
6021,,,1034800610,AE1817,6022,
6022,,,1034800611,AE1817,6023,
6023,,,1034800612,AE1817,6024,
6024,,,1034800613,AE1817,6025,
6025,,,1034800614,AE1817,6026,
6026,,,1034800615,AE1817,6027,
6027,,,1034800801,AE1817,6028,
6028,,,1034800802,AE1817,6029,
6029,,,1034800803,AE1817,6030,
6030,,,1034800804,AE1817,6031,
6031,,,1034800805,AE1817,6032,
6032,,,1034800806,AE1817,6033,
6033,,,1034800807,AE1817,6034,
6034,,,1034800808,AE1817,6035,
6035,,,1034800809,AE1817,6036,
6036,,,1034800810,AE1817,6037,
6037,,,1034800811,AE1817,6038,
6038,,,1034800812,AE1817,6039,
6039,,,1034800813,AE1817,6040,
6040,,,1034800814,AE1817,6041,
6041,,,1034800815,AE1817,6042,
6042,,,1034800816,AE1817,6043,
6043,,,1034800817,AE1817,6044,
6044,,,1034800818,AE1817,6045,
6045,,,1034800819,AE1817,6046,
6046,,,1034800820,AE1817,6047,
6047,,,1034800821,AE1817,6048,
6048,,,1034800822,AE1817,6049,
6049,,,1034800823,AE1817,6050,
6050,,,1034800824,AE1817,6051,
6051,V1V2_dada2_read_info_03052026.xlsx,V4_dada2_read_info_03052026.xlsx,1034800901,AE1817,6052,
6052,,,1034800902,AE1817,6053,
6053,V1V2_dada2_read_info_03052026.xlsx,V4_dada2_read_info_03052026.xlsx,1034800903,AE1817,6054,
6054,,,1034800904,AE1817,6055,
6055,V1V2_dada2_read_info_03052026.xlsx,V4_dada2_read_info_03052026.xlsx,1034800905,AE1817,6056,
6056,,,1034800906,AE1817,6057,
6057,V1V2_dada2_read_info_03052026.xlsx,V4_dada2_read_info_03052026.xlsx,1034800907,AE1817,6058,
6058,,,1034800908,AE1817,6059,
6059,V1V2_dada2_read_info_03052026.xlsx,V4_dada2_read_info_03052026.xlsx,1034800909,AE1817,6060,
6060,,,1034800910,AE1817,6061,
6061,V1V2_dada2_read_info_03052026.xlsx,V4_dada2_read_info_03052026.xlsx,1034800911,AE1817,6062,
6062,,,1034800912,AE1817,6063,
6063,V1V2_dada2_read_info_03052026.xlsx,V4_dada2_read_info_03052026.xlsx,1034800913,AE1817,6064,
6064,,,1034800914,AE1817,6065,
6065,,,1034800915,AE1817,6066,
6066,V1V2_dada2_read_info_03052026.xlsx,V4_dada2_read_info_03052026.xlsx,1034800916,AE1817,6067,
6067,V1V2_dada2_read_info_03052026.xlsx,V4_dada2_read_info_03052026.xlsx,1034800917,AE1817,6068,
6068,,,1034800918,AE1817,6069,
6069,V1V2_dada2_read_info_03052026.xlsx,V4_dada2_read_info_03052026.xlsx,1034800919,AE1817,6070,
6070,,,1034800920,AE1817,6071,
6071,V1V2_dada2_read_info_03052026.xlsx,V4_dada2_read_info_03052026.xlsx,1034800921,AE1817,6072,
6072,,,1034800922,AE1817,6073,
6073,V1V2_dada2_read_info_03052026.xlsx,V4_dada2_read_info_03052026.xlsx,1034800923,AE1817,6074,
6074,,,1034800924,AE1817,6075,
6075,,,1034801201,AE1817,6076,
6076,,,1034801202,AE1817,6077,
6077,,,1034801203,AE1817,6078,
6078,,,1034801204,AE1817,6079,
6079,,,1034801205,AE1817,6080,
6080,,,1034801206,AE1817,6081,
6081,,,1034801207,AE1817,6082,
6082,,,1034801208,AE1817,6083,
6083,,,1034801209,AE1817,6084,
6084,,,1034801210,AE1817,6085,
6085,,,1034801211,AE1817,6086,
6086,,,1034801212,AE1817,6087,
6087,,,1034801213,AE1817,6088,
6088,,,1034801214,AE1817,6089,
6089,,,1034801215,AE1817,6090,
6090,,,1034801216,AE1817,6091,
6091,,,1034801301,AE1817,6092,
6092,,,1034801302,AE1817,6093,
6093,,,1034801303,AE1817,6094,
6094,,,1034801304,AE1817,6095,
6095,,,1034801305,AE1817,6096,
6096,,,1034801306,AE1817,6097,
6097,,,1034801307,AE1817,6098,
6098,,,1034801308,AE1817,6099,
6099,,,1034801309,AE1817,6100,
6100,,,1034801310,AE1817,6101,
6101,,,1034801311,AE1817,6102,
6102,,,1034801312,AE1817,6103,
6103,,,1034801313,AE1817,6104,
6104,,,1034801314,AE1817,6105,
6105,,,1034801315,AE1817,6106,
6106,,,1034801316,AE1817,6107,
6107,,,1034801317,AE1817,6108,
6108,,,1034801318,AE1817,6109,
6109,,,1034801319,AE1817,6110,
6110,,,1034801320,AE1817,6111,
6111,,,1034801321,AE1817,6112,
6112,,,1034801322,AE1817,6113,
6113,,,1034801323,AE1817,6114,
6114,,,1034801324,AE1817,6115,
6115,,,1034801401,AE1817,6116,
6116,,,1034801402,AE1817,6117,
6117,,,1034801403,AE1817,6118,
6118,,,1034801404,AE1817,6119,
6119,,,1034801405,AE1817,6120,
6120,,,1034801406,AE1817,6121,
6121,,,1034801407,AE1817,6122,
6122,,,1034801408,AE1817,6123,
6123,,,1034801409,AE1817,6124,
6124,,,1034801410,AE1817,6125,
6125,,,1034801411,AE1817,6126,
6126,,,1034801412,AE1817,6127,
6127,,,1034801413,AE1817,6128,
6128,,,1034801414,AE1817,6129,
6129,,,1034801415,AE1817,6130,
6130,,,1034801416,AE1817,6131,
6131,,,1034801417,AE1817,6132,
6132,,,1034801418,AE1817,6133,
6133,,,1034801419,AE1817,6134,
6134,,,1034801420,AE1817,6135,
6135,,,1034801421,AE1817,6136,
6136,,,1034801422,AE1817,6137,
6137,,,1034801423,AE1817,6138,
6138,,,1034801424,AE1817,6139,
6139,,,1034900401,AE1820,6140,
6140,,,1034900402,AE1820,6141,
6141,,,1034900403,AE1820,6142,
6142,,,1034900404,AE1820,6143,
6143,,,1034900405,AE1820,6144,
6144,,,1034900406,AE1820,6145,
6145,,,1034900407,AE1820,6146,
6146,,,1034900408,AE1820,6147,
6147,,,1034900409,AE1820,6148,
6148,,,1034900410,AE1820,6149,
6149,,,1034900411,AE1820,6150,
6150,,,1034900412,AE1820,6151,
6151,,,1034900413,AE1820,6152,
6152,,,1034900414,AE1820,6153,
6153,,,1034900415,AE1820,6154,
6154,,,1034900416,AE1820,6155,
6155,,,1034900417,AE1820,6156,
6156,,,1034900418,AE1820,6157,
6157,,,1034900419,AE1820,6158,
6158,,,1034900420,AE1820,6159,
6159,,,1034900421,AE1820,6160,
6160,,,1034900422,AE1820,6161,
6161,,,1034900423,AE1820,6162,
6162,,,1034900424,AE1820,6163,
6163,,,1034901401,AE1820,6164,
6164,,,1034901402,AE1820,6165,
6165,,,1034901403,AE1820,6166,
6166,,,1034901404,AE1820,6167,
6167,,,1034901405,AE1820,6168,
6168,,,1034901406,AE1820,6169,
6169,,,1034901407,AE1820,6170,
6170,,,1034901408,AE1820,6171,
6171,,,1034901409,AE1820,6172,
6172,,,1034901410,AE1820,6173,
6173,,,1034901411,AE1820,6174,
6174,,,1034901412,AE1820,6175,
6175,,,1034901413,AE1820,6176,
6176,,,1034901414,AE1820,6177,
6177,,,1034901415,AE1820,6178,
6178,,,1034901601,AE1820,6179,
6179,,,1034901602,AE1820,6180,
6180,,,1034901603,AE1820,6181,
6181,,,1034901604,AE1820,6182,
6182,,,1034901605,AE1820,6183,
6183,,,1034901606,AE1820,6184,
6184,,,1034901607,AE1820,6185,
6185,,,1034901608,AE1820,6186,
6186,,,1034901609,AE1820,6187,
6187,,,1034901610,AE1820,6188,
6188,,,1034901611,AE1820,6189,
6189,,,1034901612,AE1820,6190,
6190,,,1034901613,AE1820,6191,
6191,,,1034901614,AE1820,6192,
6192,,,1034901615,AE1820,6193,
6193,,,1034901616,AE1820,6194,
6194,,,1034901701,AE1820,6195,
6195,,,1034901702,AE1820,6196,
6196,,,1034901703,AE1820,6197,
6197,,,1034901704,AE1820,6198,
6198,,,1034901705,AE1820,6199,
6199,,,1034901706,AE1820,6200,
6200,,,1034901707,AE1820,6201,
6201,,,1034901708,AE1820,6202,
6202,,,1034901709,AE1820,6203,
6203,,,1034901710,AE1820,6204,
6204,,,1034901711,AE1820,6205,
6205,,,1034901712,AE1820,6206,
6206,,,1034901713,AE1820,6207,
6207,,,1034901714,AE1820,6208,
6208,,,1034901715,AE1820,6209,
6209,,,1034901716,AE1820,6210,
6210,,,1034901717,AE1820,6211,
6211,,,1034901718,AE1820,6212,
6212,,,1034901719,AE1820,6213,
6213,,,1034901720,AE1820,6214,
6214,,,1034901721,AE1820,6215,
6215,,,1034901722,AE1820,6216,
6216,,,1034901723,AE1820,6217,
6217,,,1034901724,AE1820,6218,
6218,,,1034901801,AE1820,6219,
6219,,,1034901802,AE1820,6220,
6220,,,1034901803,AE1820,6221,
6221,,,1034901804,AE1820,6222,
6222,,,1034901805,AE1820,6223,
6223,,,1034901806,AE1820,6224,
6224,,,1034901807,AE1820,6225,
6225,,,1034901808,AE1820,6226,
6226,,,1034901809,AE1820,6227,
6227,,,1034901810,AE1820,6228,
6228,,,1034901811,AE1820,6229,
6229,,,1034901812,AE1820,6230,
6230,,,1034901813,AE1820,6231,
6231,,,1034901814,AE1820,6232,
6232,,,1034901815,AE1820,6233,
6233,,,1034901816,AE1820,6234,
6234,,,1034901817,AE1820,6235,
6235,,,1034901818,AE1820,6236,
6236,,,1034901819,AE1820,6237,
6237,,,1034901820,AE1820,6238,
6238,,,1034901821,AE1820,6239,
6239,,,1034901822,AE1820,6240,
6240,,,1034901823,AE1820,6241,
6241,,,1034901824,AE1820,6242,
6242,V1V2_dada2_read_info_03052026.xlsx,V4_dada2_read_info_03052026.xlsx,1034902001,AE1820,6243,
6243,,,1034902002,AE1820,6244,
6244,V1V2_dada2_read_info_03052026.xlsx,V4_dada2_read_info_03052026.xlsx,1034902003,AE1820,6245,
6245,,,1034902004,AE1820,6246,
6246,V1V2_dada2_read_info_03052026.xlsx,V4_dada2_read_info_03052026.xlsx,1034902005,AE1820,6247,
6247,,,1034902006,AE1820,6248,
6248,V1V2_dada2_read_info_03052026.xlsx,V4_dada2_read_info_03052026.xlsx,1034902007,AE1820,6249,
6249,,,1034902008,AE1820,6250,
6250,V1V2_dada2_read_info_03052026.xlsx,V4_dada2_read_info_03052026.xlsx,1034902009,AE1820,6251,
6251,,,1034902010,AE1820,6252,
6252,V1V2_dada2_read_info_03052026.xlsx,V4_dada2_read_info_03052026.xlsx,1034902011,AE1820,6253,
6253,,,1034902012,AE1820,6254,
6254,V1V2_dada2_read_info_03052026.xlsx,V4_dada2_read_info_03052026.xlsx,1034902013,AE1820,6255,
6255,,,1034902014,AE1820,6256,
6256,V1V2_dada2_read_info_03052026.xlsx,V4_dada2_read_info_03052026.xlsx,1034902015,AE1820,6257,
6257,,,1034902016,AE1820,6258,
6258,V1V2_dada2_read_info_03052026.xlsx,V4_dada2_read_info_03052026.xlsx,1034902017,AE1820,6259,
6259,,,1034902018,AE1820,6260,
6260,V1V2_dada2_read_info_03052026.xlsx,V4_dada2_read_info_03052026.xlsx,1034902019,AE1820,6261,
6261,,,1034902020,AE1820,6262,
6262,V1V2_dada2_read_info_03052026.xlsx,V4_dada2_read_info_03052026.xlsx,1034902021,AE1820,6263,
6263,,,1034902022,AE1820,6264,
6264,V1V2_dada2_read_info_03052026.xlsx,V4_dada2_read_info_03052026.xlsx,1034902023,AE1820,6265,
6265,,,1034902024,AE1820,6266,
6266,,,1034902601,AE1820,6267,
6267,,,1034902602,AE1820,6268,
6268,,,1034902603,AE1820,6269,
6269,,,1034902604,AE1820,6270,
6270,,,1034902605,AE1820,6271,
6271,,,1034902606,AE1820,6272,
6272,,,1034902607,AE1820,6273,
6273,,,1034902608,AE1820,6274,
6274,,,1034902609,AE1820,6275,
6275,,,1034902610,AE1820,6276,
6276,,,1034902611,AE1820,6277,
6277,,,1034902612,AE1820,6278,
6278,,,1034902613,AE1820,6279,
6279,,,1034902614,AE1820,6280,
6280,,,1034902615,AE1820,6281,
6281,,,1034902616,AE1820,6282,
6282,,,1034902617,AE1820,6283,
6283,,,1034902618,AE1820,6284,
6284,,,1034902619,AE1820,6285,
6285,,,1034902620,AE1820,6286,
6286,,,1034902621,AE1820,6287,
6287,,,1034902622,AE1820,6288,
6288,,,1034902623,AE1820,6289,
6289,,,1034902624,AE1820,6290,
6290,,,1035000801,AE1822,6291,
6291,,,1035000802,AE1822,6292,
6292,,,1035000803,AE1822,6293,
6293,,,1035000804,AE1822,6294,
6294,,,1035000805,AE1822,6295,
6295,,,1035000806,AE1822,6296,
6296,,,1035000807,AE1822,6297,
6297,,,1035000808,AE1822,6298,
6298,,,1035000809,AE1822,6299,
6299,,,1035000810,AE1822,6300,
6300,,,1035000811,AE1822,6301,
6301,,,1035000812,AE1822,6302,
6302,,,1035000813,AE1822,6303,
6303,,,1035000814,AE1822,6304,
6304,,,1035000815,AE1822,6305,
6305,,,1035000901,AE1822,6306,
6306,,,1035000902,AE1822,6307,
6307,,,1035000903,AE1822,6308,
6308,,,1035000904,AE1822,6309,
6309,,,1035000905,AE1822,6310,
6310,,,1035000906,AE1822,6311,
6311,,,1035000907,AE1822,6312,
6312,,,1035000908,AE1822,6313,
6313,,,1035000909,AE1822,6314,
6314,,,1035000910,AE1822,6315,
6315,,,1035000911,AE1822,6316,
6316,,,1035000912,AE1822,6317,
6317,,,1035000913,AE1822,6318,
6318,,,1035000914,AE1822,6319,
6319,,,1035000915,AE1822,6320,
6320,,,1035000916,AE1822,6321,
6321,,,1035000917,AE1822,6322,
6322,,,1035000918,AE1822,6323,
6323,,,1035000919,AE1822,6324,
6324,,,1035000920,AE1822,6325,
6325,,,1035000921,AE1822,6326,
6326,,,1035000922,AE1822,6327,
6327,,,1035000923,AE1822,6328,
6328,,,1035000924,AE1822,6329,
6329,,,1035001001,AE1822,6330,
6330,,,1035001002,AE1822,6331,
6331,,,1035001003,AE1822,6332,
6332,,,1035001004,AE1822,6333,
6333,,,1035001005,AE1822,6334,
6334,,,1035001006,AE1822,6335,
6335,,,1035001007,AE1822,6336,
6336,,,1035001008,AE1822,6337,
6337,,,1035001009,AE1822,6338,
6338,,,1035001010,AE1822,6339,
6339,,,1035001011,AE1822,6340,
6340,,,1035001012,AE1822,6341,
6341,,,1035001013,AE1822,6342,
6342,,,1035001014,AE1822,6343,
6343,,,1035001015,AE1822,6344,
6344,,,1035001016,AE1822,6345,
6345,,,1035001201,AE1822,6346,
6346,,,1035001202,AE1822,6347,
6347,,,1035001203,AE1822,6348,
6348,,,1035001204,AE1822,6349,
6349,,,1035001205,AE1822,6350,
6350,,,1035001206,AE1822,6351,
6351,,,1035001207,AE1822,6352,
6352,,,1035001208,AE1822,6353,
6353,,,1035001209,AE1822,6354,
6354,,,1035001210,AE1822,6355,
6355,,,1035001211,AE1822,6356,
6356,,,1035001212,AE1822,6357,
6357,,,1035001213,AE1822,6358,
6358,,,1035001214,AE1822,6359,
6359,,,1035001215,AE1822,6360,
6360,,,1035001216,AE1822,6361,
6361,,,1035001217,AE1822,6362,
6362,,,1035001218,AE1822,6363,
6363,,,1035001219,AE1822,6364,
6364,,,1035001220,AE1822,6365,
6365,,,1035001221,AE1822,6366,
6366,,,1035001222,AE1822,6367,
6367,,,1035001223,AE1822,6368,
6368,,,1035001224,AE1822,6369,
6369,,,1035001301,AE1822,6370,
6370,,,1035001302,AE1822,6371,
6371,,,1035001303,AE1822,6372,
6372,,,1035001304,AE1822,6373,
6373,,,1035001305,AE1822,6374,
6374,,,1035001306,AE1822,6375,
6375,,,1035001307,AE1822,6376,
6376,,,1035001308,AE1822,6377,
6377,,,1035001309,AE1822,6378,
6378,,,1035001310,AE1822,6379,
6379,,,1035001311,AE1822,6380,
6380,,,1035001312,AE1822,6381,
6381,,,1035001313,AE1822,6382,
6382,,,1035001314,AE1822,6383,
6383,,,1035001315,AE1822,6384,
6384,,,1035001316,AE1822,6385,
6385,,,1035001317,AE1822,6386,
6386,,,1035001318,AE1822,6387,
6387,,,1035001319,AE1822,6388,
6388,,,1035001320,AE1822,6389,
6389,,,1035001321,AE1822,6390,
6390,,,1035001322,AE1822,6391,
6391,,,1035001323,AE1822,6392,
6392,,,1035001324,AE1822,6393,
6393,V1V2_dada2_read_info_03052026.xlsx,V4_dada2_read_info_03052026.xlsx,1035001601,AE1822,6394,
6394,,,1035001602,AE1822,6395,
6395,V1V2_dada2_read_info_03052026.xlsx,V4_dada2_read_info_03052026.xlsx,1035001603,AE1822,6396,
6396,,,1035001604,AE1822,6397,
6397,V1V2_dada2_read_info_03052026.xlsx,V4_dada2_read_info_03052026.xlsx,1035001605,AE1822,6398,
6398,,,1035001606,AE1822,6399,
6399,V1V2_dada2_read_info_03052026.xlsx,V4_dada2_read_info_03052026.xlsx,1035001607,AE1822,6400,
6400,,,1035001608,AE1822,6401,
6401,V1V2_dada2_read_info_03052026.xlsx,V4_dada2_read_info_03052026.xlsx,1035001609,AE1822,6402,
6402,,,1035001610,AE1822,6403,
6403,V1V2_dada2_read_info_03052026.xlsx,V4_dada2_read_info_03052026.xlsx,1035001611,AE1822,6404,
6404,,,1035001612,AE1822,6405,
6405,V1V2_dada2_read_info_03052026.xlsx,V4_dada2_read_info_03052026.xlsx,1035001613,AE1822,6406,
6406,,,1035001614,AE1822,6407,
6407,V1V2_dada2_read_info_03052026.xlsx,V4_dada2_read_info_03052026.xlsx,1035001615,AE1822,6408,
6408,,,1035001616,AE1822,6409,
6409,V1V2_dada2_read_info_03052026.xlsx,V4_dada2_read_info_03052026.xlsx,1035001617,AE1822,6410,
6410,,,1035001618,AE1822,6411,
6411,V1V2_dada2_read_info_03052026.xlsx,V4_dada2_read_info_03052026.xlsx,1035001619,AE1822,6412,
6412,,,1035001620,AE1822,6413,
6413,V1V2_dada2_read_info_03052026.xlsx,V4_dada2_read_info_03052026.xlsx,1035001621,AE1822,6414,
6414,,,1035001622,AE1822,6415,
6415,V1V2_dada2_read_info_03052026.xlsx,V4_dada2_read_info_03052026.xlsx,1035001623,AE1822,6416,
6416,,,1035001624,AE1822,6417,
6417,,,1035100801,AE1825,6418,
6418,,,1035100802,AE1825,6419,
6419,,,1035100803,AE1825,6420,
6420,,,1035100804,AE1825,6421,
6421,,,1035100805,AE1825,6422,
6422,,,1035100806,AE1825,6423,
6423,,,1035100807,AE1825,6424,
6424,,,1035100808,AE1825,6425,
6425,,,1035100809,AE1825,6426,
6426,,,1035100810,AE1825,6427,
6427,,,1035100811,AE1825,6428,
6428,,,1035100812,AE1825,6429,
6429,,,1035100813,AE1825,6430,
6430,,,1035100814,AE1825,6431,
6431,,,1035100815,AE1825,6432,
6432,,,1035100816,AE1825,6433,
6433,,,1035100817,AE1825,6434,
6434,,,1035100818,AE1825,6435,
6435,,,1035100819,AE1825,6436,
6436,,,1035100820,AE1825,6437,
6437,,,1035100821,AE1825,6438,
6438,,,1035100822,AE1825,6439,
6439,,,1035100823,AE1825,6440,
6440,,,1035100824,AE1825,6441,
6441,,,1035101001,AE1825,6442,
6442,,,1035101002,AE1825,6443,
6443,,,1035101003,AE1825,6444,
6444,,,1035101004,AE1825,6445,
6445,,,1035101005,AE1825,6446,
6446,,,1035101006,AE1825,6447,
6447,,,1035101007,AE1825,6448,
6448,,,1035101008,AE1825,6449,
6449,,,1035101009,AE1825,6450,
6450,,,1035101010,AE1825,6451,
6451,,,1035101011,AE1825,6452,
6452,,,1035101012,AE1825,6453,
6453,,,1035101013,AE1825,6454,
6454,,,1035101014,AE1825,6455,
6455,,,1035101015,AE1825,6456,
6456,,,1035101016,AE1825,6457,
6457,,,1035101017,AE1825,6458,
6458,,,1035101018,AE1825,6459,
6459,,,1035101019,AE1825,6460,
6460,,,1035101020,AE1825,6461,
6461,,,1035101021,AE1825,6462,
6462,,,1035101022,AE1825,6463,
6463,,,1035101023,AE1825,6464,
6464,,,1035101024,AE1825,6465,
6465,,,1035101101,AE1825,6466,
6466,,,1035101102,AE1825,6467,
6467,,,1035101103,AE1825,6468,
6468,,,1035101104,AE1825,6469,
6469,,,1035101105,AE1825,6470,
6470,,,1035101106,AE1825,6471,
6471,,,1035101107,AE1825,6472,
6472,,,1035101108,AE1825,6473,
6473,,,1035101109,AE1825,6474,
6474,,,1035101110,AE1825,6475,
6475,,,1035101111,AE1825,6476,
6476,,,1035101112,AE1825,6477,
6477,,,1035101113,AE1825,6478,
6478,,,1035101114,AE1825,6479,
6479,,,1035101115,AE1825,6480,
6480,,,1035101116,AE1825,6481,
6481,,,1035101201,AE1825,6482,
6482,,,1035101202,AE1825,6483,
6483,,,1035101203,AE1825,6484,
6484,,,1035101204,AE1825,6485,
6485,,,1035101205,AE1825,6486,
6486,,,1035101206,AE1825,6487,
6487,,,1035101207,AE1825,6488,
6488,,,1035101208,AE1825,6489,
6489,,,1035101209,AE1825,6490,
6490,,,1035101210,AE1825,6491,
6491,,,1035101211,AE1825,6492,
6492,,,1035101212,AE1825,6493,
6493,,,1035101213,AE1825,6494,
6494,,,1035101214,AE1825,6495,
6495,,,1035101215,AE1825,6496,
6496,,,1035101216,AE1825,6497,
6497,,,1035101217,AE1825,6498,
6498,,,1035101218,AE1825,6499,
6499,,,1035101219,AE1825,6500,
6500,,,1035101220,AE1825,6501,
6501,,,1035101221,AE1825,6502,
6502,,,1035101222,AE1825,6503,
6503,,,1035101223,AE1825,6504,
6504,,,1035101224,AE1825,6505,
6505,,,1035101301,AE1825,6506,
6506,,,1035101302,AE1825,6507,
6507,,,1035101303,AE1825,6508,
6508,,,1035101304,AE1825,6509,
6509,,,1035101305,AE1825,6510,
6510,,,1035101306,AE1825,6511,
6511,,,1035101307,AE1825,6512,
6512,,,1035101308,AE1825,6513,
6513,,,1035101309,AE1825,6514,
6514,,,1035101310,AE1825,6515,
6515,,,1035101311,AE1825,6516,
6516,,,1035101312,AE1825,6517,
6517,,,1035101313,AE1825,6518,
6518,,,1035101314,AE1825,6519,
6519,,,1035101315,AE1825,6520,
6520,,,1035101316,AE1825,6521,
6521,,,1035101317,AE1825,6522,
6522,,,1035101318,AE1825,6523,
6523,,,1035101319,AE1825,6524,
6524,,,1035101320,AE1825,6525,
6525,,,1035101321,AE1825,6526,
6526,,,1035101322,AE1825,6527,
6527,,,1035101323,AE1825,6528,
6528,,,1035101324,AE1825,6529,
6529,V1V2_dada2_read_info_03052026.xlsx,V4_dada2_read_info_03052026.xlsx,1035101601,AE1825,6530,
6530,,,1035101602,AE1825,6531,MTBLS2356
6531,V1V2_dada2_read_info_03052026.xlsx,V4_dada2_read_info_03052026.xlsx,1035101603,AE1825,6532,MTBLS2356
6532,,,1035101604,AE1825,6533,
6533,V1V2_dada2_read_info_03052026.xlsx,V4_dada2_read_info_03052026.xlsx,1035101605,AE1825,6534,
6534,,,1035101606,AE1825,6535,
6535,V1V2_dada2_read_info_03052026.xlsx,V4_dada2_read_info_03052026.xlsx,1035101607,AE1825,6536,
6536,,,1035101608,AE1825,6537,MTBLS2356
6537,V1V2_dada2_read_info_03052026.xlsx,V4_dada2_read_info_03052026.xlsx,1035101609,AE1825,6538,
6538,,,1035101610,AE1825,6539,
6539,V1V2_dada2_read_info_03052026.xlsx,V4_dada2_read_info_03052026.xlsx,1035101611,AE1825,6540,
6540,,,1035101612,AE1825,6541,MTBLS2356
6541,V1V2_dada2_read_info_03052026.xlsx,V4_dada2_read_info_03052026.xlsx,1035101613,AE1825,6542,
6542,,,1035101614,AE1825,6543,
6543,V1V2_dada2_read_info_03052026.xlsx,V4_dada2_read_info_03052026.xlsx,1035101615,AE1825,6544,
6544,,,1035101616,AE1825,6545,
6545,V1V2_dada2_read_info_03052026.xlsx,V4_dada2_read_info_03052026.xlsx,1035101617,AE1825,6546,
6546,,,1035101618,AE1825,6547,MTBLS2356
6547,V1V2_dada2_read_info_03052026.xlsx,V4_dada2_read_info_03052026.xlsx,1035101619,AE1825,6548,
6548,,,1035101620,AE1825,6549,
6549,V1V2_dada2_read_info_03052026.xlsx,V4_dada2_read_info_03052026.xlsx,1035101621,AE1825,6550,
6550,,,1035101622,AE1825,6551,
6551,V1V2_dada2_read_info_03052026.xlsx,V4_dada2_read_info_03052026.xlsx,1035101623,AE1825,6552,
6552,,,1035101624,AE1825,6553,MTBLS2356
6553,,,1035200901,AE1829,6554,
6554,,,1035200902,AE1829,6555,
6555,,,1035200903,AE1829,6556,
6556,,,1035200904,AE1829,6557,
6557,,,1035200905,AE1829,6558,
6558,,,1035200906,AE1829,6559,
6559,,,1035200907,AE1829,6560,
6560,,,1035200908,AE1829,6561,
6561,,,1035200909,AE1829,6562,
6562,,,1035200910,AE1829,6563,
6563,,,1035200911,AE1829,6564,
6564,,,1035200912,AE1829,6565,
6565,,,1035200913,AE1829,6566,
6566,,,1035200914,AE1829,6567,
6567,,,1035200915,AE1829,6568,
6568,,,1035200916,AE1829,6569,
6569,,,1035200917,AE1829,6570,
6570,,,1035200918,AE1829,6571,
6571,,,1035200919,AE1829,6572,
6572,,,1035200920,AE1829,6573,
6573,,,1035200921,AE1829,6574,
6574,,,1035200922,AE1829,6575,
6575,,,1035200923,AE1829,6576,
6576,,,1035200924,AE1829,6577,
6577,,,1035201501,AE1829,6578,
6578,,,1035201502,AE1829,6579,
6579,,,1035201503,AE1829,6580,
6580,,,1035201504,AE1829,6581,
6581,,,1035201505,AE1829,6582,
6582,,,1035201506,AE1829,6583,
6583,,,1035201507,AE1829,6584,
6584,,,1035201508,AE1829,6585,
6585,,,1035201509,AE1829,6586,
6586,,,1035201510,AE1829,6587,
6587,,,1035201511,AE1829,6588,
6588,,,1035201512,AE1829,6589,
6589,,,1035201513,AE1829,6590,
6590,,,1035201514,AE1829,6591,
6591,,,1035201515,AE1829,6592,
6592,,,1035201516,AE1829,6593,
6593,,,1035201701,AE1829,6594,
6594,,,1035201702,AE1829,6595,
6595,,,1035201703,AE1829,6596,
6596,,,1035201704,AE1829,6597,
6597,,,1035201705,AE1829,6598,
6598,,,1035201706,AE1829,6599,
6599,,,1035201707,AE1829,6600,
6600,,,1035201708,AE1829,6601,
6601,,,1035201709,AE1829,6602,
6602,,,1035201710,AE1829,6603,
6603,,,1035201711,AE1829,6604,
6604,,,1035201712,AE1829,6605,
6605,,,1035201713,AE1829,6606,
6606,,,1035201714,AE1829,6607,
6607,,,1035201715,AE1829,6608,
6608,,,1035201716,AE1829,6609,
6609,,,1035201717,AE1829,6610,
6610,,,1035201718,AE1829,6611,
6611,,,1035201719,AE1829,6612,
6612,,,1035201720,AE1829,6613,
6613,,,1035201721,AE1829,6614,
6614,,,1035201722,AE1829,6615,
6615,,,1035201723,AE1829,6616,
6616,,,1035201724,AE1829,6617,
6617,,,1035201801,AE1829,6618,
6618,,,1035201802,AE1829,6619,
6619,,,1035201803,AE1829,6620,
6620,,,1035201804,AE1829,6621,
6621,,,1035201805,AE1829,6622,
6622,,,1035201806,AE1829,6623,
6623,,,1035201807,AE1829,6624,
6624,,,1035201808,AE1829,6625,
6625,,,1035201809,AE1829,6626,
6626,,,1035201810,AE1829,6627,
6627,,,1035201811,AE1829,6628,
6628,,,1035201812,AE1829,6629,
6629,,,1035201813,AE1829,6630,
6630,,,1035201814,AE1829,6631,
6631,,,1035201815,AE1829,6632,
6632,,,1035201816,AE1829,6633,
6633,,,1035201817,AE1829,6634,
6634,,,1035201818,AE1829,6635,
6635,,,1035201819,AE1829,6636,
6636,,,1035201820,AE1829,6637,
6637,,,1035201821,AE1829,6638,
6638,,,1035201822,AE1829,6639,
6639,,,1035201823,AE1829,6640,
6640,,,1035201824,AE1829,6641,
6641,V1V2_dada2_read_info_03052026.xlsx,V4_dada2_read_info_03052026.xlsx,1035202101,AE1829,6642,
6642,,,1035202102,AE1829,6643,
6643,,,1035202103,AE1829,6644,
6644,V1V2_dada2_read_info_03052026.xlsx,V4_dada2_read_info_03052026.xlsx,1035202104,AE1829,6645,
6645,,,1035202105,AE1829,6646,
6646,V1V2_dada2_read_info_03052026.xlsx,V4_dada2_read_info_03052026.xlsx,1035202106,AE1829,6647,
6647,,,1035202107,AE1829,6648,
6648,V1V2_dada2_read_info_03052026.xlsx,V4_dada2_read_info_03052026.xlsx,1035202108,AE1829,6649,
6649,,,1035202109,AE1829,6650,
6650,V1V2_dada2_read_info_03052026.xlsx,V4_dada2_read_info_03052026.xlsx,1035202110,AE1829,6651,
6651,V1V2_dada2_read_info_03052026.xlsx,V4_dada2_read_info_03052026.xlsx,1035202111,AE1829,6652,
6652,,,1035202112,AE1829,6653,
6653,V1V2_dada2_read_info_03052026.xlsx,V4_dada2_read_info_03052026.xlsx,1035202113,AE1829,6654,
6654,,,1035202114,AE1829,6655,
6655,V1V2_dada2_read_info_03052026.xlsx,V4_dada2_read_info_03052026.xlsx,1035202115,AE1829,6656,
6656,,,1035202116,AE1829,6657,
6657,V1V2_dada2_read_info_03052026.xlsx,V4_dada2_read_info_03052026.xlsx,1035202117,AE1829,6658,
6658,,,1035202118,AE1829,6659,
6659,V1V2_dada2_read_info_03052026.xlsx,V4_dada2_read_info_03052026.xlsx,1035202119,AE1829,6660,
6660,,,1035202120,AE1829,6661,
6661,V1V2_dada2_read_info_03052026.xlsx,V4_dada2_read_info_03052026.xlsx,1035202121,AE1829,6662,
6662,,,1035202122,AE1829,6663,
6663,V1V2_dada2_read_info_03052026.xlsx,V4_dada2_read_info_03052026.xlsx,1035202123,AE1829,6664,
6664,,,1035202124,AE1829,6665,
6665,,,1035300901,AE1831,6666,
6666,,,1035300902,AE1831,6667,
6667,,,1035300903,AE1831,6668,
6668,,,1035300904,AE1831,6669,
6669,,,1035300905,AE1831,6670,
6670,,,1035300906,AE1831,6671,
6671,,,1035300907,AE1831,6672,
6672,,,1035300908,AE1831,6673,
6673,,,1035300909,AE1831,6674,
6674,,,1035300910,AE1831,6675,
6675,,,1035300911,AE1831,6676,
6676,,,1035300912,AE1831,6677,
6677,,,1035300913,AE1831,6678,
6678,,,1035300914,AE1831,6679,
6679,,,1035300915,AE1831,6680,
6680,,,1035300916,AE1831,6681,
6681,,,1035300917,AE1831,6682,
6682,,,1035300918,AE1831,6683,
6683,,,1035300919,AE1831,6684,
6684,,,1035300920,AE1831,6685,
6685,,,1035300921,AE1831,6686,
6686,,,1035300922,AE1831,6687,
6687,,,1035300923,AE1831,6688,
6688,,,1035300924,AE1831,6689,
6689,,,1035301101,AE1831,6690,
6690,,,1035301102,AE1831,6691,
6691,,,1035301103,AE1831,6692,
6692,,,1035301104,AE1831,6693,
6693,,,1035301105,AE1831,6694,
6694,,,1035301106,AE1831,6695,
6695,,,1035301107,AE1831,6696,
6696,,,1035301108,AE1831,6697,
6697,,,1035301109,AE1831,6698,
6698,,,1035301110,AE1831,6699,
6699,,,1035301111,AE1831,6700,
6700,,,1035301112,AE1831,6701,
6701,,,1035301113,AE1831,6702,
6702,,,1035301114,AE1831,6703,
6703,,,1035301115,AE1831,6704,
6704,,,1035301116,AE1831,6705,
6705,,,1035301117,AE1831,6706,
6706,,,1035301201,AE1831,6707,
6707,,,1035301202,AE1831,6708,
6708,,,1035301203,AE1831,6709,
6709,,,1035301204,AE1831,6710,
6710,,,1035301205,AE1831,6711,
6711,,,1035301206,AE1831,6712,
6712,,,1035301207,AE1831,6713,
6713,,,1035301208,AE1831,6714,
6714,,,1035301209,AE1831,6715,
6715,,,1035301210,AE1831,6716,
6716,,,1035301211,AE1831,6717,
6717,,,1035301212,AE1831,6718,
6718,,,1035301213,AE1831,6719,
6719,,,1035301214,AE1831,6720,
6720,,,1035301215,AE1831,6721,
6721,,,1035301216,AE1831,6722,
6722,,,1035301217,AE1831,6723,
6723,,,1035301218,AE1831,6724,
6724,,,1035301219,AE1831,6725,
6725,,,1035301220,AE1831,6726,
6726,,,1035301221,AE1831,6727,
6727,,,1035301222,AE1831,6728,
6728,,,1035301223,AE1831,6729,
6729,,,1035301224,AE1831,6730,
6730,,,1035301301,AE1831,6731,
6731,,,1035301302,AE1831,6732,
6732,,,1035301303,AE1831,6733,
6733,,,1035301304,AE1831,6734,
6734,,,1035301305,AE1831,6735,
6735,,,1035301306,AE1831,6736,
6736,,,1035301307,AE1831,6737,
6737,,,1035301308,AE1831,6738,
6738,,,1035301309,AE1831,6739,
6739,,,1035301310,AE1831,6740,
6740,,,1035301311,AE1831,6741,
6741,,,1035301312,AE1831,6742,
6742,,,1035301313,AE1831,6743,
6743,,,1035301314,AE1831,6744,
6744,,,1035301315,AE1831,6745,
6745,,,1035301316,AE1831,6746,
6746,,,1035301317,AE1831,6747,
6747,,,1035301318,AE1831,6748,
6748,,,1035301319,AE1831,6749,
6749,,,1035301320,AE1831,6750,
6750,,,1035301321,AE1831,6751,
6751,,,1035301322,AE1831,6752,
6752,,,1035301323,AE1831,6753,
6753,,,1035301324,AE1831,6754,
6754,V1V2_dada2_read_info_03052026.xlsx,V4_dada2_read_info_03052026.xlsx,1035301701,AE1831,6755,
6755,,,1035301702,AE1831,6756,MTBLS2356
6756,,,1035301703,AE1831,6757,
6757,V1V2_dada2_read_info_03052026.xlsx,V4_dada2_read_info_03052026.xlsx,1035301704,AE1831,6758,
6758,,,1035301705,AE1831,6759,MTBLS2356
6759,,,1035301706,AE1831,6760,
6760,V1V2_dada2_read_info_03052026.xlsx,V4_dada2_read_info_03052026.xlsx,1035301707,AE1831,6761,
6761,,,1035301708,AE1831,6762,
6762,V1V2_dada2_read_info_03052026.xlsx,V4_dada2_read_info_03052026.xlsx,1035301709,AE1831,6763,MTBLS2356
6763,,,1035301710,AE1831,6764,
6764,,,1035301711,AE1831,6765,
6765,,,1035301712,AE1831,6766,
6766,V1V2_dada2_read_info_03052026.xlsx,V4_dada2_read_info_03052026.xlsx,1035301713,AE1831,6767,
6767,V1V2_dada2_read_info_03052026.xlsx,V4_dada2_read_info_03052026.xlsx,1035301714,AE1831,6768,
6768,,,1035301715,AE1831,6769,MTBLS2356
6769,,,1035301716,AE1831,6770,
6770,V1V2_dada2_read_info_03052026.xlsx,V4_dada2_read_info_03052026.xlsx,1035301717,AE1831,6771,
6771,,,1035301718,AE1831,6772,
6772,,,1035301719,AE1831,6773,
6773,,,1035301720,AE1831,6774,MTBLS2356
6774,V1V2_dada2_read_info_03052026.xlsx,V4_dada2_read_info_03052026.xlsx,1035301721,AE1831,6775,
6775,V1V2_dada2_read_info_03052026.xlsx,V4_dada2_read_info_03052026.xlsx,1035301722,AE1831,6776,
6776,V1V2_dada2_read_info_03052026.xlsx,V4_dada2_read_info_03052026.xlsx,1035301723,AE1831,6777,
6777,,,1035301724,AE1831,6778,MTBLS2356
6778,,,1035401101,AE1836,6779,
6779,,,1035401102,AE1836,6780,
6780,,,1035401103,AE1836,6781,
6781,,,1035401104,AE1836,6782,
6782,,,1035401105,AE1836,6783,
6783,,,1035401106,AE1836,6784,
6784,,,1035401107,AE1836,6785,
6785,,,1035401108,AE1836,6786,
6786,,,1035401109,AE1836,6787,
6787,,,1035401110,AE1836,6788,
6788,,,1035401111,AE1836,6789,
6789,,,1035401112,AE1836,6790,
6790,,,1035401113,AE1836,6791,
6791,,,1035401114,AE1836,6792,
6792,,,1035401201,AE1836,6793,
6793,,,1035401202,AE1836,6794,
6794,,,1035401203,AE1836,6795,
6795,,,1035401204,AE1836,6796,
6796,,,1035401205,AE1836,6797,
6797,,,1035401206,AE1836,6798,
6798,,,1035401207,AE1836,6799,
6799,,,1035401208,AE1836,6800,
6800,,,1035401209,AE1836,6801,
6801,,,1035401210,AE1836,6802,
6802,,,1035401211,AE1836,6803,
6803,,,1035401212,AE1836,6804,
6804,,,1035401213,AE1836,6805,
6805,,,1035401214,AE1836,6806,
6806,,,1035401215,AE1836,6807,
6807,,,1035401216,AE1836,6808,
6808,,,1035401217,AE1836,6809,
6809,,,1035401218,AE1836,6810,
6810,,,1035401219,AE1836,6811,
6811,,,1035401220,AE1836,6812,
6812,,,1035401221,AE1836,6813,
6813,,,1035401222,AE1836,6814,
6814,,,1035401223,AE1836,6815,
6815,,,1035401224,AE1836,6816,
6816,,,1035401301,AE1836,6817,
6817,,,1035401302,AE1836,6818,
6818,,,1035401303,AE1836,6819,
6819,,,1035401304,AE1836,6820,
6820,,,1035401305,AE1836,6821,
6821,,,1035401306,AE1836,6822,
6822,,,1035401307,AE1836,6823,
6823,,,1035401308,AE1836,6824,
6824,,,1035401309,AE1836,6825,
6825,,,1035401310,AE1836,6826,
6826,,,1035401311,AE1836,6827,
6827,,,1035401312,AE1836,6828,
6828,,,1035401313,AE1836,6829,
6829,,,1035401314,AE1836,6830,
6830,,,1035401315,AE1836,6831,
6831,,,1035401316,AE1836,6832,
6832,,,1035401601,AE1836,6833,
6833,,,1035401602,AE1836,6834,
6834,,,1035401603,AE1836,6835,
6835,,,1035401604,AE1836,6836,
6836,,,1035401605,AE1836,6837,
6837,,,1035401606,AE1836,6838,
6838,,,1035401607,AE1836,6839,
6839,,,1035401608,AE1836,6840,
6840,,,1035401609,AE1836,6841,
6841,,,1035401610,AE1836,6842,
6842,,,1035401611,AE1836,6843,
6843,,,1035401612,AE1836,6844,
6844,,,1035401613,AE1836,6845,
6845,,,1035401614,AE1836,6846,
6846,,,1035401615,AE1836,6847,
6847,,,1035401616,AE1836,6848,
6848,,,1035401617,AE1836,6849,
6849,,,1035401618,AE1836,6850,
6850,,,1035401619,AE1836,6851,
6851,,,1035401620,AE1836,6852,
6852,,,1035401621,AE1836,6853,
6853,,,1035401622,AE1836,6854,
6854,,,1035401623,AE1836,6855,
6855,,,1035401624,AE1836,6856,
6856,,,1035401701,AE1836,6857,
6857,,,1035401702,AE1836,6858,
6858,,,1035401703,AE1836,6859,
6859,,,1035401704,AE1836,6860,
6860,,,1035401705,AE1836,6861,
6861,,,1035401706,AE1836,6862,
6862,,,1035401707,AE1836,6863,
6863,,,1035401708,AE1836,6864,
6864,,,1035401709,AE1836,6865,
6865,,,1035401710,AE1836,6866,
6866,,,1035401711,AE1836,6867,
6867,,,1035401712,AE1836,6868,
6868,,,1035401713,AE1836,6869,
6869,,,1035401714,AE1836,6870,
6870,,,1035401715,AE1836,6871,
6871,,,1035401716,AE1836,6872,
6872,,,1035401717,AE1836,6873,
6873,,,1035401718,AE1836,6874,
6874,,,1035401719,AE1836,6875,
6875,,,1035401720,AE1836,6876,
6876,,,1035401721,AE1836,6877,
6877,,,1035401722,AE1836,6878,
6878,,,1035401723,AE1836,6879,
6879,,,1035401724,AE1836,6880,
6880,V1V2_dada2_read_info_03052026.xlsx,V4_dada2_read_info_03052026.xlsx,1035402001,AE1836,6881,
6881,,,1035402002,AE1836,6882,
6882,V1V2_dada2_read_info_03052026.xlsx,V4_dada2_read_info_03052026.xlsx,1035402003,AE1836,6883,
6883,,,1035402004,AE1836,6884,
6884,V1V2_dada2_read_info_03052026.xlsx,V4_dada2_read_info_03052026.xlsx,1035402005,AE1836,6885,
6885,,,1035402006,AE1836,6886,
6886,V1V2_dada2_read_info_03052026.xlsx,V4_dada2_read_info_03052026.xlsx,1035402007,AE1836,6887,
6887,,,1035402008,AE1836,6888,
6888,V1V2_dada2_read_info_03052026.xlsx,V4_dada2_read_info_03052026.xlsx,1035402009,AE1836,6889,
6889,,,1035402010,AE1836,6890,
6890,V1V2_dada2_read_info_03052026.xlsx,V4_dada2_read_info_03052026.xlsx,1035402011,AE1836,6891,
6891,,,1035402012,AE1836,6892,
6892,V1V2_dada2_read_info_03052026.xlsx,V4_dada2_read_info_03052026.xlsx,1035402013,AE1836,6893,
6893,,,1035402014,AE1836,6894,
6894,V1V2_dada2_read_info_03052026.xlsx,V4_dada2_read_info_03052026.xlsx,1035402015,AE1836,6895,
6895,,,1035402016,AE1836,6896,
6896,,,1035402017,AE1836,6897,
6897,V1V2_dada2_read_info_03052026.xlsx,V4_dada2_read_info_03052026.xlsx,1035402018,AE1836,6898,
6898,V1V2_dada2_read_info_03052026.xlsx,V4_dada2_read_info_03052026.xlsx,1035402019,AE1836,6899,
6899,,,1035402020,AE1836,6900,
6900,V1V2_dada2_read_info_03052026.xlsx,V4_dada2_read_info_03052026.xlsx,1035402021,AE1836,6901,
6901,,,1035402022,AE1836,6902,
6902,V1V2_dada2_read_info_03052026.xlsx,V4_dada2_read_info_03052026.xlsx,1035402023,AE1836,6903,
6903,,,1035402024,AE1836,6904,
6904,,,1035500901,AE1902,6905,
6905,,,1035500902,AE1902,6906,
6906,,,1035500903,AE1902,6907,
6907,,,1035500904,AE1902,6908,
6908,,,1035500905,AE1902,6909,
6909,,,1035500906,AE1902,6910,
6910,,,1035500907,AE1902,6911,
6911,,,1035500908,AE1902,6912,
6912,,,1035500909,AE1902,6913,
6913,,,1035500910,AE1902,6914,
6914,,,1035500911,AE1902,6915,
6915,,,1035500912,AE1902,6916,
6916,,,1035500913,AE1902,6917,
6917,,,1035500914,AE1902,6918,
6918,,,1035500915,AE1902,6919,
6919,,,1035500916,AE1902,6920,
6920,,,1035500917,AE1902,6921,
6921,,,1035500918,AE1902,6922,
6922,,,1035500919,AE1902,6923,
6923,,,1035500920,AE1902,6924,
6924,,,1035500921,AE1902,6925,
6925,,,1035500922,AE1902,6926,
6926,,,1035500923,AE1902,6927,
6927,,,1035500924,AE1902,6928,
6928,,,1035501001,AE1902,6929,
6929,,,1035501002,AE1902,6930,
6930,,,1035501003,AE1902,6931,
6931,,,1035501004,AE1902,6932,
6932,,,1035501005,AE1902,6933,
6933,,,1035501006,AE1902,6934,
6934,,,1035501007,AE1902,6935,
6935,,,1035501008,AE1902,6936,
6936,,,1035501009,AE1902,6937,
6937,,,1035501010,AE1902,6938,
6938,,,1035501011,AE1902,6939,
6939,,,1035501012,AE1902,6940,
6940,,,1035501013,AE1902,6941,
6941,,,1035501014,AE1902,6942,
6942,,,1035501015,AE1902,6943,
6943,,,1035501016,AE1902,6944,
6944,,,1035501301,AE1902,6945,
6945,,,1035501302,AE1902,6946,
6946,,,1035501303,AE1902,6947,
6947,,,1035501304,AE1902,6948,
6948,,,1035501305,AE1902,6949,
6949,,,1035501306,AE1902,6950,
6950,,,1035501307,AE1902,6951,
6951,,,1035501308,AE1902,6952,
6952,,,1035501309,AE1902,6953,
6953,,,1035501310,AE1902,6954,
6954,,,1035501311,AE1902,6955,
6955,,,1035501312,AE1902,6956,
6956,,,1035501313,AE1902,6957,
6957,,,1035501314,AE1902,6958,
6958,,,1035501315,AE1902,6959,
6959,,,1035501316,AE1902,6960,
6960,,,1035501317,AE1902,6961,
6961,,,1035501318,AE1902,6962,
6962,,,1035501319,AE1902,6963,
6963,,,1035501320,AE1902,6964,
6964,,,1035501321,AE1902,6965,
6965,,,1035501322,AE1902,6966,
6966,,,1035501323,AE1902,6967,
6967,,,1035501324,AE1902,6968,
6968,,,1035501401,AE1902,6969,
6969,,,1035501402,AE1902,6970,
6970,,,1035501403,AE1902,6971,
6971,,,1035501404,AE1902,6972,
6972,,,1035501405,AE1902,6973,
6973,,,1035501406,AE1902,6974,
6974,,,1035501407,AE1902,6975,
6975,,,1035501408,AE1902,6976,
6976,,,1035501409,AE1902,6977,
6977,,,1035501410,AE1902,6978,
6978,,,1035501411,AE1902,6979,
6979,,,1035501412,AE1902,6980,
6980,,,1035501413,AE1902,6981,
6981,,,1035501414,AE1902,6982,
6982,,,1035501415,AE1902,6983,
6983,,,1035501416,AE1902,6984,
6984,,,1035501417,AE1902,6985,
6985,,,1035501418,AE1902,6986,
6986,,,1035501419,AE1902,6987,
6987,,,1035501420,AE1902,6988,
6988,,,1035501421,AE1902,6989,
6989,,,1035501422,AE1902,6990,
6990,,,1035501423,AE1902,6991,
6991,,,1035501424,AE1902,6992,
6992,V1V2_dada2_read_info_03052026.xlsx,V4_dada2_read_info_03052026.xlsx,1035501701,AE1902,6993,
6993,,,1035501702,AE1902,6994,MTBLS2356
6994,V1V2_dada2_read_info_03052026.xlsx,V4_dada2_read_info_03052026.xlsx,1035501703,AE1902,6995,
6995,,,1035501704,AE1902,6996,MTBLS2356
6996,V1V2_dada2_read_info_03052026.xlsx,V4_dada2_read_info_03052026.xlsx,1035501705,AE1902,6997,
6997,,,1035501706,AE1902,6998,
6998,V1V2_dada2_read_info_03052026.xlsx,V4_dada2_read_info_03052026.xlsx,1035501707,AE1902,6999,
6999,,,1035501708,AE1902,7000,MTBLS2356
7000,V1V2_dada2_read_info_03052026.xlsx,V4_dada2_read_info_03052026.xlsx,1035501709,AE1902,7001,
7001,,,1035501710,AE1902,7002,
7002,V1V2_dada2_read_info_03052026.xlsx,V4_dada2_read_info_03052026.xlsx,1035501711,AE1902,7003,
7003,,,1035501712,AE1902,7004,MTBLS2356
7004,V1V2_dada2_read_info_03052026.xlsx,V4_dada2_read_info_03052026.xlsx,1035501713,AE1902,7005,
7005,,,1035501714,AE1902,7006,
7006,V1V2_dada2_read_info_03052026.xlsx,V4_dada2_read_info_03052026.xlsx,1035501715,AE1902,7007,
7007,,,1035501716,AE1902,7008,
7008,V1V2_dada2_read_info_03052026.xlsx,V4_dada2_read_info_03052026.xlsx,1035501717,AE1902,7009,MTBLS2356
7009,,,1035501718,AE1902,7010,
7010,V1V2_dada2_read_info_03052026.xlsx,V4_dada2_read_info_03052026.xlsx,1035501719,AE1902,7011,
7011,,,1035501720,AE1902,7012,
7012,V1V2_dada2_read_info_03052026.xlsx,V4_dada2_read_info_03052026.xlsx,1035501721,AE1902,7013,
7013,,,1035501722,AE1902,7014,
7014,V1V2_dada2_read_info_03052026.xlsx,V4_dada2_read_info_03052026.xlsx,1035501723,AE1902,7015,
7015,,,1035501724,AE1902,7016,MTBLS2356
7016,,,1035600801,EN629,7017,
7017,,,1035600802,EN629,7018,
7018,,,1035600803,EN629,7019,
7019,,,1035600804,EN629,7020,
7020,,,1035600805,EN629,7021,
7021,,,1035600806,EN629,7022,
7022,,,1035600807,EN629,7023,
7023,,,1035600808,EN629,7024,
7024,,,1035600809,EN629,7025,
7025,,,1035600810,EN629,7026,
7026,,,1035600811,EN629,7027,
7027,,,1035600812,EN629,7028,
7028,,,1035600813,EN629,7029,
7029,,,1035600814,EN629,7030,
7030,,,1035600815,EN629,7031,
7031,,,1035600816,EN629,7032,
7032,,,1035600817,EN629,7033,
7033,,,1035600818,EN629,7034,
7034,,,1035600819,EN629,7035,
7035,,,1035600820,EN629,7036,
7036,,,1035600821,EN629,7037,
7037,,,1035600822,EN629,7038,
7038,,,1035600823,EN629,7039,
7039,,,1035600824,EN629,7040,
7040,,,1035600901,EN629,7041,
7041,,,1035600902,EN629,7042,
7042,,,1035600903,EN629,7043,
7043,,,1035600904,EN629,7044,
7044,,,1035600905,EN629,7045,
7045,,,1035600906,EN629,7046,
7046,,,1035600907,EN629,7047,
7047,,,1035600908,EN629,7048,
7048,,,1035600909,EN629,7049,
7049,,,1035600910,EN629,7050,
7050,,,1035600911,EN629,7051,
7051,,,1035600912,EN629,7052,
7052,,,1035600913,EN629,7053,
7053,,,1035600914,EN629,7054,
7054,,,1035600915,EN629,7055,
7055,,,1035600916,EN629,7056,
7056,,,1035601301,EN629,7057,
7057,,,1035601302,EN629,7058,
7058,,,1035601303,EN629,7059,
7059,,,1035601304,EN629,7060,
7060,,,1035601305,EN629,7061,
7061,,,1035601306,EN629,7062,
7062,,,1035601307,EN629,7063,
7063,,,1035601308,EN629,7064,
7064,,,1035601309,EN629,7065,
7065,,,1035601310,EN629,7066,
7066,,,1035601311,EN629,7067,
7067,,,1035601312,EN629,7068,
7068,,,1035601313,EN629,7069,
7069,,,1035601314,EN629,7070,
7070,,,1035601315,EN629,7071,
7071,,,1035601316,EN629,7072,
7072,,,1035601317,EN629,7073,
7073,,,1035601318,EN629,7074,
7074,,,1035601319,EN629,7075,
7075,,,1035601320,EN629,7076,
7076,,,1035601321,EN629,7077,
7077,,,1035601322,EN629,7078,
7078,,,1035601323,EN629,7079,
7079,,,1035601324,EN629,7080,
7080,,,1035601401,EN629,7081,
7081,,,1035601402,EN629,7082,
7082,,,1035601403,EN629,7083,
7083,,,1035601404,EN629,7084,
7084,,,1035601405,EN629,7085,
7085,,,1035601406,EN629,7086,
7086,,,1035601407,EN629,7087,
7087,,,1035601408,EN629,7088,
7088,,,1035601409,EN629,7089,
7089,,,1035601410,EN629,7090,
7090,,,1035601411,EN629,7091,
7091,,,1035601412,EN629,7092,
7092,,,1035601413,EN629,7093,
7093,,,1035601414,EN629,7094,
7094,,,1035601415,EN629,7095,
7095,,,1035601416,EN629,7096,
7096,,,1035601417,EN629,7097,
7097,,,1035601418,EN629,7098,
7098,,,1035601419,EN629,7099,
7099,,,1035601420,EN629,7100,
7100,,,1035601421,EN629,7101,
7101,,,1035601422,EN629,7102,
7102,,,1035601423,EN629,7103,
7103,,,1035601424,EN629,7104,
7104,V1V2_dada2_read_info_03052026.xlsx,V4_dada2_read_info_03052026.xlsx,1035601501,EN629,7105,
7105,,,1035601502,EN629,7106,
7106,V1V2_dada2_read_info_03052026.xlsx,V4_dada2_read_info_03052026.xlsx,1035601503,EN629,7107,
7107,,,1035601504,EN629,7108,
7108,V1V2_dada2_read_info_03052026.xlsx,V4_dada2_read_info_03052026.xlsx,1035601505,EN629,7109,
7109,,,1035601506,EN629,7110,
7110,V1V2_dada2_read_info_03052026.xlsx,V4_dada2_read_info_03052026.xlsx,1035601507,EN629,7111,
7111,,,1035601508,EN629,7112,
7112,V1V2_dada2_read_info_03052026.xlsx,V4_dada2_read_info_03052026.xlsx,1035601509,EN629,7113,
7113,,,1035601510,EN629,7114,
7114,V1V2_dada2_read_info_03052026.xlsx,V4_dada2_read_info_03052026.xlsx,1035601511,EN629,7115,
7115,V1V2_dada2_read_info_03052026.xlsx,V4_dada2_read_info_03052026.xlsx,1035601512,EN629,7116,
7116,,,1035601513,EN629,7117,
7117,,,1035601514,EN629,7118,
7118,V1V2_dada2_read_info_03052026.xlsx,V4_dada2_read_info_03052026.xlsx,1035601515,EN629,7119,
7119,,,1035601516,EN629,7120,
7120,,,1035601517,EN629,7121,
7121,,,1035601518,EN629,7122,
7122,,,1035601519,EN629,7123,
7123,,,1035601520,EN629,7124,
7124,V1V2_dada2_read_info_03052026.xlsx,V4_dada2_read_info_03052026.xlsx,1035601521,EN629,7125,
7125,V1V2_dada2_read_info_03052026.xlsx,V4_dada2_read_info_03052026.xlsx,1035601522,EN629,7126,
7126,V1V2_dada2_read_info_03052026.xlsx,V4_dada2_read_info_03052026.xlsx,1035601523,EN629,7127,
7127,V1V2_dada2_read_info_03052026.xlsx,V4_dada2_read_info_03052026.xlsx,1035601524,EN629,7128,
7128,,,1035602101,EN629,7129,
7129,,,1035602102,EN629,7130,
7130,,,1035602103,EN629,7131,
7131,,,1035602104,EN629,7132,
7132,,,1035602105,EN629,7133,
7133,,,1035602106,EN629,7134,
7134,,,1035602107,EN629,7135,
7135,,,1035602108,EN629,7136,
7136,,,1035602109,EN629,7137,
7137,,,1035602110,EN629,7138,
7138,,,1035602111,EN629,7139,
7139,,,1035602112,EN629,7140,
7140,,,1035602113,EN629,7141,
7141,,,1035602114,EN629,7142,
7142,V1V2_dada2_read_info_03052026.xlsx,V4_dada2_read_info_03052026.xlsx,1035700701,EN631,7143,MTBLS2356
7143,,,1035700702,EN631,7144,
7144,V1V2_dada2_read_info_03052026.xlsx,V4_dada2_read_info_03052026.xlsx,1035700703,EN631,7145,
7145,,,1035700704,EN631,7146,MTBLS2356
7146,V1V2_dada2_read_info_03052026.xlsx,V4_dada2_read_info_03052026.xlsx,1035700705,EN631,7147,
7147,,,1035700706,EN631,7148,
7148,V1V2_dada2_read_info_03052026.xlsx,V4_dada2_read_info_03052026.xlsx,1035700707,EN631,7149,
7149,,,1035700708,EN631,7150,MTBLS2356
7150,V1V2_dada2_read_info_03052026.xlsx,V4_dada2_read_info_03052026.xlsx,1035700709,EN631,7151,
7151,,,1035700710,EN631,7152,
7152,V1V2_dada2_read_info_03052026.xlsx,V4_dada2_read_info_03052026.xlsx,1035700711,EN631,7153,
7153,,,1035700712,EN631,7154,MTBLS2356
7154,V1V2_dada2_read_info_03052026.xlsx,V4_dada2_read_info_03052026.xlsx,1035700713,EN631,7155,
7155,,,1035700714,EN631,7156,
7156,V1V2_dada2_read_info_03052026.xlsx,V4_dada2_read_info_03052026.xlsx,1035700715,EN631,7157,
7157,,,1035700716,EN631,7158,
7158,V1V2_dada2_read_info_03052026.xlsx,V4_dada2_read_info_03052026.xlsx,1035700717,EN631,7159,
7159,,,1035700718,EN631,7160,MTBLS2356
7160,V1V2_dada2_read_info_03052026.xlsx,V4_dada2_read_info_03052026.xlsx,1035700719,EN631,7161,
7161,,,1035700720,EN631,7162,
7162,V1V2_dada2_read_info_03052026.xlsx,V4_dada2_read_info_03052026.xlsx,1035700721,EN631,7163,
7163,,,1035700722,EN631,7164,
7164,V1V2_dada2_read_info_03052026.xlsx,V4_dada2_read_info_03052026.xlsx,1035700723,EN631,7165,
7165,,,1035700724,EN631,7166,MTBLS2356
7166,,,1035700801,EN631,7167,
7167,,,1035700802,EN631,7168,
7168,,,1035700803,EN631,7169,
7169,,,1035700804,EN631,7170,
7170,,,1035700805,EN631,7171,
7171,,,1035700806,EN631,7172,
7172,,,1035700807,EN631,7173,
7173,,,1035700808,EN631,7174,
7174,,,1035700809,EN631,7175,
7175,,,1035700810,EN631,7176,
7176,,,1035700811,EN631,7177,
7177,,,1035700812,EN631,7178,
7178,,,1035700813,EN631,7179,
7179,,,1035700814,EN631,7180,
7180,,,1035700815,EN631,7181,
7181,,,1035700816,EN631,7182,
7182,,,1035701001,EN631,7183,
7183,,,1035701002,EN631,7184,
7184,,,1035701003,EN631,7185,
7185,,,1035701004,EN631,7186,
7186,,,1035701005,EN631,7187,
7187,,,1035701006,EN631,7188,
7188,,,1035701007,EN631,7189,
7189,,,1035701008,EN631,7190,
7190,,,1035701009,EN631,7191,
7191,,,1035701010,EN631,7192,
7192,,,1035701011,EN631,7193,
7193,,,1035701012,EN631,7194,
7194,,,1035701013,EN631,7195,
7195,,,1035701014,EN631,7196,
7196,,,1035701015,EN631,7197,
7197,,,1035701016,EN631,7198,
7198,,,1035701017,EN631,7199,
7199,,,1035701018,EN631,7200,
7200,,,1035701019,EN631,7201,
7201,,,1035701020,EN631,7202,
7202,,,1035701021,EN631,7203,
7203,,,1035701022,EN631,7204,
7204,,,1035701023,EN631,7205,
7205,,,1035701024,EN631,7206,
7206,,,1035701101,EN631,7207,
7207,,,1035701102,EN631,7208,
7208,,,1035701103,EN631,7209,
7209,,,1035701104,EN631,7210,
7210,,,1035701105,EN631,7211,
7211,,,1035701106,EN631,7212,
7212,,,1035701107,EN631,7213,
7213,,,1035701108,EN631,7214,
7214,,,1035701109,EN631,7215,
7215,,,1035701110,EN631,7216,
7216,,,1035701111,EN631,7217,
7217,,,1035701112,EN631,7218,
7218,,,1035701113,EN631,7219,
7219,,,1035701114,EN631,7220,
7220,,,1035701115,EN631,7221,
7221,,,1035701116,EN631,7222,
7222,,,1035701117,EN631,7223,
7223,,,1035701118,EN631,7224,
7224,,,1035701119,EN631,7225,
7225,,,1035701120,EN631,7226,
7226,,,1035701121,EN631,7227,
7227,,,1035701122,EN631,7228,
7228,,,1035701123,EN631,7229,
7229,,,1035701124,EN631,7230,
7230,,,1035701201,EN631,7231,
7231,,,1035701202,EN631,7232,
7232,,,1035701203,EN631,7233,
7233,,,1035701204,EN631,7234,
7234,,,1035701205,EN631,7235,
7235,,,1035701206,EN631,7236,
7236,,,1035701207,EN631,7237,
7237,,,1035701208,EN631,7238,
7238,,,1035701209,EN631,7239,
7239,,,1035701210,EN631,7240,
7240,,,1035701211,EN631,7241,
7241,,,1035701212,EN631,7242,
7242,,,1035701213,EN631,7243,
7243,,,1035701214,EN631,7244,
7244,,,1035701215,EN631,7245,
7245,,,1035701216,EN631,7246,
7246,,,1035701217,EN631,7247,
7247,,,1035701218,EN631,7248,
7248,,,1035701219,EN631,7249,
7249,,,1035701220,EN631,7250,
7250,,,1035701221,EN631,7251,
7251,,,1035701222,EN631,7252,
7252,,,1035701223,EN631,7253,
7253,,,1035701224,EN631,7254,
7254,,,1035701401,EN631,7255,
7255,,,1035701402,EN631,7256,
7256,,,1035701403,EN631,7257,
7257,,,1035701404,EN631,7258,
7258,,,1035701405,EN631,7259,
7259,,,1035701406,EN631,7260,
7260,,,1035701407,EN631,7261,
7261,,,1035701408,EN631,7262,
7262,,,1035701409,EN631,7263,
7263,,,1035701410,EN631,7264,
7264,,,1035701411,EN631,7265,
7265,,,1035701412,EN631,7266,
7266,,,1035701413,EN631,7267,
7267,,,1035701414,EN631,7268,
7268,,,1035701415,EN631,7269,
7269,,,1035701416,EN631,7270,
7270,,,1035701417,EN631,7271,
7271,,,1035701418,EN631,7272,
7272,,,1035701419,EN631,7273,
7273,,,1035701420,EN631,7274,
7274,,,1035701421,EN631,7275,
7275,,,1035701422,EN631,7276,
7276,,,1035701423,EN631,7277,
7277,,,1035701424,EN631,7278,
7278,,,1035701801,EN631,7279,
7279,,,1035701802,EN631,7280,
7280,,,1035701803,EN631,7281,
7281,,,1035701804,EN631,7282,
7282,,,1035701805,EN631,7283,
7283,,,1035701806,EN631,7284,
7284,,,1035701807,EN631,7285,
7285,,,1035701808,EN631,7286,
7286,,,1035701809,EN631,7287,
7287,,,1035701810,EN631,7288,
7288,,,1035701811,EN631,7289,
7289,,,1035701812,EN631,7290,
7290,,,1035701813,EN631,7291,
7291,,,1035701814,EN631,7292,
7292,,,1035801501,AE1905,7293,
7293,,,1035801502,AE1905,7294,
7294,,,1035801503,AE1905,7295,
7295,,,1035801504,AE1905,7296,
7296,,,1035801505,AE1905,7297,
7297,,,1035801506,AE1905,7298,
7298,,,1035801507,AE1905,7299,
7299,,,1035801508,AE1905,7300,
7300,,,1035801509,AE1905,7301,
7301,,,1035801510,AE1905,7302,
7302,,,1035801511,AE1905,7303,
7303,,,1035801512,AE1905,7304,
7304,,,1035801513,AE1905,7305,
7305,,,1035801514,AE1905,7306,
7306,,,1035801515,AE1905,7307,
7307,,,1035801516,AE1905,7308,
7308,,,1035801517,AE1905,7309,
7309,,,1035801518,AE1905,7310,
7310,,,1035801519,AE1905,7311,
7311,,,1035801520,AE1905,7312,
7312,,,1035801521,AE1905,7313,
7313,,,1035801522,AE1905,7314,
7314,,,1035801523,AE1905,7315,
7315,,,1035801524,AE1905,7316,
7316,,,1035801701,AE1905,7317,
7317,,,1035801702,AE1905,7318,
7318,,,1035801703,AE1905,7319,
7319,,,1035801704,AE1905,7320,
7320,,,1035801705,AE1905,7321,
7321,,,1035801706,AE1905,7322,
7322,,,1035801707,AE1905,7323,
7323,,,1035801708,AE1905,7324,
7324,,,1035801709,AE1905,7325,
7325,,,1035801710,AE1905,7326,
7326,,,1035801711,AE1905,7327,
7327,,,1035801712,AE1905,7328,
7328,,,1035801713,AE1905,7329,
7329,,,1035801714,AE1905,7330,
7330,,,1035801715,AE1905,7331,
7331,,,1035801716,AE1905,7332,
7332,,,1035802001,AE1905,7333,
7333,,,1035802002,AE1905,7334,
7334,,,1035802003,AE1905,7335,
7335,,,1035802004,AE1905,7336,
7336,,,1035802005,AE1905,7337,
7337,,,1035802006,AE1905,7338,
7338,,,1035802007,AE1905,7339,
7339,,,1035802008,AE1905,7340,
7340,,,1035802009,AE1905,7341,
7341,,,1035802010,AE1905,7342,
7342,,,1035802011,AE1905,7343,
7343,,,1035802012,AE1905,7344,
7344,,,1035802013,AE1905,7345,
7345,,,1035802014,AE1905,7346,
7346,,,1035802015,AE1905,7347,
7347,,,1035802016,AE1905,7348,
7348,,,1035802017,AE1905,7349,
7349,,,1035802018,AE1905,7350,
7350,,,1035802019,AE1905,7351,
7351,,,1035802020,AE1905,7352,
7352,,,1035802021,AE1905,7353,
7353,,,1035802022,AE1905,7354,
7354,,,1035802023,AE1905,7355,
7355,,,1035802024,AE1905,7356,
7356,,,1035802101,AE1905,7357,
7357,,,1035802102,AE1905,7358,
7358,,,1035802103,AE1905,7359,
7359,,,1035802104,AE1905,7360,
7360,,,1035802105,AE1905,7361,
7361,,,1035802106,AE1905,7362,
7362,,,1035802107,AE1905,7363,
7363,,,1035802108,AE1905,7364,
7364,,,1035802109,AE1905,7365,
7365,,,1035802110,AE1905,7366,
7366,,,1035802111,AE1905,7367,
7367,,,1035802112,AE1905,7368,
7368,,,1035802113,AE1905,7369,
7369,,,1035802114,AE1905,7370,
7370,,,1035802115,AE1905,7371,
7371,,,1035802116,AE1905,7372,
7372,,,1035802117,AE1905,7373,
7373,,,1035802118,AE1905,7374,
7374,,,1035802119,AE1905,7375,
7375,,,1035802120,AE1905,7376,
7376,,,1035802121,AE1905,7377,
7377,,,1035802122,AE1905,7378,
7378,,,1035802123,AE1905,7379,
7379,,,1035802124,AE1905,7380,
7380,V1V2_dada2_read_info_03052026.xlsx,V4_dada2_read_info_03052026.xlsx,1035802401,AE1905,7381,MTBLS2356
7381,,,1035802402,AE1905,7382,
7382,,,1035802403,AE1905,7383,
7383,V1V2_dada2_read_info_03052026.xlsx,V4_dada2_read_info_03052026.xlsx,1035802404,AE1905,7384,MTBLS2356
7384,,,1035802405,AE1905,7385,
7385,,,1035802406,AE1905,7386,
7386,V1V2_dada2_read_info_03052026.xlsx,V4_dada2_read_info_03052026.xlsx,1035802407,AE1905,7387,
7387,V1V2_dada2_read_info_03052026.xlsx,V4_dada2_read_info_03052026.xlsx,1035802408,AE1905,7388,MTBLS2356
7388,,,1035802409,AE1905,7389,
7389,V1V2_dada2_read_info_03052026.xlsx,V4_dada2_read_info_03052026.xlsx,1035802410,AE1905,7390,
7390,V1V2_dada2_read_info_03052026.xlsx,V4_dada2_read_info_03052026.xlsx,1035802411,AE1905,7391,
7391,,,1035802412,AE1905,7392,MTBLS2356
7392,V1V2_dada2_read_info_03052026.xlsx,V4_dada2_read_info_03052026.xlsx,1035802413,AE1905,7393,
7393,,,1035802414,AE1905,7394,
7394,V1V2_dada2_read_info_03052026.xlsx,V4_dada2_read_info_03052026.xlsx,1035802415,AE1905,7395,
7395,,,1035802416,AE1905,7396,
7396,,,1035802417,AE1905,7397,
7397,V1V2_dada2_read_info_03052026.xlsx,V4_dada2_read_info_03052026.xlsx,1035802418,AE1905,7398,MTBLS2356
7398,V1V2_dada2_read_info_03052026.xlsx,V4_dada2_read_info_03052026.xlsx,1035802419,AE1905,7399,
7399,,,1035802420,AE1905,7400,
7400,V1V2_dada2_read_info_03052026.xlsx,V4_dada2_read_info_03052026.xlsx,1035802421,AE1905,7401,
7401,,,1035802422,AE1905,7402,
7402,V1V2_dada2_read_info_03052026.xlsx,V4_dada2_read_info_03052026.xlsx,1035802423,AE1905,7403,
7403,,,1035802424,AE1905,7404,MTBLS2356
7404,,,1035900901,AE1909,7405,
7405,,,1035900902,AE1909,7406,
7406,,,1035900903,AE1909,7407,
7407,,,1035900904,AE1909,7408,
7408,,,1035900905,AE1909,7409,
7409,,,1035900906,AE1909,7410,
7410,,,1035900907,AE1909,7411,
7411,,,1035900908,AE1909,7412,
7412,,,1035900909,AE1909,7413,
7413,,,1035900910,AE1909,7414,
7414,,,1035900911,AE1909,7415,
7415,,,1035900912,AE1909,7416,
7416,,,1035900913,AE1909,7417,
7417,,,1035900914,AE1909,7418,
7418,,,1035901001,AE1909,7419,
7419,,,1035901002,AE1909,7420,
7420,,,1035901003,AE1909,7421,
7421,,,1035901004,AE1909,7422,
7422,,,1035901005,AE1909,7423,
7423,,,1035901006,AE1909,7424,
7424,,,1035901007,AE1909,7425,
7425,,,1035901008,AE1909,7426,
7426,,,1035901009,AE1909,7427,
7427,,,1035901010,AE1909,7428,
7428,,,1035901011,AE1909,7429,
7429,,,1035901012,AE1909,7430,
7430,,,1035901013,AE1909,7431,
7431,,,1035901014,AE1909,7432,
7432,,,1035901015,AE1909,7433,
7433,,,1035901016,AE1909,7434,
7434,,,1035901017,AE1909,7435,
7435,,,1035901018,AE1909,7436,
7436,,,1035901019,AE1909,7437,
7437,,,1035901020,AE1909,7438,
7438,,,1035901021,AE1909,7439,
7439,,,1035901022,AE1909,7440,
7440,,,1035901023,AE1909,7441,
7441,,,1035901024,AE1909,7442,
7442,,,1035901201,AE1909,7443,
7443,,,1035901202,AE1909,7444,
7444,,,1035901203,AE1909,7445,
7445,,,1035901204,AE1909,7446,
7446,,,1035901205,AE1909,7447,
7447,,,1035901206,AE1909,7448,
7448,,,1035901207,AE1909,7449,
7449,,,1035901208,AE1909,7450,
7450,,,1035901209,AE1909,7451,
7451,,,1035901210,AE1909,7452,
7452,,,1035901211,AE1909,7453,
7453,,,1035901212,AE1909,7454,
7454,,,1035901213,AE1909,7455,
7455,,,1035901214,AE1909,7456,
7456,,,1035901215,AE1909,7457,
7457,,,1035901216,AE1909,7458,
7458,,,1035901501,AE1909,7459,
7459,,,1035901502,AE1909,7460,
7460,,,1035901503,AE1909,7461,
7461,,,1035901504,AE1909,7462,
7462,,,1035901505,AE1909,7463,
7463,,,1035901506,AE1909,7464,
7464,,,1035901507,AE1909,7465,
7465,,,1035901508,AE1909,7466,
7466,,,1035901509,AE1909,7467,
7467,,,1035901510,AE1909,7468,
7468,,,1035901511,AE1909,7469,
7469,,,1035901512,AE1909,7470,
7470,,,1035901513,AE1909,7471,
7471,,,1035901514,AE1909,7472,
7472,,,1035901515,AE1909,7473,
7473,,,1035901516,AE1909,7474,
7474,,,1035901517,AE1909,7475,
7475,,,1035901518,AE1909,7476,
7476,,,1035901519,AE1909,7477,
7477,,,1035901520,AE1909,7478,
7478,,,1035901521,AE1909,7479,
7479,,,1035901522,AE1909,7480,
7480,,,1035901523,AE1909,7481,
7481,,,1035901524,AE1909,7482,
7482,,,1035901601,AE1909,7483,
7483,,,1035901602,AE1909,7484,
7484,,,1035901603,AE1909,7485,
7485,,,1035901604,AE1909,7486,
7486,,,1035901605,AE1909,7487,
7487,,,1035901606,AE1909,7488,
7488,,,1035901607,AE1909,7489,
7489,,,1035901608,AE1909,7490,
7490,,,1035901609,AE1909,7491,
7491,,,1035901610,AE1909,7492,
7492,,,1035901611,AE1909,7493,
7493,,,1035901612,AE1909,7494,
7494,,,1035901613,AE1909,7495,
7495,,,1035901614,AE1909,7496,
7496,,,1035901615,AE1909,7497,
7497,,,1035901616,AE1909,7498,
7498,,,1035901617,AE1909,7499,
7499,,,1035901618,AE1909,7500,
7500,,,1035901619,AE1909,7501,
7501,,,1035901620,AE1909,7502,
7502,,,1035901621,AE1909,7503,
7503,,,1035901622,AE1909,7504,
7504,,,1035901623,AE1909,7505,
7505,,,1035901624,AE1909,7506,
7506,V1V2_dada2_read_info_03052026.xlsx,V4_dada2_read_info_03052026.xlsx,1035902001,AE1909,7507,
7507,,,1035902002,AE1909,7508,
7508,V1V2_dada2_read_info_03052026.xlsx,V4_dada2_read_info_03052026.xlsx,1035902003,AE1909,7509,
7509,,,1035902004,AE1909,7510,
7510,V1V2_dada2_read_info_03052026.xlsx,V4_dada2_read_info_03052026.xlsx,1035902005,AE1909,7511,
7511,,,1035902006,AE1909,7512,
7512,V1V2_dada2_read_info_03052026.xlsx,V4_dada2_read_info_03052026.xlsx,1035902007,AE1909,7513,
7513,,,1035902008,AE1909,7514,
7514,V1V2_dada2_read_info_03052026.xlsx,V4_dada2_read_info_03052026.xlsx,1035902009,AE1909,7515,
7515,,,1035902010,AE1909,7516,
7516,V1V2_dada2_read_info_03052026.xlsx,V4_dada2_read_info_03052026.xlsx,1035902011,AE1909,7517,
7517,,,1035902012,AE1909,7518,
7518,V1V2_dada2_read_info_03052026.xlsx,V4_dada2_read_info_03052026.xlsx,1035902013,AE1909,7519,
7519,,,1035902014,AE1909,7520,
7520,V1V2_dada2_read_info_03052026.xlsx,V4_dada2_read_info_03052026.xlsx,1035902015,AE1909,7521,
7521,,,1035902016,AE1909,7522,
7522,V1V2_dada2_read_info_03052026.xlsx,V4_dada2_read_info_03052026.xlsx,1035902017,AE1909,7523,
7523,,,1035902018,AE1909,7524,
7524,V1V2_dada2_read_info_03052026.xlsx,V4_dada2_read_info_03052026.xlsx,1035902019,AE1909,7525,
7525,,,1035902020,AE1909,7526,
7526,V1V2_dada2_read_info_03052026.xlsx,V4_dada2_read_info_03052026.xlsx,1035902021,AE1909,7527,
7527,,,1035902022,AE1909,7528,
7528,V1V2_dada2_read_info_03052026.xlsx,V4_dada2_read_info_03052026.xlsx,1035902023,AE1909,7529,
7529,,,1035902024,AE1909,7530,
7530,,,1036001001,AE1912,7531,
7531,,,1036001002,AE1912,7532,
7532,,,1036001003,AE1912,7533,
7533,,,1036001004,AE1912,7534,
7534,,,1036001005,AE1912,7535,
7535,,,1036001006,AE1912,7536,
7536,,,1036001007,AE1912,7537,
7537,,,1036001008,AE1912,7538,
7538,,,1036001009,AE1912,7539,
7539,,,1036001010,AE1912,7540,
7540,,,1036001011,AE1912,7541,
7541,,,1036001012,AE1912,7542,
7542,,,1036001013,AE1912,7543,
7543,,,1036001014,AE1912,7544,
7544,,,1036001015,AE1912,7545,
7545,,,1036001016,AE1912,7546,
7546,,,1036001017,AE1912,7547,
7547,,,1036001018,AE1912,7548,
7548,,,1036001019,AE1912,7549,
7549,,,1036001020,AE1912,7550,
7550,,,1036001021,AE1912,7551,
7551,,,1036001022,AE1912,7552,
7552,,,1036001023,AE1912,7553,
7553,,,1036001024,AE1912,7554,
7554,,,1036001201,AE1912,7555,
7555,,,1036001202,AE1912,7556,
7556,,,1036001203,AE1912,7557,
7557,,,1036001204,AE1912,7558,
7558,,,1036001205,AE1912,7559,
7559,,,1036001206,AE1912,7560,
7560,,,1036001207,AE1912,7561,
7561,,,1036001208,AE1912,7562,
7562,,,1036001209,AE1912,7563,
7563,,,1036001210,AE1912,7564,
7564,,,1036001211,AE1912,7565,
7565,,,1036001212,AE1912,7566,
7566,,,1036001213,AE1912,7567,
7567,,,1036001214,AE1912,7568,
7568,,,1036001215,AE1912,7569,
7569,,,1036001216,AE1912,7570,
7570,,,1036001217,AE1912,7571,
7571,,,1036001218,AE1912,7572,
7572,,,1036001219,AE1912,7573,
7573,,,1036001220,AE1912,7574,
7574,,,1036001221,AE1912,7575,
7575,,,1036001222,AE1912,7576,
7576,,,1036001223,AE1912,7577,
7577,,,1036001501,AE1912,7578,
7578,,,1036001502,AE1912,7579,
7579,,,1036001503,AE1912,7580,
7580,,,1036001504,AE1912,7581,
7581,,,1036001505,AE1912,7582,
7582,,,1036001506,AE1912,7583,
7583,,,1036001507,AE1912,7584,
7584,,,1036001508,AE1912,7585,
7585,,,1036001509,AE1912,7586,
7586,,,1036001510,AE1912,7587,
7587,,,1036001511,AE1912,7588,
7588,,,1036001512,AE1912,7589,
7589,,,1036001513,AE1912,7590,
7590,,,1036001514,AE1912,7591,
7591,,,1036001515,AE1912,7592,
7592,,,1036001516,AE1912,7593,
7593,,,1036001517,AE1912,7594,
7594,,,1036001518,AE1912,7595,
7595,,,1036001519,AE1912,7596,
7596,,,1036001520,AE1912,7597,
7597,,,1036001521,AE1912,7598,
7598,,,1036001522,AE1912,7599,
7599,,,1036001523,AE1912,7600,
7600,,,1036001524,AE1912,7601,
7601,,,1036001601,AE1912,7602,
7602,,,1036001602,AE1912,7603,
7603,,,1036001603,AE1912,7604,
7604,,,1036001604,AE1912,7605,
7605,,,1036001605,AE1912,7606,
7606,,,1036001606,AE1912,7607,
7607,,,1036001607,AE1912,7608,
7608,,,1036001608,AE1912,7609,
7609,,,1036001609,AE1912,7610,
7610,,,1036001610,AE1912,7611,
7611,,,1036001611,AE1912,7612,
7612,,,1036001612,AE1912,7613,
7613,,,1036001613,AE1912,7614,
7614,,,1036001614,AE1912,7615,
7615,,,1036001615,AE1912,7616,
7616,,,1036001616,AE1912,7617,
7617,,,1036001617,AE1912,7618,
7618,,,1036001618,AE1912,7619,
7619,,,1036001619,AE1912,7620,
7620,,,1036001620,AE1912,7621,
7621,,,1036001621,AE1912,7622,
7622,,,1036001622,AE1912,7623,
7623,,,1036001623,AE1912,7624,
7624,,,1036001624,AE1912,7625,
7625,,,1036001801,AE1912,7626,
7626,,,1036001802,AE1912,7627,
7627,,,1036001803,AE1912,7628,
7628,,,1036001804,AE1912,7629,
7629,,,1036001805,AE1912,7630,
7630,,,1036001806,AE1912,7631,
7631,,,1036001807,AE1912,7632,
7632,,,1036001808,AE1912,7633,
7633,,,1036001809,AE1912,7634,
7634,,,1036001810,AE1912,7635,
7635,,,1036001811,AE1912,7636,
7636,,,1036001812,AE1912,7637,
7637,,,1036001813,AE1912,7638,
7638,,,1036001814,AE1912,7639,
7639,,,1036001815,AE1912,7640,
7640,,,1036001816,AE1912,7641,
7641,,,1036001817,AE1912,7642,
7642,,,1036001818,AE1912,7643,
7643,,,1036001819,AE1912,7644,
7644,,,1036001820,AE1912,7645,
7645,,,1036001821,AE1912,7646,
7646,,,1036001822,AE1912,7647,
7647,,,1036001823,AE1912,7648,
7648,,,1036001824,AE1912,7649,
7649,V1V2_dada2_read_info_03052026.xlsx,V4_dada2_read_info_03052026.xlsx,1036001901,AE1912,7650,
7650,,,1036001902,AE1912,7651,
7651,V1V2_dada2_read_info_03052026.xlsx,V4_dada2_read_info_03052026.xlsx,1036001903,AE1912,7652,
7652,,,1036001904,AE1912,7653,
7653,V1V2_dada2_read_info_03052026.xlsx,V4_dada2_read_info_03052026.xlsx,1036001905,AE1912,7654,
7654,,,1036001906,AE1912,7655,
7655,V1V2_dada2_read_info_03052026.xlsx,V4_dada2_read_info_03052026.xlsx,1036001907,AE1912,7656,
7656,,,1036001908,AE1912,7657,
7657,V1V2_dada2_read_info_03052026.xlsx,V4_dada2_read_info_03052026.xlsx,1036001909,AE1912,7658,
7658,,,1036001910,AE1912,7659,
7659,V1V2_dada2_read_info_03052026.xlsx,V4_dada2_read_info_03052026.xlsx,1036001911,AE1912,7660,
7660,,,1036001912,AE1912,7661,
7661,V1V2_dada2_read_info_03052026.xlsx,V4_dada2_read_info_03052026.xlsx,1036001913,AE1912,7662,
7662,,,1036001914,AE1912,7663,
7663,V1V2_dada2_read_info_03052026.xlsx,V4_dada2_read_info_03052026.xlsx,1036001915,AE1912,7664,
7664,,,1036001916,AE1912,7665,
7665,V1V2_dada2_read_info_03052026.xlsx,V4_dada2_read_info_03052026.xlsx,1036001917,AE1912,7666,
7666,,,1036001918,AE1912,7667,
7667,V1V2_dada2_read_info_03052026.xlsx,V4_dada2_read_info_03052026.xlsx,1036001919,AE1912,7668,
7668,,,1036001920,AE1912,7669,
7669,V1V2_dada2_read_info_03052026.xlsx,V4_dada2_read_info_03052026.xlsx,1036001921,AE1912,7670,
7670,,,1036001922,AE1912,7671,
7671,V1V2_dada2_read_info_03052026.xlsx,V4_dada2_read_info_03052026.xlsx,1036001923,AE1912,7672,
7672,,,1036001924,AE1912,7673,
7673,,,1036100901,AE1917,7674,
7674,,,1036100902,AE1917,7675,
7675,,,1036100903,AE1917,7676,
7676,,,1036100904,AE1917,7677,
7677,,,1036100905,AE1917,7678,
7678,,,1036100906,AE1917,7679,
7679,,,1036100907,AE1917,7680,
7680,,,1036100908,AE1917,7681,
7681,,,1036100909,AE1917,7682,
7682,,,1036100910,AE1917,7683,
7683,,,1036100911,AE1917,7684,
7684,,,1036100912,AE1917,7685,
7685,,,1036100913,AE1917,7686,
7686,,,1036100914,AE1917,7687,
7687,,,1036100915,AE1917,7688,
7688,,,1036100916,AE1917,7689,
7689,,,1036100917,AE1917,7690,
7690,,,1036100918,AE1917,7691,
7691,,,1036100919,AE1917,7692,
7692,,,1036100920,AE1917,7693,
7693,,,1036100921,AE1917,7694,
7694,,,1036100922,AE1917,7695,
7695,,,1036100923,AE1917,7696,
7696,,,1036100924,AE1917,7697,
7697,,,1036101501,AE1917,7698,
7698,,,1036101502,AE1917,7699,
7699,,,1036101503,AE1917,7700,
7700,,,1036101504,AE1917,7701,
7701,,,1036101505,AE1917,7702,
7702,,,1036101506,AE1917,7703,
7703,,,1036101507,AE1917,7704,
7704,,,1036101508,AE1917,7705,
7705,,,1036101509,AE1917,7706,
7706,,,1036101510,AE1917,7707,
7707,,,1036101511,AE1917,7708,
7708,,,1036101512,AE1917,7709,
7709,,,1036101513,AE1917,7710,
7710,,,1036101514,AE1917,7711,
7711,,,1036101515,AE1917,7712,
7712,,,1036101516,AE1917,7713,
7713,,,1036101701,AE1917,7714,
7714,,,1036101702,AE1917,7715,
7715,,,1036101703,AE1917,7716,
7716,,,1036101704,AE1917,7717,
7717,,,1036101705,AE1917,7718,
7718,,,1036101706,AE1917,7719,
7719,,,1036101707,AE1917,7720,
7720,,,1036101708,AE1917,7721,
7721,,,1036101709,AE1917,7722,
7722,,,1036101710,AE1917,7723,
7723,,,1036101711,AE1917,7724,
7724,,,1036101712,AE1917,7725,
7725,,,1036101713,AE1917,7726,
7726,,,1036101714,AE1917,7727,
7727,,,1036101715,AE1917,7728,
7728,,,1036101716,AE1917,7729,
7729,,,1036101717,AE1917,7730,
7730,,,1036101718,AE1917,7731,
7731,,,1036101719,AE1917,7732,
7732,,,1036101720,AE1917,7733,
7733,,,1036101721,AE1917,7734,
7734,,,1036101722,AE1917,7735,
7735,,,1036101723,AE1917,7736,
7736,,,1036101724,AE1917,7737,
7737,,,1036101801,AE1917,7738,
7738,,,1036101802,AE1917,7739,
7739,,,1036101803,AE1917,7740,
7740,,,1036101804,AE1917,7741,
7741,,,1036101805,AE1917,7742,
7742,,,1036101806,AE1917,7743,
7743,,,1036101807,AE1917,7744,
7744,,,1036101808,AE1917,7745,
7745,,,1036101809,AE1917,7746,
7746,,,1036101810,AE1917,7747,
7747,,,1036101811,AE1917,7748,
7748,,,1036101812,AE1917,7749,
7749,,,1036101813,AE1917,7750,
7750,,,1036101814,AE1917,7751,
7751,,,1036101815,AE1917,7752,
7752,,,1036101816,AE1917,7753,
7753,,,1036101817,AE1917,7754,
7754,,,1036101818,AE1917,7755,
7755,,,1036101819,AE1917,7756,
7756,,,1036101820,AE1917,7757,
7757,,,1036101821,AE1917,7758,
7758,,,1036101822,AE1917,7759,
7759,,,1036101823,AE1917,7760,
7760,,,1036101824,AE1917,7761,
7761,V1V2_dada2_read_info_03052026.xlsx,V4_dada2_read_info_03052026.xlsx,1036101901,AE1917,7762,
7762,,,1036101902,AE1917,7763,
7763,,,1036101903,AE1917,7764,
7764,V1V2_dada2_read_info_03052026.xlsx,V4_dada2_read_info_03052026.xlsx,1036101904,AE1917,7765,
7765,,,1036101905,AE1917,7766,
7766,V1V2_dada2_read_info_03052026.xlsx,V4_dada2_read_info_03052026.xlsx,1036101906,AE1917,7767,
7767,,,1036101907,AE1917,7768,
7768,V1V2_dada2_read_info_03052026.xlsx,V4_dada2_read_info_03052026.xlsx,1036101908,AE1917,7769,
7769,,,1036101909,AE1917,7770,
7770,V1V2_dada2_read_info_03052026.xlsx,V4_dada2_read_info_03052026.xlsx,1036101910,AE1917,7771,
7771,V1V2_dada2_read_info_03052026.xlsx,V4_dada2_read_info_03052026.xlsx,1036101911,AE1917,7772,
7772,,,1036101912,AE1917,7773,
7773,,V4_dada2_read_info_03052026.xlsx,1036101913,AE1917,7774,
7774,,,1036101914,AE1917,7775,
7775,V1V2_dada2_read_info_03052026.xlsx,V4_dada2_read_info_03052026.xlsx,1036101915,AE1917,7776,
7776,,,1036101916,AE1917,7777,
7777,,,1036101917,AE1917,7778,
7778,V1V2_dada2_read_info_03052026.xlsx,V4_dada2_read_info_03052026.xlsx,1036101918,AE1917,7779,
7779,V1V2_dada2_read_info_03052026.xlsx,V4_dada2_read_info_03052026.xlsx,1036101919,AE1917,7780,
7780,,,1036101920,AE1917,7781,
7781,V1V2_dada2_read_info_03052026.xlsx,V4_dada2_read_info_03052026.xlsx,1036101921,AE1917,7782,
7782,,,1036101922,AE1917,7783,
7783,V1V2_dada2_read_info_03052026.xlsx,V4_dada2_read_info_03052026.xlsx,1036101923,AE1917,7784,
7784,,,1036101924,AE1917,7785,
7785,,,1036200901,AE1921,7786,
7786,,,1036200902,AE1921,7787,
7787,,,1036200903,AE1921,7788,
7788,,,1036200904,AE1921,7789,
7789,,,1036200905,AE1921,7790,
7790,,,1036200906,AE1921,7791,
7791,,,1036200907,AE1921,7792,
7792,,,1036200908,AE1921,7793,
7793,,,1036200909,AE1921,7794,
7794,,,1036200910,AE1921,7795,
7795,,,1036200911,AE1921,7796,
7796,,,1036200912,AE1921,7797,
7797,,,1036200913,AE1921,7798,
7798,,,1036200914,AE1921,7799,
7799,,,1036201001,AE1921,7800,
7800,,,1036201002,AE1921,7801,
7801,,,1036201003,AE1921,7802,
7802,,,1036201004,AE1921,7803,
7803,,,1036201005,AE1921,7804,
7804,,,1036201006,AE1921,7805,
7805,,,1036201007,AE1921,7806,
7806,,,1036201008,AE1921,7807,
7807,,,1036201009,AE1921,7808,
7808,,,1036201010,AE1921,7809,
7809,,,1036201011,AE1921,7810,
7810,,,1036201012,AE1921,7811,
7811,,,1036201013,AE1921,7812,
7812,,,1036201014,AE1921,7813,
7813,,,1036201015,AE1921,7814,
7814,,,1036201016,AE1921,7815,
7815,,,1036201017,AE1921,7816,
7816,,,1036201018,AE1921,7817,
7817,,,1036201019,AE1921,7818,
7818,,,1036201020,AE1921,7819,
7819,,,1036201021,AE1921,7820,
7820,,,1036201022,AE1921,7821,
7821,,,1036201023,AE1921,7822,
7822,,,1036201024,AE1921,7823,
7823,,,1036201201,AE1921,7824,
7824,,,1036201202,AE1921,7825,
7825,,,1036201203,AE1921,7826,
7826,,,1036201204,AE1921,7827,
7827,,,1036201205,AE1921,7828,
7828,,,1036201206,AE1921,7829,
7829,,,1036201207,AE1921,7830,
7830,,,1036201208,AE1921,7831,
7831,,,1036201209,AE1921,7832,
7832,,,1036201210,AE1921,7833,
7833,,,1036201211,AE1921,7834,
7834,,,1036201212,AE1921,7835,
7835,,,1036201213,AE1921,7836,
7836,,,1036201214,AE1921,7837,
7837,,,1036201215,AE1921,7838,
7838,,,1036201216,AE1921,7839,
7839,,,1036201501,AE1921,7840,
7840,,,1036201502,AE1921,7841,
7841,,,1036201503,AE1921,7842,
7842,,,1036201504,AE1921,7843,
7843,,,1036201505,AE1921,7844,
7844,,,1036201506,AE1921,7845,
7845,,,1036201507,AE1921,7846,
7846,,,1036201508,AE1921,7847,
7847,,,1036201509,AE1921,7848,
7848,,,1036201510,AE1921,7849,
7849,,,1036201511,AE1921,7850,
7850,,,1036201512,AE1921,7851,
7851,,,1036201513,AE1921,7852,
7852,,,1036201514,AE1921,7853,
7853,,,1036201515,AE1921,7854,
7854,,,1036201516,AE1921,7855,
7855,,,1036201517,AE1921,7856,
7856,,,1036201518,AE1921,7857,
7857,,,1036201519,AE1921,7858,
7858,,,1036201520,AE1921,7859,
7859,,,1036201521,AE1921,7860,
7860,,,1036201522,AE1921,7861,
7861,,,1036201523,AE1921,7862,
7862,,,1036201524,AE1921,7863,
7863,,,1036201701,AE1921,7864,
7864,,,1036201702,AE1921,7865,
7865,,,1036201703,AE1921,7866,
7866,,,1036201704,AE1921,7867,
7867,,,1036201705,AE1921,7868,
7868,,,1036201706,AE1921,7869,
7869,,,1036201707,AE1921,7870,
7870,,,1036201708,AE1921,7871,
7871,,,1036201709,AE1921,7872,
7872,,,1036201710,AE1921,7873,
7873,,,1036201711,AE1921,7874,
7874,,,1036201712,AE1921,7875,
7875,,,1036201713,AE1921,7876,
7876,,,1036201714,AE1921,7877,
7877,,,1036201715,AE1921,7878,
7878,,,1036201716,AE1921,7879,
7879,,,1036201717,AE1921,7880,
7880,,,1036201718,AE1921,7881,
7881,,,1036201719,AE1921,7882,
7882,,,1036201720,AE1921,7883,
7883,,,1036201721,AE1921,7884,
7884,,,1036201722,AE1921,7885,
7885,,,1036201723,AE1921,7886,
7886,,,1036201724,AE1921,7887,
7887,V1V2_dada2_read_info_03052026.xlsx,V4_dada2_read_info_03052026.xlsx,1036202201,AE1921,7888,
7888,,,1036202202,AE1921,7889,
7889,V1V2_dada2_read_info_03052026.xlsx,V4_dada2_read_info_03052026.xlsx,1036202203,AE1921,7890,
7890,,,1036202204,AE1921,7891,
7891,V1V2_dada2_read_info_03052026.xlsx,V4_dada2_read_info_03052026.xlsx,1036202205,AE1921,7892,
7892,,,1036202206,AE1921,7893,
7893,V1V2_dada2_read_info_03052026.xlsx,V4_dada2_read_info_03052026.xlsx,1036202207,AE1921,7894,
7894,,,1036202208,AE1921,7895,
7895,V1V2_dada2_read_info_03052026.xlsx,V4_dada2_read_info_03052026.xlsx,1036202209,AE1921,7896,
7896,,,1036202210,AE1921,7897,
7897,V1V2_dada2_read_info_03052026.xlsx,V4_dada2_read_info_03052026.xlsx,1036202211,AE1921,7898,
7898,,,1036202212,AE1921,7899,
7899,V1V2_dada2_read_info_03052026.xlsx,V4_dada2_read_info_03052026.xlsx,1036202213,AE1921,7900,
7900,,,1036202214,AE1921,7901,
7901,V1V2_dada2_read_info_03052026.xlsx,V4_dada2_read_info_03052026.xlsx,1036202215,AE1921,7902,
7902,,,1036202216,AE1921,7903,
7903,V1V2_dada2_read_info_03052026.xlsx,V4_dada2_read_info_03052026.xlsx,1036202217,AE1921,7904,
7904,,,1036202218,AE1921,7905,
7905,V1V2_dada2_read_info_03052026.xlsx,V4_dada2_read_info_03052026.xlsx,1036202219,AE1921,7906,
7906,,,1036202220,AE1921,7907,
7907,V1V2_dada2_read_info_03052026.xlsx,V4_dada2_read_info_03052026.xlsx,1036202221,AE1921,7908,
7908,,,1036202222,AE1921,7909,
7909,V1V2_dada2_read_info_03052026.xlsx,V4_dada2_read_info_03052026.xlsx,1036202223,AE1921,7910,
7910,,,1036202224,AE1921,7911,
7911,,,1036301001,AE1923,7912,
7912,,,1036301002,AE1923,7913,
7913,,,1036301003,AE1923,7914,
7914,,,1036301004,AE1923,7915,
7915,,,1036301005,AE1923,7916,
7916,,,1036301006,AE1923,7917,
7917,,,1036301007,AE1923,7918,
7918,,,1036301008,AE1923,7919,
7919,,,1036301009,AE1923,7920,
7920,,,1036301010,AE1923,7921,
7921,,,1036301011,AE1923,7922,
7922,,,1036301012,AE1923,7923,
7923,,,1036301013,AE1923,7924,
7924,,,1036301014,AE1923,7925,
7925,,,1036301301,AE1923,7926,
7926,,,1036301302,AE1923,7927,
7927,,,1036301303,AE1923,7928,
7928,,,1036301304,AE1923,7929,
7929,,,1036301305,AE1923,7930,
7930,,,1036301306,AE1923,7931,
7931,,,1036301307,AE1923,7932,
7932,,,1036301308,AE1923,7933,
7933,,,1036301309,AE1923,7934,
7934,,,1036301310,AE1923,7935,
7935,,,1036301311,AE1923,7936,
7936,,,1036301312,AE1923,7937,
7937,,,1036301313,AE1923,7938,
7938,,,1036301314,AE1923,7939,
7939,,,1036301315,AE1923,7940,
7940,,,1036301316,AE1923,7941,
7941,,,1036301317,AE1923,7942,
7942,,,1036301318,AE1923,7943,
7943,,,1036301319,AE1923,7944,
7944,,,1036301320,AE1923,7945,
7945,,,1036301321,AE1923,7946,
7946,,,1036301322,AE1923,7947,
7947,,,1036301323,AE1923,7948,
7948,,,1036301324,AE1923,7949,
7949,,,1036301501,AE1923,7950,
7950,,,1036301502,AE1923,7951,
7951,,,1036301503,AE1923,7952,
7952,,,1036301504,AE1923,7953,
7953,,,1036301505,AE1923,7954,
7954,,,1036301506,AE1923,7955,
7955,,,1036301507,AE1923,7956,
7956,,,1036301508,AE1923,7957,
7957,,,1036301509,AE1923,7958,
7958,,,1036301510,AE1923,7959,
7959,,,1036301511,AE1923,7960,
7960,,,1036301512,AE1923,7961,
7961,,,1036301513,AE1923,7962,
7962,,,1036301514,AE1923,7963,
7963,,,1036301515,AE1923,7964,
7964,,,1036301516,AE1923,7965,
7965,,,1036301801,AE1923,7966,
7966,,,1036301802,AE1923,7967,
7967,,,1036301803,AE1923,7968,
7968,,,1036301804,AE1923,7969,
7969,,,1036301805,AE1923,7970,
7970,,,1036301806,AE1923,7971,
7971,,,1036301807,AE1923,7972,
7972,,,1036301808,AE1923,7973,
7973,,,1036301809,AE1923,7974,
7974,,,1036301810,AE1923,7975,
7975,,,1036301811,AE1923,7976,
7976,,,1036301812,AE1923,7977,
7977,,,1036301813,AE1923,7978,
7978,,,1036301814,AE1923,7979,
7979,,,1036301815,AE1923,7980,
7980,,,1036301816,AE1923,7981,
7981,,,1036301817,AE1923,7982,
7982,,,1036301818,AE1923,7983,
7983,,,1036301819,AE1923,7984,
7984,,,1036301820,AE1923,7985,
7985,,,1036301821,AE1923,7986,
7986,,,1036301822,AE1923,7987,
7987,,,1036301823,AE1923,7988,
7988,,,1036301824,AE1923,7989,
7989,,,1036301901,AE1923,7990,
7990,,,1036301902,AE1923,7991,
7991,,,1036301903,AE1923,7992,
7992,,,1036301904,AE1923,7993,
7993,,,1036301905,AE1923,7994,
7994,,,1036301906,AE1923,7995,
7995,,,1036301907,AE1923,7996,
7996,,,1036301908,AE1923,7997,
7997,,,1036301909,AE1923,7998,
7998,,,1036301910,AE1923,7999,
7999,,,1036301911,AE1923,8000,
8000,,,1036301912,AE1923,8001,
8001,,,1036301913,AE1923,8002,
8002,,,1036301914,AE1923,8003,
8003,,,1036301915,AE1923,8004,
8004,,,1036301916,AE1923,8005,
8005,,,1036301917,AE1923,8006,
8006,,,1036301918,AE1923,8007,
8007,,,1036301919,AE1923,8008,
8008,,,1036301920,AE1923,8009,
8009,,,1036301921,AE1923,8010,
8010,,,1036301922,AE1923,8011,
8011,,,1036301923,AE1923,8012,
8012,,,1036301924,AE1923,8013,
8013,V1V2_dada2_read_info_03052026.xlsx,V4_dada2_read_info_03052026.xlsx,1036302301,AE1923,8014,
8014,,,1036302302,AE1923,8015,
8015,V1V2_dada2_read_info_03052026.xlsx,V4_dada2_read_info_03052026.xlsx,1036302303,AE1923,8016,
8016,,,1036302304,AE1923,8017,
8017,V1V2_dada2_read_info_03052026.xlsx,V4_dada2_read_info_03052026.xlsx,1036302305,AE1923,8018,
8018,,,1036302306,AE1923,8019,
8019,V1V2_dada2_read_info_03052026.xlsx,V4_dada2_read_info_03052026.xlsx,1036302307,AE1923,8020,
8020,,,1036302308,AE1923,8021,
8021,V1V2_dada2_read_info_03052026.xlsx,V4_dada2_read_info_03052026.xlsx,1036302309,AE1923,8022,
8022,,,1036302310,AE1923,8023,
8023,V1V2_dada2_read_info_03052026.xlsx,V4_dada2_read_info_03052026.xlsx,1036302311,AE1923,8024,
8024,,,1036302312,AE1923,8025,
8025,V1V2_dada2_read_info_03052026.xlsx,V4_dada2_read_info_03052026.xlsx,1036302313,AE1923,8026,
8026,,,1036302314,AE1923,8027,
8027,V1V2_dada2_read_info_03052026.xlsx,V4_dada2_read_info_03052026.xlsx,1036302315,AE1923,8028,
8028,,,1036302316,AE1923,8029,
8029,V1V2_dada2_read_info_03052026.xlsx,V4_dada2_read_info_03052026.xlsx,1036302317,AE1923,8030,
8030,,,1036302318,AE1923,8031,
8031,V1V2_dada2_read_info_03052026.xlsx,V4_dada2_read_info_03052026.xlsx,1036302319,AE1923,8032,
8032,,,1036302320,AE1923,8033,
8033,V1V2_dada2_read_info_03052026.xlsx,V4_dada2_read_info_03052026.xlsx,1036302321,AE1923,8034,
8034,,,1036302322,AE1923,8035,
8035,V1V2_dada2_read_info_03052026.xlsx,V4_dada2_read_info_03052026.xlsx,1036302323,AE1923,8036,
8036,,,1036302324,AE1923,8037,
8037,,,1036401301,AE1927,8038,
8038,,,1036401302,AE1927,8039,
8039,,,1036401303,AE1927,8040,
8040,,,1036401304,AE1927,8041,
8041,,,1036401305,AE1927,8042,
8042,,,1036401306,AE1927,8043,
8043,,,1036401307,AE1927,8044,
8044,,,1036401308,AE1927,8045,
8045,,,1036401309,AE1927,8046,
8046,,,1036401310,AE1927,8047,
8047,,,1036401311,AE1927,8048,
8048,,,1036401312,AE1927,8049,
8049,,,1036401313,AE1927,8050,
8050,,,1036401314,AE1927,8051,
8051,,,1036401315,AE1927,8052,
8052,,,1036401316,AE1927,8053,
8053,,,1036401317,AE1927,8054,
8054,,,1036401318,AE1927,8055,
8055,,,1036401319,AE1927,8056,
8056,,,1036401320,AE1927,8057,
8057,,,1036401321,AE1927,8058,
8058,,,1036401322,AE1927,8059,
8059,,,1036401323,AE1927,8060,
8060,,,1036401324,AE1927,8061,
8061,,,1036401401,AE1927,8062,
8062,,,1036401402,AE1927,8063,
8063,,,1036401403,AE1927,8064,
8064,,,1036401404,AE1927,8065,
8065,,,1036401405,AE1927,8066,
8066,,,1036401406,AE1927,8067,
8067,,,1036401407,AE1927,8068,
8068,,,1036401408,AE1927,8069,
8069,,,1036401409,AE1927,8070,
8070,,,1036401410,AE1927,8071,
8071,,,1036401411,AE1927,8072,
8072,,,1036401412,AE1927,8073,
8073,,,1036401413,AE1927,8074,
8074,,,1036401414,AE1927,8075,
8075,,,1036401415,AE1927,8076,
8076,,,1036401416,AE1927,8077,
8077,,,1036401417,AE1927,8078,
8078,,,1036401418,AE1927,8079,
8079,,,1036401419,AE1927,8080,
8080,,,1036401701,AE1927,8081,
8081,,,1036401702,AE1927,8082,
8082,,,1036401703,AE1927,8083,
8083,,,1036401704,AE1927,8084,
8084,,,1036401705,AE1927,8085,
8085,,,1036401706,AE1927,8086,
8086,,,1036401707,AE1927,8087,
8087,,,1036401708,AE1927,8088,
8088,,,1036401709,AE1927,8089,
8089,,,1036401710,AE1927,8090,
8090,,,1036401711,AE1927,8091,
8091,,,1036401712,AE1927,8092,
8092,,,1036401713,AE1927,8093,
8093,,,1036401714,AE1927,8094,
8094,,,1036401715,AE1927,8095,
8095,,,1036401716,AE1927,8096,
8096,,,1036401717,AE1927,8097,
8097,,,1036401718,AE1927,8098,
8098,,,1036401719,AE1927,8099,
8099,,,1036401720,AE1927,8100,
8100,,,1036401721,AE1927,8101,
8101,,,1036401722,AE1927,8102,
8102,,,1036401723,AE1927,8103,
8103,,,1036401724,AE1927,8104,
8104,,,1036401801,AE1927,8105,
8105,,,1036401802,AE1927,8106,
8106,,,1036401803,AE1927,8107,
8107,,,1036401804,AE1927,8108,
8108,,,1036401805,AE1927,8109,
8109,,,1036401806,AE1927,8110,
8110,,,1036401807,AE1927,8111,
8111,,,1036401808,AE1927,8112,
8112,,,1036401809,AE1927,8113,
8113,,,1036401810,AE1927,8114,
8114,,,1036401811,AE1927,8115,
8115,,,1036401812,AE1927,8116,
8116,,,1036401813,AE1927,8117,
8117,,,1036401814,AE1927,8118,
8118,,,1036401815,AE1927,8119,
8119,,,1036401816,AE1927,8120,
8120,,,1036401817,AE1927,8121,
8121,,,1036401818,AE1927,8122,
8122,,,1036401819,AE1927,8123,
8123,,,1036401820,AE1927,8124,
8124,,,1036401821,AE1927,8125,
8125,,,1036401822,AE1927,8126,
8126,,,1036401823,AE1927,8127,
8127,,,1036401824,AE1927,8128,
8128,V1V2_dada2_read_info_03052026.xlsx,V4_dada2_read_info_03052026.xlsx,1036402101,AE1927,8129,
8129,,,1036402102,AE1927,8130,
8130,V1V2_dada2_read_info_03052026.xlsx,V4_dada2_read_info_03052026.xlsx,1036402103,AE1927,8131,
8131,,,1036402104,AE1927,8132,
8132,V1V2_dada2_read_info_03052026.xlsx,V4_dada2_read_info_03052026.xlsx,1036402105,AE1927,8133,
8133,,,1036402106,AE1927,8134,
8134,V1V2_dada2_read_info_03052026.xlsx,V4_dada2_read_info_03052026.xlsx,1036402107,AE1927,8135,
8135,,,1036402108,AE1927,8136,
8136,V1V2_dada2_read_info_03052026.xlsx,V4_dada2_read_info_03052026.xlsx,1036402109,AE1927,8137,
8137,,,1036402110,AE1927,8138,
8138,,,1036402111,AE1927,8139,
8139,V1V2_dada2_read_info_03052026.xlsx,V4_dada2_read_info_03052026.xlsx,1036402112,AE1927,8140,
8140,V1V2_dada2_read_info_03052026.xlsx,V4_dada2_read_info_03052026.xlsx,1036402113,AE1927,8141,
8141,,,1036402114,AE1927,8142,
8142,V1V2_dada2_read_info_03052026.xlsx,V4_dada2_read_info_03052026.xlsx,1036402115,AE1927,8143,
8143,,,1036402116,AE1927,8144,
8144,V1V2_dada2_read_info_03052026.xlsx,V4_dada2_read_info_03052026.xlsx,1036402117,AE1927,8145,
8145,,,1036402118,AE1927,8146,
8146,V1V2_dada2_read_info_03052026.xlsx,V4_dada2_read_info_03052026.xlsx,1036402119,AE1927,8147,
8147,,,1036402120,AE1927,8148,
8148,V1V2_dada2_read_info_03052026.xlsx,V4_dada2_read_info_03052026.xlsx,1036402121,AE1927,8149,
8149,,,1036402122,AE1927,8150,
8150,V1V2_dada2_read_info_03052026.xlsx,V4_dada2_read_info_03052026.xlsx,1036402123,AE1927,8151,
8151,,,1036402124,AE1927,8152,
8152,,,1036500801,AE1930,8153,
8153,,,1036500802,AE1930,8154,
8154,,,1036500803,AE1930,8155,
8155,,,1036500804,AE1930,8156,
8156,,,1036500805,AE1930,8157,
8157,,,1036500806,AE1930,8158,
8158,,,1036500807,AE1930,8159,
8159,,,1036500808,AE1930,8160,
8160,,,1036500809,AE1930,8161,
8161,,,1036500810,AE1930,8162,
8162,,,1036500811,AE1930,8163,
8163,,,1036500812,AE1930,8164,
8164,,,1036500813,AE1930,8165,
8165,,,1036500814,AE1930,8166,
8166,,,1036500901,AE1930,8167,
8167,,,1036500902,AE1930,8168,
8168,,,1036500903,AE1930,8169,
8169,,,1036500904,AE1930,8170,
8170,,,1036500905,AE1930,8171,
8171,,,1036500906,AE1930,8172,
8172,,,1036500907,AE1930,8173,
8173,,,1036500908,AE1930,8174,
8174,,,1036500909,AE1930,8175,
8175,,,1036500910,AE1930,8176,
8176,,,1036500911,AE1930,8177,
8177,,,1036500912,AE1930,8178,
8178,,,1036500913,AE1930,8179,
8179,,,1036500914,AE1930,8180,
8180,,,1036500915,AE1930,8181,
8181,,,1036500916,AE1930,8182,
8182,,,1036500917,AE1930,8183,
8183,,,1036500918,AE1930,8184,
8184,,,1036500919,AE1930,8185,
8185,,,1036500920,AE1930,8186,
8186,,,1036500921,AE1930,8187,
8187,,,1036500922,AE1930,8188,
8188,,,1036500923,AE1930,8189,
8189,,,1036500924,AE1930,8190,
8190,,,1036501201,AE1930,8191,
8191,,,1036501202,AE1930,8192,
8192,,,1036501203,AE1930,8193,
8193,,,1036501204,AE1930,8194,
8194,,,1036501205,AE1930,8195,
8195,,,1036501206,AE1930,8196,
8196,,,1036501207,AE1930,8197,
8197,,,1036501208,AE1930,8198,
8198,,,1036501209,AE1930,8199,
8199,,,1036501210,AE1930,8200,
8200,,,1036501211,AE1930,8201,
8201,,,1036501212,AE1930,8202,
8202,,,1036501213,AE1930,8203,
8203,,,1036501214,AE1930,8204,
8204,,,1036501215,AE1930,8205,
8205,,,1036501216,AE1930,8206,
8206,,,1036501401,AE1930,8207,
8207,,,1036501402,AE1930,8208,
8208,,,1036501403,AE1930,8209,
8209,,,1036501404,AE1930,8210,
8210,,,1036501405,AE1930,8211,
8211,,,1036501406,AE1930,8212,
8212,,,1036501407,AE1930,8213,
8213,,,1036501408,AE1930,8214,
8214,,,1036501409,AE1930,8215,
8215,,,1036501410,AE1930,8216,
8216,,,1036501411,AE1930,8217,
8217,,,1036501412,AE1930,8218,
8218,,,1036501413,AE1930,8219,
8219,,,1036501414,AE1930,8220,
8220,,,1036501415,AE1930,8221,
8221,,,1036501416,AE1930,8222,
8222,,,1036501417,AE1930,8223,
8223,,,1036501418,AE1930,8224,
8224,,,1036501419,AE1930,8225,
8225,,,1036501420,AE1930,8226,
8226,,,1036501421,AE1930,8227,
8227,,,1036501422,AE1930,8228,
8228,,,1036501423,AE1930,8229,
8229,,,1036501424,AE1930,8230,
8230,,,1036501501,AE1930,8231,
8231,,,1036501502,AE1930,8232,
8232,,,1036501503,AE1930,8233,
8233,,,1036501504,AE1930,8234,
8234,,,1036501505,AE1930,8235,
8235,,,1036501506,AE1930,8236,
8236,,,1036501507,AE1930,8237,
8237,,,1036501508,AE1930,8238,
8238,,,1036501509,AE1930,8239,
8239,,,1036501510,AE1930,8240,
8240,,,1036501511,AE1930,8241,
8241,,,1036501512,AE1930,8242,
8242,,,1036501513,AE1930,8243,
8243,,,1036501514,AE1930,8244,
8244,,,1036501515,AE1930,8245,
8245,,,1036501516,AE1930,8246,
8246,,,1036501517,AE1930,8247,
8247,,,1036501518,AE1930,8248,
8248,,,1036501519,AE1930,8249,
8249,,,1036501520,AE1930,8250,
8250,,,1036501521,AE1930,8251,
8251,,,1036501522,AE1930,8252,
8252,,,1036501523,AE1930,8253,
8253,,,1036501524,AE1930,8254,
8254,V1V2_dada2_read_info_03052026.xlsx,V4_dada2_read_info_03052026.xlsx,1036501701,AE1930,8255,
8255,,,1036501702,AE1930,8256,
8256,V1V2_dada2_read_info_03052026.xlsx,V4_dada2_read_info_03052026.xlsx,1036501703,AE1930,8257,
8257,,,1036501704,AE1930,8258,
8258,V1V2_dada2_read_info_03052026.xlsx,V4_dada2_read_info_03052026.xlsx,1036501705,AE1930,8259,
8259,,,1036501706,AE1930,8260,
8260,V1V2_dada2_read_info_03052026.xlsx,V4_dada2_read_info_03052026.xlsx,1036501707,AE1930,8261,
8261,,,1036501708,AE1930,8262,
8262,V1V2_dada2_read_info_03052026.xlsx,V4_dada2_read_info_03052026.xlsx,1036501709,AE1930,8263,
8263,,,1036501710,AE1930,8264,
8264,V1V2_dada2_read_info_03052026.xlsx,V4_dada2_read_info_03052026.xlsx,1036501711,AE1930,8265,
8265,,,1036501712,AE1930,8266,
8266,V1V2_dada2_read_info_03052026.xlsx,V4_dada2_read_info_03052026.xlsx,1036501713,AE1930,8267,
8267,,,1036501714,AE1930,8268,
8268,V1V2_dada2_read_info_03052026.xlsx,V4_dada2_read_info_03052026.xlsx,1036501715,AE1930,8269,
8269,,,1036501716,AE1930,8270,
8270,V1V2_dada2_read_info_03052026.xlsx,V4_dada2_read_info_03052026.xlsx,1036501717,AE1930,8271,
8271,,,1036501718,AE1930,8272,
8272,V1V2_dada2_read_info_03052026.xlsx,V4_dada2_read_info_03052026.xlsx,1036501719,AE1930,8273,
8273,,,1036501720,AE1930,8274,
8274,,,1036501721,AE1930,8275,
8275,,,1036501722,AE1930,8276,
8276,V1V2_dada2_read_info_03052026.xlsx,V4_dada2_read_info_03052026.xlsx,1036501723,AE1930,8277,
8277,,,1036501724,AE1930,8278,
8278,,,1036601301,AE1932,8279,
8279,,,1036601302,AE1932,8280,
8280,,,1036601303,AE1932,8281,
8281,,,1036601304,AE1932,8282,
8282,,,1036601305,AE1932,8283,
8283,,,1036601306,AE1932,8284,
8284,,,1036601307,AE1932,8285,
8285,,,1036601308,AE1932,8286,
8286,,,1036601309,AE1932,8287,
8287,,,1036601310,AE1932,8288,
8288,,,1036601311,AE1932,8289,
8289,,,1036601312,AE1932,8290,
8290,,,1036601313,AE1932,8291,
8291,,,1036601314,AE1932,8292,
8292,,,1036601315,AE1932,8293,
8293,,,1036601316,AE1932,8294,
8294,,,1036601317,AE1932,8295,
8295,,,1036601318,AE1932,8296,
8296,,,1036601319,AE1932,8297,
8297,,,1036601320,AE1932,8298,
8298,,,1036601321,AE1932,8299,
8299,,,1036601322,AE1932,8300,
8300,,,1036601323,AE1932,8301,
8301,,,1036601324,AE1932,8302,
8302,,,1036601401,AE1932,8303,
8303,,,1036601402,AE1932,8304,
8304,,,1036601403,AE1932,8305,
8305,,,1036601404,AE1932,8306,
8306,,,1036601405,AE1932,8307,
8307,,,1036601406,AE1932,8308,
8308,,,1036601407,AE1932,8309,
8309,,,1036601408,AE1932,8310,
8310,,,1036601409,AE1932,8311,
8311,,,1036601410,AE1932,8312,
8312,,,1036601411,AE1932,8313,
8313,,,1036601412,AE1932,8314,
8314,,,1036601413,AE1932,8315,
8315,,,1036601414,AE1932,8316,
8316,,,1036601415,AE1932,8317,
8317,,,1036601416,AE1932,8318,
8318,,,1036601701,AE1932,8319,
8319,,,1036601702,AE1932,8320,
8320,,,1036601703,AE1932,8321,
8321,,,1036601704,AE1932,8322,
8322,,,1036601705,AE1932,8323,
8323,,,1036601706,AE1932,8324,
8324,,,1036601707,AE1932,8325,
8325,,,1036601708,AE1932,8326,
8326,,,1036601709,AE1932,8327,
8327,,,1036601710,AE1932,8328,
8328,,,1036601711,AE1932,8329,
8329,,,1036601712,AE1932,8330,
8330,,,1036601713,AE1932,8331,
8331,,,1036601714,AE1932,8332,
8332,,,1036601715,AE1932,8333,
8333,,,1036601716,AE1932,8334,
8334,,,1036601717,AE1932,8335,
8335,,,1036601718,AE1932,8336,
8336,,,1036601719,AE1932,8337,
8337,,,1036601720,AE1932,8338,
8338,,,1036601721,AE1932,8339,
8339,,,1036601722,AE1932,8340,
8340,,,1036601723,AE1932,8341,
8341,,,1036601724,AE1932,8342,
8342,,,1036601801,AE1932,8343,
8343,,,1036601802,AE1932,8344,
8344,,,1036601803,AE1932,8345,
8345,,,1036601804,AE1932,8346,
8346,,,1036601805,AE1932,8347,
8347,,,1036601806,AE1932,8348,
8348,,,1036601807,AE1932,8349,
8349,,,1036601808,AE1932,8350,
8350,,,1036601809,AE1932,8351,
8351,,,1036601810,AE1932,8352,
8352,,,1036601811,AE1932,8353,
8353,,,1036601812,AE1932,8354,
8354,,,1036601813,AE1932,8355,
8355,,,1036601814,AE1932,8356,
8356,,,1036601815,AE1932,8357,
8357,,,1036601816,AE1932,8358,
8358,,,1036601817,AE1932,8359,
8359,,,1036601818,AE1932,8360,
8360,,,1036601819,AE1932,8361,
8361,,,1036601820,AE1932,8362,
8362,,,1036601821,AE1932,8363,
8363,,,1036601822,AE1932,8364,
8364,,,1036601823,AE1932,8365,
8365,,,1036601824,AE1932,8366,
8366,V1V2_dada2_read_info_03052026.xlsx,V4_dada2_read_info_03052026.xlsx,1036602401,AE1932,8367,
8367,,,1036602402,AE1932,8368,
8368,V1V2_dada2_read_info_03052026.xlsx,V4_dada2_read_info_03052026.xlsx,1036602403,AE1932,8369,
8369,,,1036602404,AE1932,8370,
8370,V1V2_dada2_read_info_03052026.xlsx,V4_dada2_read_info_03052026.xlsx,1036602405,AE1932,8371,
8371,,,1036602406,AE1932,8372,
8372,V1V2_dada2_read_info_03052026.xlsx,V4_dada2_read_info_03052026.xlsx,1036602407,AE1932,8373,
8373,,,1036602408,AE1932,8374,
8374,V1V2_dada2_read_info_03052026.xlsx,V4_dada2_read_info_03052026.xlsx,1036602409,AE1932,8375,
8375,,,1036602410,AE1932,8376,
8376,,,1036602411,AE1932,8377,
8377,V1V2_dada2_read_info_03052026.xlsx,V4_dada2_read_info_03052026.xlsx,1036602412,AE1932,8378,
8378,V1V2_dada2_read_info_03052026.xlsx,V4_dada2_read_info_03052026.xlsx,1036602413,AE1932,8379,
8379,,,1036602414,AE1932,8380,
8380,V1V2_dada2_read_info_03052026.xlsx,V4_dada2_read_info_03052026.xlsx,1036602415,AE1932,8381,
8381,,,1036602416,AE1932,8382,
8382,V1V2_dada2_read_info_03052026.xlsx,V4_dada2_read_info_03052026.xlsx,1036602417,AE1932,8383,
8383,,,1036602418,AE1932,8384,
8384,V1V2_dada2_read_info_03052026.xlsx,V4_dada2_read_info_03052026.xlsx,1036602419,AE1932,8385,
8385,,,1036602420,AE1932,8386,
8386,V1V2_dada2_read_info_03052026.xlsx,V4_dada2_read_info_03052026.xlsx,1036602421,AE1932,8387,
8387,,,1036602422,AE1932,8388,
8388,V1V2_dada2_read_info_03052026.xlsx,V4_dada2_read_info_03052026.xlsx,1036602423,AE1932,8389,
8389,,,1036602424,AE1932,8390,
8390,,,1036700901,AE2002,8391,
8391,,,1036700902,AE2002,8392,
8392,,,1036700903,AE2002,8393,
8393,,,1036700904,AE2002,8394,
8394,,,1036700905,AE2002,8395,
8395,,,1036700906,AE2002,8396,
8396,,,1036700907,AE2002,8397,
8397,,,1036700908,AE2002,8398,
8398,,,1036700909,AE2002,8399,
8399,,,1036700910,AE2002,8400,
8400,,,1036700911,AE2002,8401,
8401,,,1036700912,AE2002,8402,
8402,,,1036700913,AE2002,8403,
8403,,,1036700914,AE2002,8404,
8404,,,1036700915,AE2002,8405,
8405,,,1036700916,AE2002,8406,
8406,,,1036700917,AE2002,8407,
8407,,,1036700918,AE2002,8408,
8408,,,1036700919,AE2002,8409,
8409,,,1036700920,AE2002,8410,
8410,,,1036700921,AE2002,8411,
8411,,,1036700922,AE2002,8412,
8412,,,1036700923,AE2002,8413,
8413,,,1036700924,AE2002,8414,
8414,,,1036701001,AE2002,8415,
8415,,,1036701002,AE2002,8416,
8416,,,1036701003,AE2002,8417,
8417,,,1036701004,AE2002,8418,
8418,,,1036701005,AE2002,8419,
8419,,,1036701006,AE2002,8420,
8420,,,1036701007,AE2002,8421,
8421,,,1036701008,AE2002,8422,
8422,,,1036701009,AE2002,8423,
8423,,,1036701010,AE2002,8424,
8424,,,1036701011,AE2002,8425,
8425,,,1036701012,AE2002,8426,
8426,,,1036701013,AE2002,8427,
8427,,,1036701014,AE2002,8428,
8428,,,1036701015,AE2002,8429,
8429,,,1036701016,AE2002,8430,
8430,,,1036701301,AE2002,8431,
8431,,,1036701302,AE2002,8432,
8432,,,1036701303,AE2002,8433,
8433,,,1036701304,AE2002,8434,
8434,,,1036701305,AE2002,8435,
8435,,,1036701306,AE2002,8436,
8436,,,1036701307,AE2002,8437,
8437,,,1036701308,AE2002,8438,
8438,,,1036701309,AE2002,8439,
8439,,,1036701310,AE2002,8440,
8440,,,1036701311,AE2002,8441,
8441,,,1036701312,AE2002,8442,
8442,,,1036701313,AE2002,8443,
8443,,,1036701314,AE2002,8444,
8444,,,1036701315,AE2002,8445,
8445,,,1036701316,AE2002,8446,
8446,,,1036701317,AE2002,8447,
8447,,,1036701318,AE2002,8448,
8448,,,1036701319,AE2002,8449,
8449,,,1036701320,AE2002,8450,
8450,,,1036701321,AE2002,8451,
8451,,,1036701322,AE2002,8452,
8452,,,1036701323,AE2002,8453,
8453,,,1036701324,AE2002,8454,
8454,V1V2_dada2_read_info_03052026.xlsx,V4_dada2_read_info_03052026.xlsx,1036701401,AE2002,8455,
8455,,,1036701402,AE2002,8456,
8456,V1V2_dada2_read_info_03052026.xlsx,V4_dada2_read_info_03052026.xlsx,1036701403,AE2002,8457,
8457,,,1036701404,AE2002,8458,
8458,,,1036701405,AE2002,8459,
8459,,,1036701406,AE2002,8460,
8460,V1V2_dada2_read_info_03052026.xlsx,V4_dada2_read_info_03052026.xlsx,1036701407,AE2002,8461,
8461,,,1036701408,AE2002,8462,
8462,V1V2_dada2_read_info_03052026.xlsx,V4_dada2_read_info_03052026.xlsx,1036701409,AE2002,8463,
8463,V1V2_dada2_read_info_03052026.xlsx,V4_dada2_read_info_03052026.xlsx,1036701410,AE2002,8464,
8464,V1V2_dada2_read_info_03052026.xlsx,V4_dada2_read_info_03052026.xlsx,1036701411,AE2002,8465,
8465,,,1036701412,AE2002,8466,
8466,,,1036701413,AE2002,8467,
8467,V1V2_dada2_read_info_03052026.xlsx,V4_dada2_read_info_03052026.xlsx,1036701414,AE2002,8468,
8468,,,1036701415,AE2002,8469,
8469,,,1036701416,AE2002,8470,
8470,,,1036701417,AE2002,8471,
8471,,,1036701418,AE2002,8472,
8472,,,1036701419,AE2002,8473,
8473,V1V2_dada2_read_info_03052026.xlsx,V4_dada2_read_info_03052026.xlsx,1036701420,AE2002,8474,
8474,V1V2_dada2_read_info_03052026.xlsx,V4_dada2_read_info_03052026.xlsx,1036701421,AE2002,8475,
8475,V1V2_dada2_read_info_03052026.xlsx,V4_dada2_read_info_03052026.xlsx,1036701422,AE2002,8476,
8476,V1V2_dada2_read_info_03052026.xlsx,V4_dada2_read_info_03052026.xlsx,1036701423,AE2002,8477,
8477,,,1036701424,AE2002,8478,
8478,,,1036800701,AE2005,8479,
8479,,,1036800702,AE2005,8480,
8480,,,1036800703,AE2005,8481,
8481,,,1036800704,AE2005,8482,
8482,,,1036800705,AE2005,8483,
8483,,,1036800706,AE2005,8484,
8484,,,1036800707,AE2005,8485,
8485,,,1036800708,AE2005,8486,
8486,,,1036800709,AE2005,8487,
8487,,,1036800710,AE2005,8488,
8488,,,1036800711,AE2005,8489,
8489,,,1036800712,AE2005,8490,
8490,,,1036800713,AE2005,8491,
8491,,,1036800714,AE2005,8492,
8492,,,1036800715,AE2005,8493,
8493,,,1036800716,AE2005,8494,
8494,,,1036800717,AE2005,8495,
8495,,,1036800718,AE2005,8496,
8496,,,1036800719,AE2005,8497,
8497,,,1036800720,AE2005,8498,
8498,,,1036800721,AE2005,8499,
8499,,,1036800722,AE2005,8500,
8500,,,1036800723,AE2005,8501,
8501,,,1036800724,AE2005,8502,
8502,,,1036800801,AE2005,8503,
8503,,,1036800802,AE2005,8504,
8504,,,1036800803,AE2005,8505,
8505,,,1036800804,AE2005,8506,
8506,,,1036800805,AE2005,8507,
8507,,,1036800806,AE2005,8508,
8508,,,1036800807,AE2005,8509,
8509,,,1036800808,AE2005,8510,
8510,,,1036800809,AE2005,8511,
8511,,,1036800810,AE2005,8512,
8512,,,1036800811,AE2005,8513,
8513,,,1036800812,AE2005,8514,
8514,,,1036800813,AE2005,8515,
8515,,,1036800814,AE2005,8516,
8516,,,1036800815,AE2005,8517,
8517,,,1036800816,AE2005,8518,
8518,,,1036801101,AE2005,8519,
8519,,,1036801102,AE2005,8520,
8520,,,1036801103,AE2005,8521,
8521,,,1036801104,AE2005,8522,
8522,,,1036801105,AE2005,8523,
8523,,,1036801106,AE2005,8524,
8524,,,1036801107,AE2005,8525,
8525,,,1036801108,AE2005,8526,
8526,,,1036801109,AE2005,8527,
8527,,,1036801110,AE2005,8528,
8528,,,1036801111,AE2005,8529,
8529,,,1036801112,AE2005,8530,
8530,,,1036801113,AE2005,8531,
8531,,,1036801114,AE2005,8532,
8532,,,1036801115,AE2005,8533,
8533,,,1036801116,AE2005,8534,
8534,,,1036801117,AE2005,8535,
8535,,,1036801118,AE2005,8536,
8536,,,1036801119,AE2005,8537,
8537,,,1036801120,AE2005,8538,
8538,,,1036801121,AE2005,8539,
8539,,,1036801122,AE2005,8540,
8540,,,1036801123,AE2005,8541,
8541,,,1036801124,AE2005,8542,
8542,,,1036801201,AE2005,8543,
8543,,,1036801202,AE2005,8544,
8544,,,1036801203,AE2005,8545,
8545,,,1036801204,AE2005,8546,
8546,,,1036801205,AE2005,8547,
8547,,,1036801206,AE2005,8548,
8548,,,1036801207,AE2005,8549,
8549,,,1036801208,AE2005,8550,
8550,,,1036801209,AE2005,8551,
8551,V1V2_dada2_read_info_03052026.xlsx,V4_dada2_read_info_03052026.xlsx,1036801401,AE2005,8552,
8552,,,1036801402,AE2005,8553,
8553,V1V2_dada2_read_info_03052026.xlsx,V4_dada2_read_info_03052026.xlsx,1036801403,AE2005,8554,
8554,,,1036801404,AE2005,8555,
8555,V1V2_dada2_read_info_03052026.xlsx,V4_dada2_read_info_03052026.xlsx,1036801405,AE2005,8556,
8556,,,1036801406,AE2005,8557,
8557,V1V2_dada2_read_info_03052026.xlsx,V4_dada2_read_info_03052026.xlsx,1036801407,AE2005,8558,
8558,,,1036801408,AE2005,8559,
8559,V1V2_dada2_read_info_03052026.xlsx,V4_dada2_read_info_03052026.xlsx,1036801409,AE2005,8560,
8560,,,1036801410,AE2005,8561,
8561,V1V2_dada2_read_info_03052026.xlsx,V4_dada2_read_info_03052026.xlsx,1036801411,AE2005,8562,
8562,,,1036801412,AE2005,8563,
8563,V1V2_dada2_read_info_03052026.xlsx,V4_dada2_read_info_03052026.xlsx,1036801413,AE2005,8564,
8564,,,1036801414,AE2005,8565,
8565,V1V2_dada2_read_info_03052026.xlsx,V4_dada2_read_info_03052026.xlsx,1036801415,AE2005,8566,
8566,,,1036801416,AE2005,8567,
8567,V1V2_dada2_read_info_03052026.xlsx,V4_dada2_read_info_03052026.xlsx,1036801417,AE2005,8568,
8568,,,1036801418,AE2005,8569,
8569,V1V2_dada2_read_info_03052026.xlsx,V4_dada2_read_info_03052026.xlsx,1036801419,AE2005,8570,
8570,,,1036801420,AE2005,8571,
8571,V1V2_dada2_read_info_03052026.xlsx,V4_dada2_read_info_03052026.xlsx,1036801421,AE2005,8572,
8572,,,1036801422,AE2005,8573,
8573,V1V2_dada2_read_info_03052026.xlsx,V4_dada2_read_info_03052026.xlsx,1036801423,AE2005,8574,
8574,,,1036801424,AE2005,8575,
8575,,,1036900601,AE2009,8576,
8576,,,1036900602,AE2009,8577,
8577,,,1036900603,AE2009,8578,
8578,,,1036900604,AE2009,8579,
8579,,,1036900605,AE2009,8580,
8580,,,1036900606,AE2009,8581,
8581,,,1036900607,AE2009,8582,
8582,,,1036900608,AE2009,8583,
8583,,,1036900609,AE2009,8584,
8584,,,1036900610,AE2009,8585,
8585,,,1036900611,AE2009,8586,
8586,,,1036900612,AE2009,8587,
8587,,,1036900613,AE2009,8588,
8588,,,1036900614,AE2009,8589,
8589,,,1036900615,AE2009,8590,
8590,,,1036900616,AE2009,8591,
8591,,,1036900617,AE2009,8592,
8592,,,1036900618,AE2009,8593,
8593,,,1036900619,AE2009,8594,
8594,,,1036900620,AE2009,8595,
8595,,,1036900621,AE2009,8596,
8596,,,1036900622,AE2009,8597,
8597,,,1036900623,AE2009,8598,
8598,,,1036900624,AE2009,8599,
8599,,,1036900801,AE2009,8600,
8600,,,1036900802,AE2009,8601,
8601,,,1036900803,AE2009,8602,
8602,,,1036900804,AE2009,8603,
8603,,,1036900805,AE2009,8604,
8604,,,1036900806,AE2009,8605,
8605,,,1036900807,AE2009,8606,
8606,,,1036900808,AE2009,8607,
8607,,,1036900809,AE2009,8608,
8608,,,1036900810,AE2009,8609,
8609,,,1036900811,AE2009,8610,
8610,,,1036900812,AE2009,8611,
8611,,,1036900813,AE2009,8612,
8612,,,1036900814,AE2009,8613,
8613,,,1036900815,AE2009,8614,
8614,,,1036900816,AE2009,8615,
8615,,,1036900817,AE2009,8616,
8616,,,1036900818,AE2009,8617,
8617,,,1036900819,AE2009,8618,
8618,,,1036900820,AE2009,8619,
8619,,,1036900821,AE2009,8620,
8620,,,1036900822,AE2009,8621,
8621,,,1036900823,AE2009,8622,
8622,,,1036900824,AE2009,8623,
8623,,,1036901101,AE2009,8624,
8624,,,1036901102,AE2009,8625,
8625,,,1036901103,AE2009,8626,
8626,,,1036901104,AE2009,8627,
8627,,,1036901105,AE2009,8628,
8628,,,1036901106,AE2009,8629,
8629,,,1036901107,AE2009,8630,
8630,,,1036901108,AE2009,8631,
8631,,,1036901109,AE2009,8632,
8632,,,1036901110,AE2009,8633,
8633,,,1036901111,AE2009,8634,
8634,,,1036901112,AE2009,8635,
8635,,,1036901113,AE2009,8636,
8636,,,1036901114,AE2009,8637,
8637,,,1036901115,AE2009,8638,
8638,,,1036901116,AE2009,8639,
8639,,,1036901201,AE2009,8640,
8640,,,1036901202,AE2009,8641,
8641,,,1036901203,AE2009,8642,
8642,,,1036901204,AE2009,8643,
8643,,,1036901205,AE2009,8644,
8644,,,1036901206,AE2009,8645,
8645,,,1036901207,AE2009,8646,
8646,,,1036901208,AE2009,8647,
8647,,,1036901209,AE2009,8648,
8648,,,1036901210,AE2009,8649,
8649,,,1036901211,AE2009,8650,
8650,,,1036901212,AE2009,8651,
8651,,,1036901213,AE2009,8652,
8652,,,1036901214,AE2009,8653,
8653,,,1036901215,AE2009,8654,
8654,,,1036901216,AE2009,8655,
8655,,,1036901217,AE2009,8656,
8656,,,1036901218,AE2009,8657,
8657,,,1036901219,AE2009,8658,
8658,,,1036901220,AE2009,8659,
8659,,,1036901221,AE2009,8660,
8660,,,1036901222,AE2009,8661,
8661,,,1036901223,AE2009,8662,
8662,,,1036901224,AE2009,8663,
8663,,,1036901301,AE2009,8664,
8664,,,1036901302,AE2009,8665,
8665,,,1036901303,AE2009,8666,
8666,,,1036901304,AE2009,8667,
8667,,,1036901305,AE2009,8668,
8668,,,1036901306,AE2009,8669,
8669,,,1036901307,AE2009,8670,
8670,,,1036901308,AE2009,8671,
8671,,,1036901309,AE2009,8672,
8672,,,1036901310,AE2009,8673,
8673,,,1036901311,AE2009,8674,
8674,,,1036901312,AE2009,8675,
8675,,,1036901313,AE2009,8676,
8676,,,1036901314,AE2009,8677,
8677,,,1036901315,AE2009,8678,
8678,,,1036901316,AE2009,8679,
8679,,,1036901317,AE2009,8680,
8680,,,1036901318,AE2009,8681,
8681,,,1036901319,AE2009,8682,
8682,,,1036901320,AE2009,8683,
8683,,,1036901321,AE2009,8684,
8684,,,1036901322,AE2009,8685,
8685,,,1036901323,AE2009,8686,
8686,,,1036901324,AE2009,8687,
8687,,,1036901501,AE2009,8688,
8688,,,1036901502,AE2009,8689,
8689,,,1036901503,AE2009,8690,
8690,,,1036901504,AE2009,8691,
8691,,,1036901505,AE2009,8692,
8692,,,1036901506,AE2009,8693,
8693,,,1036901507,AE2009,8694,
8694,,,1036901508,AE2009,8695,
8695,,,1036901509,AE2009,8696,
8696,,,1036901510,AE2009,8697,
8697,V1V2_dada2_read_info_03052026.xlsx,V4_dada2_read_info_03052026.xlsx,1036901701,AE2009,8698,
8698,,,1036901702,AE2009,8699,
8699,V1V2_dada2_read_info_03052026.xlsx,V4_dada2_read_info_03052026.xlsx,1036901703,AE2009,8700,
8700,,,1036901704,AE2009,8701,
8701,V1V2_dada2_read_info_03052026.xlsx,V4_dada2_read_info_03052026.xlsx,1036901705,AE2009,8702,
8702,,,1036901706,AE2009,8703,
8703,V1V2_dada2_read_info_03052026.xlsx,V4_dada2_read_info_03052026.xlsx,1036901707,AE2009,8704,
8704,,,1036901708,AE2009,8705,
8705,V1V2_dada2_read_info_03052026.xlsx,V4_dada2_read_info_03052026.xlsx,1036901709,AE2009,8706,
8706,,,1036901710,AE2009,8707,
8707,V1V2_dada2_read_info_03052026.xlsx,V4_dada2_read_info_03052026.xlsx,1036901711,AE2009,8708,
8708,,,1036901712,AE2009,8709,
8709,V1V2_dada2_read_info_03052026.xlsx,V4_dada2_read_info_03052026.xlsx,1036901713,AE2009,8710,
8710,,,1036901714,AE2009,8711,
8711,V1V2_dada2_read_info_03052026.xlsx,V4_dada2_read_info_03052026.xlsx,1036901715,AE2009,8712,
8712,,,1036901716,AE2009,8713,
8713,V1V2_dada2_read_info_03052026.xlsx,V4_dada2_read_info_03052026.xlsx,1036901717,AE2009,8714,
8714,,,1036901718,AE2009,8715,
8715,V1V2_dada2_read_info_03052026.xlsx,V4_dada2_read_info_03052026.xlsx,1036901719,AE2009,8716,
8716,,,1036901720,AE2009,8717,
8717,,,1036901721,AE2009,8718,
8718,V1V2_dada2_read_info_03052026.xlsx,V4_dada2_read_info_03052026.xlsx,1036901722,AE2009,8719,
8719,V1V2_dada2_read_info_03052026.xlsx,V4_dada2_read_info_03052026.xlsx,1036901723,AE2009,8720,
8720,,,1036901724,AE2009,8721,
8721,,,1037000101,AE2010,8722,
8722,,,1037000102,AE2010,8723,
8723,,,1037000103,AE2010,8724,
8724,,,1037000104,AE2010,8725,
8725,,,1037000105,AE2010,8726,
8726,,,1037000106,AE2010,8727,
8727,,,1037000107,AE2010,8728,
8728,,,1037000108,AE2010,8729,
8729,,,1037000109,AE2010,8730,
8730,,,1037000110,AE2010,8731,
8731,,,1037000111,AE2010,8732,
8732,,,1037000112,AE2010,8733,
8733,,,1037000113,AE2010,8734,
8734,,,1037000114,AE2010,8735,
8735,,,1037000115,AE2010,8736,
8736,,,1037000116,AE2010,8737,
8737,,,1037000117,AE2010,8738,
8738,,,1037000118,AE2010,8739,
8739,,,1037000119,AE2010,8740,
8740,,,1037000120,AE2010,8741,
8741,,,1037000121,AE2010,8742,
8742,,,1037000122,AE2010,8743,
8743,,,1037000123,AE2010,8744,
8744,,,1037000124,AE2010,8745,
8745,,,1037000201,AE2010,8746,
8746,,,1037000202,AE2010,8747,
8747,,,1037000203,AE2010,8748,
8748,,,1037000204,AE2010,8749,
8749,,,1037000205,AE2010,8750,
8750,,,1037000206,AE2010,8751,
8751,,,1037000207,AE2010,8752,
8752,,,1037000208,AE2010,8753,
8753,,,1037000209,AE2010,8754,
8754,,,1037000210,AE2010,8755,
8755,,,1037000211,AE2010,8756,
8756,,,1037000212,AE2010,8757,
8757,,,1037000213,AE2010,8758,
8758,,,1037000214,AE2010,8759,
8759,,,1037000215,AE2010,8760,
8760,,,1037000216,AE2010,8761,
8761,,,1037000301,AE2010,8762,
8762,,,1037000302,AE2010,8763,
8763,,,1037000303,AE2010,8764,
8764,,,1037000304,AE2010,8765,
8765,,,1037000305,AE2010,8766,
8766,,,1037000306,AE2010,8767,
8767,,,1037000307,AE2010,8768,
8768,,,1037000308,AE2010,8769,
8769,,,1037000309,AE2010,8770,
8770,,,1037000310,AE2010,8771,
8771,,,1037000311,AE2010,8772,
8772,,,1037000312,AE2010,8773,
8773,,,1037000313,AE2010,8774,
8774,,,1037000314,AE2010,8775,
8775,,,1037000315,AE2010,8776,
8776,,,1037000316,AE2010,8777,
8777,,,1037000317,AE2010,8778,
8778,,,1037000318,AE2010,8779,
8779,,,1037000319,AE2010,8780,
8780,,,1037000320,AE2010,8781,
8781,,,1037000321,AE2010,8782,
8782,,,1037000322,AE2010,8783,
8783,,,1037000323,AE2010,8784,
8784,,,1037000324,AE2010,8785,
8785,,,1037000401,AE2010,8786,
8786,,,1037000402,AE2010,8787,
8787,,,1037000403,AE2010,8788,
8788,,,1037000404,AE2010,8789,
8789,,,1037000405,AE2010,8790,
8790,,,1037000406,AE2010,8791,
8791,,,1037000407,AE2010,8792,
8792,,,1037000408,AE2010,8793,
8793,,,1037000409,AE2010,8794,
8794,,,1037000410,AE2010,8795,
8795,,,1037000411,AE2010,8796,
8796,,,1037000412,AE2010,8797,
8797,,,1037000413,AE2010,8798,
8798,,,1037000414,AE2010,8799,
8799,,,1037000415,AE2010,8800,
8800,,,1037000416,AE2010,8801,
8801,,,1037000417,AE2010,8802,
8802,,,1037000418,AE2010,8803,
8803,,,1037000419,AE2010,8804,
8804,,,1037000420,AE2010,8805,
8805,,,1037000421,AE2010,8806,
8806,,,1037000422,AE2010,8807,
8807,,,1037000423,AE2010,8808,
8808,,,1037000424,AE2010,8809,
8809,,,1037000501,AE2010,8810,
8810,,,1037000502,AE2010,8811,
8811,,,1037000503,AE2010,8812,
8812,,,1037000504,AE2010,8813,
8813,,,1037000505,AE2010,8814,
8814,,,1037000506,AE2010,8815,
8815,,,1037000507,AE2010,8816,
8816,,,1037000508,AE2010,8817,
8817,,,1037000509,AE2010,8818,
8818,,,1037000510,AE2010,8819,
8819,,,1037000511,AE2010,8820,
8820,,,1037000512,AE2010,8821,
8821,,,1037000513,AE2010,8822,
8822,,,1037000514,AE2010,8823,
8823,,,1037000515,AE2010,8824,
8824,,,1037000516,AE2010,8825,
8825,,,1037000517,AE2010,8826,
8826,V1V2_dada2_read_info_03052026.xlsx,V4_dada2_read_info_03052026.xlsx,1037000601,AE2010,8827,
8827,,,1037000602,AE2010,8828,
8828,V1V2_dada2_read_info_03052026.xlsx,V4_dada2_read_info_03052026.xlsx,1037000603,AE2010,8829,
8829,,,1037000604,AE2010,8830,
8830,V1V2_dada2_read_info_03052026.xlsx,V4_dada2_read_info_03052026.xlsx,1037000605,AE2010,8831,
8831,,,1037000606,AE2010,8832,
8832,V1V2_dada2_read_info_03052026.xlsx,V4_dada2_read_info_03052026.xlsx,1037000607,AE2010,8833,
8833,,,1037000608,AE2010,8834,
8834,V1V2_dada2_read_info_03052026.xlsx,V4_dada2_read_info_03052026.xlsx,1037000609,AE2010,8835,
8835,,,1037000610,AE2010,8836,
8836,V1V2_dada2_read_info_03052026.xlsx,V4_dada2_read_info_03052026.xlsx,1037000611,AE2010,8837,
8837,,,1037000612,AE2010,8838,
8838,V1V2_dada2_read_info_03052026.xlsx,V4_dada2_read_info_03052026.xlsx,1037000613,AE2010,8839,
8839,,,1037000614,AE2010,8840,
8840,V1V2_dada2_read_info_03052026.xlsx,V4_dada2_read_info_03052026.xlsx,1037000615,AE2010,8841,
8841,,,1037000616,AE2010,8842,
8842,V1V2_dada2_read_info_03052026.xlsx,V4_dada2_read_info_03052026.xlsx,1037000617,AE2010,8843,
8843,,,1037000618,AE2010,8844,
8844,V1V2_dada2_read_info_03052026.xlsx,V4_dada2_read_info_03052026.xlsx,1037000619,AE2010,8845,
8845,,,1037000620,AE2010,8846,
8846,V1V2_dada2_read_info_03052026.xlsx,V4_dada2_read_info_03052026.xlsx,1037000621,AE2010,8847,
8847,,,1037000622,AE2010,8848,
8848,V1V2_dada2_read_info_03052026.xlsx,V4_dada2_read_info_03052026.xlsx,1037000623,AE2010,8849,
8849,,,1037000624,AE2010,8850,
8850,,,1037100701,AE2012,8851,
8851,,,1037100702,AE2012,8852,
8852,,,1037100703,AE2012,8853,
8853,,,1037100704,AE2012,8854,
8854,,,1037100705,AE2012,8855,
8855,,,1037100706,AE2012,8856,
8856,,,1037100707,AE2012,8857,
8857,,,1037100708,AE2012,8858,
8858,,,1037100709,AE2012,8859,
8859,,,1037100710,AE2012,8860,
8860,,,1037100711,AE2012,8861,
8861,,,1037100712,AE2012,8862,
8862,,,1037100713,AE2012,8863,
8863,,,1037100714,AE2012,8864,
8864,,,1037100715,AE2012,8865,
8865,,,1037100716,AE2012,8866,
8866,,,1037100717,AE2012,8867,
8867,,,1037100718,AE2012,8868,
8868,,,1037100719,AE2012,8869,
8869,,,1037100720,AE2012,8870,
8870,,,1037100721,AE2012,8871,
8871,,,1037100722,AE2012,8872,
8872,,,1037100723,AE2012,8873,
8873,,,1037100724,AE2012,8874,
8874,,,1037101001,AE2012,8875,
8875,,,1037101002,AE2012,8876,
8876,,,1037101003,AE2012,8877,
8877,,,1037101004,AE2012,8878,
8878,,,1037101005,AE2012,8879,
8879,,,1037101006,AE2012,8880,
8880,,,1037101007,AE2012,8881,
8881,,,1037101008,AE2012,8882,
8882,,,1037101009,AE2012,8883,
8883,,,1037101010,AE2012,8884,
8884,,,1037101011,AE2012,8885,
8885,,,1037101012,AE2012,8886,
8886,,,1037101013,AE2012,8887,
8887,,,1037101014,AE2012,8888,
8888,,,1037101015,AE2012,8889,
8889,,,1037101016,AE2012,8890,
8890,,,1037101201,AE2012,8891,
8891,,,1037101202,AE2012,8892,
8892,,,1037101203,AE2012,8893,
8893,,,1037101204,AE2012,8894,
8894,,,1037101205,AE2012,8895,
8895,,,1037101206,AE2012,8896,
8896,,,1037101207,AE2012,8897,
8897,,,1037101208,AE2012,8898,
8898,,,1037101209,AE2012,8899,
8899,,,1037101210,AE2012,8900,
8900,,,1037101211,AE2012,8901,
8901,,,1037101212,AE2012,8902,
8902,,,1037101213,AE2012,8903,
8903,,,1037101214,AE2012,8904,
8904,,,1037101215,AE2012,8905,
8905,,,1037101216,AE2012,8906,
8906,,,1037101217,AE2012,8907,
8907,,,1037101218,AE2012,8908,
8908,,,1037101219,AE2012,8909,
8909,,,1037101220,AE2012,8910,
8910,,,1037101221,AE2012,8911,
8911,,,1037101222,AE2012,8912,
8912,,,1037101223,AE2012,8913,
8913,,,1037101224,AE2012,8914,
8914,,,1037101301,AE2012,8915,
8915,,,1037101302,AE2012,8916,
8916,,,1037101303,AE2012,8917,
8917,,,1037101304,AE2012,8918,
8918,,,1037101305,AE2012,8919,
8919,,,1037101306,AE2012,8920,
8920,,,1037101307,AE2012,8921,
8921,,,1037101308,AE2012,8922,
8922,,,1037101309,AE2012,8923,
8923,,,1037101310,AE2012,8924,
8924,,,1037101311,AE2012,8925,
8925,,,1037101312,AE2012,8926,
8926,,,1037101313,AE2012,8927,
8927,,,1037101314,AE2012,8928,
8928,,,1037101315,AE2012,8929,
8929,,,1037101316,AE2012,8930,
8930,,,1037101317,AE2012,8931,
8931,,,1037101318,AE2012,8932,
8932,,,1037101319,AE2012,8933,
8933,,,1037101320,AE2012,8934,
8934,,,1037101321,AE2012,8935,
8935,,,1037101322,AE2012,8936,
8936,,,1037101323,AE2012,8937,
8937,,,1037101324,AE2012,8938,
8938,,,1037101401,AE2012,8939,
8939,,,1037101402,AE2012,8940,
8940,,,1037101403,AE2012,8941,
8941,,,1037101404,AE2012,8942,
8942,,,1037101405,AE2012,8943,
8943,,,1037101406,AE2012,8944,
8944,,,1037101407,AE2012,8945,
8945,,,1037101408,AE2012,8946,
8946,,,1037101409,AE2012,8947,
8947,,,1037101410,AE2012,8948,
8948,,,1037101411,AE2012,8949,
8949,,,1037101412,AE2012,8950,
8950,,,1037101413,AE2012,8951,
8951,,,1037101414,AE2012,8952,
8952,,,1037101415,AE2012,8953,
8953,,,1037101416,AE2012,8954,
8954,,,1037101417,AE2012,8955,
8955,,,1037101418,AE2012,8956,
8956,,,1037101419,AE2012,8957,
8957,,,1037101420,AE2012,8958,
8958,,,1037101421,AE2012,8959,
8959,,,1037101422,AE2012,8960,
8960,,,1037101423,AE2012,8961,
8961,,,1037101424,AE2012,8962,
8962,V1V2_dada2_read_info_03052026.xlsx,V4_dada2_read_info_03052026.xlsx,1037101501,AE2012,8963,
8963,,,1037101502,AE2012,8964,
8964,V1V2_dada2_read_info_03052026.xlsx,V4_dada2_read_info_03052026.xlsx,1037101503,AE2012,8965,
8965,,,1037101504,AE2012,8966,
8966,V1V2_dada2_read_info_03052026.xlsx,V4_dada2_read_info_03052026.xlsx,1037101505,AE2012,8967,
8967,,,1037101506,AE2012,8968,
8968,V1V2_dada2_read_info_03052026.xlsx,V4_dada2_read_info_03052026.xlsx,1037101507,AE2012,8969,
8969,,,1037101508,AE2012,8970,
8970,V1V2_dada2_read_info_03052026.xlsx,V4_dada2_read_info_03052026.xlsx,1037101509,AE2012,8971,
8971,,,1037101510,AE2012,8972,
8972,V1V2_dada2_read_info_03052026.xlsx,V4_dada2_read_info_03052026.xlsx,1037101511,AE2012,8973,
8973,,,1037101512,AE2012,8974,
8974,V1V2_dada2_read_info_03052026.xlsx,V4_dada2_read_info_03052026.xlsx,1037101513,AE2012,8975,
8975,,,1037101514,AE2012,8976,
8976,V1V2_dada2_read_info_03052026.xlsx,V4_dada2_read_info_03052026.xlsx,1037101515,AE2012,8977,
8977,,,1037101516,AE2012,8978,
8978,V1V2_dada2_read_info_03052026.xlsx,V4_dada2_read_info_03052026.xlsx,1037101517,AE2012,8979,
8979,,,1037101518,AE2012,8980,
8980,V1V2_dada2_read_info_03052026.xlsx,V4_dada2_read_info_03052026.xlsx,1037101519,AE2012,8981,
8981,,,1037101520,AE2012,8982,
8982,V1V2_dada2_read_info_03052026.xlsx,V4_dada2_read_info_03052026.xlsx,1037101521,AE2012,8983,
8983,,,1037101522,AE2012,8984,
8984,V1V2_dada2_read_info_03052026.xlsx,V4_dada2_read_info_03052026.xlsx,1037101523,AE2012,8985,
8985,,,1037101524,AE2012,8986,
8986,,,1037300201,AE2015,8987,
8987,,,1037300202,AE2015,8988,
8988,,,1037300203,AE2015,8989,
8989,,,1037300204,AE2015,8990,
8990,,,1037300205,AE2015,8991,
8991,,,1037300206,AE2015,8992,
8992,,,1037300207,AE2015,8993,
8993,,,1037300208,AE2015,8994,
8994,,,1037300209,AE2015,8995,
8995,,,1037300210,AE2015,8996,
8996,,,1037300211,AE2015,8997,
8997,,,1037300212,AE2015,8998,
8998,,,1037300213,AE2015,8999,
8999,,,1037300214,AE2015,9000,
9000,,,1037300215,AE2015,9001,
9001,,,1037300216,AE2015,9002,
9002,,,1037300301,AE2015,9003,
9003,,,1037300302,AE2015,9004,
9004,,,1037300303,AE2015,9005,
9005,,,1037300304,AE2015,9006,
9006,,,1037300305,AE2015,9007,
9007,,,1037300306,AE2015,9008,
9008,,,1037300307,AE2015,9009,
9009,,,1037300308,AE2015,9010,
9010,,,1037300309,AE2015,9011,
9011,,,1037300310,AE2015,9012,
9012,,,1037300311,AE2015,9013,
9013,,,1037300312,AE2015,9014,
9014,,,1037300313,AE2015,9015,
9015,,,1037300314,AE2015,9016,
9016,,,1037300315,AE2015,9017,
9017,,,1037300316,AE2015,9018,
9018,,,1037300317,AE2015,9019,
9019,,,1037300318,AE2015,9020,
9020,,,1037300319,AE2015,9021,
9021,,,1037300320,AE2015,9022,
9022,,,1037300321,AE2015,9023,
9023,,,1037300322,AE2015,9024,
9024,,,1037300323,AE2015,9025,
9025,,,1037300324,AE2015,9026,
9026,,,1037300401,AE2015,9027,
9027,,,1037300402,AE2015,9028,
9028,,,1037300403,AE2015,9029,
9029,,,1037300404,AE2015,9030,
9030,,,1037300405,AE2015,9031,
9031,,,1037300406,AE2015,9032,
9032,,,1037300407,AE2015,9033,
9033,,,1037300408,AE2015,9034,
9034,,,1037300409,AE2015,9035,
9035,,,1037300410,AE2015,9036,
9036,,,1037300411,AE2015,9037,
9037,,,1037300412,AE2015,9038,
9038,,,1037300413,AE2015,9039,
9039,,,1037300414,AE2015,9040,
9040,,,1037300415,AE2015,9041,
9041,,,1037300416,AE2015,9042,
9042,,,1037300417,AE2015,9043,
9043,,,1037300418,AE2015,9044,
9044,,,1037300419,AE2015,9045,
9045,,,1037300420,AE2015,9046,
9046,,,1037300421,AE2015,9047,
9047,,,1037300422,AE2015,9048,
9048,,,1037300423,AE2015,9049,
9049,,,1037300424,AE2015,9050,
9050,,,1037300501,AE2015,9051,
9051,,,1037300502,AE2015,9052,
9052,,,1037300503,AE2015,9053,
9053,,,1037300504,AE2015,9054,
9054,,,1037300505,AE2015,9055,
9055,,,1037300506,AE2015,9056,
9056,,,1037300507,AE2015,9057,
9057,,,1037300508,AE2015,9058,
9058,,,1037300509,AE2015,9059,
9059,,,1037300510,AE2015,9060,
9060,,,1037300511,AE2015,9061,
9061,,,1037300512,AE2015,9062,
9062,,,1037300513,AE2015,9063,
9063,,,1037300514,AE2015,9064,
9064,,,1037300515,AE2015,9065,
9065,,,1037300516,AE2015,9066,
9066,,,1037300517,AE2015,9067,
9067,,,1037300518,AE2015,9068,
9068,,,1037300519,AE2015,9069,
9069,,,1037300520,AE2015,9070,
9070,,,1037300521,AE2015,9071,
9071,,,1037300522,AE2015,9072,
9072,,,1037300523,AE2015,9073,
9073,,,1037300524,AE2015,9074,
9074,,,1037300601,AE2015,9075,
9075,,,1037300602,AE2015,9076,
9076,,,1037300603,AE2015,9077,
9077,,,1037300604,AE2015,9078,
9078,,,1037300605,AE2015,9079,
9079,,,1037300606,AE2015,9080,
9080,,,1037300607,AE2015,9081,
9081,,,1037300608,AE2015,9082,
9082,,,1037300609,AE2015,9083,
9083,,,1037300610,AE2015,9084,
9084,,,1037300611,AE2015,9085,
9085,,,1037300612,AE2015,9086,
9086,,,1037300613,AE2015,9087,
9087,,,1037300614,AE2015,9088,
9088,,,1037300615,AE2015,9089,
9089,,,1037300616,AE2015,9090,
9090,,,1037300617,AE2015,9091,
9091,,,1037300618,AE2015,9092,
9092,,,1037300619,AE2015,9093,
9093,,,1037300620,AE2015,9094,
9094,,,1037300621,AE2015,9095,
9095,,,1037300622,AE2015,9096,
9096,,,1037300623,AE2015,9097,
9097,,,1037300624,AE2015,9098,
9098,V1V2_dada2_read_info_03052026.xlsx,V4_dada2_read_info_03052026.xlsx,1037300901,AE2015,9099,
9099,,,1037300902,AE2015,9100,
9100,V1V2_dada2_read_info_03052026.xlsx,V4_dada2_read_info_03052026.xlsx,1037300903,AE2015,9101,
9101,,,1037300904,AE2015,9102,
9102,V1V2_dada2_read_info_03052026.xlsx,,1037300905,AE2015,9103,
9103,,,1037300906,AE2015,9104,
9104,V1V2_dada2_read_info_03052026.xlsx,,1037300907,AE2015,9105,
9105,,,1037300908,AE2015,9106,
9106,V1V2_dada2_read_info_03052026.xlsx,,1037300909,AE2015,9107,
9107,,,1037300910,AE2015,9108,
9108,V1V2_dada2_read_info_03052026.xlsx,,1037300911,AE2015,9109,
9109,,,1037300912,AE2015,9110,
9110,V1V2_dada2_read_info_03052026.xlsx,V4_dada2_read_info_03052026.xlsx,1037300913,AE2015,9111,
9111,,,1037300914,AE2015,9112,
9112,V1V2_dada2_read_info_03052026.xlsx,V4_dada2_read_info_03052026.xlsx,1037300915,AE2015,9113,
9113,,,1037300916,AE2015,9114,
9114,V1V2_dada2_read_info_03052026.xlsx,V4_dada2_read_info_03052026.xlsx,1037300917,AE2015,9115,
9115,,,1037300918,AE2015,9116,
9116,V1V2_dada2_read_info_03052026.xlsx,V4_dada2_read_info_03052026.xlsx,1037300919,AE2015,9117,
9117,,,1037300920,AE2015,9118,
9118,V1V2_dada2_read_info_03052026.xlsx,V4_dada2_read_info_03052026.xlsx,1037300921,AE2015,9119,
9119,,,1037300922,AE2015,9120,
9120,V1V2_dada2_read_info_03052026.xlsx,V4_dada2_read_info_03052026.xlsx,1037300923,AE2015,9121,
9121,,,1037300924,AE2015,9122,
9122,,,1037400201,AE2017,9123,
9123,,,1037400202,AE2017,9124,
9124,,,1037400203,AE2017,9125,
9125,,,1037400204,AE2017,9126,
9126,,,1037400205,AE2017,9127,
9127,,,1037400206,AE2017,9128,
9128,,,1037400207,AE2017,9129,
9129,,,1037400208,AE2017,9130,
9130,,,1037400209,AE2017,9131,
9131,,,1037400210,AE2017,9132,
9132,,,1037400211,AE2017,9133,
9133,,,1037400212,AE2017,9134,
9134,,,1037400213,AE2017,9135,
9135,,,1037400214,AE2017,9136,
9136,,,1037400215,AE2017,9137,
9137,,,1037400216,AE2017,9138,
9138,,,1037400217,AE2017,9139,
9139,,,1037400218,AE2017,9140,
9140,,,1037400219,AE2017,9141,
9141,,,1037400220,AE2017,9142,
9142,,,1037400221,AE2017,9143,
9143,,,1037400222,AE2017,9144,
9144,,,1037400223,AE2017,9145,
9145,,,1037400224,AE2017,9146,
9146,,,1037400501,AE2017,9147,
9147,,,1037400502,AE2017,9148,
9148,,,1037400503,AE2017,9149,
9149,,,1037400504,AE2017,9150,
9150,,,1037400505,AE2017,9151,
9151,,,1037400506,AE2017,9152,
9152,,,1037400507,AE2017,9153,
9153,,,1037400508,AE2017,9154,
9154,,,1037400509,AE2017,9155,
9155,,,1037400510,AE2017,9156,
9156,,,1037400511,AE2017,9157,
9157,,,1037400512,AE2017,9158,
9158,,,1037400513,AE2017,9159,
9159,,,1037400514,AE2017,9160,
9160,,,1037400515,AE2017,9161,
9161,,,1037400516,AE2017,9162,
9162,,,1037400601,AE2017,9163,
9163,,,1037400602,AE2017,9164,
9164,,,1037400603,AE2017,9165,
9165,,,1037400604,AE2017,9166,
9166,,,1037400605,AE2017,9167,
9167,,,1037400606,AE2017,9168,
9168,,,1037400607,AE2017,9169,
9169,,,1037400608,AE2017,9170,
9170,,,1037400609,AE2017,9171,
9171,,,1037400610,AE2017,9172,
9172,,,1037400611,AE2017,9173,
9173,,,1037400612,AE2017,9174,
9174,,,1037400613,AE2017,9175,
9175,,,1037400614,AE2017,9176,
9176,,,1037400615,AE2017,9177,
9177,,,1037400616,AE2017,9178,
9178,,,1037400617,AE2017,9179,
9179,,,1037400618,AE2017,9180,
9180,,,1037400619,AE2017,9181,
9181,,,1037400620,AE2017,9182,
9182,,,1037400621,AE2017,9183,
9183,,,1037400622,AE2017,9184,
9184,,,1037400623,AE2017,9185,
9185,,,1037400624,AE2017,9186,
9186,,,1037400701,AE2017,9187,
9187,,,1037400702,AE2017,9188,
9188,,,1037400703,AE2017,9189,
9189,,,1037400704,AE2017,9190,
9190,,,1037400705,AE2017,9191,
9191,,,1037400706,AE2017,9192,
9192,,,1037400707,AE2017,9193,
9193,,,1037400708,AE2017,9194,
9194,,,1037400709,AE2017,9195,
9195,,,1037400710,AE2017,9196,
9196,,,1037400711,AE2017,9197,
9197,,,1037400712,AE2017,9198,
9198,,,1037400713,AE2017,9199,
9199,,,1037400714,AE2017,9200,
9200,,,1037400715,AE2017,9201,
9201,,,1037400716,AE2017,9202,
9202,,,1037400717,AE2017,9203,
9203,,,1037400718,AE2017,9204,
9204,,,1037400719,AE2017,9205,
9205,,,1037400720,AE2017,9206,
9206,,,1037400721,AE2017,9207,
9207,,,1037400722,AE2017,9208,
9208,,,1037400723,AE2017,9209,
9209,,,1037400724,AE2017,9210,
9210,,,1037400901,AE2017,9211,
9211,,,1037400902,AE2017,9212,
9212,,,1037400903,AE2017,9213,
9213,,,1037400904,AE2017,9214,
9214,,,1037400905,AE2017,9215,
9215,,,1037400906,AE2017,9216,
9216,,,1037400907,AE2017,9217,
9217,,,1037400908,AE2017,9218,
9218,,,1037400909,AE2017,9219,
9219,,,1037400910,AE2017,9220,
9220,,,1037400911,AE2017,9221,
9221,,,1037400912,AE2017,9222,
9222,,,1037400913,AE2017,9223,
9223,,,1037400914,AE2017,9224,
9224,,,1037400915,AE2017,9225,
9225,,,1037400916,AE2017,9226,
9226,,,1037400917,AE2017,9227,
9227,,,1037400918,AE2017,9228,
9228,,,1037400919,AE2017,9229,
9229,,,1037400920,AE2017,9230,
9230,,,1037400921,AE2017,9231,
9231,,,1037400922,AE2017,9232,
9232,,,1037400923,AE2017,9233,
9233,,,1037400924,AE2017,9234,
9234,V1V2_dada2_read_info_03052026.xlsx,V4_dada2_read_info_03052026.xlsx,1037401001,AE2017,9235,
9235,,,1037401002,AE2017,9236,
9236,,,1037401003,AE2017,9237,
9237,V1V2_dada2_read_info_03052026.xlsx,V4_dada2_read_info_03052026.xlsx,1037401004,AE2017,9238,
9238,,,1037401005,AE2017,9239,
9239,,,1037401006,AE2017,9240,
9240,V1V2_dada2_read_info_03052026.xlsx,V4_dada2_read_info_03052026.xlsx,1037401007,AE2017,9241,
9241,,,1037401008,AE2017,9242,
9242,V1V2_dada2_read_info_03052026.xlsx,V4_dada2_read_info_03052026.xlsx,1037401009,AE2017,9243,
9243,,,1037401010,AE2017,9244,
9244,,,1037401011,AE2017,9245,
9245,V1V2_dada2_read_info_03052026.xlsx,V4_dada2_read_info_03052026.xlsx,1037401012,AE2017,9246,
9246,V1V2_dada2_read_info_03052026.xlsx,,1037401013,AE2017,9247,
9247,,,1037401014,AE2017,9248,
9248,V1V2_dada2_read_info_03052026.xlsx,,1037401015,AE2017,9249,
9249,V1V2_dada2_read_info_03052026.xlsx,V4_dada2_read_info_03052026.xlsx,1037401016,AE2017,9250,
9250,,,1037401017,AE2017,9251,
9251,V1V2_dada2_read_info_03052026.xlsx,V4_dada2_read_info_03052026.xlsx,1037401018,AE2017,9252,
9252,,,1037401019,AE2017,9253,
9253,V1V2_dada2_read_info_03052026.xlsx,V4_dada2_read_info_03052026.xlsx,1037401020,AE2017,9254,
9254,,,1037401021,AE2017,9255,
9255,V1V2_dada2_read_info_03052026.xlsx,V4_dada2_read_info_03052026.xlsx,1037401022,AE2017,9256,
9256,V1V2_dada2_read_info_03052026.xlsx,V4_dada2_read_info_03052026.xlsx,1037401023,AE2017,9257,
9257,,,1037401024,AE2017,9258,
9258,,,1037500701,AE2019,9259,
9259,,,1037500702,AE2019,9260,
9260,,,1037500703,AE2019,9261,
9261,,,1037500704,AE2019,9262,
9262,,,1037500705,AE2019,9263,
9263,,,1037500706,AE2019,9264,
9264,,,1037500707,AE2019,9265,
9265,,,1037500708,AE2019,9266,
9266,,,1037500709,AE2019,9267,
9267,,,1037500710,AE2019,9268,
9268,,,1037500711,AE2019,9269,
9269,,,1037500712,AE2019,9270,
9270,,,1037500713,AE2019,9271,
9271,,,1037500714,AE2019,9272,
9272,,,1037500801,AE2019,9273,
9273,,,1037500802,AE2019,9274,
9274,,,1037500803,AE2019,9275,
9275,,,1037500804,AE2019,9276,
9276,,,1037500805,AE2019,9277,
9277,,,1037500806,AE2019,9278,
9278,,,1037500807,AE2019,9279,
9279,,,1037500808,AE2019,9280,
9280,,,1037500809,AE2019,9281,
9281,,,1037500810,AE2019,9282,
9282,,,1037500811,AE2019,9283,
9283,,,1037500812,AE2019,9284,
9284,,,1037500813,AE2019,9285,
9285,,,1037500814,AE2019,9286,
9286,,,1037500815,AE2019,9287,
9287,,,1037500816,AE2019,9288,
9288,,,1037500817,AE2019,9289,
9289,,,1037500818,AE2019,9290,
9290,,,1037500819,AE2019,9291,
9291,,,1037500820,AE2019,9292,
9292,,,1037500821,AE2019,9293,
9293,,,1037500822,AE2019,9294,
9294,,,1037500823,AE2019,9295,
9295,,,1037500824,AE2019,9296,
9296,,,1037501001,AE2019,9297,
9297,,,1037501002,AE2019,9298,
9298,,,1037501003,AE2019,9299,
9299,,,1037501004,AE2019,9300,
9300,,,1037501005,AE2019,9301,
9301,,,1037501006,AE2019,9302,
9302,,,1037501007,AE2019,9303,
9303,,,1037501008,AE2019,9304,
9304,,,1037501009,AE2019,9305,
9305,,,1037501010,AE2019,9306,
9306,,,1037501011,AE2019,9307,
9307,,,1037501012,AE2019,9308,
9308,,,1037501013,AE2019,9309,
9309,,,1037501014,AE2019,9310,
9310,,,1037501015,AE2019,9311,
9311,,,1037501016,AE2019,9312,
9312,,,1037501201,AE2019,9313,
9313,,,1037501202,AE2019,9314,
9314,,,1037501203,AE2019,9315,
9315,,,1037501204,AE2019,9316,
9316,,,1037501205,AE2019,9317,
9317,,,1037501206,AE2019,9318,
9318,,,1037501207,AE2019,9319,
9319,,,1037501208,AE2019,9320,
9320,,,1037501209,AE2019,9321,
9321,,,1037501210,AE2019,9322,
9322,,,1037501211,AE2019,9323,
9323,,,1037501212,AE2019,9324,
9324,,,1037501213,AE2019,9325,
9325,,,1037501214,AE2019,9326,
9326,,,1037501215,AE2019,9327,
9327,,,1037501216,AE2019,9328,
9328,,,1037501217,AE2019,9329,
9329,,,1037501218,AE2019,9330,
9330,,,1037501219,AE2019,9331,
9331,,,1037501220,AE2019,9332,
9332,,,1037501221,AE2019,9333,
9333,,,1037501222,AE2019,9334,
9334,,,1037501223,AE2019,9335,
9335,,,1037501224,AE2019,9336,
9336,,,1037501301,AE2019,9337,
9337,,,1037501302,AE2019,9338,
9338,,,1037501303,AE2019,9339,
9339,,,1037501304,AE2019,9340,
9340,,,1037501305,AE2019,9341,
9341,,,1037501306,AE2019,9342,
9342,,,1037501307,AE2019,9343,
9343,,,1037501308,AE2019,9344,
9344,,,1037501309,AE2019,9345,
9345,,,1037501310,AE2019,9346,
9346,,,1037501311,AE2019,9347,
9347,,,1037501312,AE2019,9348,
9348,,,1037501313,AE2019,9349,
9349,,,1037501314,AE2019,9350,
9350,,,1037501315,AE2019,9351,
9351,,,1037501316,AE2019,9352,
9352,,,1037501317,AE2019,9353,
9353,,,1037501318,AE2019,9354,
9354,,,1037501319,AE2019,9355,
9355,,,1037501320,AE2019,9356,
9356,,,1037501321,AE2019,9357,
9357,,,1037501322,AE2019,9358,
9358,,,1037501323,AE2019,9359,
9359,,,1037501324,AE2019,9360,
9360,,,1037501401,AE2019,9361,
9361,,,1037501402,AE2019,9362,
9362,,,1037501403,AE2019,9363,
9363,,,1037501404,AE2019,9364,
9364,,,1037501405,AE2019,9365,
9365,,,1037501406,AE2019,9366,
9366,,,1037501407,AE2019,9367,
9367,,,1037501408,AE2019,9368,
9368,,,1037501409,AE2019,9369,
9369,,,1037501410,AE2019,9370,
9370,,,1037501411,AE2019,9371,
9371,,,1037501412,AE2019,9372,
9372,,,1037501413,AE2019,9373,
9373,,,1037501414,AE2019,9374,
9374,,,1037501415,AE2019,9375,
9375,,,1037501416,AE2019,9376,
9376,V1V2_dada2_read_info_03052026.xlsx,V4_dada2_read_info_03052026.xlsx,1037501701,AE2019,9377,
9377,,,1037501702,AE2019,9378,
9378,V1V2_dada2_read_info_03052026.xlsx,V4_dada2_read_info_03052026.xlsx,1037501703,AE2019,9379,
9379,,,1037501704,AE2019,9380,
9380,V1V2_dada2_read_info_03052026.xlsx,V4_dada2_read_info_03052026.xlsx,1037501705,AE2019,9381,
9381,,,1037501706,AE2019,9382,
9382,V1V2_dada2_read_info_03052026.xlsx,V4_dada2_read_info_03052026.xlsx,1037501707,AE2019,9383,
9383,,,1037501708,AE2019,9384,
9384,V1V2_dada2_read_info_03052026.xlsx,V4_dada2_read_info_03052026.xlsx,1037501709,AE2019,9385,
9385,,,1037501710,AE2019,9386,
9386,V1V2_dada2_read_info_03052026.xlsx,V4_dada2_read_info_03052026.xlsx,1037501711,AE2019,9387,
9387,,,1037501712,AE2019,9388,
9388,V1V2_dada2_read_info_03052026.xlsx,V4_dada2_read_info_03052026.xlsx,1037501713,AE2019,9389,
9389,,,1037501714,AE2019,9390,
9390,V1V2_dada2_read_info_03052026.xlsx,V4_dada2_read_info_03052026.xlsx,1037501715,AE2019,9391,
9391,,,1037501716,AE2019,9392,
9392,V1V2_dada2_read_info_03052026.xlsx,,1037501717,AE2019,9393,
9393,,,1037501718,AE2019,9394,
9394,V1V2_dada2_read_info_03052026.xlsx,V4_dada2_read_info_03052026.xlsx,1037501719,AE2019,9395,
9395,,,1037501720,AE2019,9396,
9396,V1V2_dada2_read_info_03052026.xlsx,V4_dada2_read_info_03052026.xlsx,1037501721,AE2019,9397,
9397,,,1037501722,AE2019,9398,
9398,V1V2_dada2_read_info_03052026.xlsx,V4_dada2_read_info_03052026.xlsx,1037501723,AE2019,9399,
9399,,,1037501724,AE2019,9400,
9400,,,1037600201,AE2021,9401,
9401,,,1037600202,AE2021,9402,
9402,,,1037600203,AE2021,9403,
9403,,,1037600204,AE2021,9404,
9404,,,1037600205,AE2021,9405,
9405,,,1037600206,AE2021,9406,
9406,,,1037600207,AE2021,9407,
9407,,,1037600208,AE2021,9408,
9408,,,1037600209,AE2021,9409,
9409,,,1037600210,AE2021,9410,
9410,,,1037600211,AE2021,9411,
9411,,,1037600212,AE2021,9412,
9412,,,1037600213,AE2021,9413,
9413,,,1037600214,AE2021,9414,
9414,,,1037600215,AE2021,9415,
9415,,,1037600216,AE2021,9416,
9416,,,1037600217,AE2021,9417,
9417,,,1037600218,AE2021,9418,
9418,,,1037600219,AE2021,9419,
9419,,,1037600220,AE2021,9420,
9420,,,1037600221,AE2021,9421,
9421,,,1037600222,AE2021,9422,
9422,,,1037600223,AE2021,9423,
9423,,,1037600224,AE2021,9424,
9424,,,1037600301,AE2021,9425,
9425,,,1037600302,AE2021,9426,
9426,,,1037600303,AE2021,9427,
9427,,,1037600304,AE2021,9428,
9428,,,1037600305,AE2021,9429,
9429,,,1037600306,AE2021,9430,
9430,,,1037600307,AE2021,9431,
9431,,,1037600308,AE2021,9432,
9432,,,1037600309,AE2021,9433,
9433,,,1037600310,AE2021,9434,
9434,,,1037600311,AE2021,9435,
9435,,,1037600312,AE2021,9436,
9436,,,1037600313,AE2021,9437,
9437,,,1037600314,AE2021,9438,
9438,,,1037600315,AE2021,9439,
9439,,,1037600316,AE2021,9440,
9440,,,1037600317,AE2021,9441,
9441,,,1037600318,AE2021,9442,
9442,,,1037600319,AE2021,9443,
9443,,,1037600320,AE2021,9444,
9444,,,1037600321,AE2021,9445,
9445,,,1037600322,AE2021,9446,
9446,,,1037600323,AE2021,9447,
9447,,,1037600324,AE2021,9448,
9448,V1V2_dada2_read_info_03052026.xlsx,V4_dada2_read_info_03052026.xlsx,1037600401,AE2021,9449,
9449,,,1037600402,AE2021,9450,
9450,,,1037600403,AE2021,9451,
9451,V1V2_dada2_read_info_03052026.xlsx,V4_dada2_read_info_03052026.xlsx,1037600404,AE2021,9452,
9452,,,1037600405,AE2021,9453,
9453,,,1037600406,AE2021,9454,
9454,V1V2_dada2_read_info_03052026.xlsx,V4_dada2_read_info_03052026.xlsx,1037600407,AE2021,9455,
9455,V1V2_dada2_read_info_03052026.xlsx,V4_dada2_read_info_03052026.xlsx,1037600408,AE2021,9456,
9456,,,1037600409,AE2021,9457,
9457,V1V2_dada2_read_info_03052026.xlsx,V4_dada2_read_info_03052026.xlsx,1037600410,AE2021,9458,
9458,V1V2_dada2_read_info_03052026.xlsx,V4_dada2_read_info_03052026.xlsx,1037600411,AE2021,9459,
9459,,,1037600412,AE2021,9460,
9460,V1V2_dada2_read_info_03052026.xlsx,V4_dada2_read_info_03052026.xlsx,1037600413,AE2021,9461,
9461,,,1037600414,AE2021,9462,
9462,V1V2_dada2_read_info_03052026.xlsx,V4_dada2_read_info_03052026.xlsx,1037600415,AE2021,9463,
9463,,,1037600416,AE2021,9464,
9464,,,1037600417,AE2021,9465,
9465,V1V2_dada2_read_info_03052026.xlsx,V4_dada2_read_info_03052026.xlsx,1037600418,AE2021,9466,
9466,V1V2_dada2_read_info_03052026.xlsx,V4_dada2_read_info_03052026.xlsx,1037600419,AE2021,9467,
9467,,,1037600420,AE2021,9468,
9468,V1V2_dada2_read_info_03052026.xlsx,V4_dada2_read_info_03052026.xlsx,1037600421,AE2021,9469,
9469,,,1037600422,AE2021,9470,
9470,V1V2_dada2_read_info_03052026.xlsx,V4_dada2_read_info_03052026.xlsx,1037600423,AE2021,9471,
9471,,,1037600424,AE2021,9472,
9472,,,1037600601,AE2021,9473,
9473,,,1037600602,AE2021,9474,
9474,,,1037600603,AE2021,9475,
9475,,,1037600604,AE2021,9476,
9476,,,1037600605,AE2021,9477,
9477,,,1037600606,AE2021,9478,
9478,,,1037600607,AE2021,9479,
9479,,,1037600608,AE2021,9480,
9480,,,1037600609,AE2021,9481,
9481,,,1037600610,AE2021,9482,
9482,,,1037600611,AE2021,9483,
9483,,,1037600612,AE2021,9484,
9484,,,1037600613,AE2021,9485,
9485,,,1037600614,AE2021,9486,
9486,,,1037600615,AE2021,9487,
9487,,,1037600616,AE2021,9488,
9488,,,1037600801,AE2021,9489,
9489,,,1037600802,AE2021,9490,
9490,,,1037600803,AE2021,9491,
9491,,,1037600804,AE2021,9492,
9492,,,1037600805,AE2021,9493,
9493,,,1037600806,AE2021,9494,
9494,,,1037600807,AE2021,9495,
9495,,,1037600808,AE2021,9496,
9496,,,1037600809,AE2021,9497,
9497,,,1037600810,AE2021,9498,
9498,,,1037600811,AE2021,9499,
9499,,,1037600812,AE2021,9500,
9500,,,1037600813,AE2021,9501,
9501,,,1037600814,AE2021,9502,
9502,,,1037600815,AE2021,9503,
9503,,,1037600816,AE2021,9504,
9504,,,1037600817,AE2021,9505,
9505,,,1037600818,AE2021,9506,
9506,,,1037600819,AE2021,9507,
9507,,,1037600820,AE2021,9508,
9508,,,1037600821,AE2021,9509,
9509,,,1037600822,AE2021,9510,
9510,,,1037600823,AE2021,9511,
9511,,,1037600824,AE2021,9512,
9512,,,1037600901,AE2021,9513,
9513,,,1037600902,AE2021,9514,
9514,,,1037600903,AE2021,9515,
9515,,,1037600904,AE2021,9516,
9516,,,1037600905,AE2021,9517,
9517,,,1037600906,AE2021,9518,
9518,,,1037600907,AE2021,9519,
9519,,,1037600908,AE2021,9520,
9520,,,1037600909,AE2021,9521,
9521,,,1037600910,AE2021,9522,
9522,,,1037600911,AE2021,9523,
9523,,,1037600912,AE2021,9524,
9524,,,1037600913,AE2021,9525,
9525,,,1037600914,AE2021,9526,
9526,,,1037600915,AE2021,9527,
9527,,,1037600916,AE2021,9528,
9528,,,1037600917,AE2021,9529,
9529,,,1037600918,AE2021,9530,
9530,,,1037600919,AE2021,9531,
9531,,,1037600920,AE2021,9532,
9532,,,1037600921,AE2021,9533,
9533,,,1037600922,AE2021,9534,
9534,,,1037600923,AE2021,9535,
9535,,,1037600924,AE2021,9536,
9536,,,1037700201,AE2101,9537,
9537,,,1037700202,AE2101,9538,
9538,,,1037700203,AE2101,9539,
9539,,,1037700204,AE2101,9540,
9540,,,1037700205,AE2101,9541,
9541,,,1037700206,AE2101,9542,
9542,,,1037700207,AE2101,9543,
9543,,,1037700208,AE2101,9544,
9544,,,1037700209,AE2101,9545,
9545,,,1037700210,AE2101,9546,
9546,,,1037700211,AE2101,9547,
9547,,,1037700212,AE2101,9548,
9548,,,1037700213,AE2101,9549,
9549,,,1037700214,AE2101,9550,
9550,,,1037700215,AE2101,9551,
9551,,,1037700216,AE2101,9552,
9552,,,1037700217,AE2101,9553,
9553,,,1037700218,AE2101,9554,
9554,,,1037700219,AE2101,9555,
9555,,,1037700220,AE2101,9556,
9556,,,1037700221,AE2101,9557,
9557,,,1037700222,AE2101,9558,
9558,,,1037700223,AE2101,9559,
9559,,,1037700224,AE2101,9560,
9560,,,1037700401,AE2101,9561,
9561,,,1037700402,AE2101,9562,
9562,,,1037700403,AE2101,9563,
9563,,,1037700404,AE2101,9564,
9564,,,1037700405,AE2101,9565,
9565,,,1037700406,AE2101,9566,
9566,,,1037700407,AE2101,9567,
9567,,,1037700408,AE2101,9568,
9568,,,1037700409,AE2101,9569,
9569,,,1037700410,AE2101,9570,
9570,,,1037700411,AE2101,9571,
9571,,,1037700412,AE2101,9572,
9572,,,1037700413,AE2101,9573,
9573,,,1037700414,AE2101,9574,
9574,,,1037700415,AE2101,9575,
9575,,,1037700416,AE2101,9576,
9576,,,1037700501,AE2101,9577,
9577,,,1037700502,AE2101,9578,
9578,,,1037700503,AE2101,9579,
9579,,,1037700504,AE2101,9580,
9580,,,1037700505,AE2101,9581,
9581,,,1037700506,AE2101,9582,
9582,,,1037700507,AE2101,9583,
9583,,,1037700508,AE2101,9584,
9584,,,1037700509,AE2101,9585,
9585,,,1037700510,AE2101,9586,
9586,,,1037700511,AE2101,9587,
9587,,,1037700512,AE2101,9588,
9588,,,1037700513,AE2101,9589,
9589,,,1037700514,AE2101,9590,
9590,,,1037700515,AE2101,9591,
9591,,,1037700516,AE2101,9592,
9592,,,1037700517,AE2101,9593,
9593,,,1037700518,AE2101,9594,
9594,,,1037700519,AE2101,9595,
9595,,,1037700520,AE2101,9596,
9596,,,1037700521,AE2101,9597,
9597,,,1037700522,AE2101,9598,
9598,,,1037700523,AE2101,9599,
9599,,,1037700524,AE2101,9600,
9600,,,1037700701,AE2101,9601,
9601,,,1037700702,AE2101,9602,
9602,,,1037700703,AE2101,9603,
9603,,,1037700704,AE2101,9604,
9604,,,1037700705,AE2101,9605,
9605,,,1037700706,AE2101,9606,
9606,,,1037700707,AE2101,9607,
9607,,,1037700708,AE2101,9608,
9608,,,1037700709,AE2101,9609,
9609,,,1037700710,AE2101,9610,
9610,,,1037700711,AE2101,9611,
9611,,,1037700712,AE2101,9612,
9612,,,1037700713,AE2101,9613,
9613,,,1037700714,AE2101,9614,
9614,,,1037700715,AE2101,9615,
9615,,,1037700716,AE2101,9616,
9616,,,1037700717,AE2101,9617,
9617,,,1037700718,AE2101,9618,
9618,,,1037700719,AE2101,9619,
9619,,,1037700720,AE2101,9620,
9620,,,1037700721,AE2101,9621,
9621,,,1037700722,AE2101,9622,
9622,,,1037700723,AE2101,9623,
9623,,,1037700724,AE2101,9624,
9624,,V4_dada2_read_info_03052026.xlsx,1037700801,AE2101,9625,
9625,,,1037700802,AE2101,9626,
9626,,V4_dada2_read_info_03052026.xlsx,1037700803,AE2101,9627,
9627,,V4_dada2_read_info_03052026.xlsx,1037700804,AE2101,9628,
9628,,,1037700805,AE2101,9629,
9629,,V4_dada2_read_info_03052026.xlsx,1037700806,AE2101,9630,
9630,,V4_dada2_read_info_03052026.xlsx,1037700807,AE2101,9631,
9631,,V4_dada2_read_info_03052026.xlsx,1037700808,AE2101,9632,
9632,,,1037700809,AE2101,9633,
9633,,V4_dada2_read_info_03052026.xlsx,1037700810,AE2101,9634,
9634,,,1037700811,AE2101,9635,
9635,,V4_dada2_read_info_03052026.xlsx,1037700812,AE2101,9636,
9636,,,1037700813,AE2101,9637,
9637,,,1037700814,AE2101,9638,
9638,,,1037700815,AE2101,9639,
9639,,,1037700816,AE2101,9640,
9640,,,1037700817,AE2101,9641,
9641,,,1037700818,AE2101,9642,
9642,,,1037700819,AE2101,9643,
9643,,,1037700820,AE2101,9644,
9644,,V4_dada2_read_info_03052026.xlsx,1037700821,AE2101,9645,
9645,,,1037700822,AE2101,9646,
9646,,,1037700823,AE2101,9647,
9647,,V4_dada2_read_info_03052026.xlsx,1037700824,AE2101,9648,
9648,,,1037800601,AE2102,9649,
9649,,,1037800602,AE2102,9650,
9650,,,1037800603,AE2102,9651,
9651,,,1037800604,AE2102,9652,
9652,,,1037800605,AE2102,9653,
9653,,,1037800606,AE2102,9654,
9654,,,1037800607,AE2102,9655,
9655,,,1037800608,AE2102,9656,
9656,,,1037800609,AE2102,9657,
9657,,,1037800610,AE2102,9658,
9658,,,1037800611,AE2102,9659,
9659,,,1037800612,AE2102,9660,
9660,,,1037800613,AE2102,9661,
9661,,,1037800614,AE2102,9662,
9662,,,1037800615,AE2102,9663,
9663,,,1037800616,AE2102,9664,
9664,,,1037800617,AE2102,9665,
9665,,,1037800618,AE2102,9666,
9666,,,1037800619,AE2102,9667,
9667,,,1037800620,AE2102,9668,
9668,,,1037800621,AE2102,9669,
9669,,,1037800622,AE2102,9670,
9670,,,1037800623,AE2102,9671,
9671,,,1037800624,AE2102,9672,
9672,V1V2_dada2_read_info_03052026.xlsx,V4_dada2_read_info_03052026.xlsx,1037800801,AE2102,9673,
9673,,,1037800802,AE2102,9674,
9674,V1V2_dada2_read_info_03052026.xlsx,V4_dada2_read_info_03052026.xlsx,1037800803,AE2102,9675,
9675,,,1037800804,AE2102,9676,
9676,V1V2_dada2_read_info_03052026.xlsx,V4_dada2_read_info_03052026.xlsx,1037800805,AE2102,9677,
9677,,,1037800806,AE2102,9678,
9678,V1V2_dada2_read_info_03052026.xlsx,V4_dada2_read_info_03052026.xlsx,1037800807,AE2102,9679,
9679,,,1037800808,AE2102,9680,
9680,V1V2_dada2_read_info_03052026.xlsx,V4_dada2_read_info_03052026.xlsx,1037800809,AE2102,9681,
9681,,,1037800810,AE2102,9682,
9682,V1V2_dada2_read_info_03052026.xlsx,V4_dada2_read_info_03052026.xlsx,1037800811,AE2102,9683,
9683,,,1037800812,AE2102,9684,
9684,V1V2_dada2_read_info_03052026.xlsx,V4_dada2_read_info_03052026.xlsx,1037800813,AE2102,9685,
9685,,,1037800814,AE2102,9686,
9686,V1V2_dada2_read_info_03052026.xlsx,V4_dada2_read_info_03052026.xlsx,1037800815,AE2102,9687,
9687,,,1037800816,AE2102,9688,
9688,V1V2_dada2_read_info_03052026.xlsx,V4_dada2_read_info_03052026.xlsx,1037800817,AE2102,9689,
9689,,,1037800818,AE2102,9690,
9690,V1V2_dada2_read_info_03052026.xlsx,V4_dada2_read_info_03052026.xlsx,1037800819,AE2102,9691,
9691,,,1037800820,AE2102,9692,
9692,V1V2_dada2_read_info_03052026.xlsx,V4_dada2_read_info_03052026.xlsx,1037800821,AE2102,9693,
9693,,,1037800822,AE2102,9694,
9694,V1V2_dada2_read_info_03052026.xlsx,V4_dada2_read_info_03052026.xlsx,1037800823,AE2102,9695,
9695,,,1037800824,AE2102,9696,
9696,,,1037800901,AE2102,9697,
9697,,,1037800902,AE2102,9698,
9698,,,1037800903,AE2102,9699,
9699,,,1037800904,AE2102,9700,
9700,,,1037800905,AE2102,9701,
9701,,,1037800906,AE2102,9702,
9702,,,1037800907,AE2102,9703,
9703,,,1037800908,AE2102,9704,
9704,,,1037800909,AE2102,9705,
9705,,,1037800910,AE2102,9706,
9706,,,1037800911,AE2102,9707,
9707,,,1037800912,AE2102,9708,
9708,,,1037800913,AE2102,9709,
9709,,,1037800914,AE2102,9710,
9710,,,1037800915,AE2102,9711,
9711,,,1037800916,AE2102,9712,
9712,,,1037801101,AE2102,9713,
9713,,,1037801102,AE2102,9714,
9714,,,1037801103,AE2102,9715,
9715,,,1037801104,AE2102,9716,
9716,,,1037801105,AE2102,9717,
9717,,,1037801106,AE2102,9718,
9718,,,1037801107,AE2102,9719,
9719,,,1037801108,AE2102,9720,
9720,,,1037801109,AE2102,9721,
9721,,,1037801110,AE2102,9722,
9722,,,1037801111,AE2102,9723,
9723,,,1037801112,AE2102,9724,
9724,,,1037801113,AE2102,9725,
9725,,,1037801114,AE2102,9726,
9726,,,1037801115,AE2102,9727,
9727,,,1037801116,AE2102,9728,
9728,,,1037801117,AE2102,9729,
9729,,,1037801118,AE2102,9730,
9730,,,1037801119,AE2102,9731,
9731,,,1037801120,AE2102,9732,
9732,,,1037801121,AE2102,9733,
9733,,,1037801122,AE2102,9734,
9734,,,1037801123,AE2102,9735,
9735,,,1037801124,AE2102,9736,
9736,,,1037801201,AE2102,9737,
9737,,,1037801202,AE2102,9738,
9738,,,1037801203,AE2102,9739,
9739,,,1037801204,AE2102,9740,
9740,,,1037801205,AE2102,9741,
9741,,,1037801206,AE2102,9742,
9742,,,1037801207,AE2102,9743,
9743,,,1037801208,AE2102,9744,
9744,,,1037801209,AE2102,9745,
9745,,,1037801210,AE2102,9746,
9746,,,1037801211,AE2102,9747,
9747,,,1037801212,AE2102,9748,
9748,,,1037801213,AE2102,9749,
9749,,,1037801214,AE2102,9750,
9750,,,1037801215,AE2102,9751,
9751,,,1037801216,AE2102,9752,
9752,,,1037801217,AE2102,9753,
9753,,,1037801218,AE2102,9754,
9754,,,1037801219,AE2102,9755,
9755,,,1037801220,AE2102,9756,
9756,,,1037801221,AE2102,9757,
9757,,,1037801222,AE2102,9758,
9758,,,1037801223,AE2102,9759,
9759,,,1037801224,AE2102,9760,
9760,,,1037801301,AE2102,9761,
9761,,,1037801302,AE2102,9762,
9762,,,1037801303,AE2102,9763,
9763,,,1037801304,AE2102,9764,
9764,,,1037801305,AE2102,9765,
9765,,,1037801306,AE2102,9766,
9766,,,1037801307,AE2102,9767,
9767,,,1037801308,AE2102,9768,
9768,,,1037801309,AE2102,9769,
9769,,,1037801310,AE2102,9770,
9770,,,1037801311,AE2102,9771,
9771,,,1037801312,AE2102,9772,
9772,,,1037801313,AE2102,9773,
9773,,,1037801314,AE2102,9774,
9774,,,1037801315,AE2102,9775,
9775,,,1037801316,AE2102,9776,
9776,,,1037801317,AE2102,9777,
9777,,,1037801318,AE2102,9778,
9778,,,1037801319,AE2102,9779,
9779,,,1037801320,AE2102,9780,
9780,,,1037801321,AE2102,9781,
9781,,,1037801322,AE2102,9782,
9782,,,1037801323,AE2102,9783,
9783,,,1037801324,AE2102,9784,
9784,,,1037900101,AE2103,9785,
9785,,,1037900102,AE2103,9786,
9786,,,1037900103,AE2103,9787,
9787,,,1037900104,AE2103,9788,
9788,,,1037900105,AE2103,9789,
9789,,,1037900106,AE2103,9790,
9790,,,1037900107,AE2103,9791,
9791,,,1037900108,AE2103,9792,
9792,,,1037900109,AE2103,9793,
9793,,,1037900110,AE2103,9794,
9794,,,1037900111,AE2103,9795,
9795,,,1037900112,AE2103,9796,
9796,,,1037900113,AE2103,9797,
9797,,,1037900114,AE2103,9798,
9798,,,1037900701,AE2103,9799,
9799,,,1037900702,AE2103,9800,
9800,,,1037900703,AE2103,9801,
9801,,,1037900704,AE2103,9802,
9802,,,1037900705,AE2103,9803,
9803,,,1037900706,AE2103,9804,
9804,,,1037900707,AE2103,9805,
9805,,,1037900708,AE2103,9806,
9806,,,1037900709,AE2103,9807,
9807,,,1037900710,AE2103,9808,
9808,,,1037900711,AE2103,9809,
9809,,,1037900712,AE2103,9810,
9810,,,1037900713,AE2103,9811,
9811,,,1037900714,AE2103,9812,
9812,,,1037900715,AE2103,9813,
9813,,,1037900716,AE2103,9814,
9814,,,1037900717,AE2103,9815,
9815,,,1037900718,AE2103,9816,
9816,,,1037900719,AE2103,9817,
9817,,,1037900720,AE2103,9818,
9818,,,1037900721,AE2103,9819,
9819,,,1037900722,AE2103,9820,
9820,,,1037900723,AE2103,9821,
9821,,,1037900724,AE2103,9822,
9822,,,1037900801,AE2103,9823,
9823,,,1037900802,AE2103,9824,
9824,,,1037900803,AE2103,9825,
9825,,,1037900804,AE2103,9826,
9826,,,1037900805,AE2103,9827,
9827,,,1037900806,AE2103,9828,
9828,,,1037900807,AE2103,9829,
9829,,,1037900808,AE2103,9830,
9830,,,1037900809,AE2103,9831,
9831,,,1037900810,AE2103,9832,
9832,,,1037900811,AE2103,9833,
9833,,,1037900812,AE2103,9834,
9834,,,1037900813,AE2103,9835,
9835,,,1037900814,AE2103,9836,
9836,,,1037900815,AE2103,9837,
9837,,,1037900816,AE2103,9838,
9838,,,1037900901,AE2103,9839,
9839,,,1037900902,AE2103,9840,
9840,,,1037900903,AE2103,9841,
9841,,,1037900904,AE2103,9842,
9842,,,1037900905,AE2103,9843,
9843,,,1037900906,AE2103,9844,
9844,,,1037900907,AE2103,9845,
9845,,,1037900908,AE2103,9846,
9846,,,1037900909,AE2103,9847,
9847,,,1037900910,AE2103,9848,
9848,,,1037900911,AE2103,9849,
9849,,,1037900912,AE2103,9850,
9850,,,1037900913,AE2103,9851,
9851,,,1037900914,AE2103,9852,
9852,,,1037900915,AE2103,9853,
9853,,,1037900916,AE2103,9854,
9854,,,1037900917,AE2103,9855,
9855,,,1037900918,AE2103,9856,
9856,,,1037900919,AE2103,9857,
9857,,,1037900920,AE2103,9858,
9858,,,1037900921,AE2103,9859,
9859,,,1037900922,AE2103,9860,
9860,,,1037900923,AE2103,9861,
9861,,,1037900924,AE2103,9862,
9862,,,1037901001,AE2103,9863,
9863,,,1037901002,AE2103,9864,
9864,,,1037901003,AE2103,9865,
9865,,,1037901004,AE2103,9866,
9866,,,1037901005,AE2103,9867,
9867,,,1037901006,AE2103,9868,
9868,,,1037901007,AE2103,9869,
9869,,,1037901008,AE2103,9870,
9870,,,1037901009,AE2103,9871,
9871,,,1037901010,AE2103,9872,
9872,,,1037901011,AE2103,9873,
9873,,,1037901012,AE2103,9874,
9874,,,1037901013,AE2103,9875,
9875,,,1037901014,AE2103,9876,
9876,,,1037901015,AE2103,9877,
9877,,,1037901016,AE2103,9878,
9878,,,1037901017,AE2103,9879,
9879,,,1037901018,AE2103,9880,
9880,,,1037901019,AE2103,9881,
9881,,,1037901020,AE2103,9882,
9882,,,1037901021,AE2103,9883,
9883,,,1037901022,AE2103,9884,
9884,,,1037901023,AE2103,9885,
9885,,,1037901024,AE2103,9886,
9886,,,1037901101,AE2103,9887,
9887,,,1037901102,AE2103,9888,
9888,,,1037901103,AE2103,9889,
9889,,,1037901104,AE2103,9890,
9890,,,1037901105,AE2103,9891,
9891,,,1037901106,AE2103,9892,
9892,,,1037901107,AE2103,9893,
9893,,,1037901108,AE2103,9894,
9894,,,1037901109,AE2103,9895,
9895,,,1037901110,AE2103,9896,
9896,,,1037901111,AE2103,9897,
9897,,,1037901112,AE2103,9898,
9898,,,1037901113,AE2103,9899,
9899,,,1037901114,AE2103,9900,
9900,,,1037901115,AE2103,9901,
9901,,,1037901116,AE2103,9902,
9902,,,1037901117,AE2103,9903,
9903,,,1037901118,AE2103,9904,
9904,,,1037901119,AE2103,9905,
9905,,,1037901120,AE2103,9906,
9906,,,1037901121,AE2103,9907,
9907,,,1037901122,AE2103,9908,
9908,,,1037901123,AE2103,9909,
9909,,,1037901124,AE2103,9910,
9910,V1V2_dada2_read_info_03052026.xlsx,V4_dada2_read_info_03052026.xlsx,1037901401,AE2103,9911,
9911,,,1037901402,AE2103,9912,
9912,,,1037901403,AE2103,9913,
9913,V1V2_dada2_read_info_03052026.xlsx,V4_dada2_read_info_03052026.xlsx,1037901404,AE2103,9914,
9914,,,1037901405,AE2103,9915,
9915,V1V2_dada2_read_info_03052026.xlsx,V4_dada2_read_info_03052026.xlsx,1037901406,AE2103,9916,
9916,,,1037901407,AE2103,9917,
9917,V1V2_dada2_read_info_03052026.xlsx,V4_dada2_read_info_03052026.xlsx,1037901408,AE2103,9918,
9918,,,1037901409,AE2103,9919,
9919,V1V2_dada2_read_info_03052026.xlsx,V4_dada2_read_info_03052026.xlsx,1037901410,AE2103,9920,
9920,V1V2_dada2_read_info_03052026.xlsx,V4_dada2_read_info_03052026.xlsx,1037901411,AE2103,9921,
9921,,,1037901412,AE2103,9922,
9922,V1V2_dada2_read_info_03052026.xlsx,V4_dada2_read_info_03052026.xlsx,1037901413,AE2103,9923,
9923,,,1037901414,AE2103,9924,
9924,V1V2_dada2_read_info_03052026.xlsx,V4_dada2_read_info_03052026.xlsx,1037901415,AE2103,9925,
9925,,,1037901416,AE2103,9926,
9926,,,1037901417,AE2103,9927,
9927,V1V2_dada2_read_info_03052026.xlsx,V4_dada2_read_info_03052026.xlsx,1037901418,AE2103,9928,
9928,V1V2_dada2_read_info_03052026.xlsx,V4_dada2_read_info_03052026.xlsx,1037901419,AE2103,9929,
9929,,,1037901420,AE2103,9930,
9930,V1V2_dada2_read_info_03052026.xlsx,V4_dada2_read_info_03052026.xlsx,1037901421,AE2103,9931,
9931,,,1037901422,AE2103,9932,
9932,V1V2_dada2_read_info_03052026.xlsx,V4_dada2_read_info_03052026.xlsx,1037901423,AE2103,9933,
9933,,,1037901424,AE2103,9934,
9934,,,1038100301,AE2109,9935,
9935,,,1038100302,AE2109,9936,
9936,,,1038100303,AE2109,9937,
9937,,,1038100304,AE2109,9938,
9938,,,1038100305,AE2109,9939,
9939,,,1038100306,AE2109,9940,
9940,,,1038100307,AE2109,9941,
9941,,,1038100308,AE2109,9942,
9942,,,1038100309,AE2109,9943,
9943,,,1038100310,AE2109,9944,
9944,,,1038100311,AE2109,9945,
9945,,,1038100312,AE2109,9946,
9946,,,1038100313,AE2109,9947,
9947,,,1038100314,AE2109,9948,
9948,,,1038100315,AE2109,9949,
9949,,,1038100316,AE2109,9950,
9950,,,1038100317,AE2109,9951,
9951,,,1038100318,AE2109,9952,
9952,,,1038100319,AE2109,9953,
9953,,,1038100320,AE2109,9954,
9954,,,1038100321,AE2109,9955,
9955,,,1038100322,AE2109,9956,
9956,,,1038100323,AE2109,9957,
9957,,,1038100324,AE2109,9958,
9958,,,1038100901,AE2109,9959,
9959,,,1038100902,AE2109,9960,
9960,,,1038100903,AE2109,9961,
9961,,,1038100904,AE2109,9962,
9962,,,1038100905,AE2109,9963,
9963,,,1038100906,AE2109,9964,
9964,,,1038100907,AE2109,9965,
9965,,,1038100908,AE2109,9966,
9966,,,1038100909,AE2109,9967,
9967,,,1038100910,AE2109,9968,
9968,,,1038100911,AE2109,9969,
9969,,,1038100912,AE2109,9970,
9970,,,1038100913,AE2109,9971,
9971,,,1038100914,AE2109,9972,
9972,,,1038100915,AE2109,9973,
9973,,,1038100916,AE2109,9974,
9974,,,1038101101,AE2109,9975,
9975,,,1038101102,AE2109,9976,
9976,,,1038101103,AE2109,9977,
9977,,,1038101104,AE2109,9978,
9978,,,1038101105,AE2109,9979,
9979,,,1038101106,AE2109,9980,
9980,,,1038101107,AE2109,9981,
9981,,,1038101108,AE2109,9982,
9982,,,1038101109,AE2109,9983,
9983,,,1038101110,AE2109,9984,
9984,,,1038101111,AE2109,9985,
9985,,,1038101112,AE2109,9986,
9986,,,1038101113,AE2109,9987,
9987,,,1038101114,AE2109,9988,
9988,,,1038101115,AE2109,9989,
9989,,,1038101116,AE2109,9990,
9990,,,1038101117,AE2109,9991,
9991,,,1038101118,AE2109,9992,
9992,,,1038101119,AE2109,9993,
9993,,,1038101120,AE2109,9994,
9994,,,1038101121,AE2109,9995,
9995,,,1038101122,AE2109,9996,
9996,,,1038101123,AE2109,9997,
9997,,,1038101124,AE2109,9998,
9998,,,1038101201,AE2109,9999,
9999,,,1038101202,AE2109,10000,
10000,,,1038101203,AE2109,10001,
10001,,,1038101204,AE2109,10002,
10002,,,1038101205,AE2109,10003,
10003,,,1038101206,AE2109,10004,
10004,,,1038101207,AE2109,10005,
10005,,,1038101208,AE2109,10006,
10006,,,1038101209,AE2109,10007,
10007,,,1038101210,AE2109,10008,
10008,,,1038101211,AE2109,10009,
10009,,,1038101212,AE2109,10010,
10010,,,1038101213,AE2109,10011,
10011,,,1038101214,AE2109,10012,
10012,,,1038101215,AE2109,10013,
10013,,,1038101216,AE2109,10014,
10014,,,1038101217,AE2109,10015,
10015,,,1038101218,AE2109,10016,
10016,,,1038101219,AE2109,10017,
10017,,,1038101220,AE2109,10018,
10018,,,1038101221,AE2109,10019,
10019,,,1038101222,AE2109,10020,
10020,,,1038101223,AE2109,10021,
10021,,,1038101224,AE2109,10022,
10022,,,1038101301,AE2109,10023,
10023,,,1038101302,AE2109,10024,
10024,,,1038101303,AE2109,10025,
10025,,,1038101304,AE2109,10026,
10026,,,1038101305,AE2109,10027,
10027,,,1038101306,AE2109,10028,
10028,,,1038101307,AE2109,10029,
10029,,,1038101308,AE2109,10030,
10030,,,1038101309,AE2109,10031,
10031,,,1038101310,AE2109,10032,
10032,,,1038101311,AE2109,10033,
10033,,,1038101312,AE2109,10034,
10034,,,1038101313,AE2109,10035,
10035,,,1038101314,AE2109,10036,
10036,,,1038101315,AE2109,10037,
10037,,,1038101316,AE2109,10038,
10038,,,1038101317,AE2109,10039,
10039,,,1038101318,AE2109,10040,
10040,,,1038101319,AE2109,10041,
10041,,,1038101320,AE2109,10042,
10042,,,1038101321,AE2109,10043,
10043,,,1038101322,AE2109,10044,
10044,,,1038101323,AE2109,10045,
10045,,,1038101324,AE2109,10046,
10046,,,1038101501,AE2109,10047,
10047,,,1038101502,AE2109,10048,
10048,,,1038101503,AE2109,10049,
10049,,,1038101504,AE2109,10050,
10050,,,1038101505,AE2109,10051,
10051,,,1038101506,AE2109,10052,
10052,,,1038101507,AE2109,10053,
10053,,,1038101508,AE2109,10054,
10054,,,1038101509,AE2109,10055,
10055,,,1038101510,AE2109,10056,
10056,,,1038101511,AE2109,10057,
10057,,,1038101512,AE2109,10058,
10058,,,1038101513,AE2109,10059,
10059,,,1038101514,AE2109,10060,
10060,,,1038101515,AE2109,10061,
10061,,,1038101516,AE2109,10062,
10062,,,1038101517,AE2109,10063,
10063,,,1038101518,AE2109,10064,
10064,,,1038101519,AE2109,10065,
10065,,,1038101520,AE2109,10066,
10066,,,1038101521,AE2109,10067,
10067,,,1038101522,AE2109,10068,
10068,,,1038101523,AE2109,10069,
10069,,,1038101524,AE2109,10070,
10070,,,1038102101,AE2109,10071,
10071,,,1038102102,AE2109,10072,
10072,,,1038102103,AE2109,10073,
10073,,,1038102104,AE2109,10074,
10074,,,1038102105,AE2109,10075,
10075,,,1038102106,AE2109,10076,
10076,,,1038102107,AE2109,10077,
10077,,,1038102108,AE2109,10078,
10078,,,1038102109,AE2109,10079,
10079,,,1038102110,AE2109,10080,
10080,,,1038102111,AE2109,10081,
10081,,,1038102112,AE2109,10082,
10082,,,1038102113,AE2109,10083,
10083,,,1038102114,AE2109,10084,
10084,,,1038102115,AE2109,10085,
10085,,,1038102116,AE2109,10086,
10086,,,1038102117,AE2109,10087,
10087,,,1038102118,AE2109,10088,
10088,,,1038102119,AE2109,10089,
10089,,,1038102120,AE2109,10090,
10090,,,1038102121,AE2109,10091,
10091,,,1038102122,AE2109,10092,
10092,,,1038102123,AE2109,10093,
10093,,,1038102124,AE2109,10094,
10094,,,1038200101,AE2110,10095,
10095,,,1038200102,AE2110,10096,
10096,,,1038200103,AE2110,10097,
10097,,,1038200104,AE2110,10098,
10098,,,1038200105,AE2110,10099,
10099,,,1038200106,AE2110,10100,
10100,,,1038200107,AE2110,10101,
10101,,,1038200108,AE2110,10102,
10102,,,1038200109,AE2110,10103,
10103,,,1038200110,AE2110,10104,
10104,,,1038200111,AE2110,10105,
10105,,,1038200112,AE2110,10106,
10106,,,1038200113,AE2110,10107,
10107,,,1038200114,AE2110,10108,
10108,,,1038200201,AE2110,10109,
10109,,,1038200202,AE2110,10110,
10110,,,1038200203,AE2110,10111,
10111,,,1038200204,AE2110,10112,
10112,,,1038200205,AE2110,10113,
10113,,,1038200206,AE2110,10114,
10114,,,1038200207,AE2110,10115,
10115,,,1038200208,AE2110,10116,
10116,,,1038200209,AE2110,10117,
10117,,,1038200210,AE2110,10118,
10118,,,1038200211,AE2110,10119,
10119,,,1038200212,AE2110,10120,
10120,,,1038200213,AE2110,10121,
10121,,,1038200214,AE2110,10122,
10122,,,1038200215,AE2110,10123,
10123,,,1038200216,AE2110,10124,
10124,,,1038200217,AE2110,10125,
10125,,,1038200218,AE2110,10126,
10126,,,1038200219,AE2110,10127,
10127,,,1038200220,AE2110,10128,
10128,,,1038200221,AE2110,10129,
10129,,,1038200222,AE2110,10130,
10130,,,1038200223,AE2110,10131,
10131,,,1038200224,AE2110,10132,
10132,,,1038200401,AE2110,10133,
10133,,,1038200402,AE2110,10134,
10134,,,1038200403,AE2110,10135,
10135,,,1038200404,AE2110,10136,
10136,,,1038200405,AE2110,10137,
10137,,,1038200406,AE2110,10138,
10138,,,1038200407,AE2110,10139,
10139,,,1038200408,AE2110,10140,
10140,,,1038200409,AE2110,10141,
10141,,,1038200410,AE2110,10142,
10142,,,1038200411,AE2110,10143,
10143,,,1038200412,AE2110,10144,
10144,,,1038200413,AE2110,10145,
10145,,,1038200414,AE2110,10146,
10146,,,1038200415,AE2110,10147,
10147,,,1038200416,AE2110,10148,
10148,,,1038200601,AE2110,10149,
10149,,,1038200602,AE2110,10150,
10150,,,1038200603,AE2110,10151,
10151,,,1038200604,AE2110,10152,
10152,,,1038200605,AE2110,10153,
10153,,,1038200606,AE2110,10154,
10154,,,1038200607,AE2110,10155,
10155,,,1038200608,AE2110,10156,
10156,,,1038200609,AE2110,10157,
10157,,,1038200610,AE2110,10158,
10158,,,1038200611,AE2110,10159,
10159,,,1038200612,AE2110,10160,
10160,,,1038200613,AE2110,10161,
10161,,,1038200614,AE2110,10162,
10162,,,1038200615,AE2110,10163,
10163,,,1038200616,AE2110,10164,
10164,,,1038200617,AE2110,10165,
10165,,,1038200618,AE2110,10166,
10166,,,1038200619,AE2110,10167,
10167,,,1038200620,AE2110,10168,
10168,,,1038200621,AE2110,10169,
10169,,,1038200622,AE2110,10170,
10170,,,1038200623,AE2110,10171,
10171,,,1038200624,AE2110,10172,
10172,,,1038200701,AE2110,10173,
10173,,,1038200702,AE2110,10174,
10174,,,1038200703,AE2110,10175,
10175,,,1038200704,AE2110,10176,
10176,,,1038200705,AE2110,10177,
10177,,,1038200706,AE2110,10178,
10178,,,1038200707,AE2110,10179,
10179,,,1038200708,AE2110,10180,
10180,,,1038200709,AE2110,10181,
10181,,,1038200710,AE2110,10182,
10182,,,1038200711,AE2110,10183,
10183,,,1038200712,AE2110,10184,
10184,,,1038200713,AE2110,10185,
10185,,,1038200714,AE2110,10186,
10186,,,1038200715,AE2110,10187,
10187,,,1038200716,AE2110,10188,
10188,,,1038200717,AE2110,10189,
10189,,,1038200718,AE2110,10190,
10190,,,1038200719,AE2110,10191,
10191,,,1038200720,AE2110,10192,
10192,,,1038200721,AE2110,10193,
10193,,,1038200722,AE2110,10194,
10194,,,1038200723,AE2110,10195,
10195,,,1038200724,AE2110,10196,
10196,,,1038200801,AE2110,10197,
10197,,,1038200802,AE2110,10198,
10198,,,1038200803,AE2110,10199,
10199,,,1038200804,AE2110,10200,
10200,,,1038200805,AE2110,10201,
10201,,,1038200806,AE2110,10202,
10202,,,1038200807,AE2110,10203,
10203,,,1038200808,AE2110,10204,
10204,,,1038200809,AE2110,10205,
10205,,,1038200810,AE2110,10206,
10206,,,1038200811,AE2110,10207,
10207,,,1038200812,AE2110,10208,
10208,,,1038200813,AE2110,10209,
10209,,,1038200814,AE2110,10210,
10210,,,1038200815,AE2110,10211,
10211,,,1038200816,AE2110,10212,
10212,,,1038200817,AE2110,10213,
10213,,,1038200818,AE2110,10214,
10214,,,1038200819,AE2110,10215,
10215,,,1038200820,AE2110,10216,
10216,,,1038200821,AE2110,10217,
10217,,,1038200822,AE2110,10218,
10218,,,1038200823,AE2110,10219,
10219,,,1038200824,AE2110,10220,
10220,,,1038201101,AE2110,10221,
10221,,,1038201102,AE2110,10222,
10222,,,1038201103,AE2110,10223,
10223,,,1038201104,AE2110,10224,
10224,,,1038201105,AE2110,10225,
10225,,,1038201106,AE2110,10226,
10226,,,1038201107,AE2110,10227,
10227,,,1038201108,AE2110,10228,
10228,,,1038201109,AE2110,10229,
10229,,,1038201110,AE2110,10230,
10230,,,1038201111,AE2110,10231,
10231,,,1038201112,AE2110,10232,
10232,,,1038201113,AE2110,10233,
10233,,,1038201114,AE2110,10234,
10234,,,1038201115,AE2110,10235,
10235,,,1038201116,AE2110,10236,
10236,,,1038201117,AE2110,10237,
10237,,,1038201118,AE2110,10238,
10238,,,1038201119,AE2110,10239,
10239,,,1038201120,AE2110,10240,
10240,,,1038201121,AE2110,10241,
10241,,,1038201122,AE2110,10242,
10242,,,1038201123,AE2110,10243,
10243,,,1038201124,AE2110,10244,
10244,,,1038201201,AE2110,10245,
10245,,,1038201202,AE2110,10246,
10246,,,1038201203,AE2110,10247,
10247,,,1038201204,AE2110,10248,
10248,,,1038201205,AE2110,10249,
10249,,,1038201206,AE2110,10250,
10250,,,1038201207,AE2110,10251,
10251,,,1038201208,AE2110,10252,
10252,,,1038201209,AE2110,10253,
10253,,,1038201210,AE2110,10254,
10254,,,1038201211,AE2110,10255,
10255,,,1038201212,AE2110,10256,
10256,,,1038201213,AE2110,10257,
10257,,,1038201214,AE2110,10258,
10258,,,1038201215,AE2110,10259,
10259,,,1038201216,AE2110,10260,
10260,,,1038201217,AE2110,10261,
10261,,,1038201218,AE2110,10262,
10262,,,1038300101,AE2112,10263,
10263,,,1038300102,AE2112,10264,
10264,,,1038300103,AE2112,10265,
10265,,,1038300104,AE2112,10266,
10266,,,1038300105,AE2112,10267,
10267,,,1038300106,AE2112,10268,
10268,,,1038300107,AE2112,10269,
10269,,,1038300108,AE2112,10270,
10270,,,1038300109,AE2112,10271,
10271,,,1038300110,AE2112,10272,
10272,,,1038300111,AE2112,10273,
10273,,,1038300112,AE2112,10274,
10274,,,1038300113,AE2112,10275,
10275,,,1038300114,AE2112,10276,
10276,,,1038300501,AE2112,10277,
10277,,,1038300502,AE2112,10278,
10278,,,1038300503,AE2112,10279,
10279,,,1038300504,AE2112,10280,
10280,,,1038300505,AE2112,10281,
10281,,,1038300506,AE2112,10282,
10282,,,1038300507,AE2112,10283,
10283,,,1038300508,AE2112,10284,
10284,,,1038300509,AE2112,10285,
10285,,,1038300510,AE2112,10286,
10286,,,1038300511,AE2112,10287,
10287,,,1038300512,AE2112,10288,
10288,,,1038300513,AE2112,10289,
10289,,,1038300514,AE2112,10290,
10290,,,1038300515,AE2112,10291,
10291,,,1038300516,AE2112,10292,
10292,,,1038300517,AE2112,10293,
10293,,,1038300518,AE2112,10294,
10294,,,1038300519,AE2112,10295,
10295,,,1038300520,AE2112,10296,
10296,,,1038300521,AE2112,10297,
10297,,,1038300522,AE2112,10298,
10298,,,1038300523,AE2112,10299,
10299,,,1038300524,AE2112,10300,
10300,,,1038300701,AE2112,10301,
10301,,,1038300702,AE2112,10302,
10302,,,1038300703,AE2112,10303,
10303,,,1038300704,AE2112,10304,
10304,,,1038300705,AE2112,10305,
10305,,,1038300706,AE2112,10306,
10306,,,1038300707,AE2112,10307,
10307,,,1038300708,AE2112,10308,
10308,,,1038300709,AE2112,10309,
10309,,,1038300710,AE2112,10310,
10310,,,1038300711,AE2112,10311,
10311,,,1038300712,AE2112,10312,
10312,,,1038300713,AE2112,10313,
10313,,,1038300714,AE2112,10314,
10314,,,1038300715,AE2112,10315,
10315,,,1038300716,AE2112,10316,
10316,,,1038300901,AE2112,10317,
10317,,,1038300902,AE2112,10318,
10318,,,1038300903,AE2112,10319,
10319,,,1038300904,AE2112,10320,
10320,,,1038300905,AE2112,10321,
10321,,,1038300906,AE2112,10322,
10322,,,1038300907,AE2112,10323,
10323,,,1038300908,AE2112,10324,
10324,,,1038300909,AE2112,10325,
10325,,,1038300910,AE2112,10326,
10326,,,1038300911,AE2112,10327,
10327,,,1038300912,AE2112,10328,
10328,,,1038300913,AE2112,10329,
10329,,,1038300914,AE2112,10330,
10330,,,1038300915,AE2112,10331,
10331,,,1038300916,AE2112,10332,
10332,,,1038300917,AE2112,10333,
10333,,,1038300918,AE2112,10334,
10334,,,1038300919,AE2112,10335,
10335,,,1038300920,AE2112,10336,
10336,,,1038300921,AE2112,10337,
10337,,,1038300922,AE2112,10338,
10338,,,1038300923,AE2112,10339,
10339,,,1038300924,AE2112,10340,
10340,,,1038301001,AE2112,10341,
10341,,,1038301002,AE2112,10342,
10342,,,1038301003,AE2112,10343,
10343,,,1038301004,AE2112,10344,
10344,,,1038301005,AE2112,10345,
10345,,,1038301006,AE2112,10346,
10346,,,1038301007,AE2112,10347,
10347,,,1038301008,AE2112,10348,
10348,,,1038301009,AE2112,10349,
10349,,,1038301010,AE2112,10350,
10350,,,1038301011,AE2112,10351,
10351,,,1038301012,AE2112,10352,
10352,,,1038301013,AE2112,10353,
10353,,,1038301014,AE2112,10354,
10354,,,1038301015,AE2112,10355,
10355,,,1038301016,AE2112,10356,
10356,,,1038301017,AE2112,10357,
10357,,,1038301018,AE2112,10358,
10358,,,1038301019,AE2112,10359,
10359,,,1038301020,AE2112,10360,
10360,,,1038301021,AE2112,10361,
10361,,,1038301022,AE2112,10362,
10362,,,1038301023,AE2112,10363,
10363,,,1038301024,AE2112,10364,
10364,,,1038301101,AE2112,10365,
10365,,,1038301102,AE2112,10366,
10366,,,1038301103,AE2112,10367,
10367,,,1038301104,AE2112,10368,
10368,,,1038301105,AE2112,10369,
10369,,,1038301106,AE2112,10370,
10370,,,1038301107,AE2112,10371,
10371,,,1038301108,AE2112,10372,
10372,,,1038301109,AE2112,10373,
10373,,,1038301110,AE2112,10374,
10374,,,1038301111,AE2112,10375,
10375,,,1038301112,AE2112,10376,
10376,,,1038301113,AE2112,10377,
10377,,,1038301114,AE2112,10378,
10378,,,1038301115,AE2112,10379,
10379,,,1038301116,AE2112,10380,
10380,,,1038301117,AE2112,10381,
10381,,,1038301118,AE2112,10382,
10382,,,1038301119,AE2112,10383,
10383,,,1038301120,AE2112,10384,
10384,,,1038301121,AE2112,10385,
10385,,,1038301122,AE2112,10386,
10386,,,1038301123,AE2112,10387,
10387,,,1038301124,AE2112,10388,
10388,,,1038301301,AE2112,10389,
10389,,,1038301302,AE2112,10390,
10390,,,1038301303,AE2112,10391,
10391,,,1038301304,AE2112,10392,
10392,,,1038301305,AE2112,10393,
10393,,,1038301306,AE2112,10394,
10394,,,1038301307,AE2112,10395,
10395,,,1038301308,AE2112,10396,
10396,,,1038301309,AE2112,10397,
10397,,,1038301310,AE2112,10398,
10398,,,1038301311,AE2112,10399,
10399,,,1038301312,AE2112,10400,
10400,,,1038301313,AE2112,10401,
10401,,,1038301314,AE2112,10402,
10402,,,1038301315,AE2112,10403,
10403,,,1038301316,AE2112,10404,
10404,,,1038301317,AE2112,10405,
10405,,,1038301318,AE2112,10406,
10406,,,1038301319,AE2112,10407,
10407,,,1038301320,AE2112,10408,
10408,,,1038301321,AE2112,10409,
10409,,,1038301322,AE2112,10410,
10410,,,1038301323,AE2112,10411,
10411,,,1038301324,AE2112,10412,
10412,,,1038401001,AE2116,10413,
10413,,,1038401002,AE2116,10414,
10414,,,1038401003,AE2116,10415,
10415,,,1038401004,AE2116,10416,
10416,,,1038401005,AE2116,10417,
10417,,,1038401006,AE2116,10418,
10418,,,1038401007,AE2116,10419,
10419,,,1038401008,AE2116,10420,
10420,,,1038401009,AE2116,10421,
10421,,,1038401010,AE2116,10422,
10422,,,1038401011,AE2116,10423,
10423,,,1038401012,AE2116,10424,
10424,,,1038401013,AE2116,10425,
10425,,,1038401014,AE2116,10426,
10426,,,1038401015,AE2116,10427,
10427,,,1038401016,AE2116,10428,
10428,,,1038401017,AE2116,10429,
10429,,,1038401018,AE2116,10430,
10430,,,1038401019,AE2116,10431,
10431,,,1038401020,AE2116,10432,
10432,,,1038401021,AE2116,10433,
10433,,,1038401022,AE2116,10434,
10434,,,1038401023,AE2116,10435,
10435,,,1038401024,AE2116,10436,
10436,,,1038401101,AE2116,10437,
10437,,,1038401102,AE2116,10438,
10438,,,1038401103,AE2116,10439,
10439,,,1038401104,AE2116,10440,
10440,,,1038401105,AE2116,10441,
10441,,,1038401106,AE2116,10442,
10442,,,1038401107,AE2116,10443,
10443,,,1038401108,AE2116,10444,
10444,,,1038401109,AE2116,10445,
10445,,,1038401110,AE2116,10446,
10446,,,1038401111,AE2116,10447,
10447,,,1038401112,AE2116,10448,
10448,,,1038401113,AE2116,10449,
10449,,,1038401114,AE2116,10450,
10450,,,1038401115,AE2116,10451,
10451,,,1038401116,AE2116,10452,
10452,,,1038401117,AE2116,10453,
10453,,,1038401118,AE2116,10454,
10454,,,1038401119,AE2116,10455,
10455,,,1038401120,AE2116,10456,
10456,,,1038401121,AE2116,10457,
10457,,,1038401122,AE2116,10458,
10458,,,1038401123,AE2116,10459,
10459,,,1038401124,AE2116,10460,
10460,,,1038401301,AE2116,10461,
10461,,,1038401302,AE2116,10462,
10462,,,1038401303,AE2116,10463,
10463,,,1038401304,AE2116,10464,
10464,,,1038401305,AE2116,10465,
10465,,,1038401306,AE2116,10466,
10466,,,1038401307,AE2116,10467,
10467,,,1038401308,AE2116,10468,
10468,,,1038401309,AE2116,10469,
10469,,,1038401310,AE2116,10470,
10470,,,1038401311,AE2116,10471,
10471,,,1038401312,AE2116,10472,
10472,,,1038401313,AE2116,10473,
10473,,,1038401314,AE2116,10474,
10474,,,1038401315,AE2116,10475,
10475,,,1038401316,AE2116,10476,
10476,,,1038401401,AE2116,10477,
10477,,,1038401402,AE2116,10478,
10478,,,1038401403,AE2116,10479,
10479,,,1038401404,AE2116,10480,
10480,,,1038401405,AE2116,10481,
10481,,,1038401406,AE2116,10482,
10482,,,1038401407,AE2116,10483,
10483,,,1038401408,AE2116,10484,
10484,,,1038401409,AE2116,10485,
10485,,,1038401410,AE2116,10486,
10486,,,1038401411,AE2116,10487,
10487,,,1038401412,AE2116,10488,
10488,,,1038401413,AE2116,10489,
10489,,,1038401414,AE2116,10490,
10490,,,1038401415,AE2116,10491,
10491,,,1038401416,AE2116,10492,
10492,,,1038401417,AE2116,10493,
10493,,,1038401418,AE2116,10494,
10494,,,1038401419,AE2116,10495,
10495,,,1038401420,AE2116,10496,
10496,,,1038401421,AE2116,10497,
10497,,,1038401422,AE2116,10498,
10498,,,1038401423,AE2116,10499,
10499,,,1038401424,AE2116,10500,
10500,,,1038401501,AE2116,10501,
10501,,,1038401502,AE2116,10502,
10502,,,1038401503,AE2116,10503,
10503,,,1038401504,AE2116,10504,
10504,,,1038401505,AE2116,10505,
10505,,,1038401506,AE2116,10506,
10506,,,1038401507,AE2116,10507,
10507,,,1038401508,AE2116,10508,
10508,,,1038401509,AE2116,10509,
10509,,,1038401510,AE2116,10510,
10510,,,1038401511,AE2116,10511,
10511,,,1038401512,AE2116,10512,
10512,,,1038401513,AE2116,10513,
10513,,,1038401514,AE2116,10514,
10514,,,1038401515,AE2116,10515,
10515,,,1038401516,AE2116,10516,
10516,,,1038401517,AE2116,10517,
10517,,,1038401518,AE2116,10518,
10518,,,1038401519,AE2116,10519,
10519,,,1038401520,AE2116,10520,
10520,,,1038401521,AE2116,10521,
10521,,,1038401522,AE2116,10522,
10522,,,1038401523,AE2116,10523,
10523,,,1038401524,AE2116,10524,
10524,,,1038401601,AE2116,10525,
10525,,,1038401602,AE2116,10526,
10526,,,1038401603,AE2116,10527,
10527,,,1038401604,AE2116,10528,
10528,,,1038401605,AE2116,10529,
10529,,,1038401606,AE2116,10530,
10530,,,1038401607,AE2116,10531,
10531,,,1038401608,AE2116,10532,
10532,,,1038401609,AE2116,10533,
10533,,,1038401610,AE2116,10534,
10534,,,1038401611,AE2116,10535,
10535,,,1038401612,AE2116,10536,
10536,,,1038401613,AE2116,10537,
10537,,,1038401614,AE2116,10538,
10538,,,1038401615,AE2116,10539,
10539,,,1038401616,AE2116,10540,
10540,,,1038401617,AE2116,10541,
10541,,,1038401618,AE2116,10542,
10542,,,1038401619,AE2116,10543,
10543,,,1038401620,AE2116,10544,
10544,,,1038401621,AE2116,10545,
10545,,,1038401622,AE2116,10546,
10546,,,1038401623,AE2116,10547,
10547,,,1038401624,AE2116,10548,
10548,,,1038500401,AE2117,10549,
10549,,,1038500402,AE2117,10550,
10550,,,1038500403,AE2117,10551,
10551,,,1038500404,AE2117,10552,
10552,,,1038500405,AE2117,10553,
10553,,,1038500406,AE2117,10554,
10554,,,1038500407,AE2117,10555,
10555,,,1038500408,AE2117,10556,
10556,,,1038500409,AE2117,10557,
10557,,,1038500410,AE2117,10558,
10558,,,1038500411,AE2117,10559,
10559,,,1038500412,AE2117,10560,
10560,,,1038500413,AE2117,10561,
10561,,,1038500414,AE2117,10562,
10562,,,1038500415,AE2117,10563,
10563,,,1038500416,AE2117,10564,
10564,,,1038500417,AE2117,10565,
10565,,,1038500418,AE2117,10566,
10566,,,1038500419,AE2117,10567,
10567,,,1038500420,AE2117,10568,
10568,,,1038500421,AE2117,10569,
10569,,,1038500422,AE2117,10570,
10570,,,1038500423,AE2117,10571,
10571,,,1038500424,AE2117,10572,
10572,,,1038500501,AE2117,10573,
10573,,,1038500502,AE2117,10574,
10574,,,1038500503,AE2117,10575,
10575,,,1038500504,AE2117,10576,
10576,,,1038500505,AE2117,10577,
10577,,,1038500506,AE2117,10578,
10578,,,1038500507,AE2117,10579,
10579,,,1038500508,AE2117,10580,
10580,,,1038500509,AE2117,10581,
10581,,,1038500510,AE2117,10582,
10582,,,1038500511,AE2117,10583,
10583,,,1038500512,AE2117,10584,
10584,,,1038500513,AE2117,10585,
10585,,,1038500514,AE2117,10586,
10586,,,1038500515,AE2117,10587,
10587,,,1038500516,AE2117,10588,
10588,,,1038500601,AE2117,10589,
10589,,,1038500602,AE2117,10590,
10590,,,1038500603,AE2117,10591,
10591,,,1038500604,AE2117,10592,
10592,,,1038500605,AE2117,10593,
10593,,,1038500606,AE2117,10594,
10594,,,1038500607,AE2117,10595,
10595,,,1038500608,AE2117,10596,
10596,,,1038500609,AE2117,10597,
10597,,,1038500610,AE2117,10598,
10598,,,1038500611,AE2117,10599,
10599,,,1038500612,AE2117,10600,
10600,,,1038500613,AE2117,10601,
10601,,,1038500614,AE2117,10602,
10602,,,1038500615,AE2117,10603,
10603,,,1038500616,AE2117,10604,
10604,,,1038500617,AE2117,10605,
10605,,,1038500618,AE2117,10606,
10606,,,1038500619,AE2117,10607,
10607,,,1038500620,AE2117,10608,
10608,,,1038500621,AE2117,10609,
10609,,,1038500622,AE2117,10610,
10610,,,1038500623,AE2117,10611,
10611,,,1038500624,AE2117,10612,
10612,,,1038500701,AE2117,10613,
10613,,,1038500702,AE2117,10614,
10614,,,1038500703,AE2117,10615,
10615,,,1038500704,AE2117,10616,
10616,,,1038500705,AE2117,10617,
10617,,,1038500706,AE2117,10618,
10618,,,1038500707,AE2117,10619,
10619,,,1038500708,AE2117,10620,
10620,,,1038500709,AE2117,10621,
10621,,,1038500710,AE2117,10622,
10622,,,1038500711,AE2117,10623,
10623,,,1038500712,AE2117,10624,
10624,,,1038500713,AE2117,10625,
10625,,,1038500714,AE2117,10626,
10626,,,1038500715,AE2117,10627,
10627,,,1038500716,AE2117,10628,
10628,,,1038500717,AE2117,10629,
10629,,,1038500718,AE2117,10630,
10630,,,1038500719,AE2117,10631,
10631,,,1038500720,AE2117,10632,
10632,,,1038500721,AE2117,10633,
10633,,,1038500722,AE2117,10634,
10634,,,1038500723,AE2117,10635,
10635,,,1038500724,AE2117,10636,
10636,,,1038500801,AE2117,10637,
10637,,,1038500802,AE2117,10638,
10638,,,1038500803,AE2117,10639,
10639,,,1038500804,AE2117,10640,
10640,,,1038500805,AE2117,10641,
10641,,,1038500806,AE2117,10642,
10642,,,1038500807,AE2117,10643,
10643,,,1038500808,AE2117,10644,
10644,,,1038500809,AE2117,10645,
10645,,,1038500810,AE2117,10646,
10646,,,1038500811,AE2117,10647,
10647,,,1038500812,AE2117,10648,
10648,,,1038500813,AE2117,10649,
10649,,,1038500814,AE2117,10650,
10650,,,1038500815,AE2117,10651,
10651,,,1038500816,AE2117,10652,
10652,,,1038500817,AE2117,10653,
10653,,,1038500818,AE2117,10654,
10654,,,1038500819,AE2117,10655,
10655,,,1038500820,AE2117,10656,
10656,,,1038500821,AE2117,10657,
10657,,,1038500822,AE2117,10658,
10658,,,1038500823,AE2117,10659,
10659,,,1038500824,AE2117,10660,
10660,,,1038501901,AE2117,10661,
10661,,,1038501902,AE2117,10662,
10662,,,1038501903,AE2117,10663,
10663,,,1038501904,AE2117,10664,
10664,,,1038501905,AE2117,10665,
10665,,,1038501906,AE2117,10666,
10666,,,1038501907,AE2117,10667,
10667,,,1038501908,AE2117,10668,
10668,,,1038501909,AE2117,10669,
10669,,,1038501910,AE2117,10670,
10670,,,1038501911,AE2117,10671,
10671,,,1038501912,AE2117,10672,
10672,,,1038501913,AE2117,10673,
10673,,,1038501914,AE2117,10674,
10674,,,1038501915,AE2117,10675,
10675,,,1038501916,AE2117,10676,
10676,,,1038501917,AE2117,10677,
10677,,,1038501918,AE2117,10678,
10678,,,1038501919,AE2117,10679,
10679,,,1038501920,AE2117,10680,
10680,,,1038501921,AE2117,10681,
10681,,,1038501922,AE2117,10682,
10682,,,1038501923,AE2117,10683,
10683,,,1038501924,AE2117,10684,
10684,,,1038502001,AE2117,10685,
10685,,,1038502002,AE2117,10686,
10686,,,1038502003,AE2117,10687,
10687,,,1038502004,AE2117,10688,
10688,,,1038502005,AE2117,10689,
10689,,,1038502006,AE2117,10690,
10690,,,1038502007,AE2117,10691,
10691,,,1038502008,AE2117,10692,
10692,,,1038502009,AE2117,10693,
10693,,,1038502010,AE2117,10694,
10694,,,1038502011,AE2117,10695,
10695,,,1038502012,AE2117,10696,
10696,,,1038502013,AE2117,10697,
10697,,,1038502014,AE2117,10698,
10698,,,1038502015,AE2117,10699,
10699,,,1038600501,AE2119,10700,
10700,,,1038600502,AE2119,10701,
10701,,,1038600503,AE2119,10702,
10702,,,1038600504,AE2119,10703,
10703,,,1038600505,AE2119,10704,
10704,,,1038600506,AE2119,10705,
10705,,,1038600507,AE2119,10706,
10706,,,1038600508,AE2119,10707,
10707,,,1038600509,AE2119,10708,
10708,,,1038600510,AE2119,10709,
10709,,,1038600511,AE2119,10710,
10710,,,1038600512,AE2119,10711,
10711,,,1038600513,AE2119,10712,
10712,,,1038600514,AE2119,10713,
10713,,,1038600515,AE2119,10714,
10714,,,1038600516,AE2119,10715,
10715,,,1038600517,AE2119,10716,
10716,,,1038600518,AE2119,10717,
10717,,,1038600519,AE2119,10718,
10718,,,1038600520,AE2119,10719,
10719,,,1038600521,AE2119,10720,
10720,,,1038600522,AE2119,10721,
10721,,,1038600523,AE2119,10722,
10722,,,1038600524,AE2119,10723,
10723,,,1038600801,AE2119,10724,
10724,,,1038600802,AE2119,10725,
10725,,,1038600803,AE2119,10726,
10726,,,1038600804,AE2119,10727,
10727,,,1038600805,AE2119,10728,
10728,,,1038600806,AE2119,10729,
10729,,,1038600807,AE2119,10730,
10730,,,1038600808,AE2119,10731,
10731,,,1038600809,AE2119,10732,
10732,,,1038600810,AE2119,10733,
10733,,,1038600811,AE2119,10734,
10734,,,1038600812,AE2119,10735,
10735,,,1038600813,AE2119,10736,
10736,,,1038600814,AE2119,10737,
10737,,,1038600815,AE2119,10738,
10738,,,1038600816,AE2119,10739,
10739,,,1038600901,AE2119,10740,
10740,,,1038600902,AE2119,10741,
10741,,,1038600903,AE2119,10742,
10742,,,1038600904,AE2119,10743,
10743,,,1038600905,AE2119,10744,
10744,,,1038600906,AE2119,10745,
10745,,,1038600907,AE2119,10746,
10746,,,1038600908,AE2119,10747,
10747,,,1038600909,AE2119,10748,
10748,,,1038600910,AE2119,10749,
10749,,,1038600911,AE2119,10750,
10750,,,1038600912,AE2119,10751,
10751,,,1038600913,AE2119,10752,
10752,,,1038600914,AE2119,10753,
10753,,,1038600915,AE2119,10754,
10754,,,1038600916,AE2119,10755,
10755,,,1038600917,AE2119,10756,
10756,,,1038600918,AE2119,10757,
10757,,,1038600919,AE2119,10758,
10758,,,1038600920,AE2119,10759,
10759,,,1038600921,AE2119,10760,
10760,,,1038600922,AE2119,10761,
10761,,,1038600923,AE2119,10762,
10762,,,1038600924,AE2119,10763,
10763,,,1038601001,AE2119,10764,
10764,,,1038601002,AE2119,10765,
10765,,,1038601003,AE2119,10766,
10766,,,1038601004,AE2119,10767,
10767,,,1038601005,AE2119,10768,
10768,,,1038601006,AE2119,10769,
10769,,,1038601007,AE2119,10770,
10770,,,1038601008,AE2119,10771,
10771,,,1038601009,AE2119,10772,
10772,,,1038601010,AE2119,10773,
10773,,,1038601011,AE2119,10774,
10774,,,1038601012,AE2119,10775,
10775,,,1038601013,AE2119,10776,
10776,,,1038601014,AE2119,10777,
10777,,,1038601015,AE2119,10778,
10778,,,1038601016,AE2119,10779,
10779,,,1038601017,AE2119,10780,
10780,,,1038601018,AE2119,10781,
10781,,,1038601019,AE2119,10782,
10782,,,1038601020,AE2119,10783,
10783,,,1038601021,AE2119,10784,
10784,,,1038601022,AE2119,10785,
10785,,,1038601023,AE2119,10786,
10786,,,1038601024,AE2119,10787,
10787,,,1038601101,AE2119,10788,
10788,,,1038601102,AE2119,10789,
10789,,,1038601103,AE2119,10790,
10790,,,1038601104,AE2119,10791,
10791,,,1038601105,AE2119,10792,
10792,,,1038601106,AE2119,10793,
10793,,,1038601107,AE2119,10794,
10794,,,1038601108,AE2119,10795,
10795,,,1038601109,AE2119,10796,
10796,,,1038601110,AE2119,10797,
10797,,,1038601111,AE2119,10798,
10798,,,1038601112,AE2119,10799,
10799,,,1038601113,AE2119,10800,
10800,,,1038601114,AE2119,10801,
10801,,,1038601115,AE2119,10802,
10802,,,1038601116,AE2119,10803,
10803,,,1038601117,AE2119,10804,
10804,,,1038601118,AE2119,10805,
10805,,,1038601119,AE2119,10806,
10806,,,1038601120,AE2119,10807,
10807,,,1038601121,AE2119,10808,
10808,,,1038601122,AE2119,10809,
10809,,,1038601123,AE2119,10810,
10810,,,1038601124,AE2119,10811,
10811,,,1038601201,AE2119,10812,
10812,,,1038601202,AE2119,10813,
10813,,,1038601203,AE2119,10814,
10814,,,1038601204,AE2119,10815,
10815,,,1038601205,AE2119,10816,
10816,,,1038601206,AE2119,10817,
10817,,,1038601207,AE2119,10818,
10818,,,1038601208,AE2119,10819,
10819,,,1038601209,AE2119,10820,
10820,,,1038601210,AE2119,10821,
10821,,,1038601211,AE2119,10822,
10822,,,1038601212,AE2119,10823,
10823,,,1038601213,AE2119,10824,
10824,,,1038601214,AE2119,10825,
10825,,,1038601401,AE2119,10826,
10826,,,1038601402,AE2119,10827,
10827,,,1038601403,AE2119,10828,
10828,,,1038601404,AE2119,10829,
10829,,,1038601405,AE2119,10830,
10830,,,1038601406,AE2119,10831,
10831,,,1038601407,AE2119,10832,
10832,,,1038601408,AE2119,10833,
10833,,,1038601409,AE2119,10834,
10834,,,1038601410,AE2119,10835,
10835,,,1038601411,AE2119,10836,
10836,,,1038601412,AE2119,10837,
10837,,,1038601413,AE2119,10838,
10838,,,1038601414,AE2119,10839,
10839,,,1038601415,AE2119,10840,
10840,,,1038601416,AE2119,10841,
10841,,,1038601417,AE2119,10842,
10842,,,1038601418,AE2119,10843,
10843,,,1038601419,AE2119,10844,
10844,,,1038601420,AE2119,10845,
10845,,,1038601421,AE2119,10846,
10846,,,1038601422,AE2119,10847,
10847,,,1038601423,AE2119,10848,
10848,,,1038601424,AE2119,10849,
10849,,,1038700301,AE2124,10850,
10850,,,1038700302,AE2124,10851,
10851,,,1038700303,AE2124,10852,
10852,,,1038700304,AE2124,10853,
10853,,,1038700305,AE2124,10854,
10854,,,1038700306,AE2124,10855,
10855,,,1038700307,AE2124,10856,
10856,,,1038700308,AE2124,10857,
10857,,,1038700309,AE2124,10858,
10858,,,1038700310,AE2124,10859,
10859,,,1038700311,AE2124,10860,
10860,,,1038700312,AE2124,10861,
10861,,,1038700313,AE2124,10862,
10862,,,1038700314,AE2124,10863,
10863,,,1038700315,AE2124,10864,
10864,,,1038700316,AE2124,10865,
10865,,,1038700317,AE2124,10866,
10866,,,1038700318,AE2124,10867,
10867,,,1038700319,AE2124,10868,
10868,,,1038700320,AE2124,10869,
10869,,,1038700321,AE2124,10870,
10870,,,1038700322,AE2124,10871,
10871,,,1038700323,AE2124,10872,
10872,,,1038700324,AE2124,10873,
10873,,,1038700401,AE2124,10874,
10874,,,1038700402,AE2124,10875,
10875,,,1038700403,AE2124,10876,
10876,,,1038700404,AE2124,10877,
10877,,,1038700405,AE2124,10878,
10878,,,1038700406,AE2124,10879,
10879,,,1038700407,AE2124,10880,
10880,,,1038700408,AE2124,10881,
10881,,,1038700409,AE2124,10882,
10882,,,1038700410,AE2124,10883,
10883,,,1038700411,AE2124,10884,
10884,,,1038700412,AE2124,10885,
10885,,,1038700413,AE2124,10886,
10886,,,1038700414,AE2124,10887,
10887,,,1038700415,AE2124,10888,
10888,,,1038700416,AE2124,10889,
10889,,,1038700501,AE2124,10890,
10890,,,1038700502,AE2124,10891,
10891,,,1038700503,AE2124,10892,
10892,,,1038700504,AE2124,10893,
10893,,,1038700505,AE2124,10894,
10894,,,1038700506,AE2124,10895,
10895,,,1038700507,AE2124,10896,
10896,,,1038700508,AE2124,10897,
10897,,,1038700509,AE2124,10898,
10898,,,1038700510,AE2124,10899,
10899,,,1038700511,AE2124,10900,
10900,,,1038700512,AE2124,10901,
10901,,,1038700513,AE2124,10902,
10902,,,1038700514,AE2124,10903,
10903,,,1038700515,AE2124,10904,
10904,,,1038700516,AE2124,10905,
10905,,,1038700517,AE2124,10906,
10906,,,1038700518,AE2124,10907,
10907,,,1038700519,AE2124,10908,
10908,,,1038700520,AE2124,10909,
10909,,,1038700521,AE2124,10910,
10910,,,1038700522,AE2124,10911,
10911,,,1038700523,AE2124,10912,
10912,,,1038700524,AE2124,10913,
10913,,,1038700601,AE2124,10914,
10914,,,1038700602,AE2124,10915,
10915,,,1038700603,AE2124,10916,
10916,,,1038700604,AE2124,10917,
10917,,,1038700605,AE2124,10918,
10918,,,1038700606,AE2124,10919,
10919,,,1038700607,AE2124,10920,
10920,,,1038700608,AE2124,10921,
10921,,,1038700609,AE2124,10922,
10922,,,1038700610,AE2124,10923,
10923,,,1038700611,AE2124,10924,
10924,,,1038700612,AE2124,10925,
10925,,,1038700613,AE2124,10926,
10926,,,1038700614,AE2124,10927,
10927,,,1038700615,AE2124,10928,
10928,,,1038700616,AE2124,10929,
10929,,,1038700617,AE2124,10930,
10930,,,1038700618,AE2124,10931,
10931,,,1038700619,AE2124,10932,
10932,,,1038700620,AE2124,10933,
10933,,,1038700621,AE2124,10934,
10934,,,1038700622,AE2124,10935,
10935,,,1038700623,AE2124,10936,
10936,,,1038700624,AE2124,10937,
10937,,,1038700701,AE2124,10938,
10938,,,1038700702,AE2124,10939,
10939,,,1038700703,AE2124,10940,
10940,,,1038700704,AE2124,10941,
10941,,,1038700705,AE2124,10942,
10942,,,1038700706,AE2124,10943,
10943,,,1038700707,AE2124,10944,
10944,,,1038700708,AE2124,10945,
10945,,,1038700709,AE2124,10946,
10946,,,1038700710,AE2124,10947,
10947,,,1038700711,AE2124,10948,
10948,,,1038700712,AE2124,10949,
10949,,,1038700713,AE2124,10950,
10950,,,1038700714,AE2124,10951,
10951,,,1038700715,AE2124,10952,
10952,,,1038700716,AE2124,10953,
10953,,,1038700717,AE2124,10954,
10954,,,1038700718,AE2124,10955,
10955,,,1038700719,AE2124,10956,
10956,,,1038700720,AE2124,10957,
10957,,,1038700721,AE2124,10958,
10958,,,1038700722,AE2124,10959,
10959,,,1038700723,AE2124,10960,
10960,,,1038700724,AE2124,10961,
10961,,,1038702101,AE2124,10962,
10962,,,1038702102,AE2124,10963,
10963,,,1038702103,AE2124,10964,
10964,,,1038702104,AE2124,10965,
10965,,,1038702105,AE2124,10966,
10966,,,1038702106,AE2124,10967,
10967,,,1038702107,AE2124,10968,
10968,,,1038702108,AE2124,10969,
10969,,,1038702109,AE2124,10970,
10970,,,1038702110,AE2124,10971,
10971,,,1038702111,AE2124,10972,
10972,,,1038702112,AE2124,10973,
10973,,,1038702113,AE2124,10974,
10974,,,1038702114,AE2124,10975,
10975,,,1038702115,AE2124,10976,
10976,,,1038702116,AE2124,10977,
10977,,,1038702117,AE2124,10978,
10978,,,1038702118,AE2124,10979,
10979,,,1038702119,AE2124,10980,
10980,,,1038702120,AE2124,10981,
10981,,,1038702121,AE2124,10982,
10982,,,1038702122,AE2124,10983,
10983,,,1038702123,AE2124,10984,
10984,,,1038702124,AE2124,10985,
10985,,,1038800401,AE2126,10986,
10986,,,1038800402,AE2126,10987,
10987,,,1038800403,AE2126,10988,
10988,,,1038800404,AE2126,10989,
10989,,,1038800405,AE2126,10990,
10990,,,1038800406,AE2126,10991,
10991,,,1038800407,AE2126,10992,
10992,,,1038800408,AE2126,10993,
10993,,,1038800409,AE2126,10994,
10994,,,1038800410,AE2126,10995,
10995,,,1038800411,AE2126,10996,
10996,,,1038800412,AE2126,10997,
10997,,,1038800413,AE2126,10998,
10998,,,1038800414,AE2126,10999,
10999,,,1038800415,AE2126,11000,
11000,,,1038800416,AE2126,11001,
11001,,,1038800417,AE2126,11002,
11002,,,1038800418,AE2126,11003,
11003,,,1038800419,AE2126,11004,
11004,,,1038800420,AE2126,11005,
11005,,,1038800421,AE2126,11006,
11006,,,1038800422,AE2126,11007,
11007,,,1038800423,AE2126,11008,
11008,,,1038800424,AE2126,11009,
11009,,,1038801701,AE2126,11010,
11010,,,1038801702,AE2126,11011,
11011,,,1038801703,AE2126,11012,
11012,,,1038801704,AE2126,11013,
11013,,,1038801705,AE2126,11014,
11014,,,1038801706,AE2126,11015,
11015,,,1038801707,AE2126,11016,
11016,,,1038801708,AE2126,11017,
11017,,,1038801709,AE2126,11018,
11018,,,1038801710,AE2126,11019,
11019,,,1038801711,AE2126,11020,
11020,,,1038801712,AE2126,11021,
11021,,,1038801713,AE2126,11022,
11022,,,1038801714,AE2126,11023,
11023,,,1038801715,AE2126,11024,
11024,,,1038801716,AE2126,11025,
11025,,,1038801717,AE2126,11026,
11026,,,1038801718,AE2126,11027,
11027,,,1038801719,AE2126,11028,
11028,,,1038801720,AE2126,11029,
11029,,,1038801721,AE2126,11030,
11030,,,1038801722,AE2126,11031,
11031,,,1038801723,AE2126,11032,
11032,,,1038801724,AE2126,11033,
11033,,,1038801801,AE2126,11034,
11034,,,1038801802,AE2126,11035,
11035,,,1038801803,AE2126,11036,
11036,,,1038801804,AE2126,11037,
11037,,,1038801805,AE2126,11038,
11038,,,1038801806,AE2126,11039,
11039,,,1038801807,AE2126,11040,
11040,,,1038801808,AE2126,11041,
11041,,,1038801809,AE2126,11042,
11042,,,1038801810,AE2126,11043,
11043,,,1038801811,AE2126,11044,
11044,,,1038801812,AE2126,11045,
11045,,,1038801813,AE2126,11046,
11046,,,1038801814,AE2126,11047,
11047,,,1038801815,AE2126,11048,
11048,,,1038801816,AE2126,11049,
11049,,,1038801817,AE2126,11050,
11050,,,1038801818,AE2126,11051,
11051,,,1038801819,AE2126,11052,
11052,,,1038801820,AE2126,11053,
11053,,,1038801821,AE2126,11054,
11054,,,1038801822,AE2126,11055,
11055,,,1038801823,AE2126,11056,
11056,,,1038801824,AE2126,11057,
11057,,,1038801901,AE2126,11058,
11058,,,1038801902,AE2126,11059,
11059,,,1038801903,AE2126,11060,
11060,,,1038801904,AE2126,11061,
11061,,,1038801905,AE2126,11062,
11062,,,1038801906,AE2126,11063,
11063,,,1038801907,AE2126,11064,
11064,,,1038801908,AE2126,11065,
11065,,,1038801909,AE2126,11066,
11066,,,1038801910,AE2126,11067,
11067,,,1038801911,AE2126,11068,
11068,,,1038801912,AE2126,11069,
11069,,,1038801913,AE2126,11070,
11070,,,1038801914,AE2126,11071,
11071,,,1038801915,AE2126,11072,
11072,,,1038801916,AE2126,11073,
11073,,,1038802101,AE2126,11074,
11074,,,1038802102,AE2126,11075,
11075,,,1038802103,AE2126,11076,
11076,,,1038802104,AE2126,11077,
11077,,,1038802105,AE2126,11078,
11078,,,1038802106,AE2126,11079,
11079,,,1038802107,AE2126,11080,
11080,,,1038802108,AE2126,11081,
11081,,,1038802109,AE2126,11082,
11082,,,1038802110,AE2126,11083,
11083,,,1038802111,AE2126,11084,
11084,,,1038802112,AE2126,11085,
11085,,,1038802113,AE2126,11086,
11086,,,1038802114,AE2126,11087,
11087,,,1038802115,AE2126,11088,
11088,,,1038802116,AE2126,11089,
11089,,,1038802117,AE2126,11090,
11090,,,1038802118,AE2126,11091,
11091,,,1038802119,AE2126,11092,
11092,,,1038802120,AE2126,11093,
11093,,,1038802121,AE2126,11094,
11094,,,1038802122,AE2126,11095,
11095,,,1038802123,AE2126,11096,
11096,,,1038802124,AE2126,11097,
11097,,,1038802201,AE2126,11098,
11098,,,1038802202,AE2126,11099,
11099,,,1038802203,AE2126,11100,
11100,,,1038802204,AE2126,11101,
11101,,,1038802205,AE2126,11102,
11102,,,1038802206,AE2126,11103,
11103,,,1038802207,AE2126,11104,
11104,,,1038802208,AE2126,11105,
11105,,,1038802209,AE2126,11106,
11106,,,1038802210,AE2126,11107,
11107,,,1038802211,AE2126,11108,
11108,,,1038802212,AE2126,11109,
11109,,,1038802213,AE2126,11110,
11110,,,1038802214,AE2126,11111,
11111,,,1038802215,AE2126,11112,
11112,,,1038802216,AE2126,11113,
11113,,,1038802217,AE2126,11114,
11114,,,1038802218,AE2126,11115,
11115,,,1038802219,AE2126,11116,
11116,,,1038802220,AE2126,11117,
11117,,,1038802221,AE2126,11118,
11118,,,1038802222,AE2126,11119,
11119,,,1038802223,AE2126,11120,
11120,,,1038802224,AE2126,11121,
11121,,,1038802301,AE2126,11122,
11122,,,1038802302,AE2126,11123,
11123,,,1038802303,AE2126,11124,
11124,,,1038802304,AE2126,11125,
11125,,,1038802305,AE2126,11126,
11126,,,1038802306,AE2126,11127,
11127,,,1038802307,AE2126,11128,
11128,,,1038802308,AE2126,11129,
11129,,,1038802309,AE2126,11130,
11130,,,1038802310,AE2126,11131,
11131,,,1038802311,AE2126,11132,
11132,,,1038802312,AE2126,11133,
11133,,,1038802313,AE2126,11134,
11134,,,1038802314,AE2126,11135,
11135,,,1038900201,AE2201,11136,
11136,,,1038900202,AE2201,11137,
11137,,,1038900203,AE2201,11138,
11138,,,1038900204,AE2201,11139,
11139,,,1038900205,AE2201,11140,
11140,,,1038900206,AE2201,11141,
11141,,,1038900207,AE2201,11142,
11142,,,1038900208,AE2201,11143,
11143,,,1038900209,AE2201,11144,
11144,,,1038900210,AE2201,11145,
11145,,,1038900211,AE2201,11146,
11146,,,1038900212,AE2201,11147,
11147,,,1038900213,AE2201,11148,
11148,,,1038900214,AE2201,11149,
11149,,,1038900301,AE2201,11150,
11150,,,1038900302,AE2201,11151,
11151,,,1038900303,AE2201,11152,
11152,,,1038900304,AE2201,11153,
11153,,,1038900305,AE2201,11154,
11154,,,1038900306,AE2201,11155,
11155,,,1038900307,AE2201,11156,
11156,,,1038900308,AE2201,11157,
11157,,,1038900309,AE2201,11158,
11158,,,1038900310,AE2201,11159,
11159,,,1038900311,AE2201,11160,
11160,,,1038900312,AE2201,11161,
11161,,,1038900313,AE2201,11162,
11162,,,1038900314,AE2201,11163,
11163,,,1038900315,AE2201,11164,
11164,,,1038900316,AE2201,11165,
11165,,,1038900317,AE2201,11166,
11166,,,1038900318,AE2201,11167,
11167,,,1038900319,AE2201,11168,
11168,,,1038900320,AE2201,11169,
11169,,,1038900321,AE2201,11170,
11170,,,1038900322,AE2201,11171,
11171,,,1038900323,AE2201,11172,
11172,,,1038900324,AE2201,11173,
11173,,,1038900501,AE2201,11174,
11174,,,1038900502,AE2201,11175,
11175,,,1038900503,AE2201,11176,
11176,,,1038900504,AE2201,11177,
11177,,,1038900505,AE2201,11178,
11178,,,1038900506,AE2201,11179,
11179,,,1038900507,AE2201,11180,
11180,,,1038900508,AE2201,11181,
11181,,,1038900509,AE2201,11182,
11182,,,1038900510,AE2201,11183,
11183,,,1038900511,AE2201,11184,
11184,,,1038900512,AE2201,11185,
11185,,,1038900513,AE2201,11186,
11186,,,1038900514,AE2201,11187,
11187,,,1038900515,AE2201,11188,
11188,,,1038900516,AE2201,11189,
11189,,,1038900601,AE2201,11190,
11190,,,1038900602,AE2201,11191,
11191,,,1038900603,AE2201,11192,
11192,,,1038900604,AE2201,11193,
11193,,,1038900605,AE2201,11194,
11194,,,1038900606,AE2201,11195,
11195,,,1038900607,AE2201,11196,
11196,,,1038900608,AE2201,11197,
11197,,,1038900609,AE2201,11198,
11198,,,1038900610,AE2201,11199,
11199,,,1038900611,AE2201,11200,
11200,,,1038900612,AE2201,11201,
11201,,,1038900613,AE2201,11202,
11202,,,1038900614,AE2201,11203,
11203,,,1038900615,AE2201,11204,
11204,,,1038900616,AE2201,11205,
11205,,,1038900617,AE2201,11206,
11206,,,1038900618,AE2201,11207,
11207,,,1038900619,AE2201,11208,
11208,,,1038900620,AE2201,11209,
11209,,,1038900621,AE2201,11210,
11210,,,1038900622,AE2201,11211,
11211,,,1038900623,AE2201,11212,
11212,,,1038900624,AE2201,11213,
11213,,,1038900701,AE2201,11214,
11214,,,1038900702,AE2201,11215,
11215,,,1038900703,AE2201,11216,
11216,,,1038900704,AE2201,11217,
11217,,,1038900705,AE2201,11218,
11218,,,1038900706,AE2201,11219,
11219,,,1038900707,AE2201,11220,
11220,,,1038900708,AE2201,11221,
11221,,,1038900709,AE2201,11222,
11222,,,1038900710,AE2201,11223,
11223,,,1038900711,AE2201,11224,
11224,,,1038900712,AE2201,11225,
11225,,,1038900713,AE2201,11226,
11226,,,1038900714,AE2201,11227,
11227,,,1038900715,AE2201,11228,
11228,,,1038900716,AE2201,11229,
11229,,,1038900717,AE2201,11230,
11230,,,1038900718,AE2201,11231,
11231,,,1038900719,AE2201,11232,
11232,,,1038900720,AE2201,11233,
11233,,,1038900721,AE2201,11234,
11234,,,1038900722,AE2201,11235,
11235,,,1038900723,AE2201,11236,
11236,,,1038900724,AE2201,11237,
11237,,,1038900801,AE2201,11238,
11238,,,1038900802,AE2201,11239,
11239,,,1038900803,AE2201,11240,
11240,,,1038900804,AE2201,11241,
11241,,,1038900805,AE2201,11242,
11242,,,1038900806,AE2201,11243,
11243,,,1038900807,AE2201,11244,
11244,,,1038900808,AE2201,11245,
11245,,,1038900809,AE2201,11246,
11246,,,1038900810,AE2201,11247,
11247,,,1038900811,AE2201,11248,
11248,,,1038900812,AE2201,11249,
11249,,,1038900813,AE2201,11250,
11250,,,1038900814,AE2201,11251,
11251,,,1038900815,AE2201,11252,
11252,,,1038900816,AE2201,11253,
11253,,,1038900817,AE2201,11254,
11254,,,1038900818,AE2201,11255,
11255,,,1038900819,AE2201,11256,
11256,,,1038900820,AE2201,11257,
11257,,,1038900821,AE2201,11258,
11258,,,1038900822,AE2201,11259,
11259,,,1038900823,AE2201,11260,
11260,,,1038900824,AE2201,11261,
11261,,,1038901001,AE2201,11262,
11262,,,1038901002,AE2201,11263,
11263,,,1038901003,AE2201,11264,
11264,,,1038901004,AE2201,11265,
11265,,,1038901005,AE2201,11266,
11266,,,1038901006,AE2201,11267,
11267,,,1038901007,AE2201,11268,
11268,,,1038901008,AE2201,11269,
11269,,,1038901009,AE2201,11270,
11270,,,1038901010,AE2201,11271,
11271,,,1038901011,AE2201,11272,
11272,,,1038901012,AE2201,11273,
11273,,,1038901013,AE2201,11274,
11274,,,1038901014,AE2201,11275,
11275,,,1038901015,AE2201,11276,
11276,,,1038901016,AE2201,11277,
11277,,,1038901017,AE2201,11278,
11278,,,1038901018,AE2201,11279,
11279,,,1038901019,AE2201,11280,
11280,,,1038901020,AE2201,11281,
11281,,,1038901021,AE2201,11282,
11282,,,1038901022,AE2201,11283,
11283,,,1038901023,AE2201,11284,
11284,,,1038901024,AE2201,11285,
11285,,,1039000801,AE2204,11286,
11286,,,1039000802,AE2204,11287,
11287,,,1039000803,AE2204,11288,
11288,,,1039000804,AE2204,11289,
11289,,,1039000805,AE2204,11290,
11290,,,1039000806,AE2204,11291,
11291,,,1039000807,AE2204,11292,
11292,,,1039000808,AE2204,11293,
11293,,,1039000809,AE2204,11294,
11294,,,1039000810,AE2204,11295,
11295,,,1039000811,AE2204,11296,
11296,,,1039000812,AE2204,11297,
11297,,,1039000813,AE2204,11298,
11298,,,1039000814,AE2204,11299,
11299,,,1039000901,AE2204,11300,
11300,,,1039000902,AE2204,11301,
11301,,,1039000903,AE2204,11302,
11302,,,1039000904,AE2204,11303,
11303,,,1039000905,AE2204,11304,
11304,,,1039000906,AE2204,11305,
11305,,,1039000907,AE2204,11306,
11306,,,1039000908,AE2204,11307,
11307,,,1039000909,AE2204,11308,
11308,,,1039000910,AE2204,11309,
11309,,,1039000911,AE2204,11310,
11310,,,1039000912,AE2204,11311,
11311,,,1039000913,AE2204,11312,
11312,,,1039000914,AE2204,11313,
11313,,,1039000915,AE2204,11314,
11314,,,1039000916,AE2204,11315,
11315,,,1039000917,AE2204,11316,
11316,,,1039000918,AE2204,11317,
11317,,,1039000919,AE2204,11318,
11318,,,1039000920,AE2204,11319,
11319,,,1039000921,AE2204,11320,
11320,,,1039000922,AE2204,11321,
11321,,,1039000923,AE2204,11322,
11322,,,1039000924,AE2204,11323,
11323,,,1039001001,AE2204,11324,
11324,,,1039001002,AE2204,11325,
11325,,,1039001003,AE2204,11326,
11326,,,1039001004,AE2204,11327,
11327,,,1039001005,AE2204,11328,
11328,,,1039001006,AE2204,11329,
11329,,,1039001007,AE2204,11330,
11330,,,1039001008,AE2204,11331,
11331,,,1039001009,AE2204,11332,
11332,,,1039001010,AE2204,11333,
11333,,,1039001011,AE2204,11334,
11334,,,1039001012,AE2204,11335,
11335,,,1039001013,AE2204,11336,
11336,,,1039001014,AE2204,11337,
11337,,,1039001015,AE2204,11338,
11338,,,1039001016,AE2204,11339,
11339,,,1039001101,AE2204,11340,
11340,,,1039001102,AE2204,11341,
11341,,,1039001103,AE2204,11342,
11342,,,1039001104,AE2204,11343,
11343,,,1039001105,AE2204,11344,
11344,,,1039001106,AE2204,11345,
11345,,,1039001107,AE2204,11346,
11346,,,1039001108,AE2204,11347,
11347,,,1039001109,AE2204,11348,
11348,,,1039001110,AE2204,11349,
11349,,,1039001111,AE2204,11350,
11350,,,1039001112,AE2204,11351,
11351,,,1039001113,AE2204,11352,
11352,,,1039001114,AE2204,11353,
11353,,,1039001115,AE2204,11354,
11354,,,1039001116,AE2204,11355,
11355,,,1039001117,AE2204,11356,
11356,,,1039001118,AE2204,11357,
11357,,,1039001119,AE2204,11358,
11358,,,1039001120,AE2204,11359,
11359,,,1039001121,AE2204,11360,
11360,,,1039001122,AE2204,11361,
11361,,,1039001123,AE2204,11362,
11362,,,1039001124,AE2204,11363,
11363,,,1039001201,AE2204,11364,
11364,,,1039001202,AE2204,11365,
11365,,,1039001203,AE2204,11366,
11366,,,1039001204,AE2204,11367,
11367,,,1039001205,AE2204,11368,
11368,,,1039001206,AE2204,11369,
11369,,,1039001207,AE2204,11370,
11370,,,1039001208,AE2204,11371,
11371,,,1039001209,AE2204,11372,
11372,,,1039001210,AE2204,11373,
11373,,,1039001211,AE2204,11374,
11374,,,1039001212,AE2204,11375,
11375,,,1039001213,AE2204,11376,
11376,,,1039001214,AE2204,11377,
11377,,,1039001215,AE2204,11378,
11378,,,1039001216,AE2204,11379,
11379,,,1039001217,AE2204,11380,
11380,,,1039001218,AE2204,11381,
11381,,,1039001219,AE2204,11382,
11382,,,1039001220,AE2204,11383,
11383,,,1039001221,AE2204,11384,
11384,,,1039001222,AE2204,11385,
11385,,,1039001223,AE2204,11386,
11386,,,1039001224,AE2204,11387,
11387,,,1039001301,AE2204,11388,
11388,,,1039001302,AE2204,11389,
11389,,,1039001303,AE2204,11390,
11390,,,1039001304,AE2204,11391,
11391,,,1039001305,AE2204,11392,
11392,,,1039001306,AE2204,11393,
11393,,,1039001307,AE2204,11394,
11394,,,1039001308,AE2204,11395,
11395,,,1039001309,AE2204,11396,
11396,,,1039001310,AE2204,11397,
11397,,,1039001311,AE2204,11398,
11398,,,1039001312,AE2204,11399,
11399,,,1039001313,AE2204,11400,
11400,,,1039001314,AE2204,11401,
11401,,,1039001315,AE2204,11402,
11402,,,1039001316,AE2204,11403,
11403,,,1039001317,AE2204,11404,
11404,,,1039001318,AE2204,11405,
11405,,,1039001319,AE2204,11406,
11406,,,1039001320,AE2204,11407,
11407,,,1039001321,AE2204,11408,
11408,,,1039001322,AE2204,11409,
11409,,,1039001323,AE2204,11410,
11410,,,1039001324,AE2204,11411,
11411,V1V2_dada2_read_info_03052026.xlsx,V4_dada2_read_info_03052026.xlsx,1039001401,AE2204,11412,
11412,,,1039001402,AE2204,11413,
11413,V1V2_dada2_read_info_03052026.xlsx,V4_dada2_read_info_03052026.xlsx,1039001403,AE2204,11414,
11414,,,1039001404,AE2204,11415,
11415,V1V2_dada2_read_info_03052026.xlsx,V4_dada2_read_info_03052026.xlsx,1039001405,AE2204,11416,
11416,,,1039001406,AE2204,11417,
11417,V1V2_dada2_read_info_03052026.xlsx,V4_dada2_read_info_03052026.xlsx,1039001407,AE2204,11418,
11418,,,1039001408,AE2204,11419,
11419,,,1039001409,AE2204,11420,
11420,V1V2_dada2_read_info_03052026.xlsx,V4_dada2_read_info_03052026.xlsx,1039001410,AE2204,11421,
11421,V1V2_dada2_read_info_03052026.xlsx,V4_dada2_read_info_03052026.xlsx,1039001411,AE2204,11422,
11422,,,1039001412,AE2204,11423,
11423,V1V2_dada2_read_info_03052026.xlsx,V4_dada2_read_info_03052026.xlsx,1039001413,AE2204,11424,
11424,,,1039001414,AE2204,11425,
11425,V1V2_dada2_read_info_03052026.xlsx,V4_dada2_read_info_03052026.xlsx,1039001415,AE2204,11426,
11426,,,1039001416,AE2204,11427,
11427,,,1039001417,AE2204,11428,
11428,V1V2_dada2_read_info_03052026.xlsx,V4_dada2_read_info_03052026.xlsx,1039001418,AE2204,11429,
11429,V1V2_dada2_read_info_03052026.xlsx,V4_dada2_read_info_03052026.xlsx,1039001419,AE2204,11430,
11430,,,1039001420,AE2204,11431,
11431,V1V2_dada2_read_info_03052026.xlsx,V4_dada2_read_info_03052026.xlsx,1039001421,AE2204,11432,
11432,,,1039001422,AE2204,11433,
11433,V1V2_dada2_read_info_03052026.xlsx,V4_dada2_read_info_03052026.xlsx,1039001423,AE2204,11434,
11434,,,1039001424,AE2204,11435,
11435,,,1039100601,AE2209,11436,
11436,,,1039100602,AE2209,11437,
11437,,,1039100603,AE2209,11438,
11438,,,1039100604,AE2209,11439,
11439,,,1039100605,AE2209,11440,
11440,,,1039100606,AE2209,11441,
11441,,,1039100607,AE2209,11442,
11442,,,1039100608,AE2209,11443,
11443,,,1039100609,AE2209,11444,
11444,,,1039100610,AE2209,11445,
11445,,,1039100611,AE2209,11446,
11446,,,1039100612,AE2209,11447,
11447,,,1039100613,AE2209,11448,
11448,,,1039100614,AE2209,11449,
11449,,,1039100615,AE2209,11450,
11450,,,1039100616,AE2209,11451,
11451,,,1039100617,AE2209,11452,
11452,,,1039100618,AE2209,11453,
11453,,,1039100624,AE2209,11454,
11454,,,1039100701,AE2209,11455,
11455,,,1039100702,AE2209,11456,
11456,,,1039100703,AE2209,11457,
11457,,,1039100704,AE2209,11458,
11458,,,1039100705,AE2209,11459,
11459,,,1039100706,AE2209,11460,
11460,,,1039100707,AE2209,11461,
11461,,,1039100708,AE2209,11462,
11462,,,1039100709,AE2209,11463,
11463,,,1039100710,AE2209,11464,
11464,,,1039100711,AE2209,11465,
11465,,,1039100712,AE2209,11466,
11466,,,1039100713,AE2209,11467,
11467,,,1039100714,AE2209,11468,
11468,,,1039100715,AE2209,11469,
11469,,,1039100716,AE2209,11470,
11470,,,1039100717,AE2209,11471,
11471,,,1039100718,AE2209,11472,
11472,,,1039100719,AE2209,11473,
11473,,,1039100720,AE2209,11474,
11474,,,1039100721,AE2209,11475,
11475,,,1039100722,AE2209,11476,
11476,,,1039100723,AE2209,11477,
11477,,,1039100724,AE2209,11478,
11478,,,1039100801,AE2209,11479,
11479,,,1039100802,AE2209,11480,
11480,,,1039100803,AE2209,11481,
11481,,,1039100804,AE2209,11482,
11482,,,1039100805,AE2209,11483,
11483,,,1039100806,AE2209,11484,
11484,,,1039100807,AE2209,11485,
11485,,,1039100808,AE2209,11486,
11486,,,1039100809,AE2209,11487,
11487,,,1039100810,AE2209,11488,
11488,,,1039100811,AE2209,11489,
11489,,,1039100812,AE2209,11490,
11490,,,1039100813,AE2209,11491,
11491,,,1039100814,AE2209,11492,
11492,,,1039100815,AE2209,11493,
11493,,,1039100816,AE2209,11494,
11494,,,1039101001,AE2209,11495,
11495,,,1039101002,AE2209,11496,
11496,,,1039101003,AE2209,11497,
11497,,,1039101004,AE2209,11498,
11498,,,1039101005,AE2209,11499,
11499,,,1039101006,AE2209,11500,
11500,,,1039101007,AE2209,11501,
11501,,,1039101008,AE2209,11502,
11502,,,1039101009,AE2209,11503,
11503,,,1039101010,AE2209,11504,
11504,,,1039101011,AE2209,11505,
11505,,,1039101012,AE2209,11506,
11506,,,1039101013,AE2209,11507,
11507,,,1039101014,AE2209,11508,
11508,,,1039101015,AE2209,11509,
11509,,,1039101016,AE2209,11510,
11510,,,1039101017,AE2209,11511,
11511,,,1039101018,AE2209,11512,
11512,,,1039101019,AE2209,11513,
11513,,,1039101020,AE2209,11514,
11514,,,1039101021,AE2209,11515,
11515,,,1039101022,AE2209,11516,
11516,,,1039101023,AE2209,11517,
11517,,,1039101024,AE2209,11518,
11518,,,1039101101,AE2209,11519,
11519,,,1039101102,AE2209,11520,
11520,,,1039101103,AE2209,11521,
11521,,,1039101104,AE2209,11522,
11522,,,1039101105,AE2209,11523,
11523,,,1039101106,AE2209,11524,
11524,,,1039101107,AE2209,11525,
11525,,,1039101108,AE2209,11526,
11526,,,1039101109,AE2209,11527,
11527,,,1039101110,AE2209,11528,
11528,,,1039101111,AE2209,11529,
11529,,,1039101112,AE2209,11530,
11530,,,1039101113,AE2209,11531,
11531,,,1039101114,AE2209,11532,
11532,,,1039101115,AE2209,11533,
11533,,,1039101116,AE2209,11534,
11534,,,1039101117,AE2209,11535,
11535,,,1039101118,AE2209,11536,
11536,,,1039101119,AE2209,11537,
11537,,,1039101120,AE2209,11538,
11538,,,1039101121,AE2209,11539,
11539,,,1039101122,AE2209,11540,
11540,,,1039101123,AE2209,11541,
11541,,,1039101124,AE2209,11542,
11542,,,1039101201,AE2209,11543,
11543,,,1039101202,AE2209,11544,
11544,,,1039101203,AE2209,11545,
11545,,,1039101204,AE2209,11546,
11546,,,1039101205,AE2209,11547,
11547,,,1039101206,AE2209,11548,
11548,,,1039101207,AE2209,11549,
11549,,,1039101208,AE2209,11550,
11550,,,1039101209,AE2209,11551,
11551,,,1039101210,AE2209,11552,
11552,,,1039101211,AE2209,11553,
11553,,,1039101212,AE2209,11554,
11554,,,1039101213,AE2209,11555,
11555,,,1039101214,AE2209,11556,
11556,,,1039101215,AE2209,11557,
11557,,,1039101216,AE2209,11558,
11558,,,1039101217,AE2209,11559,
11559,,,1039101218,AE2209,11560,
11560,,,1039101219,AE2209,11561,
11561,,,1039101220,AE2209,11562,
11562,,,1039101221,AE2209,11563,
11563,,,1039101222,AE2209,11564,
11564,,,1039101223,AE2209,11565,
11565,,,1039101224,AE2209,11566,
11566,V1V2_dada2_read_info_03052026.xlsx,V4_dada2_read_info_03052026.xlsx,1039101401,AE2209,11567,
11567,,,1039101402,AE2209,11568,
11568,V1V2_dada2_read_info_03052026.xlsx,V4_dada2_read_info_03052026.xlsx,1039101403,AE2209,11569,
11569,,,1039101404,AE2209,11570,
11570,V1V2_dada2_read_info_03052026.xlsx,V4_dada2_read_info_03052026.xlsx,1039101405,AE2209,11571,
11571,,,1039101406,AE2209,11572,
11572,V1V2_dada2_read_info_03052026.xlsx,V4_dada2_read_info_03052026.xlsx,1039101407,AE2209,11573,
11573,,,1039101408,AE2209,11574,
11574,V1V2_dada2_read_info_03052026.xlsx,V4_dada2_read_info_03052026.xlsx,1039101409,AE2209,11575,
11575,,,1039101410,AE2209,11576,
11576,V1V2_dada2_read_info_03052026.xlsx,V4_dada2_read_info_03052026.xlsx,1039101411,AE2209,11577,
11577,,,1039101412,AE2209,11578,
11578,V1V2_dada2_read_info_03052026.xlsx,V4_dada2_read_info_03052026.xlsx,1039101413,AE2209,11579,
11579,,,1039101414,AE2209,11580,
11580,V1V2_dada2_read_info_03052026.xlsx,V4_dada2_read_info_03052026.xlsx,1039101415,AE2209,11581,
11581,,,1039101416,AE2209,11582,
11582,V1V2_dada2_read_info_03052026.xlsx,V4_dada2_read_info_03052026.xlsx,1039101417,AE2209,11583,
11583,,,1039101418,AE2209,11584,
11584,V1V2_dada2_read_info_03052026.xlsx,V4_dada2_read_info_03052026.xlsx,1039101419,AE2209,11585,
11585,,,1039101420,AE2209,11586,
11586,V1V2_dada2_read_info_03052026.xlsx,V4_dada2_read_info_03052026.xlsx,1039101421,AE2209,11587,
11587,,,1039101422,AE2209,11588,
11588,V1V2_dada2_read_info_03052026.xlsx,V4_dada2_read_info_03052026.xlsx,1039101423,AE2209,11589,
11589,,,1039101424,AE2209,11590,
11590,,,1039200701,AE2210,11591,
11591,,,1039200703,AE2210,11592,
11592,,,1039200705,AE2210,11593,
11593,,,1039200707,AE2210,11594,
11594,,,1039200709,AE2210,11595,
11595,,,1039200711,AE2210,11596,
11596,,,1039200713,AE2210,11597,
11597,,,1039200715,AE2210,11598,
11598,,,1039200717,AE2210,11599,
11599,,,1039200719,AE2210,11600,
11600,,,1039200721,AE2210,11601,
11601,,,1039200723,AE2210,11602,
11602,,,1039200801,AE2210,11603,
11603,,,1039200803,AE2210,11604,
11604,,,1039200805,AE2210,11605,
11605,,,1039200807,AE2210,11606,
11606,,,1039200809,AE2210,11607,
11607,,,1039200811,AE2210,11608,
11608,,,1039200813,AE2210,11609,
11609,,,1039200815,AE2210,11610,
11610,,,1039201001,AE2210,11611,
11611,,,1039201003,AE2210,11612,
11612,,,1039201005,AE2210,11613,
11613,,,1039201007,AE2210,11614,
11614,,,1039201009,AE2210,11615,
11615,,,1039201011,AE2210,11616,
11616,,,1039201013,AE2210,11617,
11617,,,1039201015,AE2210,11618,
11618,,,1039201017,AE2210,11619,
11619,,,1039201019,AE2210,11620,
11620,,,1039201021,AE2210,11621,
11621,,,1039201023,AE2210,11622,
11622,,,1039201101,AE2210,11623,
11623,,,1039201103,AE2210,11624,
11624,,,1039201105,AE2210,11625,
11625,,,1039201107,AE2210,11626,
11626,,,1039201109,AE2210,11627,
11627,,,1039201111,AE2210,11628,
11628,,,1039201113,AE2210,11629,
11629,,,1039201115,AE2210,11630,
11630,,,1039201117,AE2210,11631,
11631,,,1039201119,AE2210,11632,
11632,,,1039201121,AE2210,11633,
11633,,,1039201123,AE2210,11634,
11634,,,1039201201,AE2210,11635,
11635,,,1039201203,AE2210,11636,
11636,,,1039201205,AE2210,11637,
11637,,,1039201207,AE2210,11638,
11638,,,1039201209,AE2210,11639,
11639,,,1039201211,AE2210,11640,
11640,,,1039201213,AE2210,11641,
11641,,,1039201215,AE2210,11642,
11642,,,1039201217,AE2210,11643,
11643,,,1039201219,AE2210,11644,
11644,,,1039201221,AE2210,11645,
11645,,,1039201223,AE2210,11646,
11646,V1V2_dada2_read_info_03052026.xlsx,V4_dada2_read_info_03052026.xlsx,1039201501,AE2210,11647,
11647,V1V2_dada2_read_info_03052026.xlsx,V4_dada2_read_info_03052026.xlsx,1039201503,AE2210,11648,
11648,V1V2_dada2_read_info_03052026.xlsx,V4_dada2_read_info_03052026.xlsx,1039201505,AE2210,11649,
11649,V1V2_dada2_read_info_03052026.xlsx,V4_dada2_read_info_03052026.xlsx,1039201507,AE2210,11650,
11650,V1V2_dada2_read_info_03052026.xlsx,V4_dada2_read_info_03052026.xlsx,1039201509,AE2210,11651,
11651,V1V2_dada2_read_info_03052026.xlsx,V4_dada2_read_info_03052026.xlsx,1039201511,AE2210,11652,
11652,V1V2_dada2_read_info_03052026.xlsx,V4_dada2_read_info_03052026.xlsx,1039201513,AE2210,11653,
11653,V1V2_dada2_read_info_03052026.xlsx,V4_dada2_read_info_03052026.xlsx,1039201515,AE2210,11654,
11654,V1V2_dada2_read_info_03052026.xlsx,V4_dada2_read_info_03052026.xlsx,1039201517,AE2210,11655,
11655,V1V2_dada2_read_info_03052026.xlsx,V4_dada2_read_info_03052026.xlsx,1039201519,AE2210,11656,
11656,V1V2_dada2_read_info_03052026.xlsx,V4_dada2_read_info_03052026.xlsx,1039201521,AE2210,11657,
11657,V1V2_dada2_read_info_03052026.xlsx,V4_dada2_read_info_03052026.xlsx,1039201523,AE2210,11658,
11658,,,1039300501,AE2213,11659,
11659,,,1039300502,AE2213,11660,
11660,,,1039300503,AE2213,11661,
11661,,,1039300504,AE2213,11662,
11662,,,1039300505,AE2213,11663,
11663,,,1039300506,AE2213,11664,
11664,,,1039300507,AE2213,11665,
11665,,,1039300508,AE2213,11666,
11666,,,1039300509,AE2213,11667,
11667,,,1039300510,AE2213,11668,
11668,,,1039300511,AE2213,11669,
11669,,,1039300512,AE2213,11670,
11670,,,1039300513,AE2213,11671,
11671,,,1039300514,AE2213,11672,
11672,,,1039300701,AE2213,11673,
11673,,,1039300702,AE2213,11674,
11674,,,1039300703,AE2213,11675,
11675,,,1039300704,AE2213,11676,
11676,,,1039300705,AE2213,11677,
11677,,,1039300706,AE2213,11678,
11678,,,1039300707,AE2213,11679,
11679,,,1039300708,AE2213,11680,
11680,,,1039300709,AE2213,11681,
11681,,,1039300710,AE2213,11682,
11682,,,1039300711,AE2213,11683,
11683,,,1039300712,AE2213,11684,
11684,,,1039300713,AE2213,11685,
11685,,,1039300714,AE2213,11686,
11686,,,1039300715,AE2213,11687,
11687,,,1039300716,AE2213,11688,
11688,,,1039300717,AE2213,11689,
11689,,,1039300718,AE2213,11690,
11690,,,1039300719,AE2213,11691,
11691,,,1039300720,AE2213,11692,
11692,,,1039300721,AE2213,11693,
11693,,,1039300722,AE2213,11694,
11694,,,1039300723,AE2213,11695,
11695,,,1039300724,AE2213,11696,
11696,V1V2_dada2_read_info_03052026.xlsx,V4_dada2_read_info_03052026.xlsx,1039300801,AE2213,11697,
11697,,,1039300802,AE2213,11698,
11698,V1V2_dada2_read_info_03052026.xlsx,V4_dada2_read_info_03052026.xlsx,1039300803,AE2213,11699,
11699,,,1039300804,AE2213,11700,
11700,V1V2_dada2_read_info_03052026.xlsx,V4_dada2_read_info_03052026.xlsx,1039300805,AE2213,11701,
11701,,,1039300806,AE2213,11702,
11702,V1V2_dada2_read_info_03052026.xlsx,V4_dada2_read_info_03052026.xlsx,1039300807,AE2213,11703,
11703,,,1039300808,AE2213,11704,
11704,V1V2_dada2_read_info_03052026.xlsx,V4_dada2_read_info_03052026.xlsx,1039300809,AE2213,11705,
11705,,,1039300810,AE2213,11706,
11706,V1V2_dada2_read_info_03052026.xlsx,V4_dada2_read_info_03052026.xlsx,1039300811,AE2213,11707,
11707,,,1039300812,AE2213,11708,
11708,V1V2_dada2_read_info_03052026.xlsx,V4_dada2_read_info_03052026.xlsx,1039300813,AE2213,11709,
11709,,,1039300814,AE2213,11710,
11710,V1V2_dada2_read_info_03052026.xlsx,V4_dada2_read_info_03052026.xlsx,1039300815,AE2213,11711,
11711,,,1039300816,AE2213,11712,
11712,V1V2_dada2_read_info_03052026.xlsx,V4_dada2_read_info_03052026.xlsx,1039300817,AE2213,11713,
11713,,,1039300818,AE2213,11714,
11714,V1V2_dada2_read_info_03052026.xlsx,V4_dada2_read_info_03052026.xlsx,1039300819,AE2213,11715,
11715,,,1039300820,AE2213,11716,
11716,V1V2_dada2_read_info_03052026.xlsx,V4_dada2_read_info_03052026.xlsx,1039300821,AE2213,11717,
11717,,,1039300822,AE2213,11718,
11718,V1V2_dada2_read_info_03052026.xlsx,V4_dada2_read_info_03052026.xlsx,1039300823,AE2213,11719,
11719,,,1039300824,AE2213,11720,
11720,,,1039300901,AE2213,11721,
11721,,,1039300902,AE2213,11722,
11722,,,1039300903,AE2213,11723,
11723,,,1039300904,AE2213,11724,
11724,,,1039300905,AE2213,11725,
11725,,,1039300906,AE2213,11726,
11726,,,1039300907,AE2213,11727,
11727,,,1039300908,AE2213,11728,
11728,,,1039300909,AE2213,11729,
11729,,,1039300910,AE2213,11730,
11730,,,1039300911,AE2213,11731,
11731,,,1039300912,AE2213,11732,
11732,,,1039300913,AE2213,11733,
11733,,,1039300914,AE2213,11734,
11734,,,1039300915,AE2213,11735,
11735,,,1039300916,AE2213,11736,
11736,,,1039301001,AE2213,11737,
11737,,,1039301002,AE2213,11738,
11738,,,1039301003,AE2213,11739,
11739,,,1039301004,AE2213,11740,
11740,,,1039301005,AE2213,11741,
11741,,,1039301006,AE2213,11742,
11742,,,1039301007,AE2213,11743,
11743,,,1039301008,AE2213,11744,
11744,,,1039301009,AE2213,11745,
11745,,,1039301010,AE2213,11746,
11746,,,1039301011,AE2213,11747,
11747,,,1039301012,AE2213,11748,
11748,,,1039301013,AE2213,11749,
11749,,,1039301014,AE2213,11750,
11750,,,1039301015,AE2213,11751,
11751,,,1039301016,AE2213,11752,
11752,,,1039301017,AE2213,11753,
11753,,,1039301018,AE2213,11754,
11754,,,1039301019,AE2213,11755,
11755,,,1039301020,AE2213,11756,
11756,,,1039301021,AE2213,11757,
11757,,,1039301022,AE2213,11758,
11758,,,1039301023,AE2213,11759,
11759,,,1039301024,AE2213,11760,
11760,,,1039301101,AE2213,11761,
11761,,,1039301102,AE2213,11762,
11762,,,1039301103,AE2213,11763,
11763,,,1039301104,AE2213,11764,
11764,,,1039301105,AE2213,11765,
11765,,,1039301106,AE2213,11766,
11766,,,1039301107,AE2213,11767,
11767,,,1039301108,AE2213,11768,
11768,,,1039301109,AE2213,11769,
11769,,,1039301110,AE2213,11770,
11770,,,1039301111,AE2213,11771,
11771,,,1039301112,AE2213,11772,
11772,,,1039301113,AE2213,11773,
11773,,,1039301114,AE2213,11774,
11774,,,1039301115,AE2213,11775,
11775,,,1039301116,AE2213,11776,
11776,,,1039301117,AE2213,11777,
11777,,,1039301118,AE2213,11778,
11778,,,1039301119,AE2213,11779,
11779,,,1039301120,AE2213,11780,
11780,,,1039301121,AE2213,11781,
11781,,,1039301122,AE2213,11782,
11782,,,1039301123,AE2213,11783,
11783,,,1039301124,AE2213,11784,
11784,,,1039301201,AE2213,11785,
11785,,,1039301202,AE2213,11786,
11786,,,1039301203,AE2213,11787,
11787,,,1039301204,AE2213,11788,
11788,,,1039301205,AE2213,11789,
11789,,,1039301206,AE2213,11790,
11790,,,1039301207,AE2213,11791,
11791,,,1039301208,AE2213,11792,
11792,,,1039301209,AE2213,11793,
11793,,,1039301210,AE2213,11794,
11794,,,1039301211,AE2213,11795,
11795,,,1039301212,AE2213,11796,
11796,,,1039301213,AE2213,11797,
11797,,,1039301214,AE2213,11798,
11798,,,1039301215,AE2213,11799,
11799,,,1039301216,AE2213,11800,
11800,,,1039301217,AE2213,11801,
11801,,,1039301218,AE2213,11802,
11802,,,1039301219,AE2213,11803,
11803,,,1039301220,AE2213,11804,
11804,,,1039301221,AE2213,11805,
11805,,,1039301222,AE2213,11806,
11806,,,1039301223,AE2213,11807,
11807,,,1039301224,AE2213,11808,
11808,V1V2_dada2_read_info_03052026.xlsx,V4_dada2_read_info_03052026.xlsx,1039400601,AE2214,11809,
11809,,,1039400602,AE2214,11810,
11810,,,1039400603,AE2214,11811,
11811,V1V2_dada2_read_info_03052026.xlsx,V4_dada2_read_info_03052026.xlsx,1039400604,AE2214,11812,
11812,,,1039400605,AE2214,11813,
11813,,,1039400606,AE2214,11814,
11814,V1V2_dada2_read_info_03052026.xlsx,V4_dada2_read_info_03052026.xlsx,1039400607,AE2214,11815,
11815,,,1039400608,AE2214,11816,
11816,,,1039400609,AE2214,11817,
11817,V1V2_dada2_read_info_03052026.xlsx,V4_dada2_read_info_03052026.xlsx,1039400610,AE2214,11818,
11818,,,1039400611,AE2214,11819,
11819,,,1039400612,AE2214,11820,
11820,V1V2_dada2_read_info_03052026.xlsx,V4_dada2_read_info_03052026.xlsx,1039400613,AE2214,11821,
11821,V1V2_dada2_read_info_03052026.xlsx,V4_dada2_read_info_03052026.xlsx,1039400614,AE2214,11822,
11822,,,1039400615,AE2214,11823,
11823,,,1039400616,AE2214,11824,
11824,V1V2_dada2_read_info_03052026.xlsx,V4_dada2_read_info_03052026.xlsx,1039400617,AE2214,11825,
11825,V1V2_dada2_read_info_03052026.xlsx,V4_dada2_read_info_03052026.xlsx,1039400618,AE2214,11826,
11826,,,1039400619,AE2214,11827,
11827,,,1039400620,AE2214,11828,
11828,V1V2_dada2_read_info_03052026.xlsx,V4_dada2_read_info_03052026.xlsx,1039400621,AE2214,11829,
11829,V1V2_dada2_read_info_03052026.xlsx,V4_dada2_read_info_03052026.xlsx,1039400622,AE2214,11830,
11830,V1V2_dada2_read_info_03052026.xlsx,V4_dada2_read_info_03052026.xlsx,1039400623,AE2214,11831,
11831,V1V2_dada2_read_info_03052026.xlsx,V4_dada2_read_info_03052026.xlsx,1039400624,AE2214,11832,
11832,,,1039400701,AE2214,11833,
11833,,,1039400702,AE2214,11834,
11834,,,1039400703,AE2214,11835,
11835,,,1039400704,AE2214,11836,
11836,,,1039400705,AE2214,11837,
11837,,,1039400706,AE2214,11838,
11838,,,1039400707,AE2214,11839,
11839,,,1039400708,AE2214,11840,
11840,,,1039400709,AE2214,11841,
11841,,,1039400710,AE2214,11842,
11842,,,1039400711,AE2214,11843,
11843,,,1039400712,AE2214,11844,
11844,,,1039400713,AE2214,11845,
11845,,,1039400714,AE2214,11846,
11846,,,1039400715,AE2214,11847,
11847,,,1039400716,AE2214,11848,
11848,,,1039400717,AE2214,11849,
11849,,,1039400718,AE2214,11850,
11850,,,1039400719,AE2214,11851,
11851,,,1039400720,AE2214,11852,
11852,,,1039400721,AE2214,11853,
11853,,,1039400722,AE2214,11854,
11854,,,1039400723,AE2214,11855,
11855,,,1039400724,AE2214,11856,
11856,,,1039400801,AE2214,11857,
11857,,,1039400802,AE2214,11858,
11858,,,1039400803,AE2214,11859,
11859,,,1039400804,AE2214,11860,
11860,,,1039400805,AE2214,11861,
11861,,,1039400806,AE2214,11862,
11862,,,1039400807,AE2214,11863,
11863,,,1039400808,AE2214,11864,
11864,,,1039400809,AE2214,11865,
11865,,,1039400810,AE2214,11866,
11866,,,1039400811,AE2214,11867,
11867,,,1039400812,AE2214,11868,
11868,,,1039400813,AE2214,11869,
11869,,,1039400814,AE2214,11870,
11870,,,1039400815,AE2214,11871,
11871,,,1039400816,AE2214,11872,
11872,,,1039400817,AE2214,11873,
11873,,,1039400818,AE2214,11874,
11874,,,1039400819,AE2214,11875,
11875,,,1039400820,AE2214,11876,
11876,,,1039400821,AE2214,11877,
11877,,,1039400822,AE2214,11878,
11878,,,1039400823,AE2214,11879,
11879,,,1039400824,AE2214,11880,
11880,,,1039400901,AE2214,11881,
11881,,,1039400902,AE2214,11882,
11882,,,1039400903,AE2214,11883,
11883,,,1039400904,AE2214,11884,
11884,,,1039400905,AE2214,11885,
11885,,,1039400906,AE2214,11886,
11886,,,1039400907,AE2214,11887,
11887,,,1039400908,AE2214,11888,
11888,,,1039400909,AE2214,11889,
11889,,,1039400910,AE2214,11890,
11890,,,1039400911,AE2214,11891,
11891,,,1039400912,AE2214,11892,
11892,,,1039400913,AE2214,11893,
11893,,,1039400914,AE2214,11894,
11894,,,1039400915,AE2214,11895,
11895,,,1039400916,AE2214,11896,
11896,,,1039401001,AE2214,11897,
11897,,,1039401002,AE2214,11898,
11898,,,1039401003,AE2214,11899,
11899,,,1039401004,AE2214,11900,
11900,,,1039401005,AE2214,11901,
11901,,,1039401006,AE2214,11902,
11902,,,1039401007,AE2214,11903,
11903,,,1039401008,AE2214,11904,
11904,,,1039401009,AE2214,11905,
11905,,,1039401010,AE2214,11906,
11906,,,1039401011,AE2214,11907,
11907,,,1039401012,AE2214,11908,
11908,,,1039401013,AE2214,11909,
11909,,,1039401014,AE2214,11910,
11910,,,1039401015,AE2214,11911,
11911,,,1039401016,AE2214,11912,
11912,,,1039401017,AE2214,11913,
11913,,,1039401018,AE2214,11914,
11914,,,1039401019,AE2214,11915,
11915,,,1039401020,AE2214,11916,
11916,,,1039401021,AE2214,11917,
11917,,,1039401022,AE2214,11918,
11918,,,1039401023,AE2214,11919,
11919,,,1039401024,AE2214,11920,
11920,,,1039401101,AE2214,11921,
11921,,,1039401102,AE2214,11922,
11922,,,1039401103,AE2214,11923,
11923,,,1039401104,AE2214,11924,
11924,,,1039401105,AE2214,11925,
11925,,,1039401106,AE2214,11926,
11926,,,1039401107,AE2214,11927,
11927,,,1039401108,AE2214,11928,
11928,,,1039401109,AE2214,11929,
11929,,,1039401110,AE2214,11930,
11930,,,1039401111,AE2214,11931,
11931,,,1039401112,AE2214,11932,
11932,,,1039401113,AE2214,11933,
11933,,,1039401114,AE2214,11934,
11934,,,1039401115,AE2214,11935,
11935,,,1039401116,AE2214,11936,
11936,,,1039401117,AE2214,11937,
11937,,,1039401118,AE2214,11938,
11938,,,1039401119,AE2214,11939,
11939,,,1039401120,AE2214,11940,
11940,,,1039401121,AE2214,11941,
11941,,,1039401122,AE2214,11942,
11942,,,1039401123,AE2214,11943,
11943,,,1039401124,AE2214,11944,
11944,,,1039401201,AE2214,11945,
11945,,,1039401202,AE2214,11946,
11946,,,1039401203,AE2214,11947,
11947,,,1039401204,AE2214,11948,
11948,,,1039401205,AE2214,11949,
11949,,,1039401206,AE2214,11950,
11950,,,1039401207,AE2214,11951,
11951,,,1039401208,AE2214,11952,
11952,,,1039401209,AE2214,11953,
11953,,,1039401210,AE2214,11954,
11954,,,1039401211,AE2214,11955,
11955,,,1039401212,AE2214,11956,
11956,,,1039401213,AE2214,11957,
11957,,,1039401214,AE2214,11958,
11958,,,1039401215,AE2214,11959,
11959,,,1039401216,AE2214,11960,
11960,,,1039401217,AE2214,11961,
11961,,,1039401218,AE2214,11962,
11962,,,1039401219,AE2214,11963,
11963,,,1039401220,AE2214,11964,
11964,,,1039401221,AE2214,11965,
11965,,,1039401222,AE2214,11966,
11966,,,1039401223,AE2214,11967,
11967,,,1039401224,AE2214,11968,
11968,V1V2_dada2_read_info_03052026.xlsx,V4_dada2_read_info_03052026.xlsx,1039500801,AE2217,11969,
11969,,,1039500802,AE2217,11970,
11970,,,1039500803,AE2217,11971,
11971,V1V2_dada2_read_info_03052026.xlsx,V4_dada2_read_info_03052026.xlsx,1039500804,AE2217,11972,
11972,,,1039500805,AE2217,11973,
11973,,,1039500806,AE2217,11974,
11974,V1V2_dada2_read_info_03052026.xlsx,V4_dada2_read_info_03052026.xlsx,1039500807,AE2217,11975,
11975,,,1039500808,AE2217,11976,
11976,,,1039500809,AE2217,11977,
11977,V1V2_dada2_read_info_03052026.xlsx,V4_dada2_read_info_03052026.xlsx,1039500810,AE2217,11978,
11978,,,1039500811,AE2217,11979,
11979,,,1039500812,AE2217,11980,
11980,V1V2_dada2_read_info_03052026.xlsx,V4_dada2_read_info_03052026.xlsx,1039500813,AE2217,11981,
11981,,,1039500814,AE2217,11982,
11982,V1V2_dada2_read_info_03052026.xlsx,V4_dada2_read_info_03052026.xlsx,1039500815,AE2217,11983,
11983,,,1039500816,AE2217,11984,
11984,V1V2_dada2_read_info_03052026.xlsx,V4_dada2_read_info_03052026.xlsx,1039500817,AE2217,11985,
11985,V1V2_dada2_read_info_03052026.xlsx,V4_dada2_read_info_03052026.xlsx,1039500818,AE2217,11986,
11986,,,1039500819,AE2217,11987,
11987,,,1039500820,AE2217,11988,
11988,V1V2_dada2_read_info_03052026.xlsx,V4_dada2_read_info_03052026.xlsx,1039500821,AE2217,11989,
11989,V1V2_dada2_read_info_03052026.xlsx,V4_dada2_read_info_03052026.xlsx,1039500822,AE2217,11990,
11990,V1V2_dada2_read_info_03052026.xlsx,V4_dada2_read_info_03052026.xlsx,1039500823,AE2217,11991,
11991,,,1039500824,AE2217,11992,
11992,,,1039500901,AE2217,11993,
11993,,,1039500902,AE2217,11994,
11994,,,1039500903,AE2217,11995,
11995,,,1039500904,AE2217,11996,
11996,,,1039500905,AE2217,11997,
11997,,,1039500906,AE2217,11998,
11998,,,1039500907,AE2217,11999,
11999,,,1039500908,AE2217,12000,
12000,,,1039500909,AE2217,12001,
12001,,,1039500910,AE2217,12002,
12002,,,1039500911,AE2217,12003,
12003,,,1039500912,AE2217,12004,
12004,,,1039500913,AE2217,12005,
12005,,,1039500914,AE2217,12006,
12006,,,1039500915,AE2217,12007,
12007,,,1039500916,AE2217,12008,
12008,,,1039500917,AE2217,12009,
12009,,,1039500918,AE2217,12010,
12010,,,1039500919,AE2217,12011,
12011,,,1039500920,AE2217,12012,
12012,,,1039500921,AE2217,12013,
12013,,,1039500922,AE2217,12014,
12014,,,1039500923,AE2217,12015,
12015,,,1039500924,AE2217,12016,
12016,,,1039501001,AE2217,12017,
12017,,,1039501002,AE2217,12018,
12018,,,1039501003,AE2217,12019,
12019,,,1039501004,AE2217,12020,
12020,,,1039501005,AE2217,12021,
12021,,,1039501006,AE2217,12022,
12022,,,1039501007,AE2217,12023,
12023,,,1039501008,AE2217,12024,
12024,,,1039501009,AE2217,12025,
12025,,,1039501010,AE2217,12026,
12026,,,1039501011,AE2217,12027,
12027,,,1039501012,AE2217,12028,
12028,,,1039501013,AE2217,12029,
12029,,,1039501014,AE2217,12030,
12030,,,1039501015,AE2217,12031,
12031,,,1039501016,AE2217,12032,
12032,,,1039501101,AE2217,12033,
12033,,,1039501102,AE2217,12034,
12034,,,1039501103,AE2217,12035,
12035,,,1039501104,AE2217,12036,
12036,,,1039501105,AE2217,12037,
12037,,,1039501106,AE2217,12038,
12038,,,1039501107,AE2217,12039,
12039,,,1039501108,AE2217,12040,
12040,,,1039501109,AE2217,12041,
12041,,,1039501110,AE2217,12042,
12042,,,1039501111,AE2217,12043,
12043,,,1039501112,AE2217,12044,
12044,,,1039501113,AE2217,12045,
12045,,,1039501114,AE2217,12046,
12046,,,1039501115,AE2217,12047,
12047,,,1039501116,AE2217,12048,
12048,,,1039501117,AE2217,12049,
12049,,,1039501118,AE2217,12050,
12050,,,1039501119,AE2217,12051,
12051,,,1039501120,AE2217,12052,
12052,,,1039501121,AE2217,12053,
12053,,,1039501122,AE2217,12054,
12054,,,1039501123,AE2217,12055,
12055,,,1039501124,AE2217,12056,
12056,,,1039501201,AE2217,12057,
12057,,,1039501202,AE2217,12058,
12058,,,1039501203,AE2217,12059,
12059,,,1039501204,AE2217,12060,
12060,,,1039501205,AE2217,12061,
12061,,,1039501206,AE2217,12062,
12062,,,1039501207,AE2217,12063,
12063,,,1039501208,AE2217,12064,
12064,,,1039501209,AE2217,12065,
12065,,,1039501210,AE2217,12066,
12066,,,1039501211,AE2217,12067,
12067,,,1039501212,AE2217,12068,
12068,,,1039501213,AE2217,12069,
12069,,,1039501214,AE2217,12070,
12070,,,1039501215,AE2217,12071,
12071,,,1039501216,AE2217,12072,
12072,,,1039501217,AE2217,12073,
12073,,,1039501218,AE2217,12074,
12074,,,1039501219,AE2217,12075,
12075,,,1039501220,AE2217,12076,
12076,,,1039501221,AE2217,12077,
12077,,,1039501222,AE2217,12078,
12078,,,1039501223,AE2217,12079,
12079,,,1039501224,AE2217,12080,
12080,,,1039501301,AE2217,12081,
12081,,,1039501303,AE2217,12082,
12082,,,1039501305,AE2217,12083,
12083,,,1039501307,AE2217,12084,
12084,,,1039501309,AE2217,12085,
12085,,,1039501311,AE2217,12086,
12086,,,1039501313,AE2217,12087,
12087,,,1039501315,AE2217,12088,
12088,,,1039501317,AE2217,12089,
12089,,,1039501319,AE2217,12090,
12090,,,1039501321,AE2217,12091,
12091,,,1039501323,AE2217,12092,
12092,,,1039600601,AE2219,12093,
12093,,,1039600602,AE2219,12094,
12094,,,1039600603,AE2219,12095,
12095,,,1039600604,AE2219,12096,
12096,,,1039600605,AE2219,12097,
12097,,,1039600606,AE2219,12098,
12098,,,1039600607,AE2219,12099,
12099,,,1039600608,AE2219,12100,
12100,,,1039600609,AE2219,12101,
12101,,,1039600610,AE2219,12102,
12102,,,1039600611,AE2219,12103,
12103,,,1039600612,AE2219,12104,
12104,,,1039600613,AE2219,12105,
12105,,,1039600614,AE2219,12106,
12106,,,1039600615,AE2219,12107,
12107,,,1039600616,AE2219,12108,
12108,,,1039600617,AE2219,12109,
12109,,,1039600618,AE2219,12110,
12110,,,1039600619,AE2219,12111,
12111,,,1039600620,AE2219,12112,
12112,,,1039600621,AE2219,12113,
12113,,,1039600622,AE2219,12114,
12114,,,1039600623,AE2219,12115,
12115,,,1039600624,AE2219,12116,
12116,,,1039600701,AE2219,12117,
12117,,,1039600702,AE2219,12118,
12118,,,1039600703,AE2219,12119,
12119,,,1039600704,AE2219,12120,
12120,,,1039600705,AE2219,12121,
12121,,,1039600706,AE2219,12122,
12122,,,1039600707,AE2219,12123,
12123,,,1039600708,AE2219,12124,
12124,,,1039600709,AE2219,12125,
12125,,,1039600710,AE2219,12126,
12126,,,1039600711,AE2219,12127,
12127,,,1039600712,AE2219,12128,
12128,,,1039600713,AE2219,12129,
12129,,,1039600714,AE2219,12130,
12130,,,1039600715,AE2219,12131,
12131,,,1039600716,AE2219,12132,
12132,,,1039600801,AE2219,12133,
12133,,,1039600802,AE2219,12134,
12134,,,1039600803,AE2219,12135,
12135,,,1039600804,AE2219,12136,
12136,,,1039600805,AE2219,12137,
12137,,,1039600806,AE2219,12138,
12138,,,1039600807,AE2219,12139,
12139,,,1039600808,AE2219,12140,
12140,,,1039600809,AE2219,12141,
12141,,,1039600810,AE2219,12142,
12142,,,1039600811,AE2219,12143,
12143,,,1039600812,AE2219,12144,
12144,,,1039600813,AE2219,12145,
12145,,,1039600814,AE2219,12146,
12146,,,1039600815,AE2219,12147,
12147,,,1039600816,AE2219,12148,
12148,,,1039600817,AE2219,12149,
12149,,,1039600818,AE2219,12150,
12150,,,1039600819,AE2219,12151,
12151,,,1039600820,AE2219,12152,
12152,,,1039600821,AE2219,12153,
12153,,,1039600822,AE2219,12154,
12154,,,1039600823,AE2219,12155,
12155,,,1039600824,AE2219,12156,
12156,,,1039600901,AE2219,12157,
12157,,,1039600902,AE2219,12158,
12158,,,1039600903,AE2219,12159,
12159,,,1039600904,AE2219,12160,
12160,,,1039600905,AE2219,12161,
12161,,,1039600906,AE2219,12162,
12162,,,1039600907,AE2219,12163,
12163,,,1039600908,AE2219,12164,
12164,,,1039600909,AE2219,12165,
12165,,,1039600910,AE2219,12166,
12166,,,1039600911,AE2219,12167,
12167,,,1039600912,AE2219,12168,
12168,,,1039600913,AE2219,12169,
12169,,,1039600914,AE2219,12170,
12170,,,1039600915,AE2219,12171,
12171,,,1039600916,AE2219,12172,
12172,,,1039600917,AE2219,12173,
12173,,,1039600918,AE2219,12174,
12174,,,1039600919,AE2219,12175,
12175,,,1039600920,AE2219,12176,
12176,,,1039600921,AE2219,12177,
12177,,,1039600922,AE2219,12178,
12178,,,1039600923,AE2219,12179,
12179,,,1039600924,AE2219,12180,
12180,,,1039601001,AE2219,12181,
12181,,,1039601002,AE2219,12182,
12182,,,1039601003,AE2219,12183,
12183,,,1039601004,AE2219,12184,
12184,,,1039601005,AE2219,12185,
12185,,,1039601006,AE2219,12186,
12186,,,1039601007,AE2219,12187,
12187,,,1039601008,AE2219,12188,
12188,,,1039601009,AE2219,12189,
12189,,,1039601010,AE2219,12190,
12190,,,1039601011,AE2219,12191,
12191,,,1039601012,AE2219,12192,
12192,,,1039601013,AE2219,12193,
12193,,,1039601014,AE2219,12194,
12194,,,1039601015,AE2219,12195,
12195,,,1039601016,AE2219,12196,
12196,,,1039601017,AE2219,12197,
12197,,,1039601018,AE2219,12198,
12198,,,1039601019,AE2219,12199,
12199,,,1039601020,AE2219,12200,
12200,,,1039601021,AE2219,12201,
12201,,,1039601022,AE2219,12202,
12202,,,1039601023,AE2219,12203,
12203,,,1039601024,AE2219,12204,
12204,V1V2_dada2_read_info_03052026.xlsx,V4_dada2_read_info_03052026.xlsx,1039601201,AE2219,12205,
12205,,,1039601202,AE2219,12206,
12206,,,1039601203,AE2219,12207,
12207,V1V2_dada2_read_info_03052026.xlsx,V4_dada2_read_info_03052026.xlsx,1039601204,AE2219,12208,
12208,,,1039601205,AE2219,12209,
12209,,,1039601206,AE2219,12210,
12210,V1V2_dada2_read_info_03052026.xlsx,V4_dada2_read_info_03052026.xlsx,1039601207,AE2219,12211,
12211,,,1039601208,AE2219,12212,
12212,,,1039601209,AE2219,12213,
12213,V1V2_dada2_read_info_03052026.xlsx,V4_dada2_read_info_03052026.xlsx,1039601210,AE2219,12214,
12214,,,1039601211,AE2219,12215,
12215,,,1039601212,AE2219,12216,
12216,V1V2_dada2_read_info_03052026.xlsx,V4_dada2_read_info_03052026.xlsx,1039601213,AE2219,12217,
12217,,,1039601214,AE2219,12218,
12218,V1V2_dada2_read_info_03052026.xlsx,V4_dada2_read_info_03052026.xlsx,1039601215,AE2219,12219,
12219,,,1039601216,AE2219,12220,
12220,V1V2_dada2_read_info_03052026.xlsx,V4_dada2_read_info_03052026.xlsx,1039601217,AE2219,12221,
12221,V1V2_dada2_read_info_03052026.xlsx,V4_dada2_read_info_03052026.xlsx,1039601218,AE2219,12222,
12222,,,1039601219,AE2219,12223,
12223,,,1039601220,AE2219,12224,
12224,V1V2_dada2_read_info_03052026.xlsx,V4_dada2_read_info_03052026.xlsx,1039601221,AE2219,12225,
12225,V1V2_dada2_read_info_03052026.xlsx,V4_dada2_read_info_03052026.xlsx,1039601222,AE2219,12226,
12226,V1V2_dada2_read_info_03052026.xlsx,V4_dada2_read_info_03052026.xlsx,1039601223,AE2219,12227,
12227,V1V2_dada2_read_info_03052026.xlsx,V4_dada2_read_info_03052026.xlsx,1039601224,AE2219,12228,
12228,,,1039700702,AE2222,12229,
12229,,,1039700703,AE2222,12230,
12230,,,1039700704,AE2222,12231,
12231,,,1039700705,AE2222,12232,
12232,,,1039700706,AE2222,12233,
12233,,,1039700707,AE2222,12234,
12234,,,1039700708,AE2222,12235,
12235,,,1039700709,AE2222,12236,
12236,,,1039700710,AE2222,12237,
12237,,,1039700711,AE2222,12238,
12238,,,1039700712,AE2222,12239,
12239,,,1039700713,AE2222,12240,
12240,,,1039700714,AE2222,12241,
12241,,,1039700715,AE2222,12242,
12242,,,1039700716,AE2222,12243,
12243,,,1039700717,AE2222,12244,
12244,,,1039700718,AE2222,12245,
12245,,,1039700719,AE2222,12246,
12246,,,1039700720,AE2222,12247,
12247,,,1039700721,AE2222,12248,
12248,,,1039700722,AE2222,12249,
12249,,,1039700723,AE2222,12250,
12250,,,1039700724,AE2222,12251,
12251,V1V2_dada2_read_info_03052026.xlsx,V4_dada2_read_info_03052026.xlsx,1039700801,AE2222,12252,
12252,,,1039700802,AE2222,12253,
12253,V1V2_dada2_read_info_03052026.xlsx,V4_dada2_read_info_03052026.xlsx,1039700803,AE2222,12254,
12254,,,1039700804,AE2222,12255,
12255,V1V2_dada2_read_info_03052026.xlsx,V4_dada2_read_info_03052026.xlsx,1039700805,AE2222,12256,
12256,,,1039700806,AE2222,12257,
12257,V1V2_dada2_read_info_03052026.xlsx,V4_dada2_read_info_03052026.xlsx,1039700807,AE2222,12258,
12258,,,1039700808,AE2222,12259,
12259,V1V2_dada2_read_info_03052026.xlsx,V4_dada2_read_info_03052026.xlsx,1039700809,AE2222,12260,
12260,,,1039700810,AE2222,12261,
12261,V1V2_dada2_read_info_03052026.xlsx,V4_dada2_read_info_03052026.xlsx,1039700811,AE2222,12262,
12262,,,1039700812,AE2222,12263,
12263,V1V2_dada2_read_info_03052026.xlsx,V4_dada2_read_info_03052026.xlsx,1039700813,AE2222,12264,
12264,,,1039700814,AE2222,12265,
12265,V1V2_dada2_read_info_03052026.xlsx,V4_dada2_read_info_03052026.xlsx,1039700815,AE2222,12266,
12266,,,1039700816,AE2222,12267,
12267,V1V2_dada2_read_info_03052026.xlsx,V4_dada2_read_info_03052026.xlsx,1039700817,AE2222,12268,
12268,,,1039700818,AE2222,12269,
12269,V1V2_dada2_read_info_03052026.xlsx,V4_dada2_read_info_03052026.xlsx,1039700819,AE2222,12270,
12270,,,1039700820,AE2222,12271,
12271,V1V2_dada2_read_info_03052026.xlsx,V4_dada2_read_info_03052026.xlsx,1039700821,AE2222,12272,
12272,,,1039700822,AE2222,12273,
12273,V1V2_dada2_read_info_03052026.xlsx,V4_dada2_read_info_03052026.xlsx,1039700823,AE2222,12274,
12274,,,1039700824,AE2222,12275,
12275,,,1039701301,AE2222,12276,
12276,,,1039701302,AE2222,12277,
12277,,,1039701303,AE2222,12278,
12278,,,1039701304,AE2222,12279,
12279,,,1039701305,AE2222,12280,
12280,,,1039701306,AE2222,12281,
12281,,,1039701307,AE2222,12282,
12282,,,1039701308,AE2222,12283,
12283,,,1039701309,AE2222,12284,
12284,,,1039701310,AE2222,12285,
12285,,,1039701311,AE2222,12286,
12286,,,1039701312,AE2222,12287,
12287,,,1039701313,AE2222,12288,
12288,,,1039701314,AE2222,12289,
12289,,,1039701315,AE2222,12290,
12290,,,1039701316,AE2222,12291,
12291,,,1039701317,AE2222,12292,
12292,,,1039701318,AE2222,12293,
12293,,,1039701319,AE2222,12294,
12294,,,1039701320,AE2222,12295,
12295,,,1039701321,AE2222,12296,
12296,,,1039701322,AE2222,12297,
12297,,,1039701323,AE2222,12298,
12298,,,1039701324,AE2222,12299,
12299,,,1039701501,AE2222,12300,
12300,,,1039701502,AE2222,12301,
12301,,,1039701503,AE2222,12302,
12302,,,1039701504,AE2222,12303,
12303,,,1039701505,AE2222,12304,
12304,,,1039701506,AE2222,12305,
12305,,,1039701507,AE2222,12306,
12306,,,1039701508,AE2222,12307,
12307,,,1039701509,AE2222,12308,
12308,,,1039701510,AE2222,12309,
12309,,,1039701511,AE2222,12310,
12310,,,1039701512,AE2222,12311,
12311,,,1039701513,AE2222,12312,
12312,,,1039701514,AE2222,12313,
12313,,,1039701515,AE2222,12314,
12314,,,1039701516,AE2222,12315,
12315,,,1039701517,AE2222,12316,
12316,,,1039701518,AE2222,12317,
12317,,,1039701519,AE2222,12318,
12318,,,1039701520,AE2222,12319,
12319,,,1039701521,AE2222,12320,
12320,,,1039701522,AE2222,12321,
12321,,,1039701523,AE2222,12322,
12322,,,1039701524,AE2222,12323,
12323,,,1039701601,AE2222,12324,
12324,,,1039701602,AE2222,12325,
12325,,,1039701603,AE2222,12326,
12326,,,1039701604,AE2222,12327,
12327,,,1039701605,AE2222,12328,
12328,,,1039701606,AE2222,12329,
12329,,,1039701607,AE2222,12330,
12330,,,1039701608,AE2222,12331,
12331,,,1039701609,AE2222,12332,
12332,,,1039701610,AE2222,12333,
12333,,,1039701611,AE2222,12334,
12334,,,1039701612,AE2222,12335,
12335,,,1039701613,AE2222,12336,
12336,,,1039701614,AE2222,12337,
12337,,,1039701615,AE2222,12338,
12338,,,1039701616,AE2222,12339,
12339,,,1039701617,AE2222,12340,
12340,,,1039701618,AE2222,12341,
12341,,,1039701619,AE2222,12342,
12342,,,1039701620,AE2222,12343,
12343,,,1039701621,AE2222,12344,
12344,,,1039701622,AE2222,12345,
12345,,,1039701623,AE2222,12346,
12346,,,1039701624,AE2222,12347,
12347,,,1039701701,AE2222,12348,
12348,,,1039701702,AE2222,12349,
12349,,,1039701703,AE2222,12350,
12350,,,1039701704,AE2222,12351,
12351,,,1039701705,AE2222,12352,
12352,,,1039701706,AE2222,12353,
12353,,,1039701707,AE2222,12354,
12354,,,1039701708,AE2222,12355,
12355,,,1039701709,AE2222,12356,
12356,,,1039701710,AE2222,12357,
12357,,,1039701711,AE2222,12358,
12358,,,1039701712,AE2222,12359,
12359,,,1039701713,AE2222,12360,
12360,,,1039701714,AE2222,12361,
12361,,,1039701715,AE2222,12362,
12362,,,1039701716,AE2222,12363,
12363,,,1039701717,AE2222,12364,
12364,,,1039701718,AE2222,12365,
12365,,,1039701719,AE2222,12366,
12366,,,1039701720,AE2222,12367,
12367,,,1039701721,AE2222,12368,
12368,,,1039701722,AE2222,12369,
12369,,,1039701723,AE2222,12370,
12370,,,1039701724,AE2222,12371,
12371,,,1039800201,AE2224,12372,
12372,,,1039800202,AE2224,12373,
12373,,,1039800203,AE2224,12374,
12374,,,1039800204,AE2224,12375,
12375,,,1039800205,AE2224,12376,
12376,,,1039800206,AE2224,12377,
12377,,,1039800207,AE2224,12378,
12378,,,1039800208,AE2224,12379,
12379,,,1039800209,AE2224,12380,
12380,,,1039800210,AE2224,12381,
12381,,,1039800211,AE2224,12382,
12382,,,1039800212,AE2224,12383,
12383,,,1039800213,AE2224,12384,
12384,,,1039800214,AE2224,12385,
12385,,,1039800301,AE2224,12386,
12386,,,1039800302,AE2224,12387,
12387,,,1039800303,AE2224,12388,
12388,,,1039800304,AE2224,12389,
12389,,,1039800305,AE2224,12390,
12390,,,1039800306,AE2224,12391,
12391,,,1039800307,AE2224,12392,
12392,,,1039800308,AE2224,12393,
12393,,,1039800309,AE2224,12394,
12394,,,1039800310,AE2224,12395,
12395,,,1039800311,AE2224,12396,
12396,,,1039800312,AE2224,12397,
12397,,,1039800313,AE2224,12398,
12398,,,1039800314,AE2224,12399,
12399,,,1039800315,AE2224,12400,
12400,,,1039800316,AE2224,12401,
12401,,,1039800317,AE2224,12402,
12402,,,1039800318,AE2224,12403,
12403,,,1039800319,AE2224,12404,
12404,,,1039800320,AE2224,12405,
12405,,,1039800321,AE2224,12406,
12406,,,1039800322,AE2224,12407,
12407,,,1039800323,AE2224,12408,
12408,,,1039800324,AE2224,12409,
12409,V1V2_dada2_read_info_03052026.xlsx,V4_dada2_read_info_03052026.xlsx,1039800401,AE2224,12410,
12410,,,1039800402,AE2224,12411,
12411,V1V2_dada2_read_info_03052026.xlsx,V4_dada2_read_info_03052026.xlsx,1039800403,AE2224,12412,
12412,,,1039800404,AE2224,12413,
12413,V1V2_dada2_read_info_03052026.xlsx,V4_dada2_read_info_03052026.xlsx,1039800405,AE2224,12414,
12414,,,1039800406,AE2224,12415,
12415,V1V2_dada2_read_info_03052026.xlsx,V4_dada2_read_info_03052026.xlsx,1039800407,AE2224,12416,
12416,,,1039800408,AE2224,12417,
12417,V1V2_dada2_read_info_03052026.xlsx,V4_dada2_read_info_03052026.xlsx,1039800409,AE2224,12418,
12418,,,1039800410,AE2224,12419,
12419,V1V2_dada2_read_info_03052026.xlsx,V4_dada2_read_info_03052026.xlsx,1039800411,AE2224,12420,
12420,,,1039800412,AE2224,12421,
12421,V1V2_dada2_read_info_03052026.xlsx,V4_dada2_read_info_03052026.xlsx,1039800413,AE2224,12422,
12422,,,1039800414,AE2224,12423,
12423,V1V2_dada2_read_info_03052026.xlsx,V4_dada2_read_info_03052026.xlsx,1039800415,AE2224,12424,
12424,,,1039800416,AE2224,12425,
12425,V1V2_dada2_read_info_03052026.xlsx,V4_dada2_read_info_03052026.xlsx,1039800417,AE2224,12426,
12426,,,1039800418,AE2224,12427,
12427,V1V2_dada2_read_info_03052026.xlsx,V4_dada2_read_info_03052026.xlsx,1039800419,AE2224,12428,
12428,,,1039800420,AE2224,12429,
12429,V1V2_dada2_read_info_03052026.xlsx,V4_dada2_read_info_03052026.xlsx,1039800421,AE2224,12430,
12430,,,1039800422,AE2224,12431,
12431,V1V2_dada2_read_info_03052026.xlsx,V4_dada2_read_info_03052026.xlsx,1039800423,AE2224,12432,
12432,,,1039800424,AE2224,12433,
12433,,,1039800501,AE2224,12434,
12434,,,1039800502,AE2224,12435,
12435,,,1039800503,AE2224,12436,
12436,,,1039800504,AE2224,12437,
12437,,,1039800505,AE2224,12438,
12438,,,1039800506,AE2224,12439,
12439,,,1039800507,AE2224,12440,
12440,,,1039800508,AE2224,12441,
12441,,,1039800509,AE2224,12442,
12442,,,1039800510,AE2224,12443,
12443,,,1039800511,AE2224,12444,
12444,,,1039800512,AE2224,12445,
12445,,,1039800513,AE2224,12446,
12446,,,1039800514,AE2224,12447,
12447,,,1039800515,AE2224,12448,
12448,,,1039800516,AE2224,12449,
12449,,,1039800601,AE2224,12450,
12450,,,1039800602,AE2224,12451,
12451,,,1039800603,AE2224,12452,
12452,,,1039800604,AE2224,12453,
12453,,,1039800605,AE2224,12454,
12454,,,1039800606,AE2224,12455,
12455,,,1039800607,AE2224,12456,
12456,,,1039800608,AE2224,12457,
12457,,,1039800609,AE2224,12458,
12458,,,1039800610,AE2224,12459,
12459,,,1039800611,AE2224,12460,
12460,,,1039800612,AE2224,12461,
12461,,,1039800613,AE2224,12462,
12462,,,1039800614,AE2224,12463,
12463,,,1039800615,AE2224,12464,
12464,,,1039800616,AE2224,12465,
12465,,,1039800617,AE2224,12466,
12466,,,1039800618,AE2224,12467,
12467,,,1039800619,AE2224,12468,
12468,,,1039800620,AE2224,12469,
12469,,,1039800621,AE2224,12470,
12470,,,1039800622,AE2224,12471,
12471,,,1039800623,AE2224,12472,
12472,,,1039800624,AE2224,12473,
12473,,,1039800701,AE2224,12474,
12474,,,1039800702,AE2224,12475,
12475,,,1039800703,AE2224,12476,
12476,,,1039800704,AE2224,12477,
12477,,,1039800705,AE2224,12478,
12478,,,1039800706,AE2224,12479,
12479,,,1039800707,AE2224,12480,
12480,,,1039800708,AE2224,12481,
12481,,,1039800709,AE2224,12482,
12482,,,1039800710,AE2224,12483,
12483,,,1039800711,AE2224,12484,
12484,,,1039800712,AE2224,12485,
12485,,,1039800713,AE2224,12486,
12486,,,1039800714,AE2224,12487,
12487,,,1039800715,AE2224,12488,
12488,,,1039800716,AE2224,12489,
12489,,,1039800717,AE2224,12490,
12490,,,1039800718,AE2224,12491,
12491,,,1039800719,AE2224,12492,
12492,,,1039800720,AE2224,12493,
12493,,,1039800721,AE2224,12494,
12494,,,1039800722,AE2224,12495,
12495,,,1039800723,AE2224,12496,
12496,,,1039800724,AE2224,12497,
12497,,,1039800801,AE2224,12498,
12498,,,1039800802,AE2224,12499,
12499,,,1039800803,AE2224,12500,
12500,,,1039800804,AE2224,12501,
12501,,,1039800805,AE2224,12502,
12502,,,1039800806,AE2224,12503,
12503,,,1039800807,AE2224,12504,
12504,,,1039800808,AE2224,12505,
12505,,,1039800809,AE2224,12506,
12506,,,1039800810,AE2224,12507,
12507,,,1039800811,AE2224,12508,
12508,,,1039800812,AE2224,12509,
12509,,,1039800813,AE2224,12510,
12510,,,1039800814,AE2224,12511,
12511,,,1039800815,AE2224,12512,
12512,,,1039800816,AE2224,12513,
12513,,,1039800817,AE2224,12514,
12514,,,1039800818,AE2224,12515,
12515,,,1039800819,AE2224,12516,
12516,,,1039800820,AE2224,12517,
12517,,,1039800821,AE2224,12518,
12518,,,1039800822,AE2224,12519,
12519,,,1039800823,AE2224,12520,
12520,,,1039800824,AE2224,12521,
12521,,,1039901001,AE2226,12522,
12522,,,1039901002,AE2226,12523,
12523,,,1039901003,AE2226,12524,
12524,,,1039901004,AE2226,12525,
12525,,,1039901005,AE2226,12526,
12526,,,1039901006,AE2226,12527,
12527,,,1039901007,AE2226,12528,
12528,,,1039901008,AE2226,12529,
12529,,,1039901009,AE2226,12530,
12530,,,1039901010,AE2226,12531,
12531,,,1039901011,AE2226,12532,
12532,,,1039901012,AE2226,12533,
12533,,,1039901013,AE2226,12534,
12534,,,1039901014,AE2226,12535,
12535,,,1039901401,AE2226,12536,
12536,,,1039901402,AE2226,12537,
12537,,,1039901403,AE2226,12538,
12538,,,1039901404,AE2226,12539,
12539,,,1039901405,AE2226,12540,
12540,,,1039901406,AE2226,12541,
12541,,,1039901407,AE2226,12542,
12542,,,1039901408,AE2226,12543,
12543,,,1039901409,AE2226,12544,
12544,,,1039901410,AE2226,12545,
12545,,,1039901411,AE2226,12546,
12546,,,1039901412,AE2226,12547,
12547,,,1039901413,AE2226,12548,
12548,,,1039901414,AE2226,12549,
12549,,,1039901415,AE2226,12550,
12550,,,1039901416,AE2226,12551,
12551,,,1039901417,AE2226,12552,
12552,,,1039901418,AE2226,12553,
12553,,,1039901419,AE2226,12554,
12554,,,1039901420,AE2226,12555,
12555,,,1039901421,AE2226,12556,
12556,,,1039901422,AE2226,12557,
12557,,,1039901423,AE2226,12558,
12558,,,1039901424,AE2226,12559,
12559,,,1039901701,AE2226,12560,
12560,,,1039901702,AE2226,12561,
12561,,,1039901703,AE2226,12562,
12562,,,1039901704,AE2226,12563,
12563,,,1039901705,AE2226,12564,
12564,,,1039901706,AE2226,12565,
12565,,,1039901707,AE2226,12566,
12566,,,1039901708,AE2226,12567,
12567,,,1039901709,AE2226,12568,
12568,,,1039901710,AE2226,12569,
12569,,,1039901711,AE2226,12570,
12570,,,1039901712,AE2226,12571,
12571,,,1039901713,AE2226,12572,
12572,,,1039901714,AE2226,12573,
12573,,,1039901715,AE2226,12574,
12574,,,1039901716,AE2226,12575,
12575,,,1039901717,AE2226,12576,
12576,,,1039901718,AE2226,12577,
12577,,,1039901719,AE2226,12578,
12578,,,1039901720,AE2226,12579,
12579,,,1039901721,AE2226,12580,
12580,,,1039901722,AE2226,12581,
12581,,,1039901723,AE2226,12582,
12582,,,1039901724,AE2226,12583,
12583,,,1039901901,AE2226,12584,
12584,,,1039901902,AE2226,12585,
12585,,,1039901903,AE2226,12586,
12586,,,1039901904,AE2226,12587,
12587,,,1039901905,AE2226,12588,
12588,,,1039901906,AE2226,12589,
12589,,,1039901907,AE2226,12590,
12590,,,1039901908,AE2226,12591,
12591,,,1039901909,AE2226,12592,
12592,,,1039901910,AE2226,12593,
12593,,,1039901911,AE2226,12594,
12594,,,1039901912,AE2226,12595,
12595,,,1039901913,AE2226,12596,
12596,,,1039901914,AE2226,12597,
12597,,,1039901915,AE2226,12598,
12598,,,1039901916,AE2226,12599,
12599,,,1039902001,AE2226,12600,
12600,,,1039902002,AE2226,12601,
12601,,,1039902003,AE2226,12602,
12602,,,1039902004,AE2226,12603,
12603,,,1039902005,AE2226,12604,
12604,,,1039902006,AE2226,12605,
12605,,,1039902007,AE2226,12606,
12606,,,1039902008,AE2226,12607,
12607,,,1039902009,AE2226,12608,
12608,,,1039902010,AE2226,12609,
12609,,,1039902011,AE2226,12610,
12610,,,1039902012,AE2226,12611,
12611,,,1039902013,AE2226,12612,
12612,,,1039902014,AE2226,12613,
12613,,,1039902015,AE2226,12614,
12614,,,1039902016,AE2226,12615,
12615,,,1039902017,AE2226,12616,
12616,,,1039902018,AE2226,12617,
12617,,,1039902019,AE2226,12618,
12618,,,1039902020,AE2226,12619,
12619,,,1039902021,AE2226,12620,
12620,,,1039902022,AE2226,12621,
12621,,,1039902023,AE2226,12622,
12622,,,1039902024,AE2226,12623,
12623,,,1039902101,AE2226,12624,
12624,,,1039902102,AE2226,12625,
12625,,,1039902103,AE2226,12626,
12626,,,1039902104,AE2226,12627,
12627,,,1039902105,AE2226,12628,
12628,,,1039902106,AE2226,12629,
12629,,,1039902107,AE2226,12630,
12630,,,1039902108,AE2226,12631,
12631,,,1039902109,AE2226,12632,
12632,,,1039902110,AE2226,12633,
12633,,,1039902111,AE2226,12634,
12634,,,1039902112,AE2226,12635,
12635,,,1039902113,AE2226,12636,
12636,,,1039902114,AE2226,12637,
12637,,,1039902115,AE2226,12638,
12638,,,1039902116,AE2226,12639,
12639,,,1039902117,AE2226,12640,
12640,,,1039902118,AE2226,12641,
12641,,,1039902119,AE2226,12642,
12642,,,1039902120,AE2226,12643,
12643,,,1039902121,AE2226,12644,
12644,,,1039902122,AE2226,12645,
12645,,,1039902123,AE2226,12646,
12646,,,1039902124,AE2226,12647,
12647,,,1039902201,AE2226,12648,
12648,,,1039902202,AE2226,12649,
12649,,,1039902203,AE2226,12650,
12650,,,1039902204,AE2226,12651,
12651,,,1039902205,AE2226,12652,
12652,,,1039902206,AE2226,12653,
12653,,,1039902207,AE2226,12654,
12654,,,1039902208,AE2226,12655,
12655,,,1039902209,AE2226,12656,
12656,,,1039902210,AE2226,12657,
12657,,,1039902211,AE2226,12658,
12658,,,1039902212,AE2226,12659,
12659,,,1039902213,AE2226,12660,
12660,,,1039902214,AE2226,12661,
12661,,,1039902215,AE2226,12662,
12662,,,1039902216,AE2226,12663,
12663,,,1039902217,AE2226,12664,
12664,,,1039902218,AE2226,12665,
12665,,,1039902219,AE2226,12666,
12666,,,1039902220,AE2226,12667,
12667,,,1039902221,AE2226,12668,
12668,,,1039902222,AE2226,12669,
12669,,,1039902223,AE2226,12670,
12670,,,1039902224,AE2226,12671,
12671,,,1040000208,AE2302,12672,
12672,,,1040000209,AE2302,12673,
12673,,,1040000210,AE2302,12674,
12674,,,1040000211,AE2302,12675,
12675,,,1040000212,AE2302,12676,
12676,,,1040000213,AE2302,12677,
12677,,,1040000214,AE2302,12678,
12678,,,1040000215,AE2302,12679,
12679,,,1040000216,AE2302,12680,
12680,,,1040000217,AE2302,12681,
12681,,,1040000218,AE2302,12682,
12682,,,1040000219,AE2302,12683,
12683,,,1040000220,AE2302,12684,
12684,,,1040000221,AE2302,12685,
12685,,,1040000222,AE2302,12686,
12686,,,1040000223,AE2302,12687,
12687,,,1040000224,AE2302,12688,
12688,,,1040000301,AE2302,12689,
12689,,,1040000302,AE2302,12690,
12690,,,1040000303,AE2302,12691,
12691,,,1040000304,AE2302,12692,
12692,,,1040000305,AE2302,12693,
12693,,,1040000306,AE2302,12694,
12694,,,1040000307,AE2302,12695,
12695,,,1040000308,AE2302,12696,
12696,,,1040000309,AE2302,12697,
12697,,,1040000310,AE2302,12698,
12698,,,1040000311,AE2302,12699,
12699,,,1040000312,AE2302,12700,
12700,,,1040000313,AE2302,12701,
12701,,,1040000314,AE2302,12702,
12702,,,1040000315,AE2302,12703,
12703,,,1040000316,AE2302,12704,
12704,,,1040000317,AE2302,12705,
12705,,,1040000318,AE2302,12706,
12706,,,1040000319,AE2302,12707,
12707,,,1040000320,AE2302,12708,
12708,,,1040000321,AE2302,12709,
12709,,,1040000322,AE2302,12710,
12710,,,1040000323,AE2302,12711,
12711,,,1040000324,AE2302,12712,
12712,,,1040001101,AE2302,12713,
12713,,,1040001102,AE2302,12714,
12714,,,1040001103,AE2302,12715,
12715,,,1040001104,AE2302,12716,
12716,,,1040001105,AE2302,12717,
12717,,,1040001106,AE2302,12718,
12718,,,1040001107,AE2302,12719,
12719,,,1040001108,AE2302,12720,
12720,,,1040001109,AE2302,12721,
12721,,,1040001110,AE2302,12722,
12722,,,1040001111,AE2302,12723,
12723,,,1040001112,AE2302,12724,
12724,,,1040001113,AE2302,12725,
12725,,,1040001114,AE2302,12726,
12726,,,1040001115,AE2302,12727,
12727,,,1040001116,AE2302,12728,
12728,,,1040001201,AE2302,12729,
12729,,,1040001202,AE2302,12730,
12730,,,1040001203,AE2302,12731,
12731,,,1040001204,AE2302,12732,
12732,,,1040001205,AE2302,12733,
12733,,,1040001206,AE2302,12734,
12734,,,1040001207,AE2302,12735,
12735,,,1040001208,AE2302,12736,
12736,,,1040001209,AE2302,12737,
12737,,,1040001210,AE2302,12738,
12738,,,1040001211,AE2302,12739,
12739,,,1040001212,AE2302,12740,
12740,,,1040001213,AE2302,12741,
12741,,,1040001214,AE2302,12742,
12742,,,1040001215,AE2302,12743,
12743,,,1040001216,AE2302,12744,
12744,,,1040001217,AE2302,12745,
12745,,,1040001218,AE2302,12746,
12746,,,1040001219,AE2302,12747,
12747,,,1040001220,AE2302,12748,
12748,,,1040001221,AE2302,12749,
12749,,,1040001222,AE2302,12750,
12750,,,1040001223,AE2302,12751,
12751,,,1040001224,AE2302,12752,
12752,,,1040001301,AE2302,12753,
12753,,,1040001302,AE2302,12754,
12754,,,1040001303,AE2302,12755,
12755,,,1040001304,AE2302,12756,
12756,,,1040001305,AE2302,12757,
12757,,,1040001306,AE2302,12758,
12758,,,1040001307,AE2302,12759,
12759,,,1040001308,AE2302,12760,
12760,,,1040001309,AE2302,12761,
12761,,,1040001310,AE2302,12762,
12762,,,1040001311,AE2302,12763,
12763,,,1040001312,AE2302,12764,
12764,,,1040001313,AE2302,12765,
12765,,,1040001314,AE2302,12766,
12766,,,1040001315,AE2302,12767,
12767,,,1040001316,AE2302,12768,
12768,,,1040001317,AE2302,12769,
12769,,,1040001318,AE2302,12770,
12770,,,1040001319,AE2302,12771,
12771,,,1040001320,AE2302,12772,
12772,,,1040001321,AE2302,12773,
12773,,,1040001322,AE2302,12774,
12774,,,1040001323,AE2302,12775,
12775,,,1040001324,AE2302,12776,
12776,,,1040001401,AE2302,12777,
12777,,,1040001402,AE2302,12778,
12778,,,1040001403,AE2302,12779,
12779,,,1040001404,AE2302,12780,
12780,,,1040001405,AE2302,12781,
12781,,,1040001406,AE2302,12782,
12782,,,1040001407,AE2302,12783,
12783,,,1040001408,AE2302,12784,
12784,,,1040001409,AE2302,12785,
12785,,,1040001410,AE2302,12786,
12786,,,1040001411,AE2302,12787,
12787,,,1040001412,AE2302,12788,
12788,,,1040001413,AE2302,12789,
12789,,,1040001414,AE2302,12790,
12790,,,1040001415,AE2302,12791,
12791,,,1040001416,AE2302,12792,
12792,,,1040001417,AE2302,12793,
12793,,,1040001418,AE2302,12794,
12794,,,1040001419,AE2302,12795,
12795,,,1040001420,AE2302,12796,
12796,,,1040001421,AE2302,12797,
12797,,,1040001422,AE2302,12798,
12798,,,1040001423,AE2302,12799,
12799,,,1040001424,AE2302,12800,
12800,V1V2_dada2_read_info_03052026.xlsx,V4_dada2_read_info_03052026.xlsx,1040001701,AE2302,12801,
12801,,,1040001702,AE2302,12802,
12802,V1V2_dada2_read_info_03052026.xlsx,V4_dada2_read_info_03052026.xlsx,1040001703,AE2302,12803,
12803,,,1040001704,AE2302,12804,
12804,V1V2_dada2_read_info_03052026.xlsx,V4_dada2_read_info_03052026.xlsx,1040001705,AE2302,12805,
12805,,,1040001706,AE2302,12806,
12806,V1V2_dada2_read_info_03052026.xlsx,V4_dada2_read_info_03052026.xlsx,1040001707,AE2302,12807,
12807,,,1040001708,AE2302,12808,
12808,V1V2_dada2_read_info_03052026.xlsx,V4_dada2_read_info_03052026.xlsx,1040001709,AE2302,12809,
12809,,,1040001710,AE2302,12810,
12810,V1V2_dada2_read_info_03052026.xlsx,V4_dada2_read_info_03052026.xlsx,1040001711,AE2302,12811,
12811,,,1040001712,AE2302,12812,
12812,V1V2_dada2_read_info_03052026.xlsx,V4_dada2_read_info_03052026.xlsx,1040001713,AE2302,12813,
12813,,,1040001714,AE2302,12814,
12814,V1V2_dada2_read_info_03052026.xlsx,V4_dada2_read_info_03052026.xlsx,1040001715,AE2302,12815,
12815,,,1040001716,AE2302,12816,
12816,V1V2_dada2_read_info_03052026.xlsx,V4_dada2_read_info_03052026.xlsx,1040001717,AE2302,12817,
12817,,,1040001718,AE2302,12818,
12818,V1V2_dada2_read_info_03052026.xlsx,V4_dada2_read_info_03052026.xlsx,1040001719,AE2302,12819,
12819,,,1040001720,AE2302,12820,
12820,V1V2_dada2_read_info_03052026.xlsx,V4_dada2_read_info_03052026.xlsx,1040001721,AE2302,12821,
12821,,,1040001722,AE2302,12822,
12822,V1V2_dada2_read_info_03052026.xlsx,V4_dada2_read_info_03052026.xlsx,1040001723,AE2302,12823,
12823,,,1040001724,AE2302,12824,
12824,,,1040100701,AE2304,12825,
12825,,,1040100702,AE2304,12826,
12826,,,1040100703,AE2304,12827,
12827,,,1040100704,AE2304,12828,
12828,,,1040100705,AE2304,12829,
12829,,,1040100706,AE2304,12830,
12830,,,1040100707,AE2304,12831,
12831,,,1040100708,AE2304,12832,
12832,,,1040100709,AE2304,12833,
12833,,,1040100710,AE2304,12834,
12834,,,1040100711,AE2304,12835,
12835,,,1040100712,AE2304,12836,
12836,,,1040100713,AE2304,12837,
12837,,,1040100714,AE2304,12838,
12838,,,1040100715,AE2304,12839,
12839,,,1040100716,AE2304,12840,
12840,,,1040100801,AE2304,12841,
12841,,,1040100802,AE2304,12842,
12842,,,1040100803,AE2304,12843,
12843,,,1040100804,AE2304,12844,
12844,,,1040100805,AE2304,12845,
12845,,,1040100806,AE2304,12846,
12846,,,1040100807,AE2304,12847,
12847,,,1040100808,AE2304,12848,
12848,,,1040100809,AE2304,12849,
12849,,,1040100810,AE2304,12850,
12850,,,1040100811,AE2304,12851,
12851,,,1040100812,AE2304,12852,
12852,,,1040100813,AE2304,12853,
12853,,,1040100814,AE2304,12854,
12854,,,1040100815,AE2304,12855,
12855,,,1040100816,AE2304,12856,
12856,,,1040100817,AE2304,12857,
12857,,,1040100818,AE2304,12858,
12858,,,1040100819,AE2304,12859,
12859,,,1040100820,AE2304,12860,
12860,,,1040100821,AE2304,12861,
12861,,,1040100822,AE2304,12862,
12862,,,1040100823,AE2304,12863,
12863,,,1040100824,AE2304,12864,
12864,,,1040100901,AE2304,12865,
12865,,,1040100902,AE2304,12866,
12866,,,1040100903,AE2304,12867,
12867,,,1040100904,AE2304,12868,
12868,,,1040100905,AE2304,12869,
12869,,,1040100906,AE2304,12870,
12870,,,1040100907,AE2304,12871,
12871,,,1040100908,AE2304,12872,
12872,,,1040100909,AE2304,12873,
12873,,,1040100910,AE2304,12874,
12874,,,1040100911,AE2304,12875,
12875,,,1040100912,AE2304,12876,
12876,,,1040100913,AE2304,12877,
12877,,,1040100914,AE2304,12878,
12878,,,1040100915,AE2304,12879,
12879,,,1040100916,AE2304,12880,
12880,,,1040100917,AE2304,12881,
12881,,,1040100918,AE2304,12882,
12882,,,1040100919,AE2304,12883,
12883,,,1040100920,AE2304,12884,
12884,,,1040100921,AE2304,12885,
12885,,,1040100922,AE2304,12886,
12886,,,1040100923,AE2304,12887,
12887,,,1040100924,AE2304,12888,
12888,,,1040101001,AE2304,12889,
12889,,,1040101002,AE2304,12890,
12890,,,1040101003,AE2304,12891,
12891,,,1040101004,AE2304,12892,
12892,,,1040101005,AE2304,12893,
12893,,,1040101006,AE2304,12894,
12894,,,1040101007,AE2304,12895,
12895,,,1040101008,AE2304,12896,
12896,,,1040101009,AE2304,12897,
12897,,,1040101010,AE2304,12898,
12898,,,1040101011,AE2304,12899,
12899,,,1040101012,AE2304,12900,
12900,,,1040101013,AE2304,12901,
12901,,,1040101014,AE2304,12902,
12902,,,1040101015,AE2304,12903,
12903,,,1040101016,AE2304,12904,
12904,,,1040101017,AE2304,12905,
12905,,,1040101018,AE2304,12906,
12906,,,1040101019,AE2304,12907,
12907,,,1040101020,AE2304,12908,
12908,,,1040101021,AE2304,12909,
12909,,,1040101022,AE2304,12910,
12910,,,1040101023,AE2304,12911,
12911,,,1040101024,AE2304,12912,
12912,,,1040101101,AE2304,12913,
12913,,,1040101102,AE2304,12914,
12914,,,1040101103,AE2304,12915,
12915,,,1040101104,AE2304,12916,
12916,,,1040101105,AE2304,12917,
12917,,,1040101106,AE2304,12918,
12918,,,1040101107,AE2304,12919,
12919,,,1040101108,AE2304,12920,
12920,,,1040101109,AE2304,12921,
12921,,,1040101110,AE2304,12922,
12922,,,1040101111,AE2304,12923,
12923,,,1040101112,AE2304,12924,
12924,,,1040101113,AE2304,12925,
12925,,,1040101114,AE2304,12926,
12926,,,1040101115,AE2304,12927,
12927,,,1040101116,AE2304,12928,
12928,,,1040101117,AE2304,12929,
12929,,,1040101118,AE2304,12930,
12930,,,1040101119,AE2304,12931,
12931,,,1040101120,AE2304,12932,
12932,,,1040101121,AE2304,12933,
12933,,,1040101122,AE2304,12934,
12934,,,1040101123,AE2304,12935,
12935,,,1040101124,AE2304,12936,
12936,V1V2_dada2_read_info_03052026.xlsx,V4_dada2_read_info_03052026.xlsx,1040101201,AE2304,12937,
12937,,,1040101202,AE2304,12938,
12938,V1V2_dada2_read_info_03052026.xlsx,V4_dada2_read_info_03052026.xlsx,1040101203,AE2304,12939,
12939,,,1040101204,AE2304,12940,
12940,V1V2_dada2_read_info_03052026.xlsx,V4_dada2_read_info_03052026.xlsx,1040101205,AE2304,12941,
12941,,,1040101206,AE2304,12942,
12942,V1V2_dada2_read_info_03052026.xlsx,V4_dada2_read_info_03052026.xlsx,1040101207,AE2304,12943,
12943,,,1040101208,AE2304,12944,
12944,V1V2_dada2_read_info_03052026.xlsx,V4_dada2_read_info_03052026.xlsx,1040101209,AE2304,12945,
12945,,,1040101210,AE2304,12946,
12946,V1V2_dada2_read_info_03052026.xlsx,V4_dada2_read_info_03052026.xlsx,1040101211,AE2304,12947,
12947,,,1040101212,AE2304,12948,
12948,V1V2_dada2_read_info_03052026.xlsx,V4_dada2_read_info_03052026.xlsx,1040101213,AE2304,12949,
12949,,,1040101214,AE2304,12950,
12950,V1V2_dada2_read_info_03052026.xlsx,V4_dada2_read_info_03052026.xlsx,1040101215,AE2304,12951,
12951,,,1040101216,AE2304,12952,
12952,V1V2_dada2_read_info_03052026.xlsx,V4_dada2_read_info_03052026.xlsx,1040101217,AE2304,12953,
12953,,,1040101218,AE2304,12954,
12954,V1V2_dada2_read_info_03052026.xlsx,V4_dada2_read_info_03052026.xlsx,1040101219,AE2304,12955,
12955,,,1040101220,AE2304,12956,
12956,V1V2_dada2_read_info_03052026.xlsx,V4_dada2_read_info_03052026.xlsx,1040101221,AE2304,12957,
12957,V1V2_dada2_read_info_03052026.xlsx,V4_dada2_read_info_03052026.xlsx,1040101222,AE2304,12958,
12958,,,1040101223,AE2304,12959,
12959,,,1040101224,AE2304,12960,
12960,,,1040200401,AE2306,12961,
12961,,,1040200402,AE2306,12962,
12962,,,1040200403,AE2306,12963,
12963,,,1040200404,AE2306,12964,
12964,,,1040200405,AE2306,12965,
12965,,,1040200406,AE2306,12966,
12966,,,1040200407,AE2306,12967,
12967,,,1040200408,AE2306,12968,
12968,,,1040200409,AE2306,12969,
12969,,,1040200410,AE2306,12970,
12970,,,1040200411,AE2306,12971,
12971,,,1040200412,AE2306,12972,
12972,,,1040200413,AE2306,12973,
12973,,,1040200414,AE2306,12974,
12974,,,1040200415,AE2306,12975,
12975,,,1040200416,AE2306,12976,
12976,,,1040200501,AE2306,12977,
12977,,,1040200502,AE2306,12978,
12978,,,1040200503,AE2306,12979,
12979,,,1040200504,AE2306,12980,
12980,,,1040200505,AE2306,12981,
12981,,,1040200506,AE2306,12982,
12982,,,1040200507,AE2306,12983,
12983,,,1040200508,AE2306,12984,
12984,,,1040200509,AE2306,12985,
12985,,,1040200510,AE2306,12986,
12986,,,1040200511,AE2306,12987,
12987,,,1040200512,AE2306,12988,
12988,,,1040200513,AE2306,12989,
12989,,,1040200514,AE2306,12990,
12990,,,1040200515,AE2306,12991,
12991,,,1040200516,AE2306,12992,
12992,,,1040200517,AE2306,12993,
12993,,,1040200518,AE2306,12994,
12994,,,1040200519,AE2306,12995,
12995,,,1040200520,AE2306,12996,
12996,,,1040200521,AE2306,12997,
12997,,,1040200522,AE2306,12998,
12998,,,1040200523,AE2306,12999,
12999,,,1040200524,AE2306,13000,
13000,,,1040200601,AE2306,13001,
13001,,,1040200602,AE2306,13002,
13002,,,1040200603,AE2306,13003,
13003,,,1040200604,AE2306,13004,
13004,,,1040200605,AE2306,13005,
13005,,,1040200606,AE2306,13006,
13006,,,1040200607,AE2306,13007,
13007,,,1040200608,AE2306,13008,
13008,,,1040200609,AE2306,13009,
13009,,,1040200610,AE2306,13010,
13010,,,1040200611,AE2306,13011,
13011,,,1040200612,AE2306,13012,
13012,,,1040200613,AE2306,13013,
13013,,,1040200614,AE2306,13014,
13014,,,1040200615,AE2306,13015,
13015,,,1040200616,AE2306,13016,
13016,,,1040200617,AE2306,13017,
13017,,,1040200618,AE2306,13018,
13018,,,1040200619,AE2306,13019,
13019,,,1040200620,AE2306,13020,
13020,,,1040200621,AE2306,13021,
13021,,,1040200622,AE2306,13022,
13022,,,1040200623,AE2306,13023,
13023,,,1040200624,AE2306,13024,
13024,,,1040200701,AE2306,13025,
13025,,,1040200702,AE2306,13026,
13026,,,1040200703,AE2306,13027,
13027,,,1040200704,AE2306,13028,
13028,,,1040200705,AE2306,13029,
13029,,,1040200706,AE2306,13030,
13030,,,1040200707,AE2306,13031,
13031,,,1040200708,AE2306,13032,
13032,,,1040200709,AE2306,13033,
13033,,,1040200710,AE2306,13034,
13034,,,1040200711,AE2306,13035,
13035,,,1040200712,AE2306,13036,
13036,,,1040200713,AE2306,13037,
13037,,,1040200714,AE2306,13038,
13038,,,1040200715,AE2306,13039,
13039,,,1040200716,AE2306,13040,
13040,,,1040200717,AE2306,13041,
13041,,,1040200718,AE2306,13042,
13042,,,1040200719,AE2306,13043,
13043,,,1040200720,AE2306,13044,
13044,,,1040200721,AE2306,13045,
13045,,,1040200722,AE2306,13046,
13046,,,1040200723,AE2306,13047,
13047,,,1040200724,AE2306,13048,
13048,V1V2_dada2_read_info_03052026.xlsx,V4_dada2_read_info_03052026.xlsx,1040201001,AE2306,13049,
13049,,,1040201002,AE2306,13050,
13050,V1V2_dada2_read_info_03052026.xlsx,V4_dada2_read_info_03052026.xlsx,1040201003,AE2306,13051,
13051,,,1040201004,AE2306,13052,
13052,V1V2_dada2_read_info_03052026.xlsx,V4_dada2_read_info_03052026.xlsx,1040201005,AE2306,13053,
13053,,,1040201006,AE2306,13054,
13054,V1V2_dada2_read_info_03052026.xlsx,V4_dada2_read_info_03052026.xlsx,1040201007,AE2306,13055,
13055,,,1040201008,AE2306,13056,
13056,V1V2_dada2_read_info_03052026.xlsx,V4_dada2_read_info_03052026.xlsx,1040201009,AE2306,13057,
13057,,,1040201010,AE2306,13058,
13058,V1V2_dada2_read_info_03052026.xlsx,V4_dada2_read_info_03052026.xlsx,1040201011,AE2306,13059,
13059,,,1040201012,AE2306,13060,
13060,V1V2_dada2_read_info_03052026.xlsx,V4_dada2_read_info_03052026.xlsx,1040201013,AE2306,13061,
13061,,,1040201014,AE2306,13062,
13062,,,1040201015,AE2306,13063,
13063,V1V2_dada2_read_info_03052026.xlsx,V4_dada2_read_info_03052026.xlsx,1040201016,AE2306,13064,
13064,,,1040201017,AE2306,13065,
13065,V1V2_dada2_read_info_03052026.xlsx,V4_dada2_read_info_03052026.xlsx,1040201018,AE2306,13066,
13066,,,1040201019,AE2306,13067,
13067,V1V2_dada2_read_info_03052026.xlsx,V4_dada2_read_info_03052026.xlsx,1040201020,AE2306,13068,
13068,V1V2_dada2_read_info_03052026.xlsx,V4_dada2_read_info_03052026.xlsx,1040201021,AE2306,13069,
13069,,,1040201022,AE2306,13070,
13070,V1V2_dada2_read_info_03052026.xlsx,V4_dada2_read_info_03052026.xlsx,1040201023,AE2306,13071,
13071,,,1040201024,AE2306,13072,
13072,,,1040201801,AE2306,13073,
13073,,,1040201802,AE2306,13074,
13074,,,1040201803,AE2306,13075,
13075,,,1040201804,AE2306,13076,
13076,,,1040201805,AE2306,13077,
13077,,,1040201806,AE2306,13078,
13078,,,1040201807,AE2306,13079,
13079,,,1040201808,AE2306,13080,
13080,,,1040201809,AE2306,13081,
13081,,,1040201810,AE2306,13082,
13082,,,1040201811,AE2306,13083,
13083,,,1040201812,AE2306,13084,
13084,,,1040201813,AE2306,13085,
13085,,,1040201814,AE2306,13086,
13086,,,1040201815,AE2306,13087,
13087,,,1040201816,AE2306,13088,
13088,,,1040201817,AE2306,13089,
13089,,,1040201818,AE2306,13090,
13090,,,1040201819,AE2306,13091,
13091,,,1040201820,AE2306,13092,
13092,,,1040201821,AE2306,13093,
13093,,,1040201822,AE2306,13094,
13094,,,1040201823,AE2306,13095,
13095,,,1040201824,AE2306,13096,
13096,,,1040202001,AE2306,13097,
13097,,,1040202002,AE2306,13098,
13098,,,1040202003,AE2306,13099,
13099,,,1040202004,AE2306,13100,
13100,,,1040202005,AE2306,13101,
13101,,,1040202006,AE2306,13102,
13102,,,1040202007,AE2306,13103,
13103,,,1040202008,AE2306,13104,
13104,,,1040202009,AE2306,13105,
13105,,,1040202010,AE2306,13106,
13106,,,1040202011,AE2306,13107,
13107,,,1040202012,AE2306,13108,
13108,,,1040202013,AE2306,13109,
13109,,,1040202014,AE2306,13110,
13110,,,1040202015,AE2306,13111,
13111,,,1040202016,AE2306,13112,
13112,,,1040202017,AE2306,13113,
13113,,,1040300301,AE2308,13114,
13114,,,1040300302,AE2308,13115,
13115,,,1040300303,AE2308,13116,
13116,,,1040300304,AE2308,13117,
13117,,,1040300305,AE2308,13118,
13118,,,1040300306,AE2308,13119,
13119,,,1040300307,AE2308,13120,
13120,,,1040300308,AE2308,13121,
13121,,,1040300309,AE2308,13122,
13122,,,1040300310,AE2308,13123,
13123,,,1040300311,AE2308,13124,
13124,,,1040300312,AE2308,13125,
13125,,,1040300313,AE2308,13126,
13126,,,1040300314,AE2308,13127,
13127,,,1040300315,AE2308,13128,
13128,,,1040300316,AE2308,13129,
13129,,,1040300317,AE2308,13130,
13130,,,1040300318,AE2308,13131,
13131,,,1040300319,AE2308,13132,
13132,,,1040300320,AE2308,13133,
13133,,,1040300321,AE2308,13134,
13134,,,1040300322,AE2308,13135,
13135,,,1040300323,AE2308,13136,
13136,,,1040300324,AE2308,13137,
13137,V1V2_dada2_read_info_03052026.xlsx,V4_dada2_read_info_03052026.xlsx,1040300401,AE2308,13138,
13138,,,1040300402,AE2308,13139,
13139,V1V2_dada2_read_info_03052026.xlsx,V4_dada2_read_info_03052026.xlsx,1040300403,AE2308,13140,
13140,,,1040300404,AE2308,13141,
13141,V1V2_dada2_read_info_03052026.xlsx,V4_dada2_read_info_03052026.xlsx,1040300405,AE2308,13142,
13142,,,1040300406,AE2308,13143,
13143,V1V2_dada2_read_info_03052026.xlsx,V4_dada2_read_info_03052026.xlsx,1040300407,AE2308,13144,
13144,,,1040300408,AE2308,13145,
13145,V1V2_dada2_read_info_03052026.xlsx,V4_dada2_read_info_03052026.xlsx,1040300409,AE2308,13146,
13146,,,1040300410,AE2308,13147,
13147,V1V2_dada2_read_info_03052026.xlsx,V4_dada2_read_info_03052026.xlsx,1040300411,AE2308,13148,
13148,,,1040300412,AE2308,13149,
13149,V1V2_dada2_read_info_03052026.xlsx,V4_dada2_read_info_03052026.xlsx,1040300413,AE2308,13150,
13150,,,1040300414,AE2308,13151,
13151,V1V2_dada2_read_info_03052026.xlsx,V4_dada2_read_info_03052026.xlsx,1040300415,AE2308,13152,
13152,,,1040300416,AE2308,13153,
13153,V1V2_dada2_read_info_03052026.xlsx,V4_dada2_read_info_03052026.xlsx,1040300417,AE2308,13154,
13154,,,1040300418,AE2308,13155,
13155,,,1040300419,AE2308,13156,
13156,V1V2_dada2_read_info_03052026.xlsx,V4_dada2_read_info_03052026.xlsx,1040300420,AE2308,13157,
13157,V1V2_dada2_read_info_03052026.xlsx,V4_dada2_read_info_03052026.xlsx,1040300421,AE2308,13158,
13158,,,1040300422,AE2308,13159,
13159,V1V2_dada2_read_info_03052026.xlsx,V4_dada2_read_info_03052026.xlsx,1040300423,AE2308,13160,
13160,,,1040300424,AE2308,13161,
13161,,,1040300701,AE2308,13162,
13162,,,1040300702,AE2308,13163,
13163,,,1040300703,AE2308,13164,
13164,,,1040300704,AE2308,13165,
13165,,,1040300705,AE2308,13166,
13166,,,1040300706,AE2308,13167,
13167,,,1040300707,AE2308,13168,
13168,,,1040300708,AE2308,13169,
13169,,,1040300709,AE2308,13170,
13170,,,1040300710,AE2308,13171,
13171,,,1040300711,AE2308,13172,
13172,,,1040300712,AE2308,13173,
13173,,,1040300713,AE2308,13174,
13174,,,1040300714,AE2308,13175,
13175,,,1040300715,AE2308,13176,
13176,,,1040300716,AE2308,13177,
13177,,,1040300717,AE2308,13178,
13178,,,1040300718,AE2308,13179,
13179,,,1040300719,AE2308,13180,
13180,,,1040300720,AE2308,13181,
13181,,,1040300721,AE2308,13182,
13182,,,1040300722,AE2308,13183,
13183,,,1040300723,AE2308,13184,
13184,,,1040300724,AE2308,13185,
13185,,,1040301001,AE2308,13186,
13186,,,1040301002,AE2308,13187,
13187,,,1040301003,AE2308,13188,
13188,,,1040301004,AE2308,13189,
13189,,,1040301005,AE2308,13190,
13190,,,1040301006,AE2308,13191,
13191,,,1040301007,AE2308,13192,
13192,,,1040301008,AE2308,13193,
13193,,,1040301009,AE2308,13194,
13194,,,1040301010,AE2308,13195,
13195,,,1040301011,AE2308,13196,
13196,,,1040301012,AE2308,13197,
13197,,,1040301013,AE2308,13198,
13198,,,1040301014,AE2308,13199,
13199,,,1040301015,AE2308,13200,
13200,,,1040301016,AE2308,13201,
13201,,,1040301101,AE2308,13202,
13202,,,1040301102,AE2308,13203,
13203,,,1040301103,AE2308,13204,
13204,,,1040301104,AE2308,13205,
13205,,,1040301105,AE2308,13206,
13206,,,1040301106,AE2308,13207,
13207,,,1040301107,AE2308,13208,
13208,,,1040301108,AE2308,13209,
13209,,,1040301109,AE2308,13210,
13210,,,1040301110,AE2308,13211,
13211,,,1040301111,AE2308,13212,
13212,,,1040301112,AE2308,13213,
13213,,,1040301113,AE2308,13214,
13214,,,1040301114,AE2308,13215,
13215,,,1040301115,AE2308,13216,
13216,,,1040301116,AE2308,13217,
13217,,,1040301117,AE2308,13218,
13218,,,1040301118,AE2308,13219,
13219,,,1040301119,AE2308,13220,
13220,,,1040301120,AE2308,13221,
13221,,,1040301121,AE2308,13222,
13222,,,1040301122,AE2308,13223,
13223,,,1040301123,AE2308,13224,
13224,,,1040301124,AE2308,13225,
13225,,,1040301201,AE2308,13226,
13226,,,1040301202,AE2308,13227,
13227,,,1040301203,AE2308,13228,
13228,,,1040301204,AE2308,13229,
13229,,,1040301205,AE2308,13230,
13230,,,1040301206,AE2308,13231,
13231,,,1040301207,AE2308,13232,
13232,,,1040301208,AE2308,13233,
13233,,,1040301209,AE2308,13234,
13234,,,1040301210,AE2308,13235,
13235,,,1040301211,AE2308,13236,
13236,,,1040301212,AE2308,13237,
13237,,,1040301213,AE2308,13238,
13238,,,1040301214,AE2308,13239,
13239,,,1040301215,AE2308,13240,
13240,,,1040301216,AE2308,13241,
13241,,,1040301217,AE2308,13242,
13242,,,1040301218,AE2308,13243,
13243,,,1040301219,AE2308,13244,
13244,,,1040301220,AE2308,13245,
13245,,,1040301221,AE2308,13246,
13246,,,1040301222,AE2308,13247,
13247,,,1040301223,AE2308,13248,
13248,,,1040301224,AE2308,13249,
13249,,,1040301301,AE2308,13250,
13250,,,1040301302,AE2308,13251,
13251,,,1040301303,AE2308,13252,
13252,,,1040301304,AE2308,13253,
13253,,,1040301305,AE2308,13254,
13254,,,1040301306,AE2308,13255,
13255,,,1040301307,AE2308,13256,
13256,,,1040301308,AE2308,13257,
13257,,,1040301309,AE2308,13258,
13258,,,1040301310,AE2308,13259,
13259,,,1040301311,AE2308,13260,
13260,,,1040301312,AE2308,13261,
13261,,,1040301313,AE2308,13262,
13262,,,1040301314,AE2308,13263,
13263,,,1040301315,AE2308,13264,
13264,,,1040301316,AE2308,13265,
13265,,,1040301317,AE2308,13266,
13266,,,1040301318,AE2308,13267,
13267,,,1040301319,AE2308,13268,
13268,,,1040301320,AE2308,13269,
13269,,,1040301321,AE2308,13270,
13270,,,1040301322,AE2308,13271,
13271,,,1040301323,AE2308,13272,
13272,,,1040301324,AE2308,13273,
13273,,,1040400901,AE2311,13274,
13274,,,1040400902,AE2311,13275,
13275,,,1040400903,AE2311,13276,
13276,,,1040400904,AE2311,13277,
13277,,,1040400905,AE2311,13278,
13278,,,1040400906,AE2311,13279,
13279,,,1040400907,AE2311,13280,
13280,,,1040400908,AE2311,13281,
13281,,,1040400909,AE2311,13282,
13282,,,1040400910,AE2311,13283,
13283,,,1040400911,AE2311,13284,
13284,,,1040400912,AE2311,13285,
13285,,,1040400913,AE2311,13286,
13286,,,1040400914,AE2311,13287,
13287,,,1040401001,AE2311,13288,
13288,,,1040401002,AE2311,13289,
13289,,,1040401003,AE2311,13290,
13290,,,1040401004,AE2311,13291,
13291,,,1040401005,AE2311,13292,
13292,,,1040401006,AE2311,13293,
13293,,,1040401007,AE2311,13294,
13294,,,1040401008,AE2311,13295,
13295,,,1040401009,AE2311,13296,
13296,,,1040401010,AE2311,13297,
13297,,,1040401011,AE2311,13298,
13298,,,1040401012,AE2311,13299,
13299,,,1040401013,AE2311,13300,
13300,,,1040401014,AE2311,13301,
13301,,,1040401015,AE2311,13302,
13302,,,1040401016,AE2311,13303,
13303,,,1040401017,AE2311,13304,
13304,,,1040401018,AE2311,13305,
13305,,,1040401019,AE2311,13306,
13306,,,1040401020,AE2311,13307,
13307,,,1040401021,AE2311,13308,
13308,,,1040401022,AE2311,13309,
13309,,,1040401023,AE2311,13310,
13310,,,1040401024,AE2311,13311,
13311,,,1040401101,AE2311,13312,
13312,,,1040401102,AE2311,13313,
13313,,,1040401103,AE2311,13314,
13314,,,1040401104,AE2311,13315,
13315,,,1040401105,AE2311,13316,
13316,,,1040401106,AE2311,13317,
13317,,,1040401107,AE2311,13318,
13318,,,1040401108,AE2311,13319,
13319,,,1040401109,AE2311,13320,
13320,,,1040401110,AE2311,13321,
13321,,,1040401111,AE2311,13322,
13322,,,1040401112,AE2311,13323,
13323,,,1040401113,AE2311,13324,
13324,,,1040401114,AE2311,13325,
13325,,,1040401115,AE2311,13326,
13326,,,1040401116,AE2311,13327,
13327,,,1040401301,AE2311,13328,
13328,,,1040401302,AE2311,13329,
13329,,,1040401303,AE2311,13330,
13330,,,1040401304,AE2311,13331,
13331,,,1040401305,AE2311,13332,
13332,,,1040401306,AE2311,13333,
13333,,,1040401307,AE2311,13334,
13334,,,1040401308,AE2311,13335,
13335,,,1040401309,AE2311,13336,
13336,,,1040401310,AE2311,13337,
13337,,,1040401311,AE2311,13338,
13338,,,1040401312,AE2311,13339,
13339,,,1040401313,AE2311,13340,
13340,,,1040401314,AE2311,13341,
13341,,,1040401315,AE2311,13342,
13342,,,1040401316,AE2311,13343,
13343,,,1040401317,AE2311,13344,
13344,,,1040401318,AE2311,13345,
13345,,,1040401319,AE2311,13346,
13346,,,1040401320,AE2311,13347,
13347,,,1040401321,AE2311,13348,
13348,,,1040401322,AE2311,13349,
13349,,,1040401323,AE2311,13350,
13350,,,1040401324,AE2311,13351,
13351,,,1040401401,AE2311,13352,
13352,,,1040401402,AE2311,13353,
13353,,,1040401403,AE2311,13354,
13354,,,1040401404,AE2311,13355,
13355,,,1040401405,AE2311,13356,
13356,,,1040401406,AE2311,13357,
13357,,,1040401407,AE2311,13358,
13358,,,1040401408,AE2311,13359,
13359,,,1040401409,AE2311,13360,
13360,,,1040401410,AE2311,13361,
13361,,,1040401411,AE2311,13362,
13362,,,1040401412,AE2311,13363,
13363,,,1040401413,AE2311,13364,
13364,,,1040401414,AE2311,13365,
13365,,,1040401415,AE2311,13366,
13366,,,1040401416,AE2311,13367,
13367,,,1040401417,AE2311,13368,
13368,,,1040401418,AE2311,13369,
13369,,,1040401419,AE2311,13370,
13370,,,1040401420,AE2311,13371,
13371,,,1040401421,AE2311,13372,
13372,,,1040401422,AE2311,13373,
13373,,,1040401423,AE2311,13374,
13374,,,1040401424,AE2311,13375,
13375,,,1040401501,AE2311,13376,
13376,,,1040401502,AE2311,13377,
13377,,,1040401503,AE2311,13378,
13378,,,1040401504,AE2311,13379,
13379,,,1040401505,AE2311,13380,
13380,,,1040401506,AE2311,13381,
13381,,,1040401507,AE2311,13382,
13382,,,1040401508,AE2311,13383,
13383,,,1040401509,AE2311,13384,
13384,,,1040401510,AE2311,13385,
13385,,,1040401511,AE2311,13386,
13386,,,1040401512,AE2311,13387,
13387,,,1040401513,AE2311,13388,
13388,,,1040401514,AE2311,13389,
13389,,,1040401515,AE2311,13390,
13390,,,1040401516,AE2311,13391,
13391,,,1040401517,AE2311,13392,
13392,,,1040401518,AE2311,13393,
13393,,,1040401519,AE2311,13394,
13394,,,1040401520,AE2311,13395,
13395,,,1040401521,AE2311,13396,
13396,,,1040401522,AE2311,13397,
13397,,,1040401523,AE2311,13398,
13398,,,1040401524,AE2311,13399,
13399,V1V2_dada2_read_info_03052026.xlsx,V4_dada2_read_info_03052026.xlsx,1040402101,AE2311,13400,
13400,,,1040402102,AE2311,13401,
13401,V1V2_dada2_read_info_03052026.xlsx,V4_dada2_read_info_03052026.xlsx,1040402103,AE2311,13402,
13402,,,1040402104,AE2311,13403,
13403,V1V2_dada2_read_info_03052026.xlsx,V4_dada2_read_info_03052026.xlsx,1040402105,AE2311,13404,
13404,,,1040402106,AE2311,13405,
13405,V1V2_dada2_read_info_03052026.xlsx,V4_dada2_read_info_03052026.xlsx,1040402107,AE2311,13406,
13406,,,1040402108,AE2311,13407,
13407,V1V2_dada2_read_info_03052026.xlsx,V4_dada2_read_info_03052026.xlsx,1040402109,AE2311,13408,
13408,,,1040402110,AE2311,13409,
13409,V1V2_dada2_read_info_03052026.xlsx,V4_dada2_read_info_03052026.xlsx,1040402111,AE2311,13410,
13410,,,1040402112,AE2311,13411,
13411,V1V2_dada2_read_info_03052026.xlsx,V4_dada2_read_info_03052026.xlsx,1040402113,AE2311,13412,
13412,,,1040402114,AE2311,13413,
13413,V1V2_dada2_read_info_03052026.xlsx,V4_dada2_read_info_03052026.xlsx,1040402115,AE2311,13414,
13414,,,1040402116,AE2311,13415,
13415,V1V2_dada2_read_info_03052026.xlsx,V4_dada2_read_info_03052026.xlsx,1040402117,AE2311,13416,
13416,,,1040402118,AE2311,13417,
13417,V1V2_dada2_read_info_03052026.xlsx,V4_dada2_read_info_03052026.xlsx,1040402119,AE2311,13418,
13418,,,1040402120,AE2311,13419,
13419,V1V2_dada2_read_info_03052026.xlsx,V4_dada2_read_info_03052026.xlsx,1040402121,AE2311,13420,
13420,,,1040402122,AE2311,13421,
13421,V1V2_dada2_read_info_03052026.xlsx,V4_dada2_read_info_03052026.xlsx,1040402123,AE2311,13422,
13422,,,1040402124,AE2311,13423,
13423,,,2032200101,AE1604,13424,
13424,,,2032200102,AE1604,13425,
13425,,,2032200103,AE1604,13426,
13426,,,2032200104,AE1604,13427,
13427,,,2032200105,AE1604,13428,
13428,,,2032200106,AE1604,13429,
13429,,,2032200107,AE1604,13430,
13430,,,2032200108,AE1604,13431,
13431,,,2032200109,AE1604,13432,
13432,,,2032200110,AE1604,13433,
13433,,,2032200111,AE1604,13434,
13434,,,2032200112,AE1604,13435,
13435,,,2032200113,AE1604,13436,
13436,,,2032200114,AE1604,13437,
13437,,,2032200115,AE1604,13438,
13438,,,2032200116,AE1604,13439,
13439,,,2032200117,AE1604,13440,
13440,,,2032200118,AE1604,13441,
13441,,,2032200119,AE1604,13442,
13442,,,2032200120,AE1604,13443,
13443,,,2032200121,AE1604,13444,
13444,,,2032200122,AE1604,13445,
13445,,,2032200123,AE1604,13446,
13446,,,2032200124,AE1604,13447,
13447,V1V2_dada2_read_info_03052026.xlsx,V4_dada2_read_info_03052026.xlsx,2032200201,AE1604,13448,
13448,,,2032200202,AE1604,13449,
13449,,,2032200203,AE1604,13450,
13450,V1V2_dada2_read_info_03052026.xlsx,V4_dada2_read_info_03052026.xlsx,2032200204,AE1604,13451,
13451,,,2032200205,AE1604,13452,
13452,V1V2_dada2_read_info_03052026.xlsx,V4_dada2_read_info_03052026.xlsx,2032200206,AE1604,13453,
13453,,,2032200207,AE1604,13454,
13454,V1V2_dada2_read_info_03052026.xlsx,V4_dada2_read_info_03052026.xlsx,2032200208,AE1604,13455,
13455,,,2032200209,AE1604,13456,
13456,V1V2_dada2_read_info_03052026.xlsx,,2032200210,AE1604,13457,
13457,V1V2_dada2_read_info_03052026.xlsx,V4_dada2_read_info_03052026.xlsx,2032200211,AE1604,13458,
13458,V1V2_dada2_read_info_03052026.xlsx,V4_dada2_read_info_03052026.xlsx,2032200212,AE1604,13459,
13459,V1V2_dada2_read_info_03052026.xlsx,V4_dada2_read_info_03052026.xlsx,2032200213,AE1604,13460,
13460,,,2032200214,AE1604,13461,
13461,,,2032200215,AE1604,13462,
13462,,,2032200216,AE1604,13463,
13463,,,2032200217,AE1604,13464,
13464,,,2032200218,AE1604,13465,
13465,,,2032200219,AE1604,13466,
13466,,,2032200220,AE1604,13467,
13467,,,2032200221,AE1604,13468,
13468,,,2032200222,AE1604,13469,
13469,,,2032200223,AE1604,13470,
13470,,,2032200224,AE1604,13471,
13471,,,2032200301,AE1604,13472,
13472,,,2032200302,AE1604,13473,
13473,,,2032200303,AE1604,13474,
13474,,,2032200304,AE1604,13475,
13475,,,2032200305,AE1604,13476,
13476,,,2032200306,AE1604,13477,
13477,,,2032200307,AE1604,13478,
13478,,,2032200308,AE1604,13479,
13479,,,2032200309,AE1604,13480,
13480,,,2032200310,AE1604,13481,
13481,,,2032200311,AE1604,13482,
13482,,,2032200312,AE1604,13483,
13483,,,2032200313,AE1604,13484,
13484,,,2032200314,AE1604,13485,
13485,,,2032200315,AE1604,13486,
13486,,,2032200316,AE1604,13487,
13487,,,2032200317,AE1604,13488,
13488,,,2032200318,AE1604,13489,
13489,,,2032200319,AE1604,13490,
13490,,,2032200320,AE1604,13491,
13491,,,2032200321,AE1604,13492,
13492,,,2032200322,AE1604,13493,
13493,,,2032200323,AE1604,13494,
13494,,,2032200324,AE1604,13495,
13495,,,2032200401,AE1604,13496,
13496,,,2032200402,AE1604,13497,
13497,,,2032200403,AE1604,13498,
13498,,,2032200404,AE1604,13499,
13499,,,2032200405,AE1604,13500,
13500,,,2032200406,AE1604,13501,
13501,,,2032200407,AE1604,13502,
13502,,,2032200408,AE1604,13503,
13503,,,2032200409,AE1604,13504,
13504,,,2032200410,AE1604,13505,
13505,,,2032200411,AE1604,13506,
13506,,,2032200412,AE1604,13507,
13507,,,2032200413,AE1604,13508,
13508,,,2032200414,AE1604,13509,
13509,,,2032200415,AE1604,13510,
13510,,,2032200416,AE1604,13511,
13511,,,2032200417,AE1604,13512,
13512,,,2032200418,AE1604,13513,
13513,,,2032200419,AE1604,13514,
13514,,,2032200420,AE1604,13515,
13515,,,2032200421,AE1604,13516,
13516,,,2032200422,AE1604,13517,
13517,,,2032200423,AE1604,13518,
13518,,,2032200424,AE1604,13519,
13519,,,2032200501,AE1604,13520,
13520,,,2032200502,AE1604,13521,
13521,,,2032200503,AE1604,13522,
13522,,,2032200504,AE1604,13523,
13523,,,2032200505,AE1604,13524,
13524,,,2032200506,AE1604,13525,
13525,,,2032200507,AE1604,13526,
13526,,,2032200508,AE1604,13527,
13527,,,2032200509,AE1604,13528,
13528,,,2032200510,AE1604,13529,
13529,,,2032200511,AE1604,13530,
13530,,,2032200512,AE1604,13531,
13531,,,2032200513,AE1604,13532,
13532,,,2032200514,AE1604,13533,
13533,,,2032200515,AE1604,13534,
13534,,,2032200516,AE1604,13535,
13535,,,2032200517,AE1604,13536,
13536,,,2032200518,AE1604,13537,
13537,,,2032200519,AE1604,13538,
13538,,,2032200520,AE1604,13539,
13539,,,2032200521,AE1604,13540,
13540,,,2032200522,AE1604,13541,
13541,,,2032200523,AE1604,13542,
13542,,,2032200524,AE1604,13543,
13543,,,2032200601,AE1604,13544,
13544,,,2032200602,AE1604,13545,
13545,,,2032200603,AE1604,13546,
13546,,,2032200604,AE1604,13547,
13547,,,2032200605,AE1604,13548,
13548,,,2032200606,AE1604,13549,
13549,,,2032200607,AE1604,13550,
13550,,,2032200608,AE1604,13551,
13551,,,2032200609,AE1604,13552,
13552,,,2032200610,AE1604,13553,
13553,,,2032200611,AE1604,13554,
13554,,,2032200612,AE1604,13555,
13555,,,2032200613,AE1604,13556,
13556,,,2032200614,AE1604,13557,
13557,,,2032200615,AE1604,13558,
13558,,,2032200616,AE1604,13559,
13559,,,2032200617,AE1604,13560,
13560,,,2032200618,AE1604,13561,
13561,,,2032200619,AE1604,13562,
13562,,,2032200620,AE1604,13563,
13563,,,2032200621,AE1604,13564,
13564,,,2032200622,AE1604,13565,
13565,,,2032200623,AE1604,13566,
13566,,,2032200624,AE1604,13567,
13567,,,2032200701,AE1604,13568,
13568,,,2032200702,AE1604,13569,
13569,,,2032200703,AE1604,13570,
13570,,,2032200704,AE1604,13571,
13571,,,2032200705,AE1604,13572,
13572,,,2032200706,AE1604,13573,
13573,,,2032200707,AE1604,13574,
13574,,,2032200708,AE1604,13575,
13575,,,2032200709,AE1604,13576,
13576,,,2032200710,AE1604,13577,
13577,,,2032200711,AE1604,13578,
13578,,,2032200712,AE1604,13579,
13579,,,2032200713,AE1604,13580,
13580,,,2032200714,AE1604,13581,
13581,,,2032200715,AE1604,13582,
13582,,,2032200716,AE1604,13583,
13583,,,2032200717,AE1604,13584,
13584,,,2032200718,AE1604,13585,
13585,,,2032200719,AE1604,13586,
13586,,,2032200720,AE1604,13587,
13587,,,2032200721,AE1604,13588,
13588,,,2032200722,AE1604,13589,
13589,,,2032200723,AE1604,13590,
13590,,,2032200724,AE1604,13591,
13591,,,2033400101,AE1705,13592,
13592,,,2033400102,AE1705,13593,
13593,,,2033400103,AE1705,13594,
13594,,,2033400104,AE1705,13595,
13595,,,2033400105,AE1705,13596,
13596,,,2033400106,AE1705,13597,
13597,,,2033400107,AE1705,13598,
13598,,,2033400108,AE1705,13599,
13599,,,2033400109,AE1705,13600,
13600,,,2033400110,AE1705,13601,
13601,,,2033400111,AE1705,13602,
13602,,,2033400112,AE1705,13603,
13603,,,2033400113,AE1705,13604,
13604,,,2033400114,AE1705,13605,
13605,,,2033400115,AE1705,13606,
13606,,,2033400116,AE1705,13607,
13607,,,2033400117,AE1705,13608,
13608,,,2033400118,AE1705,13609,
13609,,,2033400119,AE1705,13610,
13610,,,2033400120,AE1705,13611,
13611,,,2033400121,AE1705,13612,
13612,,,2033400122,AE1705,13613,
13613,,,2033400123,AE1705,13614,
13614,,,2033400124,AE1705,13615,
13615,V1V2_dada2_read_info_03052026.xlsx,V4_dada2_read_info_03052026.xlsx,2033400201,AE1705,13616,
13616,,,2033400202,AE1705,13617,
13617,V1V2_dada2_read_info_03052026.xlsx,V4_dada2_read_info_03052026.xlsx,2033400203,AE1705,13618,
13618,,,2033400204,AE1705,13619,
13619,V1V2_dada2_read_info_03052026.xlsx,V4_dada2_read_info_03052026.xlsx,2033400205,AE1705,13620,
13620,,,2033400206,AE1705,13621,
13621,V1V2_dada2_read_info_03052026.xlsx,V4_dada2_read_info_03052026.xlsx,2033400207,AE1705,13622,
13622,,,2033400208,AE1705,13623,
13623,V1V2_dada2_read_info_03052026.xlsx,V4_dada2_read_info_03052026.xlsx,2033400209,AE1705,13624,
13624,,,2033400210,AE1705,13625,
13625,V1V2_dada2_read_info_03052026.xlsx,V4_dada2_read_info_03052026.xlsx,2033400211,AE1705,13626,
13626,,,2033400212,AE1705,13627,
13627,V1V2_dada2_read_info_03052026.xlsx,V4_dada2_read_info_03052026.xlsx,2033400213,AE1705,13628,
13628,,,2033400214,AE1705,13629,
13629,V1V2_dada2_read_info_03052026.xlsx,V4_dada2_read_info_03052026.xlsx,2033400215,AE1705,13630,
13630,,,2033400216,AE1705,13631,
13631,,,2033400217,AE1705,13632,
13632,,,2033400218,AE1705,13633,
13633,,,2033400219,AE1705,13634,
13634,,,2033400220,AE1705,13635,
13635,,,2033400221,AE1705,13636,
13636,,,2033400222,AE1705,13637,
13637,,,2033400223,AE1705,13638,
13638,,,2033400224,AE1705,13639,
13639,,,2033400401,AE1705,13640,
13640,,,2033400402,AE1705,13641,
13641,,,2033400403,AE1705,13642,
13642,,,2033400404,AE1705,13643,
13643,,,2033400405,AE1705,13644,
13644,,,2033400406,AE1705,13645,
13645,,,2033400407,AE1705,13646,
13646,,,2033400408,AE1705,13647,
13647,,,2033400409,AE1705,13648,
13648,,,2033400410,AE1705,13649,
13649,,,2033400411,AE1705,13650,
13650,,,2033400412,AE1705,13651,
13651,,,2033400413,AE1705,13652,
13652,,,2033400414,AE1705,13653,
13653,,,2033400415,AE1705,13654,
13654,,,2033400416,AE1705,13655,
13655,,,2033400417,AE1705,13656,
13656,,,2033400418,AE1705,13657,
13657,,,2033400419,AE1705,13658,
13658,,,2033400420,AE1705,13659,
13659,,,2033400421,AE1705,13660,
13660,,,2033400422,AE1705,13661,
13661,,,2033400423,AE1705,13662,
13662,,,2033400424,AE1705,13663,
13663,,,2033500109,AE1708,13664,
13664,,,2033500110,AE1708,13665,
13665,,,2033500111,AE1708,13666,
13666,,,2033500112,AE1708,13667,
13667,,,2033500113,AE1708,13668,
13668,,,2033500114,AE1708,13669,
13669,,,2033500115,AE1708,13670,
13670,,,2033500116,AE1708,13671,
13671,,,2033500117,AE1708,13672,
13672,,,2033500118,AE1708,13673,
13673,,,2033500119,AE1708,13674,
13674,,,2033500120,AE1708,13675,
13675,,,2033500121,AE1708,13676,
13676,,,2033500122,AE1708,13677,
13677,,,2033500123,AE1708,13678,
13678,,,2033500124,AE1708,13679,
13679,,,2033500201,AE1708,13680,
13680,,,2033500202,AE1708,13681,
13681,,,2033500203,AE1708,13682,
13682,,,2033500204,AE1708,13683,
13683,,,2033500205,AE1708,13684,
13684,,,2033500206,AE1708,13685,
13685,,,2033500207,AE1708,13686,
13686,,,2033500208,AE1708,13687,
13687,,,2033500209,AE1708,13688,
13688,,,2033500210,AE1708,13689,
13689,,,2033500211,AE1708,13690,
13690,,,2033500212,AE1708,13691,
13691,,,2033500213,AE1708,13692,
13692,,,2033500214,AE1708,13693,
13693,,,2033500215,AE1708,13694,
13694,,,2033500216,AE1708,13695,
13695,,,2033500217,AE1708,13696,
13696,,,2033500218,AE1708,13697,
13697,,,2033500219,AE1708,13698,
13698,,,2033500220,AE1708,13699,
13699,,,2033500221,AE1708,13700,
13700,,,2033500222,AE1708,13701,
13701,,,2033500223,AE1708,13702,
13702,,,2033500224,AE1708,13703,
13703,,,2033500301,AE1708,13704,
13704,,,2033500302,AE1708,13705,
13705,,,2033500303,AE1708,13706,
13706,,,2033500304,AE1708,13707,
13707,,,2033500305,AE1708,13708,
13708,,,2033500306,AE1708,13709,
13709,,,2033500307,AE1708,13710,
13710,,,2033500308,AE1708,13711,
13711,,,2033500309,AE1708,13712,
13712,,,2033500310,AE1708,13713,
13713,,,2033500311,AE1708,13714,
13714,,,2033500312,AE1708,13715,
13715,,,2033500313,AE1708,13716,
13716,,,2033500314,AE1708,13717,
13717,,,2033500315,AE1708,13718,
13718,,,2033500316,AE1708,13719,
13719,,,2033500317,AE1708,13720,
13720,,,2033500318,AE1708,13721,
13721,,,2033500319,AE1708,13722,
13722,,,2033500320,AE1708,13723,
13723,,,2033500321,AE1708,13724,
13724,,,2033500322,AE1708,13725,
13725,,,2033500323,AE1708,13726,
13726,,,2033500324,AE1708,13727,
13727,V1V2_dada2_read_info_03052026.xlsx,V4_dada2_read_info_03052026.xlsx,2033500501,AE1708,13728,
13728,,,2033500502,AE1708,13729,
13729,,,2033500503,AE1708,13730,
13730,V1V2_dada2_read_info_03052026.xlsx,V4_dada2_read_info_03052026.xlsx,2033500504,AE1708,13731,
13731,,,2033500505,AE1708,13732,
13732,,,2033500506,AE1708,13733,
13733,V1V2_dada2_read_info_03052026.xlsx,V4_dada2_read_info_03052026.xlsx,2033500507,AE1708,13734,
13734,,,2033500508,AE1708,13735,
13735,,,2033500509,AE1708,13736,
13736,V1V2_dada2_read_info_03052026.xlsx,V4_dada2_read_info_03052026.xlsx,2033500510,AE1708,13737,
13737,,,2033500511,AE1708,13738,
13738,,,2033500512,AE1708,13739,
13739,V1V2_dada2_read_info_03052026.xlsx,,2033500513,AE1708,13740,
13740,,,2033500514,AE1708,13741,
13741,V1V2_dada2_read_info_03052026.xlsx,V4_dada2_read_info_03052026.xlsx,2033500515,AE1708,13742,
13742,,,2033500516,AE1708,13743,
13743,V1V2_dada2_read_info_03052026.xlsx,,2033500517,AE1708,13744,
13744,,,2033500518,AE1708,13745,
13745,V1V2_dada2_read_info_03052026.xlsx,V4_dada2_read_info_03052026.xlsx,2033500519,AE1708,13746,
13746,,,2033500520,AE1708,13747,
13747,,,2033500521,AE1708,13748,
13748,,,2033500522,AE1708,13749,
13749,,,2033500523,AE1708,13750,
13750,,,2033500524,AE1708,13751,
13751,,,2034400101,AE1806,13752,
13752,V1V2_dada2_read_info_03052026.xlsx,V4_dada2_read_info_03052026.xlsx,2034400102,AE1806,13753,
13753,,,2034400103,AE1806,13754,
13754,,,2034400104,AE1806,13755,
13755,,,2034400105,AE1806,13756,
13756,V1V2_dada2_read_info_03052026.xlsx,V4_dada2_read_info_03052026.xlsx,2034400106,AE1806,13757,
13757,,,2034400107,AE1806,13758,
13758,,,2034400108,AE1806,13759,
13759,,,2034400109,AE1806,13760,
13760,,,2034400110,AE1806,13761,
13761,,,2034400111,AE1806,13762,
13762,V1V2_dada2_read_info_03052026.xlsx,V4_dada2_read_info_03052026.xlsx,2034400112,AE1806,13763,
13763,,,2034400113,AE1806,13764,
13764,V1V2_dada2_read_info_03052026.xlsx,V4_dada2_read_info_03052026.xlsx,2034400114,AE1806,13765,
13765,,,2034400115,AE1806,13766,
13766,,,2034400116,AE1806,13767,
13767,V1V2_dada2_read_info_03052026.xlsx,V4_dada2_read_info_03052026.xlsx,2034400117,AE1806,13768,
13768,V1V2_dada2_read_info_03052026.xlsx,V4_dada2_read_info_03052026.xlsx,2034400118,AE1806,13769,
13769,V1V2_dada2_read_info_03052026.xlsx,V4_dada2_read_info_03052026.xlsx,2034400119,AE1806,13770,
13770,,,2034400120,AE1806,13771,
13771,V1V2_dada2_read_info_03052026.xlsx,V4_dada2_read_info_03052026.xlsx,2034400121,AE1806,13772,
13772,,,2034400122,AE1806,13773,
13773,,,2034400123,AE1806,13774,
13774,,,2034400124,AE1806,13775,
13775,,,2034400201,AE1806,13776,
13776,,,2034400202,AE1806,13777,
13777,,,2034400203,AE1806,13778,
13778,,,2034400204,AE1806,13779,
13779,,,2034400205,AE1806,13780,
13780,,,2034400206,AE1806,13781,
13781,,,2034400207,AE1806,13782,
13782,,,2034400208,AE1806,13783,
13783,,,2034400209,AE1806,13784,
13784,,,2034400210,AE1806,13785,
13785,,,2034400211,AE1806,13786,
13786,,,2034400212,AE1806,13787,
13787,,,2034400213,AE1806,13788,
13788,,,2034400214,AE1806,13789,
13789,,,2034400215,AE1806,13790,
13790,,,2034400216,AE1806,13791,
13791,,,2034400301,AE1806,13792,
13792,,,2034400302,AE1806,13793,
13793,,,2034400303,AE1806,13794,
13794,,,2034400304,AE1806,13795,
13795,,,2034400305,AE1806,13796,
13796,,,2034400306,AE1806,13797,
13797,,,2034400307,AE1806,13798,
13798,,,2034400308,AE1806,13799,
13799,,,2034400309,AE1806,13800,
13800,,,2034400310,AE1806,13801,
13801,,,2034400311,AE1806,13802,
13802,,,2034400312,AE1806,13803,
13803,,,2034400313,AE1806,13804,
13804,,,2034400314,AE1806,13805,
13805,,,2034400315,AE1806,13806,
13806,,,2034400316,AE1806,13807,
13807,,,2034400317,AE1806,13808,
13808,,,2034400318,AE1806,13809,
13809,,,2034400319,AE1806,13810,
13810,,,2034400320,AE1806,13811,
13811,,,2034400321,AE1806,13812,
13812,,,2034400322,AE1806,13813,
13813,,,2034400323,AE1806,13814,
13814,,,2034400324,AE1806,13815,
13815,,,2034400501,AE1806,13816,
13816,,,2034400502,AE1806,13817,
13817,,,2034400503,AE1806,13818,
13818,,,2034400504,AE1806,13819,
13819,,,2034400505,AE1806,13820,
13820,,,2034400506,AE1806,13821,
13821,,,2034400507,AE1806,13822,
13822,,,2034400508,AE1806,13823,
13823,,,2034400509,AE1806,13824,
13824,,,2034400510,AE1806,13825,
13825,,,2034400511,AE1806,13826,
13826,,,2034400512,AE1806,13827,
13827,,,2034400513,AE1806,13828,
13828,,,2034400514,AE1806,13829,
13829,,,2034400515,AE1806,13830,
13830,,,2034400516,AE1806,13831,
13831,,,2034400517,AE1806,13832,
13832,,,2034400518,AE1806,13833,
13833,,,2034400519,AE1806,13834,
13834,,,2034400520,AE1806,13835,
13835,,,2034400521,AE1806,13836,
13836,,,2034400522,AE1806,13837,
13837,,,2034400523,AE1806,13838,
13838,,,2034400524,AE1806,13839,
13839,,,2034500101,AE1809,13840,
13840,,,2034500102,AE1809,13841,
13841,,,2034500103,AE1809,13842,
13842,,,2034500104,AE1809,13843,
13843,,,2034500105,AE1809,13844,
13844,,,2034500106,AE1809,13845,
13845,,,2034500107,AE1809,13846,
13846,,,2034500108,AE1809,13847,
13847,,,2034500109,AE1809,13848,
13848,,,2034500110,AE1809,13849,
13849,,,2034500111,AE1809,13850,
13850,,,2034500112,AE1809,13851,
13851,,,2034500113,AE1809,13852,
13852,,,2034500114,AE1809,13853,
13853,,,2034500115,AE1809,13854,
13854,,,2034500201,AE1809,13855,
13855,,,2034500202,AE1809,13856,
13856,,,2034500203,AE1809,13857,
13857,,,2034500204,AE1809,13858,
13858,,,2034500205,AE1809,13859,
13859,,,2034500206,AE1809,13860,
13860,,,2034500207,AE1809,13861,
13861,,,2034500208,AE1809,13862,
13862,,,2034500209,AE1809,13863,
13863,,,2034500210,AE1809,13864,
13864,,,2034500211,AE1809,13865,
13865,,,2034500212,AE1809,13866,
13866,,,2034500213,AE1809,13867,
13867,,,2034500214,AE1809,13868,
13868,,,2034500215,AE1809,13869,
13869,,,2034500216,AE1809,13870,
13870,,,2034500401,AE1809,13871,
13871,,,2034500402,AE1809,13872,
13872,,,2034500403,AE1809,13873,
13873,,,2034500404,AE1809,13874,
13874,,,2034500405,AE1809,13875,
13875,,,2034500406,AE1809,13876,
13876,,,2034500407,AE1809,13877,
13877,,,2034500408,AE1809,13878,
13878,,,2034500409,AE1809,13879,
13879,,,2034500410,AE1809,13880,
13880,,,2034500411,AE1809,13881,
13881,,,2034500412,AE1809,13882,
13882,,,2034500413,AE1809,13883,
13883,,,2034500414,AE1809,13884,
13884,,,2034500415,AE1809,13885,
13885,,,2034500416,AE1809,13886,
13886,,,2034500417,AE1809,13887,
13887,,,2034500418,AE1809,13888,
13888,,,2034500419,AE1809,13889,
13889,,,2034500420,AE1809,13890,
13890,,,2034500421,AE1809,13891,
13891,,,2034500422,AE1809,13892,
13892,,,2034500423,AE1809,13893,
13893,,,2034500424,AE1809,13894,
13894,V1V2_dada2_read_info_03052026.xlsx,V4_dada2_read_info_03052026.xlsx,2034500501,AE1809,13895,
13895,,,2034500502,AE1809,13896,MTBLS2356
13896,V1V2_dada2_read_info_03052026.xlsx,V4_dada2_read_info_03052026.xlsx,2034500503,AE1809,13897,MTBLS2356
13897,,,2034500504,AE1809,13898,
13898,V1V2_dada2_read_info_03052026.xlsx,V4_dada2_read_info_03052026.xlsx,2034500505,AE1809,13899,
13899,V1V2_dada2_read_info_03052026.xlsx,V4_dada2_read_info_03052026.xlsx,2034500506,AE1809,13900,MTBLS2356
13900,V1V2_dada2_read_info_03052026.xlsx,V4_dada2_read_info_03052026.xlsx,2034500507,AE1809,13901,
13901,,,2034500508,AE1809,13902,
13902,V1V2_dada2_read_info_03052026.xlsx,V4_dada2_read_info_03052026.xlsx,2034500509,AE1809,13903,MTBLS2356
13903,V1V2_dada2_read_info_03052026.xlsx,V4_dada2_read_info_03052026.xlsx,2034500510,AE1809,13904,
13904,,,2034500511,AE1809,13905,
13905,,,2034500512,AE1809,13906,
13906,V1V2_dada2_read_info_03052026.xlsx,V4_dada2_read_info_03052026.xlsx,2034500513,AE1809,13907,
13907,,,2034500514,AE1809,13908,
13908,,,2034500515,AE1809,13909,
13909,,,2034500516,AE1809,13910,
13910,V1V2_dada2_read_info_03052026.xlsx,V4_dada2_read_info_03052026.xlsx,2034500517,AE1809,13911,MTBLS2356
13911,V1V2_dada2_read_info_03052026.xlsx,V4_dada2_read_info_03052026.xlsx,2034500518,AE1809,13912,
13912,,,2034500519,AE1809,13913,
13913,V1V2_dada2_read_info_03052026.xlsx,V4_dada2_read_info_03052026.xlsx,2034500520,AE1809,13914,
13914,V1V2_dada2_read_info_03052026.xlsx,V4_dada2_read_info_03052026.xlsx,2034500521,AE1809,13915,MTBLS2356
13915,,,2034500522,AE1809,13916,
13916,,,2034500523,AE1809,13917,
13917,,,2034500524,AE1809,13918,
13918,V1V2_dada2_read_info_03052026.xlsx,V4_dada2_read_info_03052026.xlsx,2034601101,AE1811,13919,
13919,,,2034601102,AE1811,13920,
13920,V1V2_dada2_read_info_03052026.xlsx,V4_dada2_read_info_03052026.xlsx,2034601103,AE1811,13921,
13921,,,2034601104,AE1811,13922,
13922,V1V2_dada2_read_info_03052026.xlsx,V4_dada2_read_info_03052026.xlsx,2034601105,AE1811,13923,
13923,,,2034601106,AE1811,13924,
13924,V1V2_dada2_read_info_03052026.xlsx,V4_dada2_read_info_03052026.xlsx,2034601107,AE1811,13925,
13925,,,2034601108,AE1811,13926,
13926,V1V2_dada2_read_info_03052026.xlsx,V4_dada2_read_info_03052026.xlsx,2034601109,AE1811,13927,
13927,,,2034601110,AE1811,13928,
13928,V1V2_dada2_read_info_03052026.xlsx,V4_dada2_read_info_03052026.xlsx,2034601111,AE1811,13929,
13929,,,2034601112,AE1811,13930,
13930,V1V2_dada2_read_info_03052026.xlsx,V4_dada2_read_info_03052026.xlsx,2034601113,AE1811,13931,
13931,,,2034601114,AE1811,13932,
13932,V1V2_dada2_read_info_03052026.xlsx,V4_dada2_read_info_03052026.xlsx,2034601115,AE1811,13933,
13933,,,2034601116,AE1811,13934,
13934,,,2034601117,AE1811,13935,
13935,,,2034601118,AE1811,13936,
13936,,,2034601119,AE1811,13937,
13937,,,2034601120,AE1811,13938,
13938,,,2034601121,AE1811,13939,
13939,,,2034601122,AE1811,13940,
13940,,,2034601123,AE1811,13941,
13941,,,2034601124,AE1811,13942,
13942,,,2034601201,AE1811,13943,
13943,,,2034601202,AE1811,13944,
13944,,,2034601203,AE1811,13945,
13945,,,2034601204,AE1811,13946,
13946,,,2034601205,AE1811,13947,
13947,,,2034601206,AE1811,13948,
13948,,,2034601207,AE1811,13949,
13949,,,2034601208,AE1811,13950,
13950,,,2034601209,AE1811,13951,
13951,,,2034601210,AE1811,13952,
13952,,,2034601211,AE1811,13953,
13953,,,2034601212,AE1811,13954,
13954,,,2034601213,AE1811,13955,
13955,,,2034601214,AE1811,13956,
13956,,,2034601215,AE1811,13957,
13957,,,2034601216,AE1811,13958,
13958,,,2034601301,AE1811,13959,
13959,,,2034601302,AE1811,13960,
13960,,,2034601303,AE1811,13961,
13961,,,2034601304,AE1811,13962,
13962,,,2034601305,AE1811,13963,
13963,,,2034601306,AE1811,13964,
13964,,,2034601307,AE1811,13965,
13965,,,2034601308,AE1811,13966,
13966,,,2034601309,AE1811,13967,
13967,,,2034601310,AE1811,13968,
13968,,,2034601311,AE1811,13969,
13969,,,2034601312,AE1811,13970,
13970,,,2034601401,AE1811,13971,
13971,,,2034601402,AE1811,13972,
13972,,,2034601403,AE1811,13973,
13973,,,2034601404,AE1811,13974,
13974,,,2034601405,AE1811,13975,
13975,,,2034601406,AE1811,13976,
13976,,,2034601407,AE1811,13977,
13977,,,2034601408,AE1811,13978,
13978,,,2034601409,AE1811,13979,
13979,,,2034601410,AE1811,13980,
13980,,,2034601411,AE1811,13981,
13981,,,2034601412,AE1811,13982,
13982,,,2034601413,AE1811,13983,
13983,,,2034601414,AE1811,13984,
13984,,,2034601415,AE1811,13985,
13985,,,2034601416,AE1811,13986,
13986,,,2034601417,AE1811,13987,
13987,,,2034601418,AE1811,13988,
13988,,,2034601419,AE1811,13989,
13989,,,2034601420,AE1811,13990,
13990,,,2034601421,AE1811,13991,
13991,,,2034601422,AE1811,13992,
13992,,,2034601423,AE1811,13993,
13993,,,2034601424,AE1811,13994,
13994,,,2034601501,AE1811,13995,
13995,,,2034601502,AE1811,13996,
13996,,,2034601503,AE1811,13997,
13997,,,2034601504,AE1811,13998,
13998,,,2034601505,AE1811,13999,
13999,,,2034601506,AE1811,14000,
14000,,,2034601507,AE1811,14001,
14001,,,2034601508,AE1811,14002,
14002,,,2034601509,AE1811,14003,
14003,,,2034601510,AE1811,14004,
14004,,,2034601511,AE1811,14005,
14005,,,2034601512,AE1811,14006,
14006,,,2034601513,AE1811,14007,
14007,,,2034601514,AE1811,14008,
14008,,,2034601515,AE1811,14009,
14009,,,2034601516,AE1811,14010,
14010,,,2034601517,AE1811,14011,
14011,,,2034601518,AE1811,14012,
14012,,,2034601519,AE1811,14013,
14013,,,2034601520,AE1811,14014,
14014,,,2034601521,AE1811,14015,
14015,,,2034601522,AE1811,14016,
14016,,,2034601523,AE1811,14017,
14017,,,2034601524,AE1811,14018,
14018,,,2035800101,AE1906,14019,
14019,,,2035800102,AE1906,14020,
14020,,,2035800103,AE1906,14021,
14021,,,2035800104,AE1906,14022,
14022,,,2035800105,AE1906,14023,
14023,,,2035800106,AE1906,14024,
14024,,,2035800107,AE1906,14025,
14025,,,2035800108,AE1906,14026,
14026,,,2035800109,AE1906,14027,
14027,,,2035800110,AE1906,14028,
14028,,,2035800111,AE1906,14029,
14029,,,2035800112,AE1906,14030,
14030,,,2035800113,AE1906,14031,
14031,,,2035800114,AE1906,14032,
14032,,,2035800115,AE1906,14033,
14033,,,2035800116,AE1906,14034,
14034,,,2035800117,AE1906,14035,
14035,,,2035800118,AE1906,14036,
14036,,,2035800119,AE1906,14037,
14037,,,2035800120,AE1906,14038,
14038,,,2035800121,AE1906,14039,
14039,,,2035800122,AE1906,14040,
14040,,,2035800123,AE1906,14041,
14041,,,2035800124,AE1906,14042,
14042,V1V2_dada2_read_info_03052026.xlsx,V4_dada2_read_info_03052026.xlsx,2035800201,AE1906,14043,
14043,,,2035800202,AE1906,14044,
14044,V1V2_dada2_read_info_03052026.xlsx,V4_dada2_read_info_03052026.xlsx,2035800203,AE1906,14045,
14045,,,2035800204,AE1906,14046,
14046,,,2035800205,AE1906,14047,
14047,V1V2_dada2_read_info_03052026.xlsx,V4_dada2_read_info_03052026.xlsx,2035800206,AE1906,14048,
14048,V1V2_dada2_read_info_03052026.xlsx,V4_dada2_read_info_03052026.xlsx,2035800207,AE1906,14049,
14049,,,2035800208,AE1906,14050,
14050,V1V2_dada2_read_info_03052026.xlsx,V4_dada2_read_info_03052026.xlsx,2035800209,AE1906,14051,
14051,,,2035800210,AE1906,14052,
14052,V1V2_dada2_read_info_03052026.xlsx,V4_dada2_read_info_03052026.xlsx,2035800211,AE1906,14053,
14053,,,2035800212,AE1906,14054,
14054,V1V2_dada2_read_info_03052026.xlsx,V4_dada2_read_info_03052026.xlsx,2035800213,AE1906,14055,
14055,,,2035800214,AE1906,14056,
14056,V1V2_dada2_read_info_03052026.xlsx,V4_dada2_read_info_03052026.xlsx,2035800215,AE1906,14057,
14057,,,2035800216,AE1906,14058,
14058,,,2035800217,AE1906,14059,
14059,,,2035800218,AE1906,14060,
14060,,,2035800219,AE1906,14061,
14061,,,2035800220,AE1906,14062,
14062,,,2035800221,AE1906,14063,
14063,,,2035800222,AE1906,14064,
14064,,,2035800223,AE1906,14065,
14065,,,2035800224,AE1906,14066,
14066,,,2035800301,AE1906,14067,
14067,,,2035800302,AE1906,14068,
14068,,,2035800303,AE1906,14069,
14069,,,2035800304,AE1906,14070,
14070,,,2035800305,AE1906,14071,
14071,,,2035800306,AE1906,14072,
14072,,,2035800307,AE1906,14073,
14073,,,2035800308,AE1906,14074,
14074,,,2035800309,AE1906,14075,
14075,,,2035800310,AE1906,14076,
14076,,,2035800311,AE1906,14077,
14077,,,2035800312,AE1906,14078,
14078,,,2035800313,AE1906,14079,
14079,,,2035800314,AE1906,14080,
14080,,,2035800315,AE1906,14081,
14081,,,2035800316,AE1906,14082,
14082,,,2035800501,AE1906,14083,
14083,,,2035800502,AE1906,14084,
14084,,,2035800503,AE1906,14085,
14085,,,2035800504,AE1906,14086,
14086,,,2035800505,AE1906,14087,
14087,,,2035800506,AE1906,14088,
14088,,,2035800507,AE1906,14089,
14089,,,2035800508,AE1906,14090,
14090,,,2035800509,AE1906,14091,
14091,,,2035800510,AE1906,14092,
14092,,,2035800511,AE1906,14093,
14093,,,2035800512,AE1906,14094,
14094,,,2035800513,AE1906,14095,
14095,,,2035800514,AE1906,14096,
14096,,,2035800515,AE1906,14097,
14097,,,2035800516,AE1906,14098,
14098,,,2035800517,AE1906,14099,
14099,,,2035800518,AE1906,14100,
14100,,,2035800519,AE1906,14101,
14101,,,2035800520,AE1906,14102,
14102,,,2035800521,AE1906,14103,
14103,,,2035800522,AE1906,14104,
14104,,,2035800523,AE1906,14105,
14105,,,2035800524,AE1906,14106,
14106,,,2035800601,AE1906,14107,
14107,,,2035800602,AE1906,14108,
14108,,,2035800603,AE1906,14109,
14109,,,2035800604,AE1906,14110,
14110,,,2035800605,AE1906,14111,
14111,,,2035800606,AE1906,14112,
14112,,,2035800607,AE1906,14113,
14113,,,2035800608,AE1906,14114,
14114,,,2035800609,AE1906,14115,
14115,,,2035800610,AE1906,14116,
14116,,,2035800611,AE1906,14117,
14117,,,2035800612,AE1906,14118,
14118,,,2035800613,AE1906,14119,
14119,,,2035800614,AE1906,14120,
14120,,,2035800615,AE1906,14121,
14121,,,2035800616,AE1906,14122,
14122,,,2035800617,AE1906,14123,
14123,,,2035800618,AE1906,14124,
14124,,,2035800619,AE1906,14125,
14125,,,2035800620,AE1906,14126,
14126,,,2035800621,AE1906,14127,
14127,,,2035800622,AE1906,14128,
14128,,,2035800623,AE1906,14129,
14129,,,2035800624,AE1906,14130,
14130,V1V2_dada2_read_info_03052026.xlsx,V4_dada2_read_info_03052026.xlsx,2037900101,AE2104,14131,
14131,,,2037900102,AE2104,14132,
14132,,,2037900103,AE2104,14133,
14133,V1V2_dada2_read_info_03052026.xlsx,V4_dada2_read_info_03052026.xlsx,2037900104,AE2104,14134,
14134,,,2037900105,AE2104,14135,
14135,,,2037900106,AE2104,14136,
14136,V1V2_dada2_read_info_03052026.xlsx,V4_dada2_read_info_03052026.xlsx,2037900107,AE2104,14137,
14137,,,2037900108,AE2104,14138,
14138,,,2037900109,AE2104,14139,
14139,V1V2_dada2_read_info_03052026.xlsx,V4_dada2_read_info_03052026.xlsx,2037900110,AE2104,14140,
14140,,,2037900111,AE2104,14141,
14141,,,2037900112,AE2104,14142,
14142,V1V2_dada2_read_info_03052026.xlsx,V4_dada2_read_info_03052026.xlsx,2037900113,AE2104,14143,
14143,,,2037900114,AE2104,14144,
14144,V1V2_dada2_read_info_03052026.xlsx,V4_dada2_read_info_03052026.xlsx,2037900115,AE2104,14145,
14145,,,2037900116,AE2104,14146,
14146,V1V2_dada2_read_info_03052026.xlsx,V4_dada2_read_info_03052026.xlsx,2037900117,AE2104,14147,
14147,,,2037900118,AE2104,14148,
14148,V1V2_dada2_read_info_03052026.xlsx,V4_dada2_read_info_03052026.xlsx,2037900119,AE2104,14149,
14149,,,2037900120,AE2104,14150,
14150,,,2037900121,AE2104,14151,
14151,,,2037900122,AE2104,14152,
14152,,,2037900201,AE2104,14153,
14153,,,2037900202,AE2104,14154,
14154,,,2037900203,AE2104,14155,
14155,,,2037900204,AE2104,14156,
14156,,,2037900205,AE2104,14157,
14157,,,2037900206,AE2104,14158,
14158,,,2037900207,AE2104,14159,
14159,,,2037900208,AE2104,14160,
14160,,,2037900209,AE2104,14161,
14161,,,2037900210,AE2104,14162,
14162,,,2037900211,AE2104,14163,
14163,,,2037900212,AE2104,14164,
14164,,,2037900213,AE2104,14165,
14165,,,2037900214,AE2104,14166,
14166,,,2037900215,AE2104,14167,
14167,,,2037900216,AE2104,14168,
14168,,,2037900301,AE2104,14169,
14169,,,2037900302,AE2104,14170,
14170,,,2037900303,AE2104,14171,
14171,,,2037900304,AE2104,14172,
14172,,,2037900305,AE2104,14173,
14173,,,2037900306,AE2104,14174,
14174,,,2037900307,AE2104,14175,
14175,,,2037900308,AE2104,14176,
14176,,,2037900309,AE2104,14177,
14177,,,2037900310,AE2104,14178,
14178,,,2037900311,AE2104,14179,
14179,,,2037900312,AE2104,14180,
14180,,,2037900313,AE2104,14181,
14181,,,2037900314,AE2104,14182,
14182,,,2037900315,AE2104,14183,
14183,,,2037900316,AE2104,14184,
14184,,,2037900317,AE2104,14185,
14185,,,2037900318,AE2104,14186,
14186,,,2037900319,AE2104,14187,
14187,,,2037900320,AE2104,14188,
14188,,,2037900321,AE2104,14189,
14189,,,2037900322,AE2104,14190,
14190,,,2037900323,AE2104,14191,
14191,,,2037900324,AE2104,14192,
14192,,,2037900401,AE2104,14193,
14193,,,2037900402,AE2104,14194,
14194,,,2037900403,AE2104,14195,
14195,,,2037900404,AE2104,14196,
14196,,,2037900405,AE2104,14197,
14197,,,2037900406,AE2104,14198,
14198,,,2037900407,AE2104,14199,
14199,,,2037900408,AE2104,14200,
14200,,,2037900409,AE2104,14201,
14201,,,2037900410,AE2104,14202,
14202,,,2037900411,AE2104,14203,
14203,,,2037900412,AE2104,14204,
14204,,,2037900413,AE2104,14205,
14205,,,2037900414,AE2104,14206,
14206,,,2037900415,AE2104,14207,
14207,,,2037900416,AE2104,14208,
14208,,,2037900417,AE2104,14209,
14209,,,2037900418,AE2104,14210,
14210,,,2037900419,AE2104,14211,
14211,,,2037900420,AE2104,14212,
14212,,,2037900421,AE2104,14213,
14213,,,2037900422,AE2104,14214,
14214,,,2037900423,AE2104,14215,
14215,,,2037900424,AE2104,14216,
14216,,,2037900501,AE2104,14217,
14217,,,2037900502,AE2104,14218,
14218,,,2037900503,AE2104,14219,
14219,,,2037900504,AE2104,14220,
14220,,,2037900505,AE2104,14221,
14221,,,2037900506,AE2104,14222,
14222,,,2037900507,AE2104,14223,
14223,,,2037900508,AE2104,14224,
14224,,,2037900509,AE2104,14225,
14225,,,2037900510,AE2104,14226,
14226,,,2037900511,AE2104,14227,
14227,,,2037900512,AE2104,14228,
14228,,,2037900513,AE2104,14229,
14229,,,2037900514,AE2104,14230,
14230,,,2037900515,AE2104,14231,
14231,,,2037900516,AE2104,14232,
14232,,,2037900517,AE2104,14233,
14233,,,2037900518,AE2104,14234,
14234,,,2037900519,AE2104,14235,
14235,,,2038000101,AE2107,14236,
14236,,,2038000102,AE2107,14237,
14237,,,2038000103,AE2107,14238,
14238,,,2038000104,AE2107,14239,
14239,,,2038000105,AE2107,14240,
14240,,,2038000106,AE2107,14241,
14241,,,2038000107,AE2107,14242,
14242,,,2038000108,AE2107,14243,
14243,,,2038000109,AE2107,14244,
14244,,,2038000110,AE2107,14245,
14245,,,2038000111,AE2107,14246,
14246,,,2038000112,AE2107,14247,
14247,,,2038000113,AE2107,14248,
14248,,,2038000114,AE2107,14249,
14249,,,2038000115,AE2107,14250,
14250,,,2038000116,AE2107,14251,
14251,,,2038000117,AE2107,14252,
14252,,,2038000118,AE2107,14253,
14253,,,2038000119,AE2107,14254,
14254,,,2038000120,AE2107,14255,
14255,,,2038000121,AE2107,14256,
14256,,,2038000122,AE2107,14257,
14257,,,2038000123,AE2107,14258,
14258,,,2038000301,AE2107,14259,
14259,,,2038000302,AE2107,14260,
14260,,,2038000303,AE2107,14261,
14261,,,2038000304,AE2107,14262,
14262,,,2038000305,AE2107,14263,
14263,,,2038000306,AE2107,14264,
14264,,,2038000307,AE2107,14265,
14265,,,2038000308,AE2107,14266,
14266,,,2038000309,AE2107,14267,
14267,,,2038000310,AE2107,14268,
14268,,,2038000311,AE2107,14269,
14269,,,2038000312,AE2107,14270,
14270,,,2038000313,AE2107,14271,
14271,,,2038000314,AE2107,14272,
14272,,,2038000315,AE2107,14273,
14273,,,2038000316,AE2107,14274,
14274,,,2038000317,AE2107,14275,
14275,,,2038000318,AE2107,14276,
14276,,,2038000319,AE2107,14277,
14277,,,2038000320,AE2107,14278,
14278,,,2038000321,AE2107,14279,
14279,,,2038000322,AE2107,14280,
14280,,,2038000323,AE2107,14281,
14281,,,2038000401,AE2107,14282,
14282,,,2038000402,AE2107,14283,
14283,,,2038000403,AE2107,14284,
14284,,,2038000404,AE2107,14285,
14285,,,2038000405,AE2107,14286,
14286,,,2038000406,AE2107,14287,
14287,,,2038000407,AE2107,14288,
14288,,,2038000408,AE2107,14289,
14289,,,2038000409,AE2107,14290,
14290,,,2038000410,AE2107,14291,
14291,,,2038000411,AE2107,14292,
14292,,,2038000412,AE2107,14293,
14293,,,2038000413,AE2107,14294,
14294,,,2038000414,AE2107,14295,
14295,,,2038000415,AE2107,14296,
14296,,,2038000416,AE2107,14297,
14297,,,2038000417,AE2107,14298,
14298,,,2038000418,AE2107,14299,
14299,,,2038000419,AE2107,14300,
14300,,,2038000420,AE2107,14301,
14301,,,2038000421,AE2107,14302,
14302,,,2038000422,AE2107,14303,
14303,,,2038000423,AE2107,14304,
14304,,,2038000424,AE2107,14305,
14305,,,2038000501,AE2107,14306,
14306,,,2038000502,AE2107,14307,
14307,,,2038000503,AE2107,14308,
14308,,,2038000504,AE2107,14309,
14309,,,2038000505,AE2107,14310,
14310,,,2038000506,AE2107,14311,
14311,,,2038000507,AE2107,14312,
14312,,,2038000508,AE2107,14313,
14313,,,2038000509,AE2107,14314,
14314,,,2038000510,AE2107,14315,
14315,,,2038000511,AE2107,14316,
14316,,,2038000512,AE2107,14317,
14317,,,2038000513,AE2107,14318,
14318,,,2038000514,AE2107,14319,
14319,,,2038000515,AE2107,14320,
14320,,,2038000516,AE2107,14321,
14321,,,2038000517,AE2107,14322,
14322,,,2038000518,AE2107,14323,
14323,,,2038000519,AE2107,14324,
14324,,,2038000520,AE2107,14325,
14325,,,2038000521,AE2107,14326,
14326,,,2038000522,AE2107,14327,
14327,,,2038000523,AE2107,14328,
14328,,,2038000524,AE2107,14329,
14329,,,2038000601,AE2107,14330,
14330,,,2038000602,AE2107,14331,
14331,,,2038000603,AE2107,14332,
14332,,,2038000604,AE2107,14333,
14333,,,2038000605,AE2107,14334,
14334,,,2038000606,AE2107,14335,
14335,,,2038000607,AE2107,14336,
14336,,,2038000608,AE2107,14337,
14337,,,2038000609,AE2107,14338,
14338,,,2038000610,AE2107,14339,
14339,,,2038000611,AE2107,14340,
14340,,,2038000612,AE2107,14341,
14341,,,2038000613,AE2107,14342,
14342,,,2038000614,AE2107,14343,
14343,,,2038000615,AE2107,14344,
14344,,,2038000616,AE2107,14345,
14345,,,2038000617,AE2107,14346,
14346,,,2038000618,AE2107,14347,
14347,,,2038000619,AE2107,14348,
14348,,,2038000620,AE2107,14349,
14349,,,2038000621,AE2107,14350,
14350,,,2038000622,AE2107,14351,
14351,,,2038000623,AE2107,14352,
14352,,,2038000624,AE2107,14353,
14353,,,6131900201,AE1719,14354,MTBLS2356
14354,,,6131900202,AE1719,14355,
14355,,,6131900203,AE1719,14356,
14356,,,6131900204,AE1719,14357,
14357,,,6131900205,AE1719,14358,
14358,,,6131900206,AE1719,14359,
14359,,,6131900207,AE1719,14360,MTBLS2356
14360,,,6131900208,AE1719,14361,
14361,,,6131900209,AE1719,14362,
14362,,,6131900210,AE1719,14363,
14363,,,6131900211,AE1719,14364,
14364,,,6131900212,AE1719,14365,
14365,,,6131900213,AE1719,14366,
14366,,,6131900214,AE1719,14367,
14367,,,6131900215,AE1719,14368,MTBLS2356
14368,,,6131900216,AE1719,14369,
14369,,,6131900217,AE1719,14370,
14370,,,6131900218,AE1719,14371,
14371,,,6131900219,AE1719,14372,MTBLS2356
14372,,,6131900220,AE1719,14373,
14373,,,6131900221,AE1719,14374,MTBLS2356
14374,,,6131900222,AE1719,14375,
14375,,,6131900223,AE1719,14376,MTBLS2356
14376,,,6131900224,AE1719,14377,
14377,,,9161400101,AE1614,14378,
14378,,,9161400110,AE1614,14379,
14379,,,9161400111,AE1614,14380,
14380,,,9161400112,AE1614,14381,
14381,,,9161400113,AE1614,14382,
14382,,,9161400114,AE1614,14383,
14383,,,9161400115,AE1614,14384,
14384,,,9161400116,AE1614,14385,
14385,,,9161400117,AE1614,14386,
14386,,,9161400118,AE1614,14387,
14387,,,9161400119,AE1614,14388,
14388,,,9161400102,AE1614,14389,
14389,,,9161400120,AE1614,14390,
14390,,,9161400121,AE1614,14391,
14391,,,9161400122,AE1614,14392,
14392,,,9161400123,AE1614,14393,
14393,,,9161400124,AE1614,14394,
14394,,,9161400103,AE1614,14395,
14395,,,9161400104,AE1614,14396,
14396,,,9161400105,AE1614,14397,
14397,,,9161400106,AE1614,14398,
14398,,,9161400107,AE1614,14399,
14399,,,9161400108,AE1614,14400,
14400,,,9161400109,AE1614,14401,
14401,,,9161401001,AE1614,14402,
14402,,,9161401010,AE1614,14403,
14403,,,9161401011,AE1614,14404,
14404,,,9161401012,AE1614,14405,
14405,,,9161401013,AE1614,14406,
14406,,,9161401014,AE1614,14407,
14407,,,9161401015,AE1614,14408,
14408,,,9161401016,AE1614,14409,
14409,,,9161401017,AE1614,14410,
14410,,,9161401018,AE1614,14411,
14411,,,9161401019,AE1614,14412,
14412,,,9161401002,AE1614,14413,
14413,,,9161401020,AE1614,14414,
14414,,,9161401021,AE1614,14415,
14415,,,9161401022,AE1614,14416,
14416,,,9161401023,AE1614,14417,
14417,,,9161401024,AE1614,14418,
14418,,,9161401003,AE1614,14419,
14419,,,9161401004,AE1614,14420,
14420,,,9161401005,AE1614,14421,
14421,,,9161401006,AE1614,14422,
14422,,,9161401007,AE1614,14423,
14423,,,9161401008,AE1614,14424,
14424,,,9161401009,AE1614,14425,
14425,V1V2_dada2_read_info_03052026.xlsx,,9161401101,AE1614,14426,
14426,,,9161401110,AE1614,14427,
14427,V1V2_dada2_read_info_03052026.xlsx,,9161401111,AE1614,14428,
14428,,,9161401112,AE1614,14429,MTBLS2356
14429,V1V2_dada2_read_info_03052026.xlsx,,9161401113,AE1614,14430,
14430,,,9161401114,AE1614,14431,
14431,V1V2_dada2_read_info_03052026.xlsx,,9161401115,AE1614,14432,
14432,,,9161401116,AE1614,14433,
14433,,,9161401117,AE1614,14434,
14434,,,9161401118,AE1614,14435,MTBLS2356
14435,,,9161401119,AE1614,14436,
14436,,,9161401102,AE1614,14437,MTBLS2356
14437,,,9161401120,AE1614,14438,
14438,,,9161401121,AE1614,14439,
14439,,,9161401122,AE1614,14440,
14440,,,9161401123,AE1614,14441,
14441,,,9161401124,AE1614,14442,MTBLS2356
14442,V1V2_dada2_read_info_03052026.xlsx,,9161401103,AE1614,14443,
14443,,,9161401104,AE1614,14444,MTBLS2356
14444,V1V2_dada2_read_info_03052026.xlsx,,9161401105,AE1614,14445,
14445,,,9161401106,AE1614,14446,
14446,V1V2_dada2_read_info_03052026.xlsx,,9161401107,AE1614,14447,
14447,,,9161401108,AE1614,14448,MTBLS2356
14448,V1V2_dada2_read_info_03052026.xlsx,,9161401109,AE1614,14449,
14449,V1V2_dada2_read_info_03052026.xlsx,,9161401201,AE1614,14450,
14450,,,9161401210,AE1614,14451,
14451,V1V2_dada2_read_info_03052026.xlsx,,9161401211,AE1614,14452,
14452,,,9161401212,AE1614,14453,
14453,V1V2_dada2_read_info_03052026.xlsx,,9161401213,AE1614,14454,
14454,,,9161401214,AE1614,14455,
14455,V1V2_dada2_read_info_03052026.xlsx,,9161401215,AE1614,14456,
14456,,,9161401216,AE1614,14457,
14457,,,9161401217,AE1614,14458,
14458,,,9161401218,AE1614,14459,MTBLS2356
14459,,,9161401219,AE1614,14460,
14460,,,9161401202,AE1614,14461,MTBLS2356
14461,,,9161401220,AE1614,14462,
14462,,,9161401221,AE1614,14463,
14463,,,9161401222,AE1614,14464,
14464,,,9161401223,AE1614,14465,
14465,,,9161401224,AE1614,14466,MTBLS2356
14466,V1V2_dada2_read_info_03052026.xlsx,,9161401203,AE1614,14467,
14467,,,9161401204,AE1614,14468,MTBLS2356
14468,V1V2_dada2_read_info_03052026.xlsx,,9161401205,AE1614,14469,
14469,,,9161401206,AE1614,14470,
14470,V1V2_dada2_read_info_03052026.xlsx,,9161401207,AE1614,14471,
14471,,,9161401208,AE1614,14472,MTBLS2356
14472,V1V2_dada2_read_info_03052026.xlsx,,9161401209,AE1614,14473,
14473,,,9161401301,AE1614,14474,
14474,,,9161401310,AE1614,14475,
14475,,,9161401311,AE1614,14476,
14476,,,9161401312,AE1614,14477,
14477,,,9161401313,AE1614,14478,
14478,,,9161401314,AE1614,14479,
14479,,,9161401315,AE1614,14480,
14480,,,9161401316,AE1614,14481,
14481,,,9161401317,AE1614,14482,
14482,,,9161401318,AE1614,14483,
14483,,,9161401319,AE1614,14484,
14484,,,9161401302,AE1614,14485,
14485,,,9161401320,AE1614,14486,
14486,,,9161401321,AE1614,14487,
14487,,,9161401322,AE1614,14488,
14488,,,9161401323,AE1614,14489,
14489,,,9161401324,AE1614,14490,
14490,,,9161401303,AE1614,14491,
14491,,,9161401304,AE1614,14492,
14492,,,9161401305,AE1614,14493,
14493,,,9161401306,AE1614,14494,
14494,,,9161401307,AE1614,14495,
14495,,,9161401308,AE1614,14496,
14496,,,9161401309,AE1614,14497,
14497,V1V2_dada2_read_info_03052026.xlsx,,9161401401,AE1614,14498,
14498,,,9161401410,AE1614,14499,
14499,V1V2_dada2_read_info_03052026.xlsx,,9161401411,AE1614,14500,
14500,,,9161401412,AE1614,14501,MTBLS2356
14501,V1V2_dada2_read_info_03052026.xlsx,,9161401413,AE1614,14502,
14502,,,9161401414,AE1614,14503,
14503,V1V2_dada2_read_info_03052026.xlsx,,9161401415,AE1614,14504,
14504,,,9161401416,AE1614,14505,
14505,,,9161401417,AE1614,14506,
14506,,,9161401418,AE1614,14507,MTBLS2356
14507,,,9161401419,AE1614,14508,
14508,,,9161401402,AE1614,14509,MTBLS2356
14509,,,9161401420,AE1614,14510,
14510,,,9161401421,AE1614,14511,
14511,,,9161401422,AE1614,14512,
14512,,,9161401423,AE1614,14513,
14513,,,9161401424,AE1614,14514,MTBLS2356
14514,V1V2_dada2_read_info_03052026.xlsx,,9161401403,AE1614,14515,
14515,,,9161401404,AE1614,14516,MTBLS2356
14516,V1V2_dada2_read_info_03052026.xlsx,,9161401405,AE1614,14517,
14517,,,9161401406,AE1614,14518,
14518,V1V2_dada2_read_info_03052026.xlsx,,9161401407,AE1614,14519,
14519,,,9161401408,AE1614,14520,MTBLS2356
14520,V1V2_dada2_read_info_03052026.xlsx,,9161401409,AE1614,14521,
14521,V1V2_dada2_read_info_03052026.xlsx,,9161401501,AE1614,14522,
14522,,,9161401510,AE1614,14523,
14523,V1V2_dada2_read_info_03052026.xlsx,,9161401511,AE1614,14524,
14524,,,9161401512,AE1614,14525,MTBLS2356
14525,V1V2_dada2_read_info_03052026.xlsx,,9161401513,AE1614,14526,
14526,,,9161401514,AE1614,14527,
14527,V1V2_dada2_read_info_03052026.xlsx,,9161401515,AE1614,14528,
14528,,,9161401516,AE1614,14529,
14529,,,9161401517,AE1614,14530,
14530,,,9161401518,AE1614,14531,MTBLS2356
14531,,,9161401519,AE1614,14532,
14532,,,9161401502,AE1614,14533,
14533,,,9161401520,AE1614,14534,
14534,,,9161401521,AE1614,14535,
14535,,,9161401522,AE1614,14536,
14536,,,9161401523,AE1614,14537,
14537,,,9161401524,AE1614,14538,MTBLS2356
14538,V1V2_dada2_read_info_03052026.xlsx,,9161401503,AE1614,14539,
14539,,,9161401504,AE1614,14540,MTBLS2356
14540,,,9161401505,AE1614,14541,
14541,,,9161401506,AE1614,14542,
14542,V1V2_dada2_read_info_03052026.xlsx,,9161401507,AE1614,14543,
14543,,,9161401508,AE1614,14544,MTBLS2356
14544,V1V2_dada2_read_info_03052026.xlsx,,9161401509,AE1614,14545,
14545,,,9161401601,AE1614,14546,
14546,,,9161401610,AE1614,14547,
14547,,,9161401611,AE1614,14548,
14548,,,9161401612,AE1614,14549,
14549,,,9161401613,AE1614,14550,
14550,,,9161401614,AE1614,14551,
14551,,,9161401615,AE1614,14552,
14552,,,9161401616,AE1614,14553,
14553,,,9161401617,AE1614,14554,
14554,,,9161401618,AE1614,14555,
14555,,,9161401619,AE1614,14556,
14556,,,9161401602,AE1614,14557,
14557,,,9161401620,AE1614,14558,
14558,,,9161401621,AE1614,14559,
14559,,,9161401622,AE1614,14560,
14560,,,9161401623,AE1614,14561,
14561,,,9161401624,AE1614,14562,
14562,,,9161401603,AE1614,14563,
14563,,,9161401604,AE1614,14564,
14564,,,9161401605,AE1614,14565,
14565,,,9161401606,AE1614,14566,
14566,,,9161401607,AE1614,14567,
14567,,,9161401608,AE1614,14568,
14568,,,9161401609,AE1614,14569,
14569,,,9161401701,AE1614,14570,
14570,,,9161401710,AE1614,14571,
14571,,,9161401711,AE1614,14572,
14572,,,9161401712,AE1614,14573,
14573,,,9161401713,AE1614,14574,
14574,,,9161401714,AE1614,14575,
14575,,,9161401715,AE1614,14576,
14576,,,9161401716,AE1614,14577,
14577,,,9161401717,AE1614,14578,
14578,,,9161401718,AE1614,14579,
14579,,,9161401719,AE1614,14580,
14580,,,9161401702,AE1614,14581,
14581,,,9161401720,AE1614,14582,
14582,,,9161401721,AE1614,14583,
14583,,,9161401722,AE1614,14584,
14584,,,9161401723,AE1614,14585,
14585,,,9161401724,AE1614,14586,
14586,,,9161401703,AE1614,14587,
14587,,,9161401704,AE1614,14588,
14588,,,9161401705,AE1614,14589,
14589,,,9161401706,AE1614,14590,
14590,,,9161401707,AE1614,14591,
14591,,,9161401708,AE1614,14592,
14592,,,9161401709,AE1614,14593,
14593,V1V2_dada2_read_info_03052026.xlsx,,9161401801,AE1614,14594,
14594,,,9161401810,AE1614,14595,
14595,V1V2_dada2_read_info_03052026.xlsx,,9161401811,AE1614,14596,
14596,,,9161401812,AE1614,14597,MTBLS2356
14597,V1V2_dada2_read_info_03052026.xlsx,,9161401813,AE1614,14598,
14598,,,9161401814,AE1614,14599,
14599,V1V2_dada2_read_info_03052026.xlsx,,9161401815,AE1614,14600,
14600,,,9161401816,AE1614,14601,
14601,,,9161401817,AE1614,14602,
14602,,,9161401818,AE1614,14603,
14603,,,9161401819,AE1614,14604,
14604,,,9161401802,AE1614,14605,MTBLS2356
14605,,,9161401820,AE1614,14606,
14606,,,9161401821,AE1614,14607,
14607,,,9161401822,AE1614,14608,
14608,,,9161401823,AE1614,14609,
14609,,,9161401824,AE1614,14610,MTBLS2356
14610,V1V2_dada2_read_info_03052026.xlsx,,9161401803,AE1614,14611,
14611,,,9161401804,AE1614,14612,MTBLS2356
14612,V1V2_dada2_read_info_03052026.xlsx,,9161401805,AE1614,14613,
14613,,,9161401806,AE1614,14614,
14614,V1V2_dada2_read_info_03052026.xlsx,,9161401807,AE1614,14615,
14615,,,9161401808,AE1614,14616,MTBLS2356
14616,V1V2_dada2_read_info_03052026.xlsx,,9161401809,AE1614,14617,
14617,,,9161401901,AE1614,14618,
14618,,,9161401902,AE1614,14619,
14619,,,9161401903,AE1614,14620,
14620,,,9161401904,AE1614,14621,
14621,,,9161401905,AE1614,14622,
14622,,,9161401906,AE1614,14623,
14623,V1V2_dada2_read_info_03052026.xlsx,,9161400201,AE1614,14624,
14624,,,9161400210,AE1614,14625,
14625,V1V2_dada2_read_info_03052026.xlsx,,9161400211,AE1614,14626,
14626,,,9161400212,AE1614,14627,MTBLS2356
14627,V1V2_dada2_read_info_03052026.xlsx,,9161400213,AE1614,14628,
14628,,,9161400214,AE1614,14629,
14629,V1V2_dada2_read_info_03052026.xlsx,,9161400215,AE1614,14630,
14630,,,9161400216,AE1614,14631,
14631,,,9161400217,AE1614,14632,
14632,,,9161400218,AE1614,14633,MTBLS2356
14633,,,9161400219,AE1614,14634,
14634,,,9161400202,AE1614,14635,MTBLS2356
14635,,,9161400220,AE1614,14636,
14636,,,9161400221,AE1614,14637,
14637,,,9161400222,AE1614,14638,
14638,,,9161400223,AE1614,14639,
14639,,,9161400224,AE1614,14640,MTBLS2356
14640,V1V2_dada2_read_info_03052026.xlsx,,9161400203,AE1614,14641,
14641,,,9161400204,AE1614,14642,MTBLS2356
14642,V1V2_dada2_read_info_03052026.xlsx,,9161400205,AE1614,14643,
14643,,,9161400206,AE1614,14644,
14644,V1V2_dada2_read_info_03052026.xlsx,,9161400207,AE1614,14645,
14645,,,9161400208,AE1614,14646,MTBLS2356
14646,V1V2_dada2_read_info_03052026.xlsx,,9161400209,AE1614,14647,
14647,,,9161402001,AE1614,14648,
14648,,,9161402010,AE1614,14649,
14649,,,9161402011,AE1614,14650,
14650,,,9161402012,AE1614,14651,
14651,,,9161402013,AE1614,14652,
14652,,,9161402014,AE1614,14653,
14653,,,9161402015,AE1614,14654,
14654,,,9161402016,AE1614,14655,
14655,,,9161402017,AE1614,14656,
14656,,,9161402018,AE1614,14657,
14657,,,9161402019,AE1614,14658,
14658,,,9161402002,AE1614,14659,
14659,,,9161402020,AE1614,14660,
14660,,,9161402021,AE1614,14661,
14661,,,9161402022,AE1614,14662,
14662,,,9161402023,AE1614,14663,
14663,,,9161402024,AE1614,14664,
14664,,,9161402003,AE1614,14665,
14665,,,9161402004,AE1614,14666,
14666,,,9161402005,AE1614,14667,
14667,,,9161402006,AE1614,14668,
14668,,,9161402007,AE1614,14669,
14669,,,9161402008,AE1614,14670,
14670,,,9161402009,AE1614,14671,
14671,,,9161400301,AE1614,14672,
14672,,,9161400310,AE1614,14673,
14673,,,9161400311,AE1614,14674,
14674,,,9161400312,AE1614,14675,
14675,,,9161400313,AE1614,14676,
14676,,,9161400314,AE1614,14677,
14677,,,9161400315,AE1614,14678,
14678,,,9161400316,AE1614,14679,
14679,,,9161400317,AE1614,14680,
14680,,,9161400318,AE1614,14681,
14681,,,9161400319,AE1614,14682,
14682,,,9161400302,AE1614,14683,
14683,,,9161400320,AE1614,14684,
14684,,,9161400321,AE1614,14685,
14685,,,9161400322,AE1614,14686,
14686,,,9161400323,AE1614,14687,
14687,,,9161400324,AE1614,14688,
14688,,,9161400303,AE1614,14689,
14689,,,9161400304,AE1614,14690,
14690,,,9161400305,AE1614,14691,
14691,,,9161400306,AE1614,14692,
14692,,,9161400307,AE1614,14693,
14693,,,9161400308,AE1614,14694,
14694,,,9161400309,AE1614,14695,
14695,V1V2_dada2_read_info_03052026.xlsx,,9161400401,AE1614,14696,MTBLS2356
14696,V1V2_dada2_read_info_03052026.xlsx,,9161400410,AE1614,14697,
14697,,,9161400411,AE1614,14698,MTBLS2356
14698,,,9161400412,AE1614,14699,
14699,,,9161400413,AE1614,14700,
14700,,,9161400414,AE1614,14701,MTBLS2356
14701,,,9161400415,AE1614,14702,
14702,V1V2_dada2_read_info_03052026.xlsx,,9161400402,AE1614,14703,MTBLS2356
14703,,,9161400403,AE1614,14704,
14704,,,9161400404,AE1614,14705,
14705,V1V2_dada2_read_info_03052026.xlsx,,9161400405,AE1614,14706,
14706,V1V2_dada2_read_info_03052026.xlsx,,9161400406,AE1614,14707,MTBLS2356
14707,V1V2_dada2_read_info_03052026.xlsx,,9161400407,AE1614,14708,
14708,V1V2_dada2_read_info_03052026.xlsx,,9161400408,AE1614,14709,MTBLS2356
14709,V1V2_dada2_read_info_03052026.xlsx,,9161400409,AE1614,14710,
14710,V1V2_dada2_read_info_03052026.xlsx,,9161400501,AE1614,14711,
14711,,,9161400510,AE1614,14712,
14712,V1V2_dada2_read_info_03052026.xlsx,,9161400511,AE1614,14713,
14713,,,9161400512,AE1614,14714,MTBLS2356
14714,V1V2_dada2_read_info_03052026.xlsx,,9161400513,AE1614,14715,
14715,,,9161400514,AE1614,14716,
14716,V1V2_dada2_read_info_03052026.xlsx,,9161400515,AE1614,14717,
14717,,,9161400516,AE1614,14718,
14718,,,9161400517,AE1614,14719,
14719,,,9161400518,AE1614,14720,MTBLS2356
14720,,,9161400519,AE1614,14721,
14721,,,9161400502,AE1614,14722,MTBLS2356
14722,,,9161400520,AE1614,14723,
14723,,,9161400521,AE1614,14724,
14724,,,9161400522,AE1614,14725,
14725,,,9161400523,AE1614,14726,
14726,,,9161400524,AE1614,14727,MTBLS2356
14727,V1V2_dada2_read_info_03052026.xlsx,,9161400503,AE1614,14728,
14728,,,9161400504,AE1614,14729,MTBLS2356
14729,V1V2_dada2_read_info_03052026.xlsx,,9161400505,AE1614,14730,
14730,,,9161400506,AE1614,14731,
14731,V1V2_dada2_read_info_03052026.xlsx,,9161400507,AE1614,14732,
14732,,,9161400508,AE1614,14733,MTBLS2356
14733,V1V2_dada2_read_info_03052026.xlsx,,9161400509,AE1614,14734,
14734,,,9161400601,AE1614,14735,
14735,,,9161400610,AE1614,14736,
14736,,,9161400611,AE1614,14737,
14737,,,9161400612,AE1614,14738,
14738,,,9161400613,AE1614,14739,
14739,,,9161400614,AE1614,14740,
14740,,,9161400615,AE1614,14741,
14741,,,9161400616,AE1614,14742,
14742,,,9161400617,AE1614,14743,
14743,,,9161400618,AE1614,14744,
14744,,,9161400619,AE1614,14745,
14745,,,9161400602,AE1614,14746,
14746,,,9161400620,AE1614,14747,
14747,,,9161400621,AE1614,14748,
14748,,,9161400622,AE1614,14749,
14749,,,9161400623,AE1614,14750,
14750,,,9161400624,AE1614,14751,
14751,,,9161400603,AE1614,14752,
14752,,,9161400604,AE1614,14753,
14753,,,9161400605,AE1614,14754,
14754,,,9161400606,AE1614,14755,
14755,,,9161400607,AE1614,14756,
14756,,,9161400608,AE1614,14757,
14757,,,9161400609,AE1614,14758,
14758,V1V2_dada2_read_info_03052026.xlsx,,9161400701,AE1614,14759,
14759,,,9161400710,AE1614,14760,
14760,V1V2_dada2_read_info_03052026.xlsx,,9161400711,AE1614,14761,
14761,,,9161400712,AE1614,14762,
14762,V1V2_dada2_read_info_03052026.xlsx,,9161400713,AE1614,14763,
14763,,,9161400714,AE1614,14764,
14764,V1V2_dada2_read_info_03052026.xlsx,,9161400715,AE1614,14765,
14765,,,9161400716,AE1614,14766,
14766,,,9161400717,AE1614,14767,
14767,,,9161400718,AE1614,14768,MTBLS2356
14768,,,9161400719,AE1614,14769,
14769,,,9161400702,AE1614,14770,MTBLS2356
14770,,,9161400720,AE1614,14771,
14771,,,9161400721,AE1614,14772,
14772,,,9161400722,AE1614,14773,
14773,,,9161400723,AE1614,14774,
14774,,,9161400724,AE1614,14775,MTBLS2356
14775,V1V2_dada2_read_info_03052026.xlsx,,9161400703,AE1614,14776,
14776,,,9161400704,AE1614,14777,MTBLS2356
14777,V1V2_dada2_read_info_03052026.xlsx,,9161400705,AE1614,14778,
14778,,,9161400706,AE1614,14779,
14779,V1V2_dada2_read_info_03052026.xlsx,,9161400707,AE1614,14780,
14780,,,9161400708,AE1614,14781,MTBLS2356
14781,V1V2_dada2_read_info_03052026.xlsx,,9161400709,AE1614,14782,
14782,V1V2_dada2_read_info_03052026.xlsx,,9161400801,AE1614,14783,
14783,,,9161400810,AE1614,14784,
14784,V1V2_dada2_read_info_03052026.xlsx,,9161400811,AE1614,14785,
14785,,,9161400812,AE1614,14786,MTBLS2356
14786,V1V2_dada2_read_info_03052026.xlsx,,9161400813,AE1614,14787,
14787,,,9161400814,AE1614,14788,
14788,V1V2_dada2_read_info_03052026.xlsx,,9161400815,AE1614,14789,
14789,,,9161400816,AE1614,14790,
14790,,,9161400817,AE1614,14791,
14791,,,9161400818,AE1614,14792,MTBLS2356
14792,,,9161400819,AE1614,14793,
14793,,,9161400802,AE1614,14794,MTBLS2356
14794,,,9161400820,AE1614,14795,
14795,,,9161400821,AE1614,14796,
14796,,,9161400822,AE1614,14797,
14797,,,9161400823,AE1614,14798,
14798,,,9161400824,AE1614,14799,MTBLS2356
14799,V1V2_dada2_read_info_03052026.xlsx,,9161400803,AE1614,14800,
14800,,,9161400804,AE1614,14801,MTBLS2356
14801,V1V2_dada2_read_info_03052026.xlsx,,9161400805,AE1614,14802,
14802,,,9161400806,AE1614,14803,
14803,V1V2_dada2_read_info_03052026.xlsx,,9161400807,AE1614,14804,
14804,,,9161400808,AE1614,14805,MTBLS2356
14805,V1V2_dada2_read_info_03052026.xlsx,,9161400809,AE1614,14806,
14806,,,9161400901,AE1614,14807,
14807,,,9161400910,AE1614,14808,
14808,,,9161400911,AE1614,14809,
14809,,,9161400912,AE1614,14810,
14810,,,9161400913,AE1614,14811,
14811,,,9161400914,AE1614,14812,
14812,,,9161400915,AE1614,14813,
14813,,,9161400916,AE1614,14814,
14814,,,9161400917,AE1614,14815,
14815,,,9161400918,AE1614,14816,
14816,,,9161400919,AE1614,14817,
14817,,,9161400902,AE1614,14818,
14818,,,9161400920,AE1614,14819,
14819,,,9161400921,AE1614,14820,
14820,,,9161400922,AE1614,14821,
14821,,,9161400923,AE1614,14822,
14822,,,9161400924,AE1614,14823,
14823,,,9161400903,AE1614,14824,
14824,,,9161400904,AE1614,14825,
14825,,,9161400905,AE1614,14826,
14826,,,9161400906,AE1614,14827,
14827,,,9161400907,AE1614,14828,
14828,,,9161400908,AE1614,14829,
14829,,,9161400909,AE1614,14830,
14830,,,9162000101,AE1620,14831,
14831,,,9162000110,AE1620,14832,
14832,,,9162000111,AE1620,14833,
14833,,,9162000112,AE1620,14834,
14834,,,9162000113,AE1620,14835,
14835,,,9162000114,AE1620,14836,
14836,,,9162000115,AE1620,14837,
14837,,,9162000116,AE1620,14838,
14838,,,9162000117,AE1620,14839,
14839,,,9162000118,AE1620,14840,
14840,,,9162000119,AE1620,14841,
14841,,,9162000102,AE1620,14842,
14842,,,9162000120,AE1620,14843,
14843,,,9162000121,AE1620,14844,
14844,,,9162000122,AE1620,14845,
14845,,,9162000123,AE1620,14846,
14846,,,9162000124,AE1620,14847,
14847,,,9162000103,AE1620,14848,
14848,,,9162000104,AE1620,14849,
14849,,,9162000105,AE1620,14850,
14850,,,9162000106,AE1620,14851,
14851,,,9162000107,AE1620,14852,
14852,,,9162000108,AE1620,14853,
14853,,,9162000109,AE1620,14854,
14854,,,9162001001,AE1620,14855,
14855,,,9162001010,AE1620,14856,
14856,,,9162001011,AE1620,14857,
14857,,,9162001012,AE1620,14858,
14858,,,9162001013,AE1620,14859,
14859,,,9162001014,AE1620,14860,
14860,,,9162001015,AE1620,14861,
14861,,,9162001016,AE1620,14862,
14862,,,9162001017,AE1620,14863,
14863,,,9162001018,AE1620,14864,
14864,,,9162001019,AE1620,14865,
14865,,,9162001002,AE1620,14866,
14866,,,9162001020,AE1620,14867,
14867,,,9162001021,AE1620,14868,
14868,,,9162001022,AE1620,14869,
14869,,,9162001023,AE1620,14870,
14870,,,9162001024,AE1620,14871,
14871,,,9162001003,AE1620,14872,
14872,,,9162001004,AE1620,14873,
14873,,,9162001005,AE1620,14874,
14874,,,9162001006,AE1620,14875,
14875,,,9162001007,AE1620,14876,
14876,,,9162001008,AE1620,14877,
14877,,,9162001009,AE1620,14878,
14878,,,9162001101,AE1620,14879,MTBLS2356
14879,V1V2_dada2_read_info_03052026.xlsx,,9162001110,AE1620,14880,
14880,,,9162001111,AE1620,14881,MTBLS2356
14881,V1V2_dada2_read_info_03052026.xlsx,,9162001112,AE1620,14882,
14882,,,9162001113,AE1620,14883,
14883,V1V2_dada2_read_info_03052026.xlsx,,9162001114,AE1620,14884,
14884,,,9162001115,AE1620,14885,
14885,V1V2_dada2_read_info_03052026.xlsx,,9162001116,AE1620,14886,
14886,,,9162001117,AE1620,14887,
14887,,,9162001118,AE1620,14888,MTBLS2356
14888,,,9162001119,AE1620,14889,
14889,V1V2_dada2_read_info_03052026.xlsx,,9162001102,AE1620,14890,
14890,,,9162001120,AE1620,14891,
14891,,,9162001121,AE1620,14892,
14892,,,9162001122,AE1620,14893,
14893,,,9162001123,AE1620,14894,
14894,,,9162001124,AE1620,14895,MTBLS2356
14895,,,9162001103,AE1620,14896,
14896,V1V2_dada2_read_info_03052026.xlsx,,9162001104,AE1620,14897,MTBLS2356
14897,,,9162001105,AE1620,14898,
14898,V1V2_dada2_read_info_03052026.xlsx,,9162001106,AE1620,14899,
14899,,,9162001107,AE1620,14900,MTBLS2356
14900,V1V2_dada2_read_info_03052026.xlsx,,9162001108,AE1620,14901,
14901,,,9162001109,AE1620,14902,
14902,,,9162001201,AE1620,14903,
14903,,,9162001210,AE1620,14904,
14904,,,9162001211,AE1620,14905,
14905,,,9162001212,AE1620,14906,
14906,,,9162001213,AE1620,14907,
14907,,,9162001214,AE1620,14908,
14908,,,9162001215,AE1620,14909,
14909,,,9162001216,AE1620,14910,
14910,,,9162001217,AE1620,14911,
14911,,,9162001218,AE1620,14912,
14912,,,9162001219,AE1620,14913,
14913,,,9162001202,AE1620,14914,
14914,,,9162001220,AE1620,14915,
14915,,,9162001221,AE1620,14916,
14916,,,9162001222,AE1620,14917,
14917,,,9162001223,AE1620,14918,
14918,,,9162001224,AE1620,14919,
14919,,,9162001203,AE1620,14920,
14920,,,9162001204,AE1620,14921,
14921,,,9162001205,AE1620,14922,
14922,,,9162001206,AE1620,14923,
14923,,,9162001207,AE1620,14924,
14924,,,9162001208,AE1620,14925,
14925,,,9162001209,AE1620,14926,
14926,,,9162001301,AE1620,14927,
14927,V1V2_dada2_read_info_03052026.xlsx,,9162001310,AE1620,14928,
14928,,,9162001311,AE1620,14929,
14929,V1V2_dada2_read_info_03052026.xlsx,,9162001312,AE1620,14930,
14930,,,9162001313,AE1620,14931,
14931,V1V2_dada2_read_info_03052026.xlsx,,9162001314,AE1620,14932,
14932,,,9162001315,AE1620,14933,
14933,,,9162001316,AE1620,14934,
14934,,,9162001317,AE1620,14935,
14935,,,9162001318,AE1620,14936,
14936,,,9162001319,AE1620,14937,
14937,,,9162001302,AE1620,14938,
14938,,,9162001320,AE1620,14939,
14939,V1V2_dada2_read_info_03052026.xlsx,,9162001321,AE1620,14940,
14940,,,9162001322,AE1620,14941,
14941,V1V2_dada2_read_info_03052026.xlsx,,9162001323,AE1620,14942,
14942,,,9162001324,AE1620,14943,
14943,,,9162001303,AE1620,14944,
14944,V1V2_dada2_read_info_03052026.xlsx,,9162001304,AE1620,14945,
14945,,,9162001305,AE1620,14946,
14946,V1V2_dada2_read_info_03052026.xlsx,,9162001306,AE1620,14947,
14947,,,9162001307,AE1620,14948,
14948,V1V2_dada2_read_info_03052026.xlsx,,9162001308,AE1620,14949,
14949,,,9162001309,AE1620,14950,
14950,,,9162001401,AE1620,14951,
14951,,,9162001402,AE1620,14952,
14952,,,9162001403,AE1620,14953,
14953,,,9162001404,AE1620,14954,
14954,,,9162001405,AE1620,14955,
14955,,,9162001406,AE1620,14956,
14956,,,9162001407,AE1620,14957,
14957,,,9162001408,AE1620,14958,
14958,,,9162001501,AE1620,14959,MTBLS2356
14959,V1V2_dada2_read_info_03052026.xlsx,,9162001510,AE1620,14960,
14960,,,9162001511,AE1620,14961,MTBLS2356
14961,V1V2_dada2_read_info_03052026.xlsx,,9162001512,AE1620,14962,
14962,,,9162001513,AE1620,14963,
14963,V1V2_dada2_read_info_03052026.xlsx,,9162001514,AE1620,14964,
14964,V1V2_dada2_read_info_03052026.xlsx,,9162001515,AE1620,14965,
14965,,,9162001516,AE1620,14966,
14966,,,9162001517,AE1620,14967,
14967,,,9162001518,AE1620,14968,MTBLS2356
14968,,,9162001519,AE1620,14969,
14969,V1V2_dada2_read_info_03052026.xlsx,,9162001502,AE1620,14970,
14970,,,9162001520,AE1620,14971,
14971,,,9162001521,AE1620,14972,
14972,,,9162001522,AE1620,14973,
14973,,,9162001523,AE1620,14974,
14974,,,9162001524,AE1620,14975,MTBLS2356
14975,,,9162001503,AE1620,14976,MTBLS2356
14976,V1V2_dada2_read_info_03052026.xlsx,,9162001504,AE1620,14977,
14977,,,9162001505,AE1620,14978,
14978,V1V2_dada2_read_info_03052026.xlsx,,9162001506,AE1620,14979,
14979,,,9162001507,AE1620,14980,MTBLS2356
14980,V1V2_dada2_read_info_03052026.xlsx,,9162001508,AE1620,14981,
14981,,,9162001509,AE1620,14982,
14982,,,9162001601,AE1620,14983,
14983,,,9162001610,AE1620,14984,
14984,,,9162001611,AE1620,14985,
14985,,,9162001612,AE1620,14986,
14986,,,9162001613,AE1620,14987,
14987,,,9162001614,AE1620,14988,
14988,,,9162001615,AE1620,14989,
14989,,,9162001616,AE1620,14990,
14990,,,9162001617,AE1620,14991,
14991,,,9162001618,AE1620,14992,
14992,,,9162001619,AE1620,14993,
14993,,,9162001602,AE1620,14994,
14994,,,9162001620,AE1620,14995,
14995,,,9162001621,AE1620,14996,
14996,,,9162001622,AE1620,14997,
14997,,,9162001623,AE1620,14998,
14998,,,9162001624,AE1620,14999,
14999,,,9162001603,AE1620,15000,
15000,,,9162001604,AE1620,15001,
15001,,,9162001605,AE1620,15002,
15002,,,9162001606,AE1620,15003,
15003,,,9162001607,AE1620,15004,
15004,,,9162001608,AE1620,15005,
15005,,,9162001609,AE1620,15006,
15006,V1V2_dada2_read_info_03052026.xlsx,,9162001701,AE1620,15007,
15007,,,9162001710,AE1620,15008,
15008,V1V2_dada2_read_info_03052026.xlsx,,9162001711,AE1620,15009,
15009,,,9162001712,AE1620,15010,
15010,V1V2_dada2_read_info_03052026.xlsx,,9162001713,AE1620,15011,
15011,,,9162001714,AE1620,15012,
15012,V1V2_dada2_read_info_03052026.xlsx,,9162001715,AE1620,15013,
15013,,,9162001716,AE1620,15014,
15014,,,9162001717,AE1620,15015,
15015,V1V2_dada2_read_info_03052026.xlsx,,9162001718,AE1620,15016,
15016,,,9162001719,AE1620,15017,
15017,,,9162001702,AE1620,15018,
15018,V1V2_dada2_read_info_03052026.xlsx,,9162001720,AE1620,15019,
15019,,,9162001721,AE1620,15020,
15020,,,9162001722,AE1620,15021,
15021,,,9162001723,AE1620,15022,
15022,,,9162001724,AE1620,15023,
15023,,,9162001703,AE1620,15024,
15024,,,9162001704,AE1620,15025,
15025,,,9162001705,AE1620,15026,
15026,,,9162001706,AE1620,15027,
15027,V1V2_dada2_read_info_03052026.xlsx,,9162001707,AE1620,15028,
15028,,,9162001708,AE1620,15029,
15029,V1V2_dada2_read_info_03052026.xlsx,,9162001709,AE1620,15030,
15030,,,9162000201,AE1620,15031,
15031,,,9162000210,AE1620,15032,
15032,,,9162000211,AE1620,15033,
15033,,,9162000212,AE1620,15034,
15034,,,9162000213,AE1620,15035,
15035,,,9162000214,AE1620,15036,
15036,,,9162000215,AE1620,15037,
15037,,,9162000216,AE1620,15038,
15038,,,9162000217,AE1620,15039,
15039,,,9162000218,AE1620,15040,
15040,,,9162000219,AE1620,15041,
15041,,,9162000202,AE1620,15042,
15042,,,9162000220,AE1620,15043,
15043,,,9162000221,AE1620,15044,
15044,,,9162000222,AE1620,15045,
15045,,,9162000223,AE1620,15046,
15046,,,9162000224,AE1620,15047,
15047,,,9162000203,AE1620,15048,
15048,,,9162000204,AE1620,15049,
15049,,,9162000205,AE1620,15050,
15050,,,9162000206,AE1620,15051,
15051,,,9162000207,AE1620,15052,
15052,,,9162000208,AE1620,15053,
15053,,,9162000209,AE1620,15054,
15054,,,9162000301,AE1620,15055,
15055,,,9162000310,AE1620,15056,
15056,,,9162000311,AE1620,15057,
15057,,,9162000312,AE1620,15058,
15058,,,9162000313,AE1620,15059,
15059,,,9162000314,AE1620,15060,
15060,,,9162000315,AE1620,15061,
15061,,,9162000316,AE1620,15062,
15062,,,9162000317,AE1620,15063,
15063,,,9162000318,AE1620,15064,
15064,,,9162000319,AE1620,15065,
15065,,,9162000302,AE1620,15066,
15066,,,9162000320,AE1620,15067,
15067,,,9162000321,AE1620,15068,
15068,,,9162000322,AE1620,15069,
15069,,,9162000323,AE1620,15070,
15070,,,9162000324,AE1620,15071,
15071,,,9162000303,AE1620,15072,
15072,,,9162000304,AE1620,15073,
15073,,,9162000305,AE1620,15074,
15074,,,9162000306,AE1620,15075,
15075,,,9162000307,AE1620,15076,
15076,,,9162000308,AE1620,15077,
15077,,,9162000309,AE1620,15078,
15078,,,9162000401,AE1620,15079,MTBLS2356
15079,V1V2_dada2_read_info_03052026.xlsx,,9162000410,AE1620,15080,
15080,,,9162000411,AE1620,15081,MTBLS2356
15081,V1V2_dada2_read_info_03052026.xlsx,,9162000412,AE1620,15082,
15082,,,9162000413,AE1620,15083,
15083,V1V2_dada2_read_info_03052026.xlsx,,9162000414,AE1620,15084,
15084,,,9162000415,AE1620,15085,
15085,V1V2_dada2_read_info_03052026.xlsx,,9162000416,AE1620,15086,
15086,,,9162000417,AE1620,15087,
15087,,,9162000418,AE1620,15088,MTBLS2356
15088,,,9162000419,AE1620,15089,
15089,V1V2_dada2_read_info_03052026.xlsx,,9162000402,AE1620,15090,
15090,,,9162000420,AE1620,15091,
15091,,,9162000421,AE1620,15092,
15092,,,9162000422,AE1620,15093,
15093,,,9162000423,AE1620,15094,
15094,,,9162000424,AE1620,15095,MTBLS2356
15095,,,9162000403,AE1620,15096,MTBLS2356
15096,V1V2_dada2_read_info_03052026.xlsx,,9162000404,AE1620,15097,
15097,,,9162000405,AE1620,15098,
15098,V1V2_dada2_read_info_03052026.xlsx,,9162000406,AE1620,15099,
15099,,,9162000407,AE1620,15100,MTBLS2356
15100,V1V2_dada2_read_info_03052026.xlsx,,9162000408,AE1620,15101,
15101,,,9162000409,AE1620,15102,
15102,,,9162000501,AE1620,15103,
15103,,,9162000510,AE1620,15104,
15104,,,9162000511,AE1620,15105,
15105,,,9162000512,AE1620,15106,
15106,,,9162000513,AE1620,15107,
15107,,,9162000514,AE1620,15108,
15108,,,9162000515,AE1620,15109,
15109,,,9162000516,AE1620,15110,
15110,,,9162000517,AE1620,15111,
15111,,,9162000518,AE1620,15112,
15112,,,9162000519,AE1620,15113,
15113,,,9162000502,AE1620,15114,
15114,,,9162000520,AE1620,15115,
15115,,,9162000503,AE1620,15116,
15116,,,9162000504,AE1620,15117,
15117,,,9162000505,AE1620,15118,
15118,,,9162000506,AE1620,15119,
15119,,,9162000507,AE1620,15120,
15120,,,9162000508,AE1620,15121,
15121,,,9162000509,AE1620,15122,
15122,,,9162000601,AE1620,15123,
15123,,,9162000602,AE1620,15124,
15124,,,9162000603,AE1620,15125,
15125,,,9162000604,AE1620,15126,
15126,,,9162000605,AE1620,15127,
15127,,,9162000701,AE1620,15128,
15128,,,9162000702,AE1620,15129,
15129,,,9162000703,AE1620,15130,
15130,,,9162000704,AE1620,15131,
15131,,,9162000705,AE1620,15132,
15132,,,9162000706,AE1620,15133,
15133,,,9162000707,AE1620,15134,
15134,,,9162000708,AE1620,15135,
15135,,,9162000801,AE1620,15136,MTBLS2356
15136,,,9162000810,AE1620,15137,
15137,,,9162000811,AE1620,15138,MTBLS2356
15138,,,9162000812,AE1620,15139,
15139,,,9162000813,AE1620,15140,
15140,,,9162000814,AE1620,15141,
15141,,,9162000815,AE1620,15142,
15142,,,9162000816,AE1620,15143,
15143,,,9162000817,AE1620,15144,
15144,,,9162000818,AE1620,15145,MTBLS2356
15145,,,9162000819,AE1620,15146,
15146,,,9162000802,AE1620,15147,
15147,,,9162000820,AE1620,15148,
15148,,,9162000821,AE1620,15149,
15149,,,9162000822,AE1620,15150,
15150,,,9162000823,AE1620,15151,
15151,,,9162000824,AE1620,15152,MTBLS2356
15152,,,9162000803,AE1620,15153,MTBLS2356
15153,,,9162000804,AE1620,15154,
15154,,,9162000805,AE1620,15155,
15155,,,9162000806,AE1620,15156,
15156,,,9162000807,AE1620,15157,MTBLS2356
15157,,,9162000808,AE1620,15158,
15158,,,9162000809,AE1620,15159,
15159,,,9162000901,AE1620,15160,
15160,,,9162000910,AE1620,15161,
15161,,,9162000911,AE1620,15162,
15162,,,9162000912,AE1620,15163,
15163,,,9162000913,AE1620,15164,
15164,,,9162000914,AE1620,15165,
15165,,,9162000915,AE1620,15166,
15166,,,9162000916,AE1620,15167,
15167,,,9162000917,AE1620,15168,
15168,,,9162000918,AE1620,15169,
15169,,,9162000919,AE1620,15170,
15170,,,9162000902,AE1620,15171,
15171,,,9162000920,AE1620,15172,
15172,,,9162000921,AE1620,15173,
15173,,,9162000922,AE1620,15174,
15174,,,9162000923,AE1620,15175,
15175,,,9162000924,AE1620,15176,
15176,,,9162000903,AE1620,15177,
15177,,,9162000904,AE1620,15178,
15178,,,9162000905,AE1620,15179,
15179,,,9162000906,AE1620,15180,
15180,,,9162000907,AE1620,15181,
15181,,,9162000908,AE1620,15182,
15182,,,9162000909,AE1620,15183,
15183,,,9170300101,AE1703,15184,
15184,,V4_dada2_read_info_03052026.xlsx,9170300110,AE1703,15185,
15185,,,9170300111,AE1703,15186,
15186,,V4_dada2_read_info_03052026.xlsx,9170300112,AE1703,15187,
15187,,,9170300113,AE1703,15188,
15188,,V4_dada2_read_info_03052026.xlsx,9170300114,AE1703,15189,
15189,,,9170300115,AE1703,15190,
15190,,V4_dada2_read_info_03052026.xlsx,9170300116,AE1703,15191,
15191,,,9170300117,AE1703,15192,
15192,,,9170300118,AE1703,15193,
15193,,,9170300119,AE1703,15194,
15194,,,9170300102,AE1703,15195,
15195,,,9170300120,AE1703,15196,
15196,,,9170300121,AE1703,15197,
15197,,,9170300122,AE1703,15198,
15198,,,9170300123,AE1703,15199,
15199,,,9170300124,AE1703,15200,
15200,,,9170300103,AE1703,15201,
15201,,,9170300104,AE1703,15202,
15202,,,9170300105,AE1703,15203,
15203,,V4_dada2_read_info_03052026.xlsx,9170300106,AE1703,15204,
15204,,,9170300107,AE1703,15205,
15205,,V4_dada2_read_info_03052026.xlsx,9170300108,AE1703,15206,
15206,,,9170300109,AE1703,15207,
15207,,,9170301017,AE1703,15208,
15208,,,9170301018,AE1703,15209,
15209,,,9170301019,AE1703,15210,
15210,,,9170301020,AE1703,15211,
15211,,,9170301021,AE1703,15212,
15212,,,9170301022,AE1703,15213,
15213,,,9170301023,AE1703,15214,
15214,,,9170301024,AE1703,15215,
15215,,,9170301101,AE1703,15216,MTBLS2356
15216,,,9170301110,AE1703,15217,
15217,,,9170301111,AE1703,15218,MTBLS2356
15218,,,9170301112,AE1703,15219,
15219,,,9170301113,AE1703,15220,
15220,,,9170301114,AE1703,15221,
15221,,,9170301115,AE1703,15222,
15222,,,9170301116,AE1703,15223,
15223,,,9170301117,AE1703,15224,
15224,,,9170301118,AE1703,15225,MTBLS2356
15225,,,9170301119,AE1703,15226,
15226,,,9170301102,AE1703,15227,
15227,,,9170301120,AE1703,15228,
15228,,,9170301121,AE1703,15229,
15229,,,9170301122,AE1703,15230,
15230,,,9170301123,AE1703,15231,
15231,,,9170301124,AE1703,15232,MTBLS2356
15232,,,9170301103,AE1703,15233,MTBLS2356
15233,,,9170301104,AE1703,15234,
15234,,,9170301105,AE1703,15235,
15235,,,9170301106,AE1703,15236,
15236,,,9170301107,AE1703,15237,MTBLS2356
15237,,,9170301108,AE1703,15238,
15238,,,9170301109,AE1703,15239,
15239,,,9170301201,AE1703,15240,
15240,,,9170301210,AE1703,15241,
15241,,,9170301211,AE1703,15242,
15242,,,9170301212,AE1703,15243,
15243,,,9170301213,AE1703,15244,
15244,,,9170301214,AE1703,15245,
15245,,,9170301215,AE1703,15246,
15246,,,9170301216,AE1703,15247,
15247,,,9170301217,AE1703,15248,
15248,,,9170301218,AE1703,15249,
15249,,,9170301219,AE1703,15250,
15250,,,9170301202,AE1703,15251,
15251,,,9170301220,AE1703,15252,
15252,,,9170301221,AE1703,15253,
15253,,,9170301222,AE1703,15254,
15254,,,9170301223,AE1703,15255,
15255,,,9170301224,AE1703,15256,
15256,,,9170301203,AE1703,15257,
15257,,,9170301204,AE1703,15258,
15258,,,9170301205,AE1703,15259,
15259,,,9170301206,AE1703,15260,
15260,,,9170301207,AE1703,15261,
15261,,,9170301208,AE1703,15262,
15262,,,9170301209,AE1703,15263,
15263,,,9170301301,AE1703,15264,
15264,,,9170301310,AE1703,15265,
15265,,,9170301311,AE1703,15266,
15266,,,9170301312,AE1703,15267,
15267,,,9170301313,AE1703,15268,
15268,,,9170301314,AE1703,15269,
15269,,,9170301315,AE1703,15270,
15270,,,9170301316,AE1703,15271,
15271,,,9170301317,AE1703,15272,
15272,,,9170301318,AE1703,15273,
15273,,,9170301319,AE1703,15274,
15274,,,9170301302,AE1703,15275,
15275,,,9170301320,AE1703,15276,
15276,,,9170301321,AE1703,15277,
15277,,,9170301322,AE1703,15278,
15278,,,9170301323,AE1703,15279,
15279,,,9170301324,AE1703,15280,
15280,,,9170301303,AE1703,15281,
15281,,,9170301304,AE1703,15282,
15282,,,9170301305,AE1703,15283,
15283,,,9170301306,AE1703,15284,
15284,,,9170301307,AE1703,15285,
15285,,,9170301308,AE1703,15286,
15286,,,9170301309,AE1703,15287,
15287,,,9170301401,AE1703,15288,MTBLS2356
15288,,,9170301410,AE1703,15289,
15289,,,9170301411,AE1703,15290,MTBLS2356
15290,,,9170301412,AE1703,15291,
15291,,,9170301413,AE1703,15292,
15292,,,9170301414,AE1703,15293,
15293,,,9170301415,AE1703,15294,
15294,,,9170301416,AE1703,15295,
15295,,,9170301417,AE1703,15296,
15296,,,9170301418,AE1703,15297,MTBLS2356
15297,,,9170301419,AE1703,15298,
15298,,,9170301402,AE1703,15299,
15299,,,9170301420,AE1703,15300,
15300,,,9170301421,AE1703,15301,
15301,,,9170301422,AE1703,15302,MTBLS2356
15302,,,9170301423,AE1703,15303,
15303,,,9170301424,AE1703,15304,
15304,,,9170301403,AE1703,15305,MTBLS2356
15305,,,9170301404,AE1703,15306,
15306,,,9170301405,AE1703,15307,
15307,,,9170301406,AE1703,15308,
15308,,,9170301407,AE1703,15309,MTBLS2356
15309,,,9170301408,AE1703,15310,
15310,,,9170301409,AE1703,15311,
15311,,,9170301510,AE1703,15312,
15312,,,9170301511,AE1703,15313,
15313,,,9170301512,AE1703,15314,
15314,,,9170301513,AE1703,15315,
15315,,,9170301514,AE1703,15316,
15316,,,9170301515,AE1703,15317,
15317,,,9170301516,AE1703,15318,
15318,,,9170301517,AE1703,15319,
15319,,,9170301518,AE1703,15320,
15320,,,9170301519,AE1703,15321,
15321,,,9170301520,AE1703,15322,
15322,,,9170301521,AE1703,15323,
15323,,,9170301522,AE1703,15324,
15324,,,9170301523,AE1703,15325,
15325,,,9170301524,AE1703,15326,
15326,,,9170301505,AE1703,15327,
15327,,,9170301506,AE1703,15328,
15328,,,9170301507,AE1703,15329,
15329,,,9170301508,AE1703,15330,
15330,,,9170301509,AE1703,15331,
15331,,,9170301610,AE1703,15332,
15332,,,9170301611,AE1703,15333,MTBLS2356
15333,,,9170301612,AE1703,15334,
15334,,,9170301613,AE1703,15335,
15335,,,9170301614,AE1703,15336,
15336,,,9170301615,AE1703,15337,
15337,,,9170301616,AE1703,15338,
15338,,,9170301617,AE1703,15339,
15339,,,9170301618,AE1703,15340,MTBLS2356
15340,,,9170301619,AE1703,15341,
15341,,,9170301602,AE1703,15342,
15342,,,9170301620,AE1703,15343,
15343,,,9170301621,AE1703,15344,
15344,,,9170301622,AE1703,15345,MTBLS2356
15345,,,9170301623,AE1703,15346,
15346,,,9170301624,AE1703,15347,
15347,,,9170301603,AE1703,15348,MTBLS2356
15348,,,9170301604,AE1703,15349,
15349,,,9170301605,AE1703,15350,
15350,,,9170301606,AE1703,15351,
15351,,,9170301607,AE1703,15352,MTBLS2356
15352,,,9170301608,AE1703,15353,
15353,,,9170301609,AE1703,15354,
15354,,,9170301714,AE1703,15355,
15355,,,9170301715,AE1703,15356,
15356,,,9170301716,AE1703,15357,
15357,,,9170301717,AE1703,15358,
15358,,,9170301718,AE1703,15359,
15359,,,9170301719,AE1703,15360,
15360,,,9170301720,AE1703,15361,
15361,,,9170301721,AE1703,15362,
15362,,,9170301722,AE1703,15363,
15363,,,9170301723,AE1703,15364,
15364,,,9170301724,AE1703,15365,
15365,,,9170301815,AE1703,15366,
15366,,,9170301816,AE1703,15367,
15367,,,9170301817,AE1703,15368,
15368,,,9170301818,AE1703,15369,
15369,,,9170301819,AE1703,15370,
15370,,,9170301820,AE1703,15371,
15371,,,9170301821,AE1703,15372,
15372,,,9170301822,AE1703,15373,
15373,,,9170301823,AE1703,15374,
15374,,,9170301824,AE1703,15375,
15375,,,9170301901,AE1703,15376,
15376,,,9170301910,AE1703,15377,
15377,,,9170301911,AE1703,15378,
15378,,,9170301912,AE1703,15379,
15379,,,9170301913,AE1703,15380,
15380,,,9170301914,AE1703,15381,
15381,,,9170301915,AE1703,15382,
15382,,,9170301916,AE1703,15383,
15383,,,9170301917,AE1703,15384,
15384,,,9170301918,AE1703,15385,
15385,,,9170301919,AE1703,15386,
15386,,,9170301902,AE1703,15387,
15387,,,9170301920,AE1703,15388,
15388,,,9170301921,AE1703,15389,
15389,,,9170301922,AE1703,15390,
15390,,,9170301923,AE1703,15391,
15391,,,9170301924,AE1703,15392,
15392,,,9170301903,AE1703,15393,
15393,,,9170301904,AE1703,15394,
15394,,,9170301905,AE1703,15395,
15395,,,9170301906,AE1703,15396,
15396,,,9170301907,AE1703,15397,
15397,,,9170301908,AE1703,15398,
15398,,,9170301909,AE1703,15399,
15399,,,9170300201,AE1703,15400,
15400,,V4_dada2_read_info_03052026.xlsx,9170300210,AE1703,15401,
15401,,,9170300211,AE1703,15402,
15402,,V4_dada2_read_info_03052026.xlsx,9170300212,AE1703,15403,
15403,,,9170300213,AE1703,15404,
15404,,V4_dada2_read_info_03052026.xlsx,9170300214,AE1703,15405,
15405,,,9170300215,AE1703,15406,
15406,,V4_dada2_read_info_03052026.xlsx,9170300216,AE1703,15407,
15407,,,9170300217,AE1703,15408,
15408,,,9170300218,AE1703,15409,
15409,,,9170300219,AE1703,15410,
15410,,,9170300202,AE1703,15411,
15411,,,9170300220,AE1703,15412,
15412,,,9170300221,AE1703,15413,
15413,,,9170300222,AE1703,15414,
15414,,,9170300223,AE1703,15415,
15415,,,9170300224,AE1703,15416,
15416,,,9170300203,AE1703,15417,
15417,,,9170300204,AE1703,15418,
15418,,,9170300205,AE1703,15419,
15419,,,9170300206,AE1703,15420,
15420,,,9170300207,AE1703,15421,
15421,,,9170300208,AE1703,15422,
15422,,,9170300209,AE1703,15423,
15423,,,9170300301,AE1703,15424,
15424,,,9170300310,AE1703,15425,
15425,,,9170300311,AE1703,15426,
15426,,,9170300312,AE1703,15427,
15427,,,9170300313,AE1703,15428,
15428,,,9170300314,AE1703,15429,
15429,,,9170300315,AE1703,15430,
15430,,,9170300316,AE1703,15431,
15431,,,9170300317,AE1703,15432,
15432,,,9170300318,AE1703,15433,
15433,,,9170300319,AE1703,15434,
15434,,V4_dada2_read_info_03052026.xlsx,9170300302,AE1703,15435,
15435,,,9170300320,AE1703,15436,
15436,,,9170300321,AE1703,15437,
15437,,,9170300322,AE1703,15438,
15438,,,9170300323,AE1703,15439,
15439,,,9170300324,AE1703,15440,
15440,,,9170300303,AE1703,15441,
15441,,V4_dada2_read_info_03052026.xlsx,9170300304,AE1703,15442,
15442,,,9170300305,AE1703,15443,
15443,,V4_dada2_read_info_03052026.xlsx,9170300306,AE1703,15444,
15444,,,9170300307,AE1703,15445,
15445,,V4_dada2_read_info_03052026.xlsx,9170300308,AE1703,15446,
15446,,,9170300309,AE1703,15447,
15447,,,9170300401,AE1703,15448,MTBLS2356
15448,,V4_dada2_read_info_03052026.xlsx,9170300410,AE1703,15449,
15449,,,9170300411,AE1703,15450,MTBLS2356
15450,,V4_dada2_read_info_03052026.xlsx,9170300412,AE1703,15451,
15451,,,9170300413,AE1703,15452,
15452,,V4_dada2_read_info_03052026.xlsx,9170300414,AE1703,15453,
15453,,,9170300415,AE1703,15454,
15454,,V4_dada2_read_info_03052026.xlsx,9170300416,AE1703,15455,
15455,,,9170300417,AE1703,15456,
15456,,,9170300418,AE1703,15457,MTBLS2356
15457,,,9170300419,AE1703,15458,
15458,,V4_dada2_read_info_03052026.xlsx,9170300402,AE1703,15459,
15459,,,9170300420,AE1703,15460,
15460,,,9170300421,AE1703,15461,
15461,,,9170300422,AE1703,15462,
15462,,,9170300423,AE1703,15463,
15463,,,9170300424,AE1703,15464,MTBLS2356
15464,,,9170300403,AE1703,15465,MTBLS2356
15465,,V4_dada2_read_info_03052026.xlsx,9170300404,AE1703,15466,
15466,,,9170300405,AE1703,15467,
15467,,V4_dada2_read_info_03052026.xlsx,9170300406,AE1703,15468,
15468,,,9170300407,AE1703,15469,MTBLS2356
15469,,V4_dada2_read_info_03052026.xlsx,9170300408,AE1703,15470,
15470,,,9170300409,AE1703,15471,
15471,,,9170300510,AE1703,15472,
15472,,,9170300511,AE1703,15473,
15473,,,9170300512,AE1703,15474,
15474,,,9170300513,AE1703,15475,
15475,,,9170300514,AE1703,15476,
15476,,,9170300515,AE1703,15477,
15477,,,9170300516,AE1703,15478,
15478,,,9170300517,AE1703,15479,
15479,,,9170300518,AE1703,15480,
15480,,,9170300519,AE1703,15481,
15481,,,9170300520,AE1703,15482,
15482,,,9170300521,AE1703,15483,
15483,,,9170300522,AE1703,15484,
15484,,,9170300523,AE1703,15485,
15485,,,9170300524,AE1703,15486,
15486,,,9170300508,AE1703,15487,
15487,,,9170300509,AE1703,15488,
15488,,,9170300601,AE1703,15489,
15489,,,9170300610,AE1703,15490,
15490,,,9170300611,AE1703,15491,
15491,,,9170300612,AE1703,15492,
15492,,,9170300613,AE1703,15493,
15493,,,9170300614,AE1703,15494,
15494,,,9170300615,AE1703,15495,
15495,,,9170300616,AE1703,15496,
15496,,,9170300617,AE1703,15497,
15497,,,9170300618,AE1703,15498,
15498,,,9170300619,AE1703,15499,
15499,,,9170300602,AE1703,15500,
15500,,,9170300620,AE1703,15501,
15501,,,9170300621,AE1703,15502,
15502,,,9170300622,AE1703,15503,
15503,,,9170300623,AE1703,15504,
15504,,,9170300624,AE1703,15505,
15505,,,9170300603,AE1703,15506,
15506,,,9170300604,AE1703,15507,
15507,,,9170300605,AE1703,15508,
15508,,,9170300606,AE1703,15509,
15509,,,9170300607,AE1703,15510,
15510,,,9170300608,AE1703,15511,
15511,,,9170300609,AE1703,15512,
15512,,,9170300719,AE1703,15513,
15513,,,9170300720,AE1703,15514,
15514,,,9170300721,AE1703,15515,
15515,,,9170300722,AE1703,15516,
15516,,,9170300723,AE1703,15517,
15517,,,9170300724,AE1703,15518,
15518,,,9170300801,AE1703,15519,MTBLS2356
15519,,V4_dada2_read_info_03052026.xlsx,9170300810,AE1703,15520,
15520,,,9170300811,AE1703,15521,MTBLS2356
15521,,V4_dada2_read_info_03052026.xlsx,9170300812,AE1703,15522,
15522,,,9170300813,AE1703,15523,
15523,,V4_dada2_read_info_03052026.xlsx,9170300814,AE1703,15524,
15524,,,9170300815,AE1703,15525,
15525,,V4_dada2_read_info_03052026.xlsx,9170300816,AE1703,15526,
15526,,,9170300817,AE1703,15527,
15527,,,9170300818,AE1703,15528,
15528,,,9170300819,AE1703,15529,
15529,,,9170300802,AE1703,15530,
15530,,,9170300820,AE1703,15531,
15531,,,9170300821,AE1703,15532,
15532,,,9170300822,AE1703,15533,
15533,,,9170300823,AE1703,15534,
15534,,,9170300824,AE1703,15535,
15535,,,9170300803,AE1703,15536,MTBLS2356
15536,,,9170300804,AE1703,15537,
15537,,,9170300805,AE1703,15538,
15538,,,9170300806,AE1703,15539,
15539,,,9170300807,AE1703,15540,MTBLS2356
15540,,,9170300808,AE1703,15541,
15541,,,9170300809,AE1703,15542,
15542,,,9170300901,AE1703,15543,
15543,,,9170300910,AE1703,15544,
15544,,,9170300911,AE1703,15545,
15545,,,9170300912,AE1703,15546,
15546,,,9170300913,AE1703,15547,
15547,,,9170300914,AE1703,15548,
15548,,,9170300915,AE1703,15549,
15549,,,9170300916,AE1703,15550,
15550,,,9170300917,AE1703,15551,
15551,,,9170300918,AE1703,15552,
15552,,,9170300919,AE1703,15553,
15553,,,9170300902,AE1703,15554,
15554,,,9170300920,AE1703,15555,
15555,,,9170300921,AE1703,15556,
15556,,,9170300922,AE1703,15557,
15557,,,9170300923,AE1703,15558,
15558,,,9170300924,AE1703,15559,
15559,,,9170300903,AE1703,15560,
15560,,,9170300904,AE1703,15561,
15561,,,9170300905,AE1703,15562,
15562,,,9170300906,AE1703,15563,
15563,,,9170300907,AE1703,15564,
15564,,,9170300908,AE1703,15565,
15565,,,9170300909,AE1703,15566,
15566,,,9171200101,AE1712,15567,
15567,,,9171200110,AE1712,15568,
15568,,,9171200111,AE1712,15569,
15569,V1V2_dada2_read_info_03052026.xlsx,,9171200112,AE1712,15570,
15570,,,9171200113,AE1712,15571,
15571,,,9171200114,AE1712,15572,
15572,,,9171200115,AE1712,15573,
15573,,,9171200116,AE1712,15574,
15574,,,9171200117,AE1712,15575,
15575,,,9171200118,AE1712,15576,
15576,,,9171200119,AE1712,15577,
15577,,,9171200102,AE1712,15578,
15578,,,9171200120,AE1712,15579,
15579,,,9171200121,AE1712,15580,
15580,,,9171200122,AE1712,15581,
15581,,,9171200123,AE1712,15582,
15582,,,9171200124,AE1712,15583,
15583,,,9171200103,AE1712,15584,
15584,,,9171200104,AE1712,15585,
15585,,,9171200105,AE1712,15586,
15586,,,9171200106,AE1712,15587,
15587,,,9171200107,AE1712,15588,
15588,,,9171200108,AE1712,15589,
15589,,,9171200109,AE1712,15590,
15590,,,9171201001,AE1712,15591,
15591,,,9171201010,AE1712,15592,MTBLS2356
15592,,,9171201011,AE1712,15593,
15593,,,9171201012,AE1712,15594,
15594,,,9171201013,AE1712,15595,
15595,,,9171201014,AE1712,15596,MTBLS2356
15596,,,9171201015,AE1712,15597,
15597,,,9171201016,AE1712,15598,
15598,,,9171201017,AE1712,15599,
15599,,,9171201018,AE1712,15600,
15600,,,9171201019,AE1712,15601,
15601,,,9171201002,AE1712,15602,MTBLS2356
15602,,,9171201020,AE1712,15603,MTBLS2356
15603,,,9171201021,AE1712,15604,
15604,,,9171201022,AE1712,15605,
15605,,,9171201023,AE1712,15606,
15606,,,9171201024,AE1712,15607,MTBLS2356
15607,,,9171201003,AE1712,15608,
15608,,,9171201004,AE1712,15609,MTBLS2356
15609,,,9171201005,AE1712,15610,
15610,,,9171201006,AE1712,15611,
15611,,,9171201007,AE1712,15612,
15612,,,9171201008,AE1712,15613,
15613,,,9171201009,AE1712,15614,
15614,,,9171201101,AE1712,15615,
15615,,,9171201110,AE1712,15616,
15616,,,9171201111,AE1712,15617,
15617,,,9171201112,AE1712,15618,
15618,,,9171201113,AE1712,15619,
15619,,,9171201114,AE1712,15620,
15620,,,9171201115,AE1712,15621,
15621,,,9171201102,AE1712,15622,
15622,,,9171201103,AE1712,15623,
15623,,,9171201104,AE1712,15624,
15624,,,9171201105,AE1712,15625,
15625,,,9171201106,AE1712,15626,
15626,,,9171201107,AE1712,15627,
15627,,,9171201108,AE1712,15628,
15628,,,9171201109,AE1712,15629,
15629,,,9171201201,AE1712,15630,
15630,V1V2_dada2_read_info_03052026.xlsx,,9171201210,AE1712,15631,MTBLS2356
15631,,,9171201211,AE1712,15632,
15632,V1V2_dada2_read_info_03052026.xlsx,,9171201212,AE1712,15633,
15633,,,9171201213,AE1712,15634,
15634,V1V2_dada2_read_info_03052026.xlsx,,9171201214,AE1712,15635,MTBLS2356
15635,,,9171201215,AE1712,15636,
15636,,,9171201216,AE1712,15637,
15637,V1V2_dada2_read_info_03052026.xlsx,,9171201217,AE1712,15638,
15638,V1V2_dada2_read_info_03052026.xlsx,,9171201218,AE1712,15639,
15639,,,9171201219,AE1712,15640,
15640,V1V2_dada2_read_info_03052026.xlsx,,9171201202,AE1712,15641,MTBLS2356
15641,,,9171201220,AE1712,15642,MTBLS2356
15642,,,9171201221,AE1712,15643,
15643,,,9171201222,AE1712,15644,
15644,,,9171201223,AE1712,15645,
15645,,,9171201224,AE1712,15646,MTBLS2356
15646,,,9171201203,AE1712,15647,
15647,V1V2_dada2_read_info_03052026.xlsx,,9171201204,AE1712,15648,MTBLS2356
15648,,,9171201205,AE1712,15649,
15649,,,9171201206,AE1712,15650,
15650,,,9171201207,AE1712,15651,
15651,V1V2_dada2_read_info_03052026.xlsx,,9171201208,AE1712,15652,
15652,,,9171201209,AE1712,15653,
15653,,,9171201301,AE1712,15654,
15654,,,9171201310,AE1712,15655,MTBLS2356
15655,,,9171201311,AE1712,15656,
15656,,,9171201312,AE1712,15657,
15657,,,9171201313,AE1712,15658,
15658,,,9171201314,AE1712,15659,MTBLS2356
15659,,,9171201315,AE1712,15660,
15660,,,9171201316,AE1712,15661,
15661,,,9171201317,AE1712,15662,
15662,,,9171201318,AE1712,15663,
15663,,,9171201319,AE1712,15664,
15664,,,9171201302,AE1712,15665,MTBLS2356
15665,,,9171201320,AE1712,15666,MTBLS2356
15666,,,9171201321,AE1712,15667,
15667,,,9171201322,AE1712,15668,
15668,,,9171201323,AE1712,15669,
15669,,,9171201324,AE1712,15670,MTBLS2356
15670,,,9171201303,AE1712,15671,
15671,,,9171201304,AE1712,15672,MTBLS2356
15672,,,9171201305,AE1712,15673,
15673,,,9171201306,AE1712,15674,
15674,,,9171201307,AE1712,15675,
15675,,,9171201308,AE1712,15676,
15676,,,9171201309,AE1712,15677,
15677,,,9171201401,AE1712,15678,
15678,,,9171201410,AE1712,15679,
15679,,,9171201411,AE1712,15680,
15680,,,9171201412,AE1712,15681,
15681,,,9171201413,AE1712,15682,
15682,,,9171201414,AE1712,15683,
15683,,,9171201415,AE1712,15684,
15684,,,9171201416,AE1712,15685,
15685,,,9171201417,AE1712,15686,
15686,,,9171201418,AE1712,15687,
15687,,,9171201419,AE1712,15688,
15688,,,9171201402,AE1712,15689,
15689,,,9171201420,AE1712,15690,
15690,,,9171201421,AE1712,15691,
15691,,,9171201422,AE1712,15692,
15692,,,9171201423,AE1712,15693,
15693,,,9171201424,AE1712,15694,
15694,,,9171201403,AE1712,15695,
15695,,,9171201404,AE1712,15696,
15696,,,9171201405,AE1712,15697,
15697,,,9171201406,AE1712,15698,
15698,,,9171201407,AE1712,15699,
15699,,,9171201408,AE1712,15700,
15700,,,9171201409,AE1712,15701,
15701,,,9171201501,AE1712,15702,
15702,V1V2_dada2_read_info_03052026.xlsx,,9171201510,AE1712,15703,MTBLS2356
15703,,,9171201511,AE1712,15704,
15704,V1V2_dada2_read_info_03052026.xlsx,,9171201512,AE1712,15705,
15705,,,9171201513,AE1712,15706,
15706,V1V2_dada2_read_info_03052026.xlsx,,9171201514,AE1712,15707,MTBLS2356
15707,,,9171201515,AE1712,15708,
15708,,,9171201516,AE1712,15709,
15709,V1V2_dada2_read_info_03052026.xlsx,,9171201517,AE1712,15710,
15710,V1V2_dada2_read_info_03052026.xlsx,,9171201518,AE1712,15711,
15711,,,9171201519,AE1712,15712,MTBLS2356
15712,V1V2_dada2_read_info_03052026.xlsx,,9171201502,AE1712,15713,MTBLS2356
15713,,,9171201520,AE1712,15714,
15714,,,9171201521,AE1712,15715,
15715,,,9171201522,AE1712,15716,
15716,,,9171201523,AE1712,15717,
15717,,,9171201524,AE1712,15718,MTBLS2356
15718,,,9171201503,AE1712,15719,
15719,V1V2_dada2_read_info_03052026.xlsx,,9171201504,AE1712,15720,MTBLS2356
15720,,,9171201505,AE1712,15721,
15721,,,9171201506,AE1712,15722,
15722,,,9171201507,AE1712,15723,
15723,V1V2_dada2_read_info_03052026.xlsx,,9171201508,AE1712,15724,
15724,,,9171201509,AE1712,15725,
15725,,,9171201601,AE1712,15726,
15726,,,9171201610,AE1712,15727,
15727,,,9171201611,AE1712,15728,
15728,,,9171201612,AE1712,15729,
15729,,,9171201613,AE1712,15730,
15730,,,9171201614,AE1712,15731,
15731,,,9171201615,AE1712,15732,
15732,,,9171201602,AE1712,15733,
15733,,,9171201603,AE1712,15734,
15734,,,9171201604,AE1712,15735,
15735,,,9171201605,AE1712,15736,
15736,,,9171201606,AE1712,15737,
15737,,,9171201607,AE1712,15738,
15738,,,9171201608,AE1712,15739,
15739,,,9171201609,AE1712,15740,
15740,,,9171201701,AE1712,15741,MTBLS2356
15741,,,9171201710,AE1712,15742,
15742,,,9171201711,AE1712,15743,
15743,,,9171201712,AE1712,15744,
15744,,,9171201713,AE1712,15745,
15745,,,9171201714,AE1712,15746,MTBLS2356
15746,,,9171201715,AE1712,15747,
15747,,,9171201716,AE1712,15748,
15748,,,9171201717,AE1712,15749,
15749,,,9171201718,AE1712,15750,MTBLS2356
15750,,,9171201719,AE1712,15751,
15751,,,9171201702,AE1712,15752,MTBLS2356
15752,,,9171201720,AE1712,15753,
15753,,,9171201721,AE1712,15754,
15754,,,9171201722,AE1712,15755,
15755,,,9171201723,AE1712,15756,
15756,,,9171201724,AE1712,15757,
15757,V1V2_dada2_read_info_03052026.xlsx,,9171201703,AE1712,15758,
15758,,,9171201704,AE1712,15759,
15759,V1V2_dada2_read_info_03052026.xlsx,,9171201705,AE1712,15760,
15760,V1V2_dada2_read_info_03052026.xlsx,,9171201706,AE1712,15761,MTBLS2356
15761,V1V2_dada2_read_info_03052026.xlsx,,9171201707,AE1712,15762,
15762,,,9171201708,AE1712,15763,MTBLS2356
15763,V1V2_dada2_read_info_03052026.xlsx,,9171201709,AE1712,15764,
15764,,,9171200201,AE1712,15765,
15765,,,9171200210,AE1712,15766,MTBLS2356
15766,,,9171200211,AE1712,15767,
15767,,,9171200212,AE1712,15768,
15768,,,9171200213,AE1712,15769,
15769,,,9171200214,AE1712,15770,MTBLS2356
15770,,,9171200215,AE1712,15771,
15771,,,9171200216,AE1712,15772,
15772,,,9171200217,AE1712,15773,
15773,,,9171200218,AE1712,15774,
15774,,,9171200219,AE1712,15775,
15775,,,9171200202,AE1712,15776,MTBLS2356
15776,,,9171200220,AE1712,15777,MTBLS2356
15777,,,9171200221,AE1712,15778,
15778,,,9171200222,AE1712,15779,
15779,,,9171200223,AE1712,15780,
15780,,,9171200224,AE1712,15781,MTBLS2356
15781,,,9171200203,AE1712,15782,
15782,,,9171200204,AE1712,15783,MTBLS2356
15783,,,9171200205,AE1712,15784,
15784,,,9171200206,AE1712,15785,
15785,,,9171200207,AE1712,15786,
15786,,,9171200208,AE1712,15787,
15787,,,9171200209,AE1712,15788,
15788,,,9171200301,AE1712,15789,
15789,,,9171200310,AE1712,15790,
15790,,,9171200311,AE1712,15791,
15791,,,9171200312,AE1712,15792,
15792,,,9171200313,AE1712,15793,
15793,,,9171200314,AE1712,15794,
15794,,,9171200315,AE1712,15795,
15795,,,9171200302,AE1712,15796,
15796,,,9171200303,AE1712,15797,
15797,,,9171200304,AE1712,15798,
15798,,,9171200305,AE1712,15799,
15799,,,9171200306,AE1712,15800,
15800,,,9171200307,AE1712,15801,
15801,,,9171200308,AE1712,15802,
15802,,,9171200309,AE1712,15803,
15803,,,9171200401,AE1712,15804,
15804,V1V2_dada2_read_info_03052026.xlsx,,9171200410,AE1712,15805,MTBLS2356
15805,,,9171200411,AE1712,15806,
15806,V1V2_dada2_read_info_03052026.xlsx,,9171200412,AE1712,15807,
15807,,,9171200413,AE1712,15808,
15808,V1V2_dada2_read_info_03052026.xlsx,,9171200414,AE1712,15809,MTBLS2356
15809,,,9171200415,AE1712,15810,
15810,,,9171200416,AE1712,15811,
15811,V1V2_dada2_read_info_03052026.xlsx,,9171200417,AE1712,15812,
15812,V1V2_dada2_read_info_03052026.xlsx,,9171200418,AE1712,15813,
15813,,,9171200419,AE1712,15814,
15814,V1V2_dada2_read_info_03052026.xlsx,,9171200402,AE1712,15815,MTBLS2356
15815,,,9171200420,AE1712,15816,MTBLS2356
15816,,,9171200421,AE1712,15817,
15817,,,9171200422,AE1712,15818,
15818,,,9171200423,AE1712,15819,
15819,,,9171200424,AE1712,15820,MTBLS2356
15820,,,9171200403,AE1712,15821,
15821,,,9171200404,AE1712,15822,MTBLS2356
15822,,,9171200405,AE1712,15823,
15823,,,9171200406,AE1712,15824,
15824,,,9171200407,AE1712,15825,
15825,V1V2_dada2_read_info_03052026.xlsx,,9171200408,AE1712,15826,
15826,,,9171200409,AE1712,15827,
15827,,,9171200501,AE1712,15828,
15828,,,9171200510,AE1712,15829,MTBLS2356
15829,,,9171200511,AE1712,15830,
15830,,,9171200512,AE1712,15831,
15831,,,9171200513,AE1712,15832,
15832,,,9171200514,AE1712,15833,MTBLS2356
15833,,,9171200515,AE1712,15834,
15834,,,9171200516,AE1712,15835,
15835,,,9171200517,AE1712,15836,
15836,,,9171200518,AE1712,15837,
15837,,,9171200519,AE1712,15838,
15838,,,9171200502,AE1712,15839,MTBLS2356
15839,,,9171200520,AE1712,15840,MTBLS2356
15840,,,9171200521,AE1712,15841,
15841,,,9171200522,AE1712,15842,
15842,,,9171200523,AE1712,15843,
15843,,,9171200524,AE1712,15844,MTBLS2356
15844,,,9171200503,AE1712,15845,
15845,,,9171200504,AE1712,15846,MTBLS2356
15846,,,9171200505,AE1712,15847,
15847,,,9171200506,AE1712,15848,
15848,,,9171200507,AE1712,15849,
15849,,,9171200508,AE1712,15850,
15850,,,9171200509,AE1712,15851,
15851,,,9171200601,AE1712,15852,
15852,,,9171200610,AE1712,15853,
15853,,,9171200611,AE1712,15854,
15854,,,9171200612,AE1712,15855,
15855,,,9171200613,AE1712,15856,
15856,,,9171200614,AE1712,15857,
15857,,,9171200615,AE1712,15858,
15858,,,9171200602,AE1712,15859,
15859,,,9171200603,AE1712,15860,
15860,,,9171200604,AE1712,15861,
15861,,,9171200605,AE1712,15862,
15862,,,9171200606,AE1712,15863,
15863,,,9171200607,AE1712,15864,
15864,,,9171200608,AE1712,15865,
15865,,,9171200609,AE1712,15866,
15866,,,9171200701,AE1712,15867,
15867,,,9171200710,AE1712,15868,
15868,,,9171200711,AE1712,15869,
15869,V1V2_dada2_read_info_03052026.xlsx,,9171200712,AE1712,15870,
15870,,,9171200713,AE1712,15871,
15871,,,9171200714,AE1712,15872,MTBLS2356
15872,,,9171200715,AE1712,15873,
15873,,,9171200716,AE1712,15874,
15874,V1V2_dada2_read_info_03052026.xlsx,,9171200717,AE1712,15875,
15875,V1V2_dada2_read_info_03052026.xlsx,,9171200718,AE1712,15876,
15876,,,9171200719,AE1712,15877,
15877,V1V2_dada2_read_info_03052026.xlsx,,9171200702,AE1712,15878,MTBLS2356
15878,,,9171200720,AE1712,15879,MTBLS2356
15879,,,9171200721,AE1712,15880,
15880,,,9171200722,AE1712,15881,
15881,,,9171200723,AE1712,15882,
15882,,,9171200724,AE1712,15883,MTBLS2356
15883,,,9171200703,AE1712,15884,
15884,V1V2_dada2_read_info_03052026.xlsx,,9171200704,AE1712,15885,MTBLS2356
15885,,,9171200705,AE1712,15886,
15886,,,9171200706,AE1712,15887,
15887,,,9171200707,AE1712,15888,
15888,V1V2_dada2_read_info_03052026.xlsx,,9171200708,AE1712,15889,
15889,,,9171200709,AE1712,15890,MTBLS2356
15890,,,9171200801,AE1712,15891,
15891,,,9171200810,AE1712,15892,
15892,,,9171200811,AE1712,15893,
15893,,,9171200812,AE1712,15894,
15894,,,9171200813,AE1712,15895,
15895,,,9171200814,AE1712,15896,
15896,,,9171200815,AE1712,15897,
15897,,,9171200816,AE1712,15898,
15898,,,9171200817,AE1712,15899,
15899,,,9171200818,AE1712,15900,
15900,,,9171200819,AE1712,15901,
15901,,,9171200802,AE1712,15902,
15902,,,9171200820,AE1712,15903,
15903,,,9171200821,AE1712,15904,
15904,,,9171200822,AE1712,15905,
15905,,,9171200823,AE1712,15906,
15906,,,9171200824,AE1712,15907,
15907,,,9171200803,AE1712,15908,
15908,,,9171200804,AE1712,15909,
15909,,,9171200805,AE1712,15910,
15910,,,9171200806,AE1712,15911,
15911,,,9171200807,AE1712,15912,
15912,,,9171200808,AE1712,15913,
15913,,,9171200809,AE1712,15914,
15914,,,9171200901,AE1712,15915,
15915,,,9171200910,AE1712,15916,MTBLS2356
15916,,,9171200911,AE1712,15917,
15917,V1V2_dada2_read_info_03052026.xlsx,,9171200912,AE1712,15918,
15918,,,9171200913,AE1712,15919,
15919,V1V2_dada2_read_info_03052026.xlsx,,9171200914,AE1712,15920,MTBLS2356
15920,,,9171200915,AE1712,15921,
15921,,,9171200916,AE1712,15922,
15922,V1V2_dada2_read_info_03052026.xlsx,,9171200917,AE1712,15923,
15923,V1V2_dada2_read_info_03052026.xlsx,,9171200918,AE1712,15924,
15924,,,9171200919,AE1712,15925,
15925,V1V2_dada2_read_info_03052026.xlsx,,9171200902,AE1712,15926,MTBLS2356
15926,,,9171200920,AE1712,15927,MTBLS2356
15927,,,9171200921,AE1712,15928,
15928,,,9171200922,AE1712,15929,
15929,,,9171200923,AE1712,15930,
15930,,,9171200924,AE1712,15931,MTBLS2356
15931,,,9171200903,AE1712,15932,
15932,,,9171200904,AE1712,15933,MTBLS2356
15933,,,9171200905,AE1712,15934,
15934,,,9171200906,AE1712,15935,
15935,,,9171200907,AE1712,15936,
15936,V1V2_dada2_read_info_03052026.xlsx,,9171200908,AE1712,15937,
15937,,,9171200909,AE1712,15938,
15938,V1V2_dada2_read_info_03052026.xlsx,V4_dada2_read_info_03052026.xlsx,9181900101,AE1819,15939,
15939,V1V2_dada2_read_info_03052026.xlsx,V4_dada2_read_info_03052026.xlsx,9181900110,AE1819,15940,
15940,V1V2_dada2_read_info_03052026.xlsx,V4_dada2_read_info_03052026.xlsx,9181900111,AE1819,15941,
15941,,,9181900112,AE1819,15942,MTBLS2356
15942,,,9181900113,AE1819,15943,
15943,,,9181900114,AE1819,15944,
15944,,,9181900115,AE1819,15945,
15945,,,9181900116,AE1819,15946,
15946,,,9181900117,AE1819,15947,
15947,,,9181900118,AE1819,15948,
15948,,,9181900119,AE1819,15949,
15949,,,9181900102,AE1819,15950,MTBLS2356
15950,,,9181900120,AE1819,15951,
15951,,,9181900121,AE1819,15952,
15952,V1V2_dada2_read_info_03052026.xlsx,V4_dada2_read_info_03052026.xlsx,9181900122,AE1819,15953,
15953,V1V2_dada2_read_info_03052026.xlsx,V4_dada2_read_info_03052026.xlsx,9181900123,AE1819,15954,
15954,,,9181900124,AE1819,15955,MTBLS2356
15955,,,9181900103,AE1819,15956,
15956,V1V2_dada2_read_info_03052026.xlsx,V4_dada2_read_info_03052026.xlsx,9181900104,AE1819,15957,
15957,,,9181900105,AE1819,15958,MTBLS2356
15958,,,9181900106,AE1819,15959,
15959,V1V2_dada2_read_info_03052026.xlsx,V4_dada2_read_info_03052026.xlsx,9181900107,AE1819,15960,
15960,V1V2_dada2_read_info_03052026.xlsx,V4_dada2_read_info_03052026.xlsx,9181900108,AE1819,15961,
15961,,,9181900109,AE1819,15962,MTBLS2356
15962,,,9181901001,AE1819,15963,
15963,V1V2_dada2_read_info_03052026.xlsx,V4_dada2_read_info_03052026.xlsx,9181901010,AE1819,15964,MTBLS2356
15964,,,9181901011,AE1819,15965,
15965,V1V2_dada2_read_info_03052026.xlsx,V4_dada2_read_info_03052026.xlsx,9181901012,AE1819,15966,
15966,,,9181901013,AE1819,15967,
15967,V1V2_dada2_read_info_03052026.xlsx,V4_dada2_read_info_03052026.xlsx,9181901014,AE1819,15968,MTBLS2356
15968,,,9181901015,AE1819,15969,
15969,,,9181901016,AE1819,15970,
15970,V1V2_dada2_read_info_03052026.xlsx,V4_dada2_read_info_03052026.xlsx,9181901017,AE1819,15971,
15971,V1V2_dada2_read_info_03052026.xlsx,V4_dada2_read_info_03052026.xlsx,9181901018,AE1819,15972,
15972,,,9181901019,AE1819,15973,
15973,V1V2_dada2_read_info_03052026.xlsx,V4_dada2_read_info_03052026.xlsx,9181901002,AE1819,15974,MTBLS2356
15974,,,9181901020,AE1819,15975,MTBLS2356
15975,,,9181901021,AE1819,15976,
15976,,,9181901022,AE1819,15977,
15977,,,9181901023,AE1819,15978,
15978,,,9181901024,AE1819,15979,MTBLS2356
15979,,,9181901003,AE1819,15980,
15980,V1V2_dada2_read_info_03052026.xlsx,V4_dada2_read_info_03052026.xlsx,9181901004,AE1819,15981,MTBLS2356
15981,,,9181901005,AE1819,15982,
15982,,,9181901006,AE1819,15983,
15983,,,9181901007,AE1819,15984,
15984,V1V2_dada2_read_info_03052026.xlsx,V4_dada2_read_info_03052026.xlsx,9181901008,AE1819,15985,MTBLS2356
15985,,,9181901009,AE1819,15986,
15986,,,9181901101,AE1819,15987,
15987,V1V2_dada2_read_info_03052026.xlsx,V4_dada2_read_info_03052026.xlsx,9181901110,AE1819,15988,MTBLS2356
15988,,,9181901111,AE1819,15989,
15989,V1V2_dada2_read_info_03052026.xlsx,V4_dada2_read_info_03052026.xlsx,9181901112,AE1819,15990,
15990,,,9181901113,AE1819,15991,
15991,V1V2_dada2_read_info_03052026.xlsx,V4_dada2_read_info_03052026.xlsx,9181901114,AE1819,15992,MTBLS2356
15992,,,9181901115,AE1819,15993,
15993,,,9181901116,AE1819,15994,
15994,V1V2_dada2_read_info_03052026.xlsx,V4_dada2_read_info_03052026.xlsx,9181901117,AE1819,15995,
15995,V1V2_dada2_read_info_03052026.xlsx,V4_dada2_read_info_03052026.xlsx,9181901118,AE1819,15996,
15996,,,9181901119,AE1819,15997,
15997,V1V2_dada2_read_info_03052026.xlsx,V4_dada2_read_info_03052026.xlsx,9181901102,AE1819,15998,MTBLS2356
15998,,,9181901120,AE1819,15999,MTBLS2356
15999,,,9181901121,AE1819,16000,
16000,,,9181901122,AE1819,16001,
16001,,,9181901123,AE1819,16002,
16002,,,9181901124,AE1819,16003,MTBLS2356
16003,,,9181901103,AE1819,16004,
16004,V1V2_dada2_read_info_03052026.xlsx,V4_dada2_read_info_03052026.xlsx,9181901104,AE1819,16005,MTBLS2356
16005,,,9181901105,AE1819,16006,
16006,,,9181901106,AE1819,16007,
16007,,,9181901107,AE1819,16008,
16008,V1V2_dada2_read_info_03052026.xlsx,V4_dada2_read_info_03052026.xlsx,9181901108,AE1819,16009,MTBLS2356
16009,,,9181901109,AE1819,16010,
16010,,,9181901201,AE1819,16011,
16011,,,9181901210,AE1819,16012,
16012,,,9181901211,AE1819,16013,
16013,,,9181901212,AE1819,16014,
16014,,,9181901213,AE1819,16015,
16015,,,9181901214,AE1819,16016,
16016,,,9181901215,AE1819,16017,
16017,,,9181901216,AE1819,16018,
16018,,,9181901217,AE1819,16019,
16019,,,9181901218,AE1819,16020,
16020,,,9181901219,AE1819,16021,
16021,,,9181901202,AE1819,16022,
16022,,,9181901220,AE1819,16023,
16023,,,9181901221,AE1819,16024,
16024,,,9181901222,AE1819,16025,
16025,,,9181901203,AE1819,16026,
16026,,,9181901204,AE1819,16027,
16027,,,9181901205,AE1819,16028,
16028,,,9181901206,AE1819,16029,
16029,,,9181901207,AE1819,16030,
16030,,,9181901208,AE1819,16031,
16031,,,9181901209,AE1819,16032,
16032,,,9181900201,AE1819,16033,
16033,,,9181900210,AE1819,16034,
16034,,,9181900211,AE1819,16035,
16035,,,9181900212,AE1819,16036,
16036,,,9181900213,AE1819,16037,
16037,,,9181900214,AE1819,16038,
16038,,,9181900215,AE1819,16039,
16039,,,9181900216,AE1819,16040,
16040,,,9181900217,AE1819,16041,
16041,,,9181900218,AE1819,16042,
16042,,,9181900219,AE1819,16043,
16043,,,9181900202,AE1819,16044,
16044,,,9181900220,AE1819,16045,
16045,,,9181900221,AE1819,16046,
16046,,,9181900203,AE1819,16047,
16047,,,9181900204,AE1819,16048,
16048,,,9181900205,AE1819,16049,
16049,,,9181900206,AE1819,16050,
16050,,,9181900207,AE1819,16051,
16051,,,9181900208,AE1819,16052,
16052,,,9181900209,AE1819,16053,
16053,,,9181900301,AE1819,16054,
16054,V1V2_dada2_read_info_03052026.xlsx,V4_dada2_read_info_03052026.xlsx,9181900310,AE1819,16055,MTBLS2356
16055,,,9181900311,AE1819,16056,
16056,V1V2_dada2_read_info_03052026.xlsx,V4_dada2_read_info_03052026.xlsx,9181900312,AE1819,16057,
16057,,,9181900313,AE1819,16058,
16058,V1V2_dada2_read_info_03052026.xlsx,V4_dada2_read_info_03052026.xlsx,9181900314,AE1819,16059,MTBLS2356
16059,,,9181900315,AE1819,16060,
16060,,,9181900316,AE1819,16061,
16061,V1V2_dada2_read_info_03052026.xlsx,V4_dada2_read_info_03052026.xlsx,9181900317,AE1819,16062,
16062,V1V2_dada2_read_info_03052026.xlsx,V4_dada2_read_info_03052026.xlsx,9181900318,AE1819,16063,
16063,,,9181900319,AE1819,16064,
16064,V1V2_dada2_read_info_03052026.xlsx,V4_dada2_read_info_03052026.xlsx,9181900302,AE1819,16065,MTBLS2356
16065,,,9181900320,AE1819,16066,MTBLS2356
16066,,,9181900321,AE1819,16067,
16067,,,9181900322,AE1819,16068,
16068,,,9181900323,AE1819,16069,
16069,,,9181900324,AE1819,16070,MTBLS2356
16070,,,9181900303,AE1819,16071,
16071,V1V2_dada2_read_info_03052026.xlsx,V4_dada2_read_info_03052026.xlsx,9181900304,AE1819,16072,MTBLS2356
16072,,,9181900305,AE1819,16073,
16073,,,9181900306,AE1819,16074,
16074,,,9181900307,AE1819,16075,
16075,V1V2_dada2_read_info_03052026.xlsx,V4_dada2_read_info_03052026.xlsx,9181900308,AE1819,16076,MTBLS2356
16076,,,9181900309,AE1819,16077,
16077,,,9181900401,AE1819,16078,
16078,,,9181900410,AE1819,16079,
16079,,,9181900411,AE1819,16080,
16080,,,9181900412,AE1819,16081,
16081,,,9181900413,AE1819,16082,
16082,,,9181900414,AE1819,16083,
16083,,,9181900415,AE1819,16084,
16084,,,9181900416,AE1819,16085,
16085,,,9181900417,AE1819,16086,
16086,,,9181900418,AE1819,16087,
16087,,,9181900419,AE1819,16088,
16088,,,9181900402,AE1819,16089,
16089,,,9181900420,AE1819,16090,
16090,,,9181900421,AE1819,16091,
16091,,,9181900422,AE1819,16092,
16092,,,9181900423,AE1819,16093,
16093,,,9181900424,AE1819,16094,
16094,,,9181900403,AE1819,16095,
16095,,,9181900404,AE1819,16096,
16096,,,9181900405,AE1819,16097,
16097,,,9181900406,AE1819,16098,
16098,,,9181900407,AE1819,16099,
16099,,,9181900408,AE1819,16100,
16100,,,9181900409,AE1819,16101,
16101,,,9181900501,AE1819,16102,
16102,V1V2_dada2_read_info_03052026.xlsx,V4_dada2_read_info_03052026.xlsx,9181900510,AE1819,16103,MTBLS2356
16103,,,9181900511,AE1819,16104,
16104,V1V2_dada2_read_info_03052026.xlsx,V4_dada2_read_info_03052026.xlsx,9181900512,AE1819,16105,
16105,,,9181900513,AE1819,16106,
16106,V1V2_dada2_read_info_03052026.xlsx,V4_dada2_read_info_03052026.xlsx,9181900514,AE1819,16107,MTBLS2356
16107,,,9181900515,AE1819,16108,
16108,,,9181900516,AE1819,16109,
16109,V1V2_dada2_read_info_03052026.xlsx,V4_dada2_read_info_03052026.xlsx,9181900517,AE1819,16110,
16110,V1V2_dada2_read_info_03052026.xlsx,V4_dada2_read_info_03052026.xlsx,9181900518,AE1819,16111,
16111,,,9181900519,AE1819,16112,
16112,V1V2_dada2_read_info_03052026.xlsx,V4_dada2_read_info_03052026.xlsx,9181900502,AE1819,16113,MTBLS2356
16113,,,9181900520,AE1819,16114,MTBLS2356
16114,,,9181900521,AE1819,16115,
16115,,,9181900522,AE1819,16116,
16116,,,9181900523,AE1819,16117,
16117,,,9181900524,AE1819,16118,MTBLS2356
16118,,,9181900503,AE1819,16119,
16119,V1V2_dada2_read_info_03052026.xlsx,V4_dada2_read_info_03052026.xlsx,9181900504,AE1819,16120,MTBLS2356
16120,,,9181900505,AE1819,16121,
16121,,,9181900506,AE1819,16122,
16122,,,9181900507,AE1819,16123,MTBLS2356
16123,V1V2_dada2_read_info_03052026.xlsx,V4_dada2_read_info_03052026.xlsx,9181900508,AE1819,16124,
16124,,,9181900509,AE1819,16125,
16125,,,9181900601,AE1819,16126,
16126,V1V2_dada2_read_info_03052026.xlsx,V4_dada2_read_info_03052026.xlsx,9181900610,AE1819,16127,MTBLS2356
16127,,,9181900611,AE1819,16128,
16128,V1V2_dada2_read_info_03052026.xlsx,V4_dada2_read_info_03052026.xlsx,9181900612,AE1819,16129,
16129,,,9181900613,AE1819,16130,
16130,V1V2_dada2_read_info_03052026.xlsx,V4_dada2_read_info_03052026.xlsx,9181900614,AE1819,16131,MTBLS2356
16131,,,9181900615,AE1819,16132,
16132,,,9181900616,AE1819,16133,
16133,V1V2_dada2_read_info_03052026.xlsx,V4_dada2_read_info_03052026.xlsx,9181900617,AE1819,16134,
16134,V1V2_dada2_read_info_03052026.xlsx,V4_dada2_read_info_03052026.xlsx,9181900618,AE1819,16135,
16135,,,9181900619,AE1819,16136,
16136,V1V2_dada2_read_info_03052026.xlsx,V4_dada2_read_info_03052026.xlsx,9181900602,AE1819,16137,MTBLS2356
16137,,,9181900620,AE1819,16138,MTBLS2356
16138,,,9181900621,AE1819,16139,
16139,,,9181900622,AE1819,16140,
16140,,,9181900623,AE1819,16141,
16141,,,9181900624,AE1819,16142,
16142,,,9181900603,AE1819,16143,
16143,V1V2_dada2_read_info_03052026.xlsx,V4_dada2_read_info_03052026.xlsx,9181900604,AE1819,16144,MTBLS2356
16144,,,9181900605,AE1819,16145,
16145,,,9181900606,AE1819,16146,
16146,,,9181900607,AE1819,16147,
16147,V1V2_dada2_read_info_03052026.xlsx,V4_dada2_read_info_03052026.xlsx,9181900608,AE1819,16148,MTBLS2356
16148,,,9181900609,AE1819,16149,
16149,,,9181900701,AE1819,16150,
16150,V1V2_dada2_read_info_03052026.xlsx,V4_dada2_read_info_03052026.xlsx,9181900710,AE1819,16151,MTBLS2356
16151,,,9181900711,AE1819,16152,
16152,V1V2_dada2_read_info_03052026.xlsx,V4_dada2_read_info_03052026.xlsx,9181900712,AE1819,16153,
16153,,,9181900713,AE1819,16154,
16154,V1V2_dada2_read_info_03052026.xlsx,V4_dada2_read_info_03052026.xlsx,9181900714,AE1819,16155,MTBLS2356
16155,,,9181900715,AE1819,16156,
16156,,,9181900716,AE1819,16157,
16157,V1V2_dada2_read_info_03052026.xlsx,V4_dada2_read_info_03052026.xlsx,9181900717,AE1819,16158,
16158,V1V2_dada2_read_info_03052026.xlsx,V4_dada2_read_info_03052026.xlsx,9181900718,AE1819,16159,
16159,,,9181900719,AE1819,16160,
16160,V1V2_dada2_read_info_03052026.xlsx,V4_dada2_read_info_03052026.xlsx,9181900702,AE1819,16161,MTBLS2356
16161,,,9181900720,AE1819,16162,MTBLS2356
16162,,,9181900721,AE1819,16163,
16163,,,9181900722,AE1819,16164,
16164,,,9181900723,AE1819,16165,
16165,,,9181900724,AE1819,16166,MTBLS2356
16166,,,9181900703,AE1819,16167,
16167,V1V2_dada2_read_info_03052026.xlsx,V4_dada2_read_info_03052026.xlsx,9181900704,AE1819,16168,MTBLS2356
16168,,,9181900705,AE1819,16169,
16169,,,9181900706,AE1819,16170,
16170,,,9181900707,AE1819,16171,
16171,V1V2_dada2_read_info_03052026.xlsx,V4_dada2_read_info_03052026.xlsx,9181900708,AE1819,16172,MTBLS2356
16172,,,9181900709,AE1819,16173,
16173,,,9181900801,AE1819,16174,
16174,,,9181900810,AE1819,16175,
16175,,,9181900811,AE1819,16176,
16176,,,9181900812,AE1819,16177,
16177,,,9181900813,AE1819,16178,
16178,,,9181900814,AE1819,16179,
16179,,,9181900815,AE1819,16180,
16180,,,9181900816,AE1819,16181,
16181,,,9181900802,AE1819,16182,
16182,,,9181900803,AE1819,16183,
16183,,,9181900804,AE1819,16184,
16184,,,9181900805,AE1819,16185,
16185,,,9181900806,AE1819,16186,
16186,,,9181900807,AE1819,16187,
16187,,,9181900808,AE1819,16188,
16188,,,9181900809,AE1819,16189,
16189,V1V2_dada2_read_info_03052026.xlsx,V4_dada2_read_info_03052026.xlsx,9181900901,AE1819,16190,
16190,,,9181900910,AE1819,16191,MTBLS2356
16191,V1V2_dada2_read_info_03052026.xlsx,V4_dada2_read_info_03052026.xlsx,9181900911,AE1819,16192,
16192,,,9181900912,AE1819,16193,MTBLS2356
16193,V1V2_dada2_read_info_03052026.xlsx,V4_dada2_read_info_03052026.xlsx,9181900913,AE1819,16194,
16194,V1V2_dada2_read_info_03052026.xlsx,V4_dada2_read_info_03052026.xlsx,9181900914,AE1819,16195,
16195,,,9181900915,AE1819,16196,MTBLS2356
16196,,,9181900916,AE1819,16197,
16197,,,9181900917,AE1819,16198,
16198,V1V2_dada2_read_info_03052026.xlsx,V4_dada2_read_info_03052026.xlsx,9181900918,AE1819,16199,
16199,V1V2_dada2_read_info_03052026.xlsx,V4_dada2_read_info_03052026.xlsx,9181900919,AE1819,16200,
16200,,,9181900902,AE1819,16201,MTBLS2356
16201,,,9181900920,AE1819,16202,
16202,,,9181900921,AE1819,16203,MTBLS2356
16203,,,9181900922,AE1819,16204,
16204,,,9181900923,AE1819,16205,
16205,,,9181900924,AE1819,16206,MTBLS2356
16206,,,9181900903,AE1819,16207,
16207,V1V2_dada2_read_info_03052026.xlsx,V4_dada2_read_info_03052026.xlsx,9181900904,AE1819,16208,
16208,,,9181900905,AE1819,16209,
16209,,,9181900906,AE1819,16210,
16210,,,9181900907,AE1819,16211,MTBLS2356
16211,,,9181900908,AE1819,16212,
16212,V1V2_dada2_read_info_03052026.xlsx,V4_dada2_read_info_03052026.xlsx,9181900909,AE1819,16213,
16213,,,9191000101,AE1910,16214,
16214,,,9191000110,AE1910,16215,
16215,,,9191000111,AE1910,16216,
16216,,,9191000112,AE1910,16217,
16217,,,9191000113,AE1910,16218,
16218,,,9191000114,AE1910,16219,
16219,,,9191000115,AE1910,16220,
16220,,,9191000116,AE1910,16221,
16221,,,9191000117,AE1910,16222,
16222,,,9191000118,AE1910,16223,
16223,,,9191000119,AE1910,16224,
16224,,,9191000102,AE1910,16225,
16225,,,9191000120,AE1910,16226,
16226,,,9191000121,AE1910,16227,
16227,,,9191000122,AE1910,16228,
16228,,,9191000123,AE1910,16229,
16229,,,9191000124,AE1910,16230,
16230,,,9191000103,AE1910,16231,
16231,,,9191000104,AE1910,16232,
16232,,,9191000105,AE1910,16233,
16233,,,9191000106,AE1910,16234,
16234,,,9191000107,AE1910,16235,
16235,,,9191000108,AE1910,16236,
16236,,,9191000109,AE1910,16237,
16237,,,9191000201,AE1910,16238,MTBLS2356
16238,V1V2_dada2_read_info_03052026.xlsx,V4_dada2_read_info_03052026.xlsx,9191000210,AE1910,16239,
16239,,,9191000211,AE1910,16240,MTBLS2356
16240,V1V2_dada2_read_info_03052026.xlsx,V4_dada2_read_info_03052026.xlsx,9191000212,AE1910,16241,
16241,,,9191000213,AE1910,16242,
16242,V1V2_dada2_read_info_03052026.xlsx,V4_dada2_read_info_03052026.xlsx,9191000214,AE1910,16243,
16243,,,9191000215,AE1910,16244,
16244,V1V2_dada2_read_info_03052026.xlsx,V4_dada2_read_info_03052026.xlsx,9191000216,AE1910,16245,
16245,,,9191000217,AE1910,16246,MTBLS2356
16246,V1V2_dada2_read_info_03052026.xlsx,V4_dada2_read_info_03052026.xlsx,9191000218,AE1910,16247,
16247,,,9191000219,AE1910,16248,
16248,V1V2_dada2_read_info_03052026.xlsx,V4_dada2_read_info_03052026.xlsx,9191000202,AE1910,16249,
16249,V1V2_dada2_read_info_03052026.xlsx,V4_dada2_read_info_03052026.xlsx,9191000220,AE1910,16250,
16250,,,9191000221,AE1910,16251,
16251,V1V2_dada2_read_info_03052026.xlsx,V4_dada2_read_info_03052026.xlsx,9191000222,AE1910,16252,
16252,,,9191000223,AE1910,16253,MTBLS2356
16253,V1V2_dada2_read_info_03052026.xlsx,V4_dada2_read_info_03052026.xlsx,9191000224,AE1910,16254,
16254,,,9191000203,AE1910,16255,MTBLS2356
16255,V1V2_dada2_read_info_03052026.xlsx,V4_dada2_read_info_03052026.xlsx,9191000204,AE1910,16256,
16256,,,9191000205,AE1910,16257,
16257,V1V2_dada2_read_info_03052026.xlsx,V4_dada2_read_info_03052026.xlsx,9191000206,AE1910,16258,
16258,,,9191000207,AE1910,16259,MTBLS2356
16259,V1V2_dada2_read_info_03052026.xlsx,V4_dada2_read_info_03052026.xlsx,9191000208,AE1910,16260,
16260,,,9191000209,AE1910,16261,
16261,,,9191000301,AE1910,16262,
16262,,,9191000310,AE1910,16263,
16263,,,9191000311,AE1910,16264,
16264,,,9191000312,AE1910,16265,
16265,,,9191000313,AE1910,16266,
16266,,,9191000314,AE1910,16267,
16267,,,9191000315,AE1910,16268,
16268,,,9191000316,AE1910,16269,
16269,,,9191000317,AE1910,16270,
16270,,,9191000318,AE1910,16271,
16271,,,9191000319,AE1910,16272,
16272,,,9191000302,AE1910,16273,
16273,,,9191000320,AE1910,16274,
16274,,,9191000321,AE1910,16275,
16275,,,9191000322,AE1910,16276,
16276,,,9191000323,AE1910,16277,
16277,,,9191000324,AE1910,16278,
16278,,,9191000303,AE1910,16279,
16279,,,9191000304,AE1910,16280,
16280,,,9191000305,AE1910,16281,
16281,,,9191000306,AE1910,16282,
16282,,,9191000307,AE1910,16283,
16283,,,9191000308,AE1910,16284,
16284,,,9191000309,AE1910,16285,
16285,V1V2_dada2_read_info_03052026.xlsx,V4_dada2_read_info_03052026.xlsx,9191000401,AE1910,16286,MTBLS2356
16286,,,9191000410,AE1910,16287,
16287,V1V2_dada2_read_info_03052026.xlsx,V4_dada2_read_info_03052026.xlsx,9191000411,AE1910,16288,
16288,,,9191000412,AE1910,16289,MTBLS2356
16289,V1V2_dada2_read_info_03052026.xlsx,V4_dada2_read_info_03052026.xlsx,9191000413,AE1910,16290,
16290,,,9191000414,AE1910,16291,
16291,V1V2_dada2_read_info_03052026.xlsx,V4_dada2_read_info_03052026.xlsx,9191000415,AE1910,16292,
16292,,,9191000416,AE1910,16293,
16293,V1V2_dada2_read_info_03052026.xlsx,V4_dada2_read_info_03052026.xlsx,9191000417,AE1910,16294,
16294,,,9191000418,AE1910,16295,MTBLS2356
16295,V1V2_dada2_read_info_03052026.xlsx,V4_dada2_read_info_03052026.xlsx,9191000419,AE1910,16296,
16296,,,9191000402,AE1910,16297,
16297,,,9191000420,AE1910,16298,
16298,V1V2_dada2_read_info_03052026.xlsx,V4_dada2_read_info_03052026.xlsx,9191000421,AE1910,16299,
16299,,,9191000422,AE1910,16300,
16300,V1V2_dada2_read_info_03052026.xlsx,V4_dada2_read_info_03052026.xlsx,9191000423,AE1910,16301,
16301,,,9191000424,AE1910,16302,MTBLS2356
16302,V1V2_dada2_read_info_03052026.xlsx,V4_dada2_read_info_03052026.xlsx,9191000403,AE1910,16303,
16303,,,9191000404,AE1910,16304,MTBLS2356
16304,V1V2_dada2_read_info_03052026.xlsx,V4_dada2_read_info_03052026.xlsx,9191000405,AE1910,16305,
16305,,,9191000406,AE1910,16306,
16306,V1V2_dada2_read_info_03052026.xlsx,V4_dada2_read_info_03052026.xlsx,9191000407,AE1910,16307,
16307,,,9191000408,AE1910,16308,MTBLS2356
16308,V1V2_dada2_read_info_03052026.xlsx,V4_dada2_read_info_03052026.xlsx,9191000409,AE1910,16309,
16309,,,9191000501,AE1910,16310,
16310,,,9191000510,AE1910,16311,
16311,,,9191000511,AE1910,16312,
16312,,,9191000512,AE1910,16313,
16313,,,9191000513,AE1910,16314,
16314,,,9191000514,AE1910,16315,
16315,,,9191000515,AE1910,16316,
16316,,,9191000516,AE1910,16317,
16317,,,9191000517,AE1910,16318,
16318,,,9191000518,AE1910,16319,
16319,,,9191000519,AE1910,16320,
16320,,,9191000502,AE1910,16321,
16321,,,9191000520,AE1910,16322,
16322,,,9191000521,AE1910,16323,
16323,,,9191000522,AE1910,16324,
16324,,,9191000523,AE1910,16325,
16325,,,9191000524,AE1910,16326,
16326,,,9191000503,AE1910,16327,
16327,,,9191000504,AE1910,16328,
16328,,,9191000505,AE1910,16329,
16329,,,9191000506,AE1910,16330,
16330,,,9191000507,AE1910,16331,
16331,,,9191000508,AE1910,16332,
16332,,,9191000509,AE1910,16333,
16333,,,9191000601,AE1910,16334,MTBLS2356
16334,V1V2_dada2_read_info_03052026.xlsx,V4_dada2_read_info_03052026.xlsx,9191000610,AE1910,16335,
16335,,,9191000611,AE1910,16336,MTBLS2356
16336,V1V2_dada2_read_info_03052026.xlsx,V4_dada2_read_info_03052026.xlsx,9191000612,AE1910,16337,
16337,,,9191000613,AE1910,16338,
16338,V1V2_dada2_read_info_03052026.xlsx,V4_dada2_read_info_03052026.xlsx,9191000614,AE1910,16339,
16339,,,9191000615,AE1910,16340,
16340,V1V2_dada2_read_info_03052026.xlsx,V4_dada2_read_info_03052026.xlsx,9191000616,AE1910,16341,
16341,,,9191000617,AE1910,16342,MTBLS2356
16342,V1V2_dada2_read_info_03052026.xlsx,V4_dada2_read_info_03052026.xlsx,9191000618,AE1910,16343,
16343,,,9191000619,AE1910,16344,
16344,V1V2_dada2_read_info_03052026.xlsx,V4_dada2_read_info_03052026.xlsx,9191000602,AE1910,16345,
16345,V1V2_dada2_read_info_03052026.xlsx,V4_dada2_read_info_03052026.xlsx,9191000620,AE1910,16346,
16346,,,9191000621,AE1910,16347,
16347,V1V2_dada2_read_info_03052026.xlsx,V4_dada2_read_info_03052026.xlsx,9191000622,AE1910,16348,
16348,V1V2_dada2_read_info_03052026.xlsx,V4_dada2_read_info_03052026.xlsx,9191000623,AE1910,16349,
16349,,,9191000624,AE1910,16350,MTBLS2356
16350,,,9191000603,AE1910,16351,MTBLS2356
16351,V1V2_dada2_read_info_03052026.xlsx,V4_dada2_read_info_03052026.xlsx,9191000604,AE1910,16352,
16352,,,9191000605,AE1910,16353,
16353,V1V2_dada2_read_info_03052026.xlsx,V4_dada2_read_info_03052026.xlsx,9191000606,AE1910,16354,
16354,,,9191000607,AE1910,16355,MTBLS2356
16355,V1V2_dada2_read_info_03052026.xlsx,V4_dada2_read_info_03052026.xlsx,9191000608,AE1910,16356,
16356,,,9191000609,AE1910,16357,
16357,,,9191000701,AE1910,16358,
16358,,,9191000710,AE1910,16359,
16359,,,9191000711,AE1910,16360,
16360,,,9191000712,AE1910,16361,
16361,,,9191000713,AE1910,16362,
16362,,,9191000714,AE1910,16363,
16363,,,9191000715,AE1910,16364,
16364,,,9191000716,AE1910,16365,
16365,,,9191000717,AE1910,16366,
16366,,,9191000718,AE1910,16367,
16367,,,9191000719,AE1910,16368,
16368,,,9191000702,AE1910,16369,
16369,,,9191000720,AE1910,16370,
16370,,,9191000721,AE1910,16371,
16371,,,9191000722,AE1910,16372,
16372,,,9191000723,AE1910,16373,
16373,,,9191000724,AE1910,16374,
16374,,,9191000703,AE1910,16375,
16375,,,9191000704,AE1910,16376,
16376,,,9191000705,AE1910,16377,
16377,,,9191000706,AE1910,16378,
16378,,,9191000707,AE1910,16379,
16379,,,9191000708,AE1910,16380,
16380,,,9191000709,AE1910,16381,
16381,,,9191000801,AE1910,16382,
16382,,,9191000810,AE1910,16383,
16383,,,9191000811,AE1910,16384,
16384,,,9191000812,AE1910,16385,
16385,,,9191000813,AE1910,16386,
16386,,,9191000814,AE1910,16387,
16387,,,9191000815,AE1910,16388,
16388,,,9191000816,AE1910,16389,
16389,,,9191000817,AE1910,16390,
16390,,,9191000818,AE1910,16391,
16391,,,9191000819,AE1910,16392,
16392,,,9191000802,AE1910,16393,
16393,,,9191000820,AE1910,16394,
16394,,,9191000821,AE1910,16395,
16395,,,9191000822,AE1910,16396,
16396,,,9191000823,AE1910,16397,
16397,,,9191000824,AE1910,16398,
16398,,,9191000803,AE1910,16399,
16399,,,9191000804,AE1910,16400,
16400,,,9191000805,AE1910,16401,
16401,,,9191000806,AE1910,16402,
16402,,,9191000807,AE1910,16403,
16403,,,9191000808,AE1910,16404,
16404,,,9191000809,AE1910,16405,
16405,V1V2_dada2_read_info_03052026.xlsx,V4_dada2_read_info_03052026.xlsx,9191600101,AE1916,16406,
16406,V1V2_dada2_read_info_03052026.xlsx,V4_dada2_read_info_03052026.xlsx,9191600110,AE1916,16407,
16407,V1V2_dada2_read_info_03052026.xlsx,V4_dada2_read_info_03052026.xlsx,9191600111,AE1916,16408,
16408,,,9191600112,AE1916,16409,MTBLS2356
16409,,,9191600113,AE1916,16410,
16410,,,9191600114,AE1916,16411,
16411,,,9191600115,AE1916,16412,
16412,,,9191600116,AE1916,16413,
16413,,,9191600117,AE1916,16414,
16414,,,9191600118,AE1916,16415,
16415,,,9191600119,AE1916,16416,
16416,,,9191600102,AE1916,16417,MTBLS2356
16417,,,9191600120,AE1916,16418,
16418,,,9191600121,AE1916,16419,
16419,V1V2_dada2_read_info_03052026.xlsx,V4_dada2_read_info_03052026.xlsx,9191600122,AE1916,16420,
16420,V1V2_dada2_read_info_03052026.xlsx,V4_dada2_read_info_03052026.xlsx,9191600123,AE1916,16421,
16421,,,9191600124,AE1916,16422,MTBLS2356
16422,,,9191600103,AE1916,16423,
16423,V1V2_dada2_read_info_03052026.xlsx,V4_dada2_read_info_03052026.xlsx,9191600104,AE1916,16424,
16424,,,9191600105,AE1916,16425,MTBLS2356
16425,,,9191600106,AE1916,16426,
16426,V1V2_dada2_read_info_03052026.xlsx,V4_dada2_read_info_03052026.xlsx,9191600107,AE1916,16427,
16427,V1V2_dada2_read_info_03052026.xlsx,V4_dada2_read_info_03052026.xlsx,9191600108,AE1916,16428,
16428,,,9191600109,AE1916,16429,MTBLS2356
16429,V1V2_dada2_read_info_03052026.xlsx,V4_dada2_read_info_03052026.xlsx,9191601001,AE1916,16430,
16430,,,9191601010,AE1916,16431,
16431,V1V2_dada2_read_info_03052026.xlsx,V4_dada2_read_info_03052026.xlsx,9191601011,AE1916,16432,
16432,,,9191601012,AE1916,16433,MTBLS2356
16433,V1V2_dada2_read_info_03052026.xlsx,V4_dada2_read_info_03052026.xlsx,9191601013,AE1916,16434,
16434,,,9191601014,AE1916,16435,MTBLS2356
16435,,,9191601015,AE1916,16436,
16436,V1V2_dada2_read_info_03052026.xlsx,V4_dada2_read_info_03052026.xlsx,9191601016,AE1916,16437,
16437,V1V2_dada2_read_info_03052026.xlsx,V4_dada2_read_info_03052026.xlsx,9191601017,AE1916,16438,
16438,,,9191601018,AE1916,16439,MTBLS2356
16439,,,9191601019,AE1916,16440,
16440,,,9191601002,AE1916,16441,MTBLS2356
16441,,,9191601020,AE1916,16442,
16442,V1V2_dada2_read_info_03052026.xlsx,V4_dada2_read_info_03052026.xlsx,9191601021,AE1916,16443,
16443,,V4_dada2_read_info_03052026.xlsx,9191601022,AE1916,16444,
16444,,,9191601023,AE1916,16445,
16445,,,9191601024,AE1916,16446,MTBLS2356
16446,,,9191601003,AE1916,16447,
16447,,,9191601004,AE1916,16448,
16448,,,9191601005,AE1916,16449,
16449,,,9191601006,AE1916,16450,
16450,V1V2_dada2_read_info_03052026.xlsx,V4_dada2_read_info_03052026.xlsx,9191601007,AE1916,16451,
16451,,,9191601008,AE1916,16452,MTBLS2356
16452,,,9191601009,AE1916,16453,
16453,V1V2_dada2_read_info_03052026.xlsx,V4_dada2_read_info_03052026.xlsx,9191601101,AE1916,16454,
16454,V1V2_dada2_read_info_03052026.xlsx,V4_dada2_read_info_03052026.xlsx,9191601110,AE1916,16455,
16455,V1V2_dada2_read_info_03052026.xlsx,V4_dada2_read_info_03052026.xlsx,9191601111,AE1916,16456,
16456,,,9191601112,AE1916,16457,MTBLS2356
16457,V1V2_dada2_read_info_03052026.xlsx,V4_dada2_read_info_03052026.xlsx,9191601113,AE1916,16458,
16458,V1V2_dada2_read_info_03052026.xlsx,V4_dada2_read_info_03052026.xlsx,9191601114,AE1916,16459,
16459,,,9191601115,AE1916,16460,MTBLS2356
16460,,,9191601116,AE1916,16461,
16461,,,9191601117,AE1916,16462,
16462,V1V2_dada2_read_info_03052026.xlsx,V4_dada2_read_info_03052026.xlsx,9191601118,AE1916,16463,
16463,V1V2_dada2_read_info_03052026.xlsx,V4_dada2_read_info_03052026.xlsx,9191601119,AE1916,16464,
16464,,,9191601102,AE1916,16465,MTBLS2356
16465,,,9191601120,AE1916,16466,
16466,,,9191601121,AE1916,16467,MTBLS2356
16467,,,9191601122,AE1916,16468,
16468,,,9191601123,AE1916,16469,
16469,,,9191601124,AE1916,16470,MTBLS2356
16470,,,9191601103,AE1916,16471,
16471,,,9191601104,AE1916,16472,
16472,,,9191601105,AE1916,16473,
16473,V1V2_dada2_read_info_03052026.xlsx,V4_dada2_read_info_03052026.xlsx,9191601106,AE1916,16474,
16474,,,9191601107,AE1916,16475,MTBLS2356
16475,,,9191601108,AE1916,16476,
16476,,,9191601109,AE1916,16477,
16477,,,9191601201,AE1916,16478,
16478,,,9191601210,AE1916,16479,
16479,,,9191601211,AE1916,16480,
16480,,,9191601212,AE1916,16481,
16481,,,9191601213,AE1916,16482,
16482,,,9191601214,AE1916,16483,
16483,,,9191601215,AE1916,16484,
16484,,,9191601216,AE1916,16485,
16485,,,9191601217,AE1916,16486,
16486,,,9191601218,AE1916,16487,
16487,,,9191601219,AE1916,16488,
16488,,,9191601202,AE1916,16489,
16489,,,9191601220,AE1916,16490,
16490,,,9191601221,AE1916,16491,
16491,,,9191601222,AE1916,16492,
16492,,,9191601223,AE1916,16493,
16493,,,9191601224,AE1916,16494,
16494,,,9191601203,AE1916,16495,
16495,,,9191601204,AE1916,16496,
16496,,,9191601205,AE1916,16497,
16497,,,9191601206,AE1916,16498,
16498,,,9191601207,AE1916,16499,
16499,,,9191601208,AE1916,16500,
16500,,,9191601209,AE1916,16501,
16501,,,9191600201,AE1916,16502,
16502,,,9191600210,AE1916,16503,
16503,,,9191600211,AE1916,16504,
16504,,,9191600212,AE1916,16505,
16505,,,9191600202,AE1916,16506,
16506,,,9191600203,AE1916,16507,
16507,,,9191600204,AE1916,16508,
16508,,,9191600205,AE1916,16509,
16509,,,9191600206,AE1916,16510,
16510,,,9191600207,AE1916,16511,
16511,,,9191600208,AE1916,16512,
16512,,,9191600209,AE1916,16513,
16513,V1V2_dada2_read_info_03052026.xlsx,V4_dada2_read_info_03052026.xlsx,9191600301,AE1916,16514,
16514,V1V2_dada2_read_info_03052026.xlsx,V4_dada2_read_info_03052026.xlsx,9191600310,AE1916,16515,
16515,,,9191600311,AE1916,16516,MTBLS2356
16516,V1V2_dada2_read_info_03052026.xlsx,V4_dada2_read_info_03052026.xlsx,9191600312,AE1916,16517,
16517,V1V2_dada2_read_info_03052026.xlsx,V4_dada2_read_info_03052026.xlsx,9191600313,AE1916,16518,
16518,,,9191600314,AE1916,16519,MTBLS2356
16519,,,9191600315,AE1916,16520,
16520,,,9191600316,AE1916,16521,
16521,V1V2_dada2_read_info_03052026.xlsx,V4_dada2_read_info_03052026.xlsx,9191600317,AE1916,16522,
16522,V1V2_dada2_read_info_03052026.xlsx,V4_dada2_read_info_03052026.xlsx,9191600318,AE1916,16523,
16523,,,9191600319,AE1916,16524,
16524,,,9191600302,AE1916,16525,MTBLS2356
16525,,,9191600320,AE1916,16526,MTBLS2356
16526,,,9191600321,AE1916,16527,
16527,,,9191600322,AE1916,16528,
16528,,,9191600323,AE1916,16529,
16529,,,9191600324,AE1916,16530,MTBLS2356
16530,,,9191600303,AE1916,16531,
16531,,,9191600304,AE1916,16532,
16532,,,9191600305,AE1916,16533,
16533,V1V2_dada2_read_info_03052026.xlsx,V4_dada2_read_info_03052026.xlsx,9191600306,AE1916,16534,
16534,,,9191600307,AE1916,16535,MTBLS2356
16535,,,9191600308,AE1916,16536,
16536,V1V2_dada2_read_info_03052026.xlsx,V4_dada2_read_info_03052026.xlsx,9191600309,AE1916,16537,
16537,V1V2_dada2_read_info_03052026.xlsx,V4_dada2_read_info_03052026.xlsx,9191600401,AE1916,16538,
16538,V1V2_dada2_read_info_03052026.xlsx,V4_dada2_read_info_03052026.xlsx,9191600410,AE1916,16539,
16539,,,9191600411,AE1916,16540,MTBLS2356
16540,,,9191600412,AE1916,16541,
16541,V1V2_dada2_read_info_03052026.xlsx,V4_dada2_read_info_03052026.xlsx,9191600413,AE1916,16542,MTBLS2356
16542,V1V2_dada2_read_info_03052026.xlsx,V4_dada2_read_info_03052026.xlsx,9191600414,AE1916,16543,
16543,,,9191600415,AE1916,16544,MTBLS2356
16544,,,9191600416,AE1916,16545,
16545,,,9191600417,AE1916,16546,
16546,,,9191600418,AE1916,16547,
16547,,,9191600419,AE1916,16548,
16548,,,9191600402,AE1916,16549,MTBLS2356
16549,,,9191600420,AE1916,16550,
16550,V1V2_dada2_read_info_03052026.xlsx,V4_dada2_read_info_03052026.xlsx,9191600421,AE1916,16551,
16551,V1V2_dada2_read_info_03052026.xlsx,V4_dada2_read_info_03052026.xlsx,9191600422,AE1916,16552,
16552,,,9191600423,AE1916,16553,
16553,,,9191600424,AE1916,16554,MTBLS2356
16554,,,9191600403,AE1916,16555,
16555,,,9191600404,AE1916,16556,
16556,,,9191600405,AE1916,16557,
16557,V1V2_dada2_read_info_03052026.xlsx,V4_dada2_read_info_03052026.xlsx,9191600406,AE1916,16558,
16558,,,9191600407,AE1916,16559,MTBLS2356
16559,,,9191600408,AE1916,16560,
16560,V1V2_dada2_read_info_03052026.xlsx,V4_dada2_read_info_03052026.xlsx,9191600409,AE1916,16561,
16561,,,9191600501,AE1916,16562,
16562,,,9191600510,AE1916,16563,
16563,,,9191600511,AE1916,16564,
16564,,,9191600512,AE1916,16565,
16565,,,9191600513,AE1916,16566,
16566,,,9191600514,AE1916,16567,
16567,,,9191600515,AE1916,16568,
16568,,,9191600516,AE1916,16569,
16569,,,9191600517,AE1916,16570,
16570,,,9191600518,AE1916,16571,
16571,,,9191600502,AE1916,16572,
16572,,,9191600503,AE1916,16573,
16573,,,9191600504,AE1916,16574,
16574,,,9191600505,AE1916,16575,
16575,,,9191600506,AE1916,16576,
16576,,,9191600507,AE1916,16577,
16577,,,9191600508,AE1916,16578,
16578,,,9191600509,AE1916,16579,
16579,V1V2_dada2_read_info_03052026.xlsx,V4_dada2_read_info_03052026.xlsx,9191600601,AE1916,16580,
16580,V1V2_dada2_read_info_03052026.xlsx,V4_dada2_read_info_03052026.xlsx,9191600610,AE1916,16581,
16581,,,9191600611,AE1916,16582,MTBLS2356
16582,V1V2_dada2_read_info_03052026.xlsx,V4_dada2_read_info_03052026.xlsx,9191600612,AE1916,16583,
16583,,,9191600613,AE1916,16584,MTBLS2356
16584,,,9191600614,AE1916,16585,
16585,V1V2_dada2_read_info_03052026.xlsx,V4_dada2_read_info_03052026.xlsx,9191600615,AE1916,16586,
16586,V1V2_dada2_read_info_03052026.xlsx,V4_dada2_read_info_03052026.xlsx,9191600616,AE1916,16587,
16587,,,9191600617,AE1916,16588,MTBLS2356
16588,,,9191600618,AE1916,16589,
16589,,,9191600619,AE1916,16590,
16590,,,9191600602,AE1916,16591,MTBLS2356
16591,V1V2_dada2_read_info_03052026.xlsx,V4_dada2_read_info_03052026.xlsx,9191600620,AE1916,16592,
16592,V1V2_dada2_read_info_03052026.xlsx,V4_dada2_read_info_03052026.xlsx,9191600621,AE1916,16593,
16593,,,9191600622,AE1916,16594,
16594,,,9191600623,AE1916,16595,MTBLS2356
16595,,,9191600624,AE1916,16596,
16596,,,9191600603,AE1916,16597,
16597,,,9191600604,AE1916,16598,
16598,,,9191600605,AE1916,16599,
16599,,,9191600606,AE1916,16600,
16600,V1V2_dada2_read_info_03052026.xlsx,V4_dada2_read_info_03052026.xlsx,9191600607,AE1916,16601,
16601,,,9191600608,AE1916,16602,MTBLS2356
16602,,,9191600609,AE1916,16603,
16603,,,9191600701,AE1916,16604,
16604,,,9191600710,AE1916,16605,
16605,,,9191600711,AE1916,16606,
16606,,,9191600712,AE1916,16607,
16607,,,9191600713,AE1916,16608,
16608,,,9191600714,AE1916,16609,
16609,,,9191600715,AE1916,16610,
16610,,,9191600716,AE1916,16611,
16611,,,9191600717,AE1916,16612,
16612,,,9191600718,AE1916,16613,
16613,,,9191600719,AE1916,16614,
16614,,,9191600702,AE1916,16615,
16615,,,9191600720,AE1916,16616,
16616,,,9191600721,AE1916,16617,
16617,,,9191600722,AE1916,16618,
16618,,,9191600723,AE1916,16619,
16619,,,9191600724,AE1916,16620,
16620,,,9191600703,AE1916,16621,
16621,,,9191600704,AE1916,16622,
16622,,,9191600705,AE1916,16623,
16623,,,9191600706,AE1916,16624,
16624,,,9191600707,AE1916,16625,
16625,,,9191600708,AE1916,16626,
16626,,,9191600709,AE1916,16627,
16627,V1V2_dada2_read_info_03052026.xlsx,V4_dada2_read_info_03052026.xlsx,9191600801,AE1916,16628,
16628,V1V2_dada2_read_info_03052026.xlsx,V4_dada2_read_info_03052026.xlsx,9191600810,AE1916,16629,
16629,,,9191600811,AE1916,16630,MTBLS2356
16630,V1V2_dada2_read_info_03052026.xlsx,V4_dada2_read_info_03052026.xlsx,9191600812,AE1916,16631,
16631,V1V2_dada2_read_info_03052026.xlsx,V4_dada2_read_info_03052026.xlsx,9191600813,AE1916,16632,
16632,,,9191600814,AE1916,16633,MTBLS2356
16633,,,9191600815,AE1916,16634,
16634,,,9191600816,AE1916,16635,
16635,V1V2_dada2_read_info_03052026.xlsx,V4_dada2_read_info_03052026.xlsx,9191600817,AE1916,16636,
16636,V1V2_dada2_read_info_03052026.xlsx,V4_dada2_read_info_03052026.xlsx,9191600818,AE1916,16637,
16637,,,9191600819,AE1916,16638,
16638,,,9191600802,AE1916,16639,MTBLS2356
16639,,,9191600820,AE1916,16640,MTBLS2356
16640,,,9191600821,AE1916,16641,
16641,V1V2_dada2_read_info_03052026.xlsx,V4_dada2_read_info_03052026.xlsx,9191600822,AE1916,16642,
16642,,,9191600823,AE1916,16643,
16643,,,9191600824,AE1916,16644,MTBLS2356
16644,,,9191600803,AE1916,16645,
16645,,,9191600804,AE1916,16646,
16646,,,9191600805,AE1916,16647,
16647,V1V2_dada2_read_info_03052026.xlsx,V4_dada2_read_info_03052026.xlsx,9191600806,AE1916,16648,
16648,,,9191600807,AE1916,16649,MTBLS2356
16649,,,9191600808,AE1916,16650,
16650,,,9191600809,AE1916,16651,
16651,V1V2_dada2_read_info_03052026.xlsx,V4_dada2_read_info_03052026.xlsx,9191600901,AE1916,16652,
16652,V1V2_dada2_read_info_03052026.xlsx,V4_dada2_read_info_03052026.xlsx,9191600910,AE1916,16653,
16653,,,9191600911,AE1916,16654,MTBLS2356
16654,V1V2_dada2_read_info_03052026.xlsx,V4_dada2_read_info_03052026.xlsx,9191600912,AE1916,16655,
16655,,,9191600913,AE1916,16656,MTBLS2356
16656,,,9191600914,AE1916,16657,
16657,V1V2_dada2_read_info_03052026.xlsx,V4_dada2_read_info_03052026.xlsx,9191600915,AE1916,16658,MTBLS2356
16658,,,9191600916,AE1916,16659,
16659,V1V2_dada2_read_info_03052026.xlsx,V4_dada2_read_info_03052026.xlsx,9191600917,AE1916,16660,
16660,V1V2_dada2_read_info_03052026.xlsx,V4_dada2_read_info_03052026.xlsx,9191600918,AE1916,16661,
16661,,,9191600919,AE1916,16662,MTBLS2356
16662,,,9191600902,AE1916,16663,MTBLS2356
16663,,,9191600920,AE1916,16664,
16664,V1V2_dada2_read_info_03052026.xlsx,V4_dada2_read_info_03052026.xlsx,9191600921,AE1916,16665,
16665,,,9191600922,AE1916,16666,
16666,,,9191600923,AE1916,16667,
16667,,,9191600924,AE1916,16668,
16668,,,9191600903,AE1916,16669,
16669,,,9191600904,AE1916,16670,
16670,,,9191600905,AE1916,16671,
16671,V1V2_dada2_read_info_03052026.xlsx,V4_dada2_read_info_03052026.xlsx,9191600906,AE1916,16672,
16672,,,9191600907,AE1916,16673,MTBLS2356
16673,,,9191600908,AE1916,16674,
16674,,,9191600909,AE1916,16675,
16675,,,9211400101,AE2114,16676,
16676,,,9211400110,AE2114,16677,
16677,,,9211400111,AE2114,16678,
16678,,,9211400112,AE2114,16679,
16679,,,9211400113,AE2114,16680,
16680,,,9211400114,AE2114,16681,
16681,,,9211400115,AE2114,16682,
16682,,,9211400116,AE2114,16683,
16683,,,9211400117,AE2114,16684,
16684,,,9211400118,AE2114,16685,
16685,,,9211400102,AE2114,16686,
16686,,,9211400103,AE2114,16687,
16687,,,9211400104,AE2114,16688,
16688,,,9211400105,AE2114,16689,
16689,,,9211400106,AE2114,16690,
16690,,,9211400107,AE2114,16691,
16691,,,9211400108,AE2114,16692,
16692,,,9211400109,AE2114,16693,
16693,,,9211401001,AE2114,16694,
16694,,,9211401010,AE2114,16695,
16695,,,9211401011,AE2114,16696,
16696,,,9211401012,AE2114,16697,
16697,,,9211401013,AE2114,16698,
16698,,,9211401014,AE2114,16699,
16699,,,9211401015,AE2114,16700,
16700,,,9211401016,AE2114,16701,
16701,,,9211401017,AE2114,16702,
16702,,,9211401018,AE2114,16703,
16703,,,9211401019,AE2114,16704,
16704,,,9211401002,AE2114,16705,
16705,,,9211401020,AE2114,16706,
16706,,,9211401021,AE2114,16707,
16707,,,9211401022,AE2114,16708,
16708,,,9211401023,AE2114,16709,
16709,,,9211401024,AE2114,16710,
16710,,,9211401003,AE2114,16711,
16711,,,9211401004,AE2114,16712,
16712,,,9211401005,AE2114,16713,
16713,,,9211401006,AE2114,16714,
16714,,,9211401007,AE2114,16715,
16715,,,9211401008,AE2114,16716,
16716,,,9211401009,AE2114,16717,
16717,,,9211401101,AE2114,16718,
16718,,,9211401110,AE2114,16719,
16719,,,9211401111,AE2114,16720,
16720,,,9211401112,AE2114,16721,
16721,,,9211401113,AE2114,16722,
16722,,,9211401114,AE2114,16723,
16723,,,9211401115,AE2114,16724,
16724,,,9211401116,AE2114,16725,
16725,,,9211401117,AE2114,16726,
16726,,,9211401118,AE2114,16727,
16727,,,9211401119,AE2114,16728,
16728,,,9211401102,AE2114,16729,
16729,,,9211401120,AE2114,16730,
16730,,,9211401121,AE2114,16731,
16731,,,9211401122,AE2114,16732,
16732,,,9211401123,AE2114,16733,
16733,,,9211401124,AE2114,16734,
16734,,,9211401103,AE2114,16735,
16735,,,9211401104,AE2114,16736,
16736,,,9211401105,AE2114,16737,
16737,,,9211401106,AE2114,16738,
16738,,,9211401107,AE2114,16739,
16739,,,9211401108,AE2114,16740,
16740,,,9211401109,AE2114,16741,
16741,,,9211401201,AE2114,16742,
16742,,,9211401210,AE2114,16743,
16743,,,9211401211,AE2114,16744,
16744,,,9211401212,AE2114,16745,
16745,,,9211401213,AE2114,16746,
16746,,,9211401214,AE2114,16747,
16747,,,9211401215,AE2114,16748,
16748,,,9211401216,AE2114,16749,
16749,,,9211401217,AE2114,16750,
16750,,,9211401218,AE2114,16751,
16751,,,9211401219,AE2114,16752,
16752,,,9211401202,AE2114,16753,
16753,,,9211401220,AE2114,16754,
16754,,,9211401221,AE2114,16755,
16755,,,9211401222,AE2114,16756,
16756,,,9211401223,AE2114,16757,
16757,,,9211401224,AE2114,16758,
16758,,,9211401203,AE2114,16759,
16759,,,9211401204,AE2114,16760,
16760,,,9211401205,AE2114,16761,
16761,,,9211401206,AE2114,16762,
16762,,,9211401207,AE2114,16763,
16763,,,9211401208,AE2114,16764,
16764,,,9211401209,AE2114,16765,
16765,,,9211401301,AE2114,16766,
16766,,,9211401310,AE2114,16767,
16767,,,9211401311,AE2114,16768,
16768,,,9211401312,AE2114,16769,
16769,,,9211401313,AE2114,16770,
16770,,,9211401314,AE2114,16771,
16771,,,9211401315,AE2114,16772,
16772,,,9211401316,AE2114,16773,
16773,,,9211401317,AE2114,16774,
16774,,,9211401318,AE2114,16775,
16775,,,9211401319,AE2114,16776,
16776,,,9211401302,AE2114,16777,
16777,,,9211401320,AE2114,16778,
16778,,,9211401321,AE2114,16779,
16779,,,9211401322,AE2114,16780,
16780,,,9211401323,AE2114,16781,
16781,,,9211401324,AE2114,16782,
16782,,,9211401303,AE2114,16783,
16783,,,9211401304,AE2114,16784,
16784,,,9211401305,AE2114,16785,
16785,,,9211401306,AE2114,16786,
16786,,,9211401307,AE2114,16787,
16787,,,9211401308,AE2114,16788,
16788,,,9211401309,AE2114,16789,
16789,,,9211401401,AE2114,16790,
16790,,,9211401410,AE2114,16791,
16791,,,9211401411,AE2114,16792,
16792,,,9211401412,AE2114,16793,
16793,,,9211401413,AE2114,16794,
16794,,,9211401414,AE2114,16795,
16795,,,9211401415,AE2114,16796,
16796,,,9211401416,AE2114,16797,
16797,,,9211401417,AE2114,16798,
16798,,,9211401418,AE2114,16799,
16799,,,9211401419,AE2114,16800,
16800,,,9211401402,AE2114,16801,
16801,,,9211401420,AE2114,16802,
16802,,,9211401421,AE2114,16803,
16803,,,9211401422,AE2114,16804,
16804,,,9211401423,AE2114,16805,
16805,,,9211401424,AE2114,16806,
16806,,,9211401403,AE2114,16807,
16807,,,9211401404,AE2114,16808,
16808,,,9211401405,AE2114,16809,
16809,,,9211401406,AE2114,16810,
16810,,,9211401407,AE2114,16811,
16811,,,9211401408,AE2114,16812,
16812,,,9211401409,AE2114,16813,
16813,,,9211401501,AE2114,16814,
16814,,,9211401510,AE2114,16815,
16815,,,9211401511,AE2114,16816,
16816,,,9211401512,AE2114,16817,
16817,,,9211401513,AE2114,16818,
16818,,,9211401514,AE2114,16819,
16819,,,9211401515,AE2114,16820,
16820,,,9211401516,AE2114,16821,
16821,,,9211401517,AE2114,16822,
16822,,,9211401518,AE2114,16823,
16823,,,9211401519,AE2114,16824,
16824,,,9211401502,AE2114,16825,
16825,,,9211401520,AE2114,16826,
16826,,,9211401521,AE2114,16827,
16827,,,9211401522,AE2114,16828,
16828,,,9211401523,AE2114,16829,
16829,,,9211401524,AE2114,16830,
16830,,,9211401503,AE2114,16831,
16831,,,9211401504,AE2114,16832,
16832,,,9211401505,AE2114,16833,
16833,,,9211401506,AE2114,16834,
16834,,,9211401507,AE2114,16835,
16835,,,9211401508,AE2114,16836,
16836,,,9211401509,AE2114,16837,
16837,,,9211401601,AE2114,16838,
16838,,,9211401610,AE2114,16839,
16839,,,9211401611,AE2114,16840,
16840,,,9211401612,AE2114,16841,
16841,,,9211401613,AE2114,16842,
16842,,,9211401614,AE2114,16843,
16843,,,9211401615,AE2114,16844,
16844,,,9211401616,AE2114,16845,
16845,,,9211401617,AE2114,16846,
16846,,,9211401618,AE2114,16847,
16847,,,9211401619,AE2114,16848,
16848,,,9211401602,AE2114,16849,
16849,,,9211401620,AE2114,16850,
16850,,,9211401621,AE2114,16851,
16851,,,9211401622,AE2114,16852,
16852,,,9211401623,AE2114,16853,
16853,,,9211401624,AE2114,16854,
16854,,,9211401603,AE2114,16855,
16855,,,9211401604,AE2114,16856,
16856,,,9211401605,AE2114,16857,
16857,,,9211401606,AE2114,16858,
16858,,,9211401607,AE2114,16859,
16859,,,9211401608,AE2114,16860,
16860,,,9211401609,AE2114,16861,
16861,,V4_dada2_read_info_03052026.xlsx,9211400201,AE2114,16862,
16862,,V4_dada2_read_info_03052026.xlsx,9211400210,AE2114,16863,
16863,,,9211400211,AE2114,16864,
16864,,,9211400212,AE2114,16865,
16865,,,9211400213,AE2114,16866,
16866,,V4_dada2_read_info_03052026.xlsx,9211400214,AE2114,16867,
16867,,V4_dada2_read_info_03052026.xlsx,9211400215,AE2114,16868,
16868,,,9211400216,AE2114,16869,
16869,,,9211400217,AE2114,16870,
16870,,V4_dada2_read_info_03052026.xlsx,9211400218,AE2114,16871,
16871,,,9211400219,AE2114,16872,
16872,,,9211400202,AE2114,16873,
16873,,,9211400220,AE2114,16874,
16874,,,9211400221,AE2114,16875,
16875,,,9211400222,AE2114,16876,
16876,,,9211400223,AE2114,16877,
16877,,,9211400224,AE2114,16878,
16878,,,9211400203,AE2114,16879,
16879,,,9211400204,AE2114,16880,
16880,,V4_dada2_read_info_03052026.xlsx,9211400205,AE2114,16881,
16881,,,9211400206,AE2114,16882,
16882,,,9211400207,AE2114,16883,
16883,,V4_dada2_read_info_03052026.xlsx,9211400208,AE2114,16884,
16884,,,9211400209,AE2114,16885,
16885,,,9211400301,AE2114,16886,
16886,,V4_dada2_read_info_03052026.xlsx,9211400310,AE2114,16887,
16887,,,9211400311,AE2114,16888,
16888,,,9211400312,AE2114,16889,
16889,,,9211400313,AE2114,16890,
16890,,V4_dada2_read_info_03052026.xlsx,9211400314,AE2114,16891,
16891,,,9211400315,AE2114,16892,
16892,,V4_dada2_read_info_03052026.xlsx,9211400316,AE2114,16893,
16893,,,9211400317,AE2114,16894,
16894,,V4_dada2_read_info_03052026.xlsx,9211400318,AE2114,16895,
16895,,V4_dada2_read_info_03052026.xlsx,9211400319,AE2114,16896,
16896,,,9211400302,AE2114,16897,
16897,,,9211400320,AE2114,16898,
16898,,,9211400321,AE2114,16899,
16899,,,9211400322,AE2114,16900,
16900,,,9211400323,AE2114,16901,
16901,,,9211400324,AE2114,16902,
16902,,,9211400303,AE2114,16903,
16903,,,9211400304,AE2114,16904,
16904,,,9211400305,AE2114,16905,
16905,,V4_dada2_read_info_03052026.xlsx,9211400306,AE2114,16906,
16906,,,9211400307,AE2114,16907,
16907,,,9211400308,AE2114,16908,
16908,,V4_dada2_read_info_03052026.xlsx,9211400309,AE2114,16909,
16909,,,9211400401,AE2114,16910,
16910,,,9211400410,AE2114,16911,
16911,,,9211400411,AE2114,16912,
16912,,,9211400412,AE2114,16913,
16913,,,9211400413,AE2114,16914,
16914,,,9211400414,AE2114,16915,
16915,,,9211400415,AE2114,16916,
16916,,,9211400402,AE2114,16917,
16917,,,9211400403,AE2114,16918,
16918,,,9211400404,AE2114,16919,
16919,,,9211400405,AE2114,16920,
16920,,,9211400406,AE2114,16921,
16921,,,9211400407,AE2114,16922,
16922,,,9211400408,AE2114,16923,
16923,,,9211400409,AE2114,16924,
16924,,V4_dada2_read_info_03052026.xlsx,9211400501,AE2114,16925,
16925,,,9211400510,AE2114,16926,
16926,,,9211400511,AE2114,16927,
16927,,,9211400512,AE2114,16928,
16928,,,9211400513,AE2114,16929,
16929,,,9211400514,AE2114,16930,
16930,,,9211400515,AE2114,16931,
16931,,,9211400516,AE2114,16932,
16932,,,9211400517,AE2114,16933,
16933,,,9211400518,AE2114,16934,
16934,,,9211400519,AE2114,16935,
16935,,,9211400502,AE2114,16936,
16936,,,9211400503,AE2114,16937,
16937,,,9211400504,AE2114,16938,
16938,,,9211400505,AE2114,16939,
16939,,V4_dada2_read_info_03052026.xlsx,9211400506,AE2114,16940,
16940,,,9211400507,AE2114,16941,
16941,,,9211400508,AE2114,16942,
16942,,V4_dada2_read_info_03052026.xlsx,9211400509,AE2114,16943,
16943,,,9211400601,AE2114,16944,
16944,,,9211400610,AE2114,16945,
16945,,,9211400611,AE2114,16946,
16946,,,9211400612,AE2114,16947,
16947,,,9211400613,AE2114,16948,
16948,,,9211400619,AE2114,16949,
16949,,,9211400602,AE2114,16950,
16950,,,9211400620,AE2114,16951,
16951,,,9211400621,AE2114,16952,
16952,,,9211400622,AE2114,16953,
16953,,,9211400623,AE2114,16954,
16954,,,9211400624,AE2114,16955,
16955,,,9211400603,AE2114,16956,
16956,,,9211400604,AE2114,16957,
16957,,,9211400605,AE2114,16958,
16958,,,9211400606,AE2114,16959,
16959,,,9211400607,AE2114,16960,
16960,,,9211400608,AE2114,16961,
16961,,,9211400609,AE2114,16962,
16962,,,9211400701,AE2114,16963,
16963,,,9211400710,AE2114,16964,
16964,,,9211400711,AE2114,16965,
16965,,,9211400712,AE2114,16966,
16966,,,9211400713,AE2114,16967,
16967,,,9211400714,AE2114,16968,
16968,,,9211400715,AE2114,16969,
16969,,,9211400716,AE2114,16970,
16970,,,9211400717,AE2114,16971,
16971,,,9211400718,AE2114,16972,
16972,,,9211400719,AE2114,16973,
16973,,,9211400702,AE2114,16974,
16974,,,9211400720,AE2114,16975,
16975,,,9211400721,AE2114,16976,
16976,,,9211400722,AE2114,16977,
16977,,,9211400703,AE2114,16978,
16978,,,9211400704,AE2114,16979,
16979,,,9211400705,AE2114,16980,
16980,,,9211400706,AE2114,16981,
16981,,,9211400707,AE2114,16982,
16982,,,9211400708,AE2114,16983,
16983,,,9211400709,AE2114,16984,
16984,,,9211400810,AE2114,16985,
16985,,,9211400811,AE2114,16986,
16986,,,9211400812,AE2114,16987,
16987,,,9211400813,AE2114,16988,
16988,,,9211400814,AE2114,16989,
16989,,,9211400815,AE2114,16990,
16990,,,9211400816,AE2114,16991,
16991,,,9211400817,AE2114,16992,
16992,,,9211400818,AE2114,16993,
16993,,,9211400819,AE2114,16994,
16994,,,9211400820,AE2114,16995,
16995,,,9211400821,AE2114,16996,
16996,,,9211400822,AE2114,16997,
16997,,,9211400823,AE2114,16998,
16998,,,9211400824,AE2114,16999,
16999,,,9211400803,AE2114,17000,
17000,,,9211400804,AE2114,17001,
17001,,,9211400805,AE2114,17002,
17002,,,9211400806,AE2114,17003,
17003,,,9211400807,AE2114,17004,
17004,,,9211400808,AE2114,17005,
17005,,,9211400809,AE2114,17006,
17006,,,9211400901,AE2114,17007,
17007,,,9211400910,AE2114,17008,
17008,,,9211400911,AE2114,17009,
17009,,,9211400912,AE2114,17010,
17010,,,9211400913,AE2114,17011,
17011,,,9211400914,AE2114,17012,
17012,,,9211400915,AE2114,17013,
17013,,,9211400916,AE2114,17014,
17014,,,9211400917,AE2114,17015,
17015,,,9211400918,AE2114,17016,
17016,,,9211400919,AE2114,17017,
17017,,,9211400902,AE2114,17018,
17018,,,9211400920,AE2114,17019,
17019,,,9211400921,AE2114,17020,
17020,,,9211400922,AE2114,17021,
17021,,,9211400923,AE2114,17022,
17022,,,9211400924,AE2114,17023,
17023,,,9211400903,AE2114,17024,
17024,,,9211400904,AE2114,17025,
17025,,,9211400905,AE2114,17026,
17026,,,9211400906,AE2114,17027,
17027,,,9211400907,AE2114,17028,
17028,,,9211400908,AE2114,17029,
17029,,,9211400909,AE2114,17030,
17030,,,9212300101,AE2123,17031,
17031,,,9212300110,AE2123,17032,
17032,,,9212300111,AE2123,17033,
17033,,,9212300112,AE2123,17034,
17034,,,9212300113,AE2123,17035,
17035,,,9212300114,AE2123,17036,
17036,,,9212300115,AE2123,17037,
17037,,,9212300116,AE2123,17038,
17038,,,9212300117,AE2123,17039,
17039,,,9212300118,AE2123,17040,
17040,,,9212300119,AE2123,17041,
17041,,,9212300102,AE2123,17042,
17042,,,9212300120,AE2123,17043,
17043,,,9212300121,AE2123,17044,
17044,,,9212300122,AE2123,17045,
17045,,,9212300123,AE2123,17046,
17046,,,9212300124,AE2123,17047,
17047,,,9212300103,AE2123,17048,
17048,,,9212300104,AE2123,17049,
17049,,,9212300105,AE2123,17050,
17050,,,9212300106,AE2123,17051,
17051,,,9212300107,AE2123,17052,
17052,,,9212300108,AE2123,17053,
17053,,,9212300109,AE2123,17054,
17054,,,9212301001,AE2123,17055,
17055,,,9212301010,AE2123,17056,
17056,,,9212301011,AE2123,17057,
17057,,,9212301012,AE2123,17058,
17058,,,9212301013,AE2123,17059,
17059,,,9212301002,AE2123,17060,
17060,,,9212301003,AE2123,17061,
17061,,,9212301004,AE2123,17062,
17062,,,9212301005,AE2123,17063,
17063,,,9212301006,AE2123,17064,
17064,,,9212301007,AE2123,17065,
17065,,,9212301008,AE2123,17066,
17066,,,9212301009,AE2123,17067,
17067,,,9212301101,AE2123,17068,
17068,,,9212301110,AE2123,17069,
17069,,,9212301111,AE2123,17070,
17070,,,9212301112,AE2123,17071,
17071,,,9212301113,AE2123,17072,
17072,,,9212301114,AE2123,17073,
17073,,,9212301115,AE2123,17074,
17074,,,9212301116,AE2123,17075,
17075,,,9212301117,AE2123,17076,
17076,,,9212301118,AE2123,17077,
17077,,,9212301119,AE2123,17078,
17078,,,9212301102,AE2123,17079,
17079,,,9212301120,AE2123,17080,
17080,,,9212301121,AE2123,17081,
17081,,,9212301122,AE2123,17082,
17082,,,9212301103,AE2123,17083,
17083,,,9212301104,AE2123,17084,
17084,,,9212301105,AE2123,17085,
17085,,,9212301106,AE2123,17086,
17086,,,9212301107,AE2123,17087,
17087,,,9212301108,AE2123,17088,
17088,,,9212301109,AE2123,17089,
17089,,V4_dada2_read_info_03052026.xlsx,9212300201,AE2123,17090,
17090,,,9212300210,AE2123,17091,
17091,,,9212300211,AE2123,17092,
17092,,,9212300212,AE2123,17093,
17093,,V4_dada2_read_info_03052026.xlsx,9212300213,AE2123,17094,
17094,,V4_dada2_read_info_03052026.xlsx,9212300214,AE2123,17095,
17095,,V4_dada2_read_info_03052026.xlsx,9212300215,AE2123,17096,
17096,,,9212300216,AE2123,17097,
17097,,,9212300217,AE2123,17098,
17098,,V4_dada2_read_info_03052026.xlsx,9212300218,AE2123,17099,
17099,,V4_dada2_read_info_03052026.xlsx,9212300219,AE2123,17100,
17100,,,9212300202,AE2123,17101,
17101,,,9212300220,AE2123,17102,
17102,,,9212300221,AE2123,17103,
17103,,,9212300222,AE2123,17104,
17104,,,9212300223,AE2123,17105,
17105,,,9212300224,AE2123,17106,
17106,,,9212300203,AE2123,17107,
17107,,,9212300204,AE2123,17108,
17108,,V4_dada2_read_info_03052026.xlsx,9212300205,AE2123,17109,
17109,,,9212300206,AE2123,17110,
17110,,,9212300207,AE2123,17111,
17111,,V4_dada2_read_info_03052026.xlsx,9212300208,AE2123,17112,
17112,,,9212300209,AE2123,17113,
17113,,V4_dada2_read_info_03052026.xlsx,9212300301,AE2123,17114,
17114,,,9212300310,AE2123,17115,
17115,,,9212300311,AE2123,17116,
17116,,,9212300312,AE2123,17117,
17117,,,9212300313,AE2123,17118,
17118,,,9212300314,AE2123,17119,
17119,,,9212300315,AE2123,17120,
17120,,,9212300316,AE2123,17121,
17121,,,9212300317,AE2123,17122,
17122,,V4_dada2_read_info_03052026.xlsx,9212300318,AE2123,17123,
17123,,V4_dada2_read_info_03052026.xlsx,9212300319,AE2123,17124,
17124,,,9212300302,AE2123,17125,
17125,,,9212300320,AE2123,17126,
17126,,,9212300321,AE2123,17127,
17127,,,9212300303,AE2123,17128,
17128,,,9212300304,AE2123,17129,
17129,,V4_dada2_read_info_03052026.xlsx,9212300305,AE2123,17130,
17130,,,9212300306,AE2123,17131,
17131,,,9212300307,AE2123,17132,
17132,,V4_dada2_read_info_03052026.xlsx,9212300308,AE2123,17133,
17133,,,9212300309,AE2123,17134,
17134,,V4_dada2_read_info_03052026.xlsx,9212300401,AE2123,17135,
17135,,,9212300410,AE2123,17136,
17136,,,9212300411,AE2123,17137,
17137,,,9212300412,AE2123,17138,
17138,,V4_dada2_read_info_03052026.xlsx,9212300413,AE2123,17139,
17139,,V4_dada2_read_info_03052026.xlsx,9212300414,AE2123,17140,
17140,,V4_dada2_read_info_03052026.xlsx,9212300415,AE2123,17141,
17141,,,9212300416,AE2123,17142,
17142,,,9212300417,AE2123,17143,
17143,,V4_dada2_read_info_03052026.xlsx,9212300418,AE2123,17144,
17144,,,9212300419,AE2123,17145,
17145,,,9212300402,AE2123,17146,
17146,,,9212300420,AE2123,17147,
17147,,,9212300421,AE2123,17148,
17148,,,9212300403,AE2123,17149,
17149,,,9212300404,AE2123,17150,
17150,,V4_dada2_read_info_03052026.xlsx,9212300405,AE2123,17151,
17151,,,9212300406,AE2123,17152,
17152,,,9212300407,AE2123,17153,
17153,,V4_dada2_read_info_03052026.xlsx,9212300408,AE2123,17154,
17154,,,9212300409,AE2123,17155,
17155,,V4_dada2_read_info_03052026.xlsx,9212300501,AE2123,17156,
17156,,,9212300510,AE2123,17157,
17157,,,9212300511,AE2123,17158,
17158,,,9212300512,AE2123,17159,
17159,,V4_dada2_read_info_03052026.xlsx,9212300513,AE2123,17160,
17160,,V4_dada2_read_info_03052026.xlsx,9212300514,AE2123,17161,
17161,,V4_dada2_read_info_03052026.xlsx,9212300515,AE2123,17162,
17162,,V4_dada2_read_info_03052026.xlsx,9212300516,AE2123,17163,
17163,,,9212300517,AE2123,17164,
17164,,,9212300518,AE2123,17165,
17165,,V4_dada2_read_info_03052026.xlsx,9212300519,AE2123,17166,
17166,,,9212300502,AE2123,17167,
17167,,,9212300520,AE2123,17168,
17168,,,9212300521,AE2123,17169,
17169,,,9212300522,AE2123,17170,
17170,,,9212300523,AE2123,17171,
17171,,,9212300524,AE2123,17172,
17172,,,9212300503,AE2123,17173,
17173,,,9212300504,AE2123,17174,
17174,,V4_dada2_read_info_03052026.xlsx,9212300505,AE2123,17175,
17175,,,9212300506,AE2123,17176,
17176,,,9212300507,AE2123,17177,
17177,,V4_dada2_read_info_03052026.xlsx,9212300508,AE2123,17178,
17178,,,9212300509,AE2123,17179,
17179,,V4_dada2_read_info_03052026.xlsx,9212300601,AE2123,17180,
17180,,,9212300610,AE2123,17181,
17181,,,9212300611,AE2123,17182,
17182,,,9212300612,AE2123,17183,
17183,,,9212300613,AE2123,17184,
17184,,,9212300614,AE2123,17185,
17185,,,9212300615,AE2123,17186,
17186,,,9212300616,AE2123,17187,
17187,,,9212300617,AE2123,17188,
17188,,V4_dada2_read_info_03052026.xlsx,9212300618,AE2123,17189,
17189,,,9212300619,AE2123,17190,
17190,,,9212300602,AE2123,17191,
17191,,,9212300620,AE2123,17192,
17192,,,9212300621,AE2123,17193,
17193,,,9212300622,AE2123,17194,
17194,,,9212300623,AE2123,17195,
17195,,,9212300624,AE2123,17196,
17196,,,9212300603,AE2123,17197,
17197,,,9212300604,AE2123,17198,
17198,,V4_dada2_read_info_03052026.xlsx,9212300605,AE2123,17199,
17199,,,9212300606,AE2123,17200,
17200,,,9212300607,AE2123,17201,
17201,,V4_dada2_read_info_03052026.xlsx,9212300608,AE2123,17202,
17202,,,9212300609,AE2123,17203,
17203,,V4_dada2_read_info_03052026.xlsx,9212300701,AE2123,17204,
17204,,,9212300710,AE2123,17205,
17205,,,9212300711,AE2123,17206,
17206,,,9212300712,AE2123,17207,
17207,,V4_dada2_read_info_03052026.xlsx,9212300713,AE2123,17208,
17208,,V4_dada2_read_info_03052026.xlsx,9212300714,AE2123,17209,
17209,,V4_dada2_read_info_03052026.xlsx,9212300715,AE2123,17210,
17210,,,9212300716,AE2123,17211,
17211,,,9212300717,AE2123,17212,
17212,,V4_dada2_read_info_03052026.xlsx,9212300718,AE2123,17213,
17213,,,9212300719,AE2123,17214,
17214,,,9212300702,AE2123,17215,
17215,,,9212300720,AE2123,17216,
17216,,,9212300721,AE2123,17217,
17217,,,9212300722,AE2123,17218,
17218,,,9212300723,AE2123,17219,
17219,,,9212300724,AE2123,17220,
17220,,,9212300703,AE2123,17221,
17221,,,9212300704,AE2123,17222,
17222,,V4_dada2_read_info_03052026.xlsx,9212300705,AE2123,17223,
17223,,,9212300706,AE2123,17224,
17224,,,9212300707,AE2123,17225,
17225,,V4_dada2_read_info_03052026.xlsx,9212300708,AE2123,17226,
17226,,,9212300709,AE2123,17227,
17227,,V4_dada2_read_info_03052026.xlsx,9212300801,AE2123,17228,
17228,,,9212300810,AE2123,17229,
17229,,,9212300811,AE2123,17230,
17230,,,9212300812,AE2123,17231,
17231,,V4_dada2_read_info_03052026.xlsx,9212300813,AE2123,17232,
17232,,V4_dada2_read_info_03052026.xlsx,9212300814,AE2123,17233,
17233,,V4_dada2_read_info_03052026.xlsx,9212300815,AE2123,17234,
17234,,,9212300816,AE2123,17235,
17235,,,9212300817,AE2123,17236,
17236,,V4_dada2_read_info_03052026.xlsx,9212300818,AE2123,17237,
17237,,V4_dada2_read_info_03052026.xlsx,9212300819,AE2123,17238,
17238,,,9212300802,AE2123,17239,
17239,,,9212300820,AE2123,17240,
17240,,,9212300821,AE2123,17241,
17241,,,9212300822,AE2123,17242,
17242,,,9212300823,AE2123,17243,
17243,,,9212300824,AE2123,17244,
17244,,,9212300803,AE2123,17245,
17245,,,9212300804,AE2123,17246,
17246,,V4_dada2_read_info_03052026.xlsx,9212300805,AE2123,17247,
17247,,,9212300806,AE2123,17248,
17248,,,9212300807,AE2123,17249,
17249,,V4_dada2_read_info_03052026.xlsx,9212300808,AE2123,17250,
17250,,,9212300809,AE2123,17251,
17251,,V4_dada2_read_info_03052026.xlsx,9212300901,AE2123,17252,
17252,,,9212300910,AE2123,17253,
17253,,,9212300911,AE2123,17254,
17254,,,9212300912,AE2123,17255,
17255,,,9212300913,AE2123,17256,
17256,,,9212300914,AE2123,17257,
17257,,V4_dada2_read_info_03052026.xlsx,9212300915,AE2123,17258,
17258,,,9212300916,AE2123,17259,
17259,,,9212300917,AE2123,17260,
17260,,V4_dada2_read_info_03052026.xlsx,9212300918,AE2123,17261,
17261,,,9212300919,AE2123,17262,
17262,,,9212300902,AE2123,17263,
17263,,,9212300920,AE2123,17264,
17264,,,9212300921,AE2123,17265,
17265,,,9212300922,AE2123,17266,
17266,,,9212300923,AE2123,17267,
17267,,,9212300924,AE2123,17268,
17268,,,9212300903,AE2123,17269,
17269,,,9212300904,AE2123,17270,
17270,,V4_dada2_read_info_03052026.xlsx,9212300905,AE2123,17271,
17271,,,9212300906,AE2123,17272,
17272,,,9212300907,AE2123,17273,
17273,,V4_dada2_read_info_03052026.xlsx,9212300908,AE2123,17274,
17274,,,9212300909,AE2123,17275,
17275,,V4_dada2_read_info_03052026.xlsx,9221300101,AE2213,17276,
17276,,,9221300110,AE2213,17277,
17277,,,9221300111,AE2213,17278,
17278,,V4_dada2_read_info_03052026.xlsx,9221300112,AE2213,17279,
17279,,,9221300113,AE2213,17280,
17280,,,9221300114,AE2213,17281,
17281,,,9221300115,AE2213,17282,
17282,,,9221300116,AE2213,17283,
17283,,,9221300102,AE2213,17284,
17284,,,9221300103,AE2213,17285,
17285,,V4_dada2_read_info_03052026.xlsx,9221300104,AE2213,17286,
17286,,,9221300105,AE2213,17287,
17287,,V4_dada2_read_info_03052026.xlsx,9221300106,AE2213,17288,
17288,,,9221300107,AE2213,17289,
17289,,,9221300108,AE2213,17290,
17290,,V4_dada2_read_info_03052026.xlsx,9221300109,AE2213,17291,
17291,,V4_dada2_read_info_03052026.xlsx,9221301001,AE2213,17292,
17292,,V4_dada2_read_info_03052026.xlsx,9221301010,AE2213,17293,
17293,,,9221301011,AE2213,17294,
17294,,,9221301012,AE2213,17295,
17295,,,9221301013,AE2213,17296,
17296,,V4_dada2_read_info_03052026.xlsx,9221301014,AE2213,17297,
17297,,,9221301015,AE2213,17298,
17298,,V4_dada2_read_info_03052026.xlsx,9221301016,AE2213,17299,
17299,,,9221301017,AE2213,17300,
17300,,V4_dada2_read_info_03052026.xlsx,9221301018,AE2213,17301,
17301,,,9221301019,AE2213,17302,
17302,,,9221301002,AE2213,17303,
17303,,V4_dada2_read_info_03052026.xlsx,9221301020,AE2213,17304,
17304,,,9221301021,AE2213,17305,
17305,,V4_dada2_read_info_03052026.xlsx,9221301022,AE2213,17306,
17306,,,9221301023,AE2213,17307,
17307,,,9221301024,AE2213,17308,
17308,,,9221301003,AE2213,17309,
17309,,,9221301004,AE2213,17310,
17310,,,9221301005,AE2213,17311,
17311,,V4_dada2_read_info_03052026.xlsx,9221301006,AE2213,17312,
17312,,,9221301007,AE2213,17313,
17313,,,9221301008,AE2213,17314,
17314,,,9221301009,AE2213,17315,
17315,,,9221301101,AE2213,17316,
17316,,,9221301110,AE2213,17317,
17317,,,9221301111,AE2213,17318,
17318,,,9221301112,AE2213,17319,
17319,,,9221301113,AE2213,17320,
17320,,,9221301114,AE2213,17321,
17321,,,9221301115,AE2213,17322,
17322,,,9221301116,AE2213,17323,
17323,,,9221301117,AE2213,17324,
17324,,,9221301118,AE2213,17325,
17325,,,9221301119,AE2213,17326,
17326,,,9221301102,AE2213,17327,
17327,,,9221301120,AE2213,17328,
17328,,,9221301121,AE2213,17329,
17329,,,9221301122,AE2213,17330,
17330,,,9221301123,AE2213,17331,
17331,,,9221301124,AE2213,17332,
17332,,,9221301103,AE2213,17333,
17333,,,9221301104,AE2213,17334,
17334,,,9221301105,AE2213,17335,
17335,,,9221301106,AE2213,17336,
17336,,,9221301107,AE2213,17337,
17337,,,9221301108,AE2213,17338,
17338,,,9221301109,AE2213,17339,
17339,,,9221301201,AE2213,17340,
17340,,,9221301210,AE2213,17341,
17341,,,9221301211,AE2213,17342,
17342,,V4_dada2_read_info_03052026.xlsx,9221301212,AE2213,17343,
17343,,,9221301213,AE2213,17344,
17344,,V4_dada2_read_info_03052026.xlsx,9221301214,AE2213,17345,
17345,,,9221301215,AE2213,17346,
17346,,V4_dada2_read_info_03052026.xlsx,9221301216,AE2213,17347,
17347,,,9221301217,AE2213,17348,
17348,,,9221301218,AE2213,17349,
17349,,V4_dada2_read_info_03052026.xlsx,9221301219,AE2213,17350,
17350,,,9221301202,AE2213,17351,
17351,,,9221301220,AE2213,17352,
17352,,V4_dada2_read_info_03052026.xlsx,9221301221,AE2213,17353,
17353,,,9221301222,AE2213,17354,
17354,,,9221301223,AE2213,17355,
17355,,,9221301224,AE2213,17356,
17356,,,9221301203,AE2213,17357,
17357,,,9221301204,AE2213,17358,
17358,,,9221301205,AE2213,17359,
17359,,,9221301206,AE2213,17360,
17360,,,9221301207,AE2213,17361,
17361,,,9221301208,AE2213,17362,
17362,,,9221301209,AE2213,17363,
17363,,,9221301301,AE2213,17364,
17364,,,9221301310,AE2213,17365,
17365,,,9221301311,AE2213,17366,
17366,,,9221301312,AE2213,17367,
17367,,,9221301313,AE2213,17368,
17368,,,9221301314,AE2213,17369,
17369,,,9221301315,AE2213,17370,
17370,,,9221301316,AE2213,17371,
17371,,,9221301317,AE2213,17372,
17372,,,9221301318,AE2213,17373,
17373,,,9221301319,AE2213,17374,
17374,,,9221301302,AE2213,17375,
17375,,,9221301320,AE2213,17376,
17376,,,9221301321,AE2213,17377,
17377,,,9221301322,AE2213,17378,
17378,,,9221301323,AE2213,17379,
17379,,,9221301324,AE2213,17380,
17380,,,9221301303,AE2213,17381,
17381,,,9221301304,AE2213,17382,
17382,,,9221301305,AE2213,17383,
17383,,,9221301306,AE2213,17384,
17384,,,9221301307,AE2213,17385,
17385,,,9221301308,AE2213,17386,
17386,,,9221301309,AE2213,17387,
17387,,,9221301401,AE2213,17388,
17388,,,9221301410,AE2213,17389,
17389,,,9221301411,AE2213,17390,
17390,,,9221301412,AE2213,17391,
17391,,,9221301413,AE2213,17392,
17392,,,9221301414,AE2213,17393,
17393,,,9221301415,AE2213,17394,
17394,,,9221301416,AE2213,17395,
17395,,,9221301417,AE2213,17396,
17396,,,9221301418,AE2213,17397,
17397,,,9221301419,AE2213,17398,
17398,,,9221301402,AE2213,17399,
17399,,,9221301420,AE2213,17400,
17400,,,9221301421,AE2213,17401,
17401,,,9221301422,AE2213,17402,
17402,,,9221301423,AE2213,17403,
17403,,,9221301424,AE2213,17404,
17404,,,9221301403,AE2213,17405,
17405,,,9221301404,AE2213,17406,
17406,,,9221301405,AE2213,17407,
17407,,,9221301406,AE2213,17408,
17408,,,9221301407,AE2213,17409,
17409,,,9221301408,AE2213,17410,
17410,,,9221301409,AE2213,17411,
17411,,,9221301501,AE2213,17412,
17412,,,9221301510,AE2213,17413,
17413,,,9221301511,AE2213,17414,
17414,,,9221301512,AE2213,17415,
17415,,,9221301513,AE2213,17416,
17416,,,9221301514,AE2213,17417,
17417,,,9221301515,AE2213,17418,
17418,,,9221301516,AE2213,17419,
17419,,,9221301517,AE2213,17420,
17420,,,9221301518,AE2213,17421,
17421,,,9221301519,AE2213,17422,
17422,,,9221301502,AE2213,17423,
17423,,,9221301520,AE2213,17424,
17424,,,9221301521,AE2213,17425,
17425,,,9221301522,AE2213,17426,
17426,,,9221301523,AE2213,17427,
17427,,,9221301524,AE2213,17428,
17428,,,9221301503,AE2213,17429,
17429,,,9221301504,AE2213,17430,
17430,,,9221301505,AE2213,17431,
17431,,,9221301506,AE2213,17432,
17432,,,9221301507,AE2213,17433,
17433,,,9221301508,AE2213,17434,
17434,,,9221301509,AE2213,17435,
17435,,,9221301601,AE2213,17436,
17436,,,9221301610,AE2213,17437,
17437,,,9221301611,AE2213,17438,
17438,,,9221301612,AE2213,17439,
17439,,,9221301613,AE2213,17440,
17440,,,9221301614,AE2213,17441,
17441,,,9221301615,AE2213,17442,
17442,,,9221301616,AE2213,17443,
17443,,,9221301617,AE2213,17444,
17444,,,9221301618,AE2213,17445,
17445,,,9221301619,AE2213,17446,
17446,,,9221301602,AE2213,17447,
17447,,,9221301620,AE2213,17448,
17448,,,9221301621,AE2213,17449,
17449,,,9221301622,AE2213,17450,
17450,,,9221301623,AE2213,17451,
17451,,,9221301624,AE2213,17452,
17452,,,9221301603,AE2213,17453,
17453,,,9221301604,AE2213,17454,
17454,,,9221301605,AE2213,17455,
17455,,,9221301606,AE2213,17456,
17456,,,9221301607,AE2213,17457,
17457,,,9221301608,AE2213,17458,
17458,,,9221301609,AE2213,17459,
17459,,V4_dada2_read_info_03052026.xlsx,9221300201,AE2213,17460,
17460,,V4_dada2_read_info_03052026.xlsx,9221300210,AE2213,17461,
17461,,,9221300211,AE2213,17462,
17462,,,9221300212,AE2213,17463,
17463,,,9221300213,AE2213,17464,
17464,,V4_dada2_read_info_03052026.xlsx,9221300214,AE2213,17465,
17465,,V4_dada2_read_info_03052026.xlsx,9221300215,AE2213,17466,
17466,,,9221300216,AE2213,17467,
17467,,V4_dada2_read_info_03052026.xlsx,9221300217,AE2213,17468,
17468,,V4_dada2_read_info_03052026.xlsx,9221300218,AE2213,17469,
17469,,,9221300219,AE2213,17470,
17470,,,9221300202,AE2213,17471,
17471,,,9221300203,AE2213,17472,
17472,,,9221300204,AE2213,17473,
17473,,V4_dada2_read_info_03052026.xlsx,9221300205,AE2213,17474,
17474,,,9221300206,AE2213,17475,
17475,,,9221300207,AE2213,17476,
17476,,V4_dada2_read_info_03052026.xlsx,9221300208,AE2213,17477,
17477,,,9221300209,AE2213,17478,
17478,,,9221300301,AE2213,17479,
17479,,,9221300310,AE2213,17480,
17480,,,9221300311,AE2213,17481,
17481,,,9221300312,AE2213,17482,
17482,,,9221300313,AE2213,17483,
17483,,,9221300314,AE2213,17484,
17484,,,9221300315,AE2213,17485,
17485,,,9221300316,AE2213,17486,
17486,,,9221300317,AE2213,17487,
17487,,,9221300318,AE2213,17488,
17488,,,9221300319,AE2213,17489,
17489,,,9221300302,AE2213,17490,
17490,,,9221300320,AE2213,17491,
17491,,,9221300321,AE2213,17492,
17492,,,9221300322,AE2213,17493,
17493,,,9221300323,AE2213,17494,
17494,,,9221300324,AE2213,17495,
17495,,,9221300303,AE2213,17496,
17496,,,9221300304,AE2213,17497,
17497,,,9221300305,AE2213,17498,
17498,,,9221300306,AE2213,17499,
17499,,,9221300307,AE2213,17500,
17500,,,9221300308,AE2213,17501,
17501,,,9221300309,AE2213,17502,
17502,,V4_dada2_read_info_03052026.xlsx,9221300401,AE2213,17503,
17503,,V4_dada2_read_info_03052026.xlsx,9221300410,AE2213,17504,
17504,,,9221300411,AE2213,17505,
17505,,,9221300412,AE2213,17506,
17506,,,9221300413,AE2213,17507,
17507,,V4_dada2_read_info_03052026.xlsx,9221300414,AE2213,17508,
17508,,,9221300415,AE2213,17509,
17509,,,9221300416,AE2213,17510,
17510,,,9221300417,AE2213,17511,
17511,,,9221300418,AE2213,17512,
17512,,,9221300419,AE2213,17513,
17513,,,9221300402,AE2213,17514,
17514,,,9221300420,AE2213,17515,
17515,,V4_dada2_read_info_03052026.xlsx,9221300421,AE2213,17516,
17516,,,9221300422,AE2213,17517,
17517,,,9221300423,AE2213,17518,
17518,,,9221300424,AE2213,17519,
17519,,,9221300403,AE2213,17520,
17520,,,9221300404,AE2213,17521,
17521,,V4_dada2_read_info_03052026.xlsx,9221300405,AE2213,17522,
17522,,,9221300406,AE2213,17523,
17523,,,9221300407,AE2213,17524,
17524,,V4_dada2_read_info_03052026.xlsx,9221300408,AE2213,17525,
17525,,,9221300409,AE2213,17526,
17526,,,9221300501,AE2213,17527,
17527,,,9221300510,AE2213,17528,
17528,,,9221300511,AE2213,17529,
17529,,,9221300502,AE2213,17530,
17530,,,9221300503,AE2213,17531,
17531,,,9221300504,AE2213,17532,
17532,,,9221300505,AE2213,17533,
17533,,,9221300506,AE2213,17534,
17534,,,9221300507,AE2213,17535,
17535,,,9221300508,AE2213,17536,
17536,,,9221300509,AE2213,17537,
17537,,V4_dada2_read_info_03052026.xlsx,9221300601,AE2213,17538,
17538,,V4_dada2_read_info_03052026.xlsx,9221300610,AE2213,17539,
17539,,,9221300611,AE2213,17540,
17540,,,9221300612,AE2213,17541,
17541,,,9221300613,AE2213,17542,
17542,,V4_dada2_read_info_03052026.xlsx,9221300614,AE2213,17543,
17543,,,9221300615,AE2213,17544,
17544,,V4_dada2_read_info_03052026.xlsx,9221300616,AE2213,17545,
17545,,,9221300617,AE2213,17546,
17546,,,9221300618,AE2213,17547,
17547,,V4_dada2_read_info_03052026.xlsx,9221300619,AE2213,17548,
17548,,,9221300602,AE2213,17549,
17549,,,9221300620,AE2213,17550,
17550,,V4_dada2_read_info_03052026.xlsx,9221300621,AE2213,17551,
17551,,,9221300622,AE2213,17552,
17552,,,9221300623,AE2213,17553,
17553,,,9221300624,AE2213,17554,
17554,,,9221300603,AE2213,17555,
17555,,,9221300604,AE2213,17556,
17556,,V4_dada2_read_info_03052026.xlsx,9221300605,AE2213,17557,
17557,,,9221300606,AE2213,17558,
17558,,,9221300607,AE2213,17559,
17559,,V4_dada2_read_info_03052026.xlsx,9221300608,AE2213,17560,
17560,,,9221300609,AE2213,17561,
17561,,V4_dada2_read_info_03052026.xlsx,9221300701,AE2213,17562,
17562,,,9221300710,AE2213,17563,
17563,,,9221300711,AE2213,17564,
17564,,V4_dada2_read_info_03052026.xlsx,9221300712,AE2213,17565,
17565,,,9221300713,AE2213,17566,
17566,,V4_dada2_read_info_03052026.xlsx,9221300714,AE2213,17567,
17567,,,9221300715,AE2213,17568,
17568,,V4_dada2_read_info_03052026.xlsx,9221300716,AE2213,17569,
17569,,,9221300717,AE2213,17570,
17570,,,9221300718,AE2213,17571,
17571,,V4_dada2_read_info_03052026.xlsx,9221300719,AE2213,17572,
17572,,,9221300702,AE2213,17573,
17573,,,9221300720,AE2213,17574,
17574,,V4_dada2_read_info_03052026.xlsx,9221300721,AE2213,17575,
17575,,,9221300722,AE2213,17576,
17576,,,9221300723,AE2213,17577,
17577,,,9221300724,AE2213,17578,
17578,,,9221300703,AE2213,17579,
17579,,,9221300704,AE2213,17580,
17580,,V4_dada2_read_info_03052026.xlsx,9221300705,AE2213,17581,
17581,,,9221300706,AE2213,17582,
17582,,,9221300707,AE2213,17583,
17583,,V4_dada2_read_info_03052026.xlsx,9221300708,AE2213,17584,
17584,,,9221300709,AE2213,17585,
17585,,,9221300801,AE2213,17586,
17586,,,9221300810,AE2213,17587,
17587,,,9221300811,AE2213,17588,
17588,,,9221300812,AE2213,17589,
17589,,,9221300813,AE2213,17590,
17590,,,9221300814,AE2213,17591,
17591,,,9221300815,AE2213,17592,
17592,,,9221300816,AE2213,17593,
17593,,,9221300817,AE2213,17594,
17594,,,9221300818,AE2213,17595,
17595,,,9221300819,AE2213,17596,
17596,,,9221300802,AE2213,17597,
17597,,,9221300820,AE2213,17598,
17598,,,9221300821,AE2213,17599,
17599,,,9221300822,AE2213,17600,
17600,,,9221300823,AE2213,17601,
17601,,,9221300824,AE2213,17602,
17602,,,9221300803,AE2213,17603,
17603,,,9221300804,AE2213,17604,
17604,,,9221300805,AE2213,17605,
17605,,,9221300806,AE2213,17606,
17606,,,9221300807,AE2213,17607,
17607,,,9221300808,AE2213,17608,
17608,,,9221300809,AE2213,17609,
17609,,V4_dada2_read_info_03052026.xlsx,9221300901,AE2213,17610,
17610,,,9221300910,AE2213,17611,
17611,,,9221300911,AE2213,17612,
17612,,V4_dada2_read_info_03052026.xlsx,9221300912,AE2213,17613,
17613,,,9221300913,AE2213,17614,
17614,,V4_dada2_read_info_03052026.xlsx,9221300914,AE2213,17615,
17615,,,9221300915,AE2213,17616,
17616,,,9221300916,AE2213,17617,
17617,,,9221300917,AE2213,17618,
17618,,,9221300918,AE2213,17619,
17619,,,9221300919,AE2213,17620,
17620,,,9221300902,AE2213,17621,
17621,,,9221300920,AE2213,17622,
17622,,V4_dada2_read_info_03052026.xlsx,9221300921,AE2213,17623,
17623,,,9221300922,AE2213,17624,
17624,,,9221300923,AE2213,17625,
17625,,,9221300924,AE2213,17626,
17626,,,9221300903,AE2213,17627,
17627,,,9221300904,AE2213,17628,
17628,,V4_dada2_read_info_03052026.xlsx,9221300905,AE2213,17629,
17629,,,9221300906,AE2213,17630,
17630,,,9221300907,AE2213,17631,
17631,,V4_dada2_read_info_03052026.xlsx,9221300908,AE2213,17632,
17632,,,9221300909,AE2213,17633,
17633,,,9231500101,AE2315,17634,
17634,,,9231500110,AE2315,17635,
17635,,,9231500111,AE2315,17636,
17636,,,9231500112,AE2315,17637,
17637,,,9231500113,AE2315,17638,
17638,,,9231500102,AE2315,17639,
17639,,,9231500103,AE2315,17640,
17640,,,9231500104,AE2315,17641,
17641,,,9231500105,AE2315,17642,
17642,,,9231500106,AE2315,17643,
17643,,,9231500107,AE2315,17644,
17644,,,9231500108,AE2315,17645,
17645,,,9231500109,AE2315,17646,
17646,,,9231501001,AE2315,17647,
17647,,,9231501010,AE2315,17648,
17648,,,9231501011,AE2315,17649,
17649,,,9231501012,AE2315,17650,
17650,,,9231501013,AE2315,17651,
17651,,,9231501014,AE2315,17652,
17652,,,9231501015,AE2315,17653,
17653,,,9231501016,AE2315,17654,
17654,,,9231501017,AE2315,17655,
17655,,,9231501018,AE2315,17656,
17656,,,9231501019,AE2315,17657,
17657,,,9231501002,AE2315,17658,
17658,,,9231501020,AE2315,17659,
17659,,,9231501021,AE2315,17660,
17660,,,9231501022,AE2315,17661,
17661,,,9231501023,AE2315,17662,
17662,,,9231501024,AE2315,17663,
17663,,,9231501003,AE2315,17664,
17664,,,9231501004,AE2315,17665,
17665,,,9231501005,AE2315,17666,
17666,,,9231501006,AE2315,17667,
17667,,,9231501007,AE2315,17668,
17668,,,9231501008,AE2315,17669,
17669,,,9231501009,AE2315,17670,
17670,,,9231501101,AE2315,17671,
17671,,,9231501110,AE2315,17672,
17672,,,9231501111,AE2315,17673,
17673,,,9231501112,AE2315,17674,
17674,,,9231501113,AE2315,17675,
17675,,,9231501114,AE2315,17676,
17676,,,9231501115,AE2315,17677,
17677,,,9231501116,AE2315,17678,
17678,,,9231501117,AE2315,17679,
17679,,,9231501118,AE2315,17680,
17680,,,9231501119,AE2315,17681,
17681,,,9231501102,AE2315,17682,
17682,,,9231501120,AE2315,17683,
17683,,,9231501121,AE2315,17684,
17684,,,9231501122,AE2315,17685,
17685,,,9231501123,AE2315,17686,
17686,,,9231501124,AE2315,17687,
17687,,,9231501103,AE2315,17688,
17688,,,9231501104,AE2315,17689,
17689,,,9231501105,AE2315,17690,
17690,,,9231501106,AE2315,17691,
17691,,,9231501107,AE2315,17692,
17692,,,9231501108,AE2315,17693,
17693,,,9231501109,AE2315,17694,
17694,,,9231501201,AE2315,17695,
17695,,V4_dada2_read_info_03052026.xlsx,9231501210,AE2315,17696,
17696,,,9231501211,AE2315,17697,
17697,,,9231501212,AE2315,17698,
17698,,,9231501213,AE2315,17699,
17699,,V4_dada2_read_info_03052026.xlsx,9231501214,AE2315,17700,
17700,,,9231501215,AE2315,17701,
17701,,,9231501216,AE2315,17702,
17702,,V4_dada2_read_info_03052026.xlsx,9231501217,AE2315,17703,
17703,,V4_dada2_read_info_03052026.xlsx,9231501218,AE2315,17704,
17704,,,9231501219,AE2315,17705,
17705,,,9231501202,AE2315,17706,
17706,,V4_dada2_read_info_03052026.xlsx,9231501220,AE2315,17707,
17707,,,9231501221,AE2315,17708,
17708,,,9231501222,AE2315,17709,
17709,,,9231501223,AE2315,17710,
17710,,,9231501224,AE2315,17711,
17711,,,9231501203,AE2315,17712,
17712,,,9231501204,AE2315,17713,
17713,,,9231501205,AE2315,17714,
17714,,,9231501206,AE2315,17715,
17715,,,9231501207,AE2315,17716,
17716,,V4_dada2_read_info_03052026.xlsx,9231501208,AE2315,17717,
17717,,,9231501209,AE2315,17718,
17718,,,9231501301,AE2315,17719,
17719,,,9231501310,AE2315,17720,
17720,,,9231501311,AE2315,17721,
17721,,,9231501312,AE2315,17722,
17722,,,9231501313,AE2315,17723,
17723,,V4_dada2_read_info_03052026.xlsx,9231501314,AE2315,17724,
17724,,,9231501315,AE2315,17725,
17725,,V4_dada2_read_info_03052026.xlsx,9231501316,AE2315,17726,
17726,,,9231501317,AE2315,17727,
17727,,V4_dada2_read_info_03052026.xlsx,9231501318,AE2315,17728,
17728,,,9231501319,AE2315,17729,
17729,,,9231501302,AE2315,17730,
17730,,V4_dada2_read_info_03052026.xlsx,9231501320,AE2315,17731,
17731,,,9231501321,AE2315,17732,
17732,,,9231501322,AE2315,17733,
17733,,,9231501323,AE2315,17734,
17734,,,9231501324,AE2315,17735,
17735,,,9231501303,AE2315,17736,
17736,,,9231501304,AE2315,17737,
17737,,,9231501305,AE2315,17738,
17738,,,9231501306,AE2315,17739,
17739,,,9231501307,AE2315,17740,
17740,,,9231501308,AE2315,17741,
17741,,,9231501309,AE2315,17742,
17742,,,9231501401,AE2315,17743,
17743,,,9231501402,AE2315,17744,
17744,,,9231501403,AE2315,17745,
17745,,,9231501404,AE2315,17746,
17746,,,9231501405,AE2315,17747,
17747,,,9231501406,AE2315,17748,
17748,,,9231501501,AE2315,17749,
17749,,V4_dada2_read_info_03052026.xlsx,9231501510,AE2315,17750,
17750,,,9231501511,AE2315,17751,
17751,,,9231501512,AE2315,17752,
17752,,,9231501513,AE2315,17753,
17753,,V4_dada2_read_info_03052026.xlsx,9231501514,AE2315,17754,
17754,,,9231501515,AE2315,17755,
17755,,V4_dada2_read_info_03052026.xlsx,9231501516,AE2315,17756,
17756,,,9231501517,AE2315,17757,
17757,,V4_dada2_read_info_03052026.xlsx,9231501518,AE2315,17758,
17758,,,9231501519,AE2315,17759,
17759,,,9231501502,AE2315,17760,
17760,,V4_dada2_read_info_03052026.xlsx,9231501520,AE2315,17761,
17761,,,9231501521,AE2315,17762,
17762,,,9231501522,AE2315,17763,
17763,,,9231501523,AE2315,17764,
17764,,,9231501524,AE2315,17765,
17765,,,9231501503,AE2315,17766,
17766,,,9231501504,AE2315,17767,
17767,,,9231501505,AE2315,17768,
17768,,,9231501506,AE2315,17769,
17769,,,9231501507,AE2315,17770,
17770,,,9231501508,AE2315,17771,
17771,,,9231501509,AE2315,17772,
17772,,V4_dada2_read_info_03052026.xlsx,9231501601,AE2315,17773,
17773,,V4_dada2_read_info_03052026.xlsx,9231501610,AE2315,17774,
17774,,,9231501611,AE2315,17775,
17775,,,9231501612,AE2315,17776,
17776,,,9231501613,AE2315,17777,
17777,,,9231501614,AE2315,17778,
17778,,V4_dada2_read_info_03052026.xlsx,9231501615,AE2315,17779,
17779,,,9231501616,AE2315,17780,
17780,,V4_dada2_read_info_03052026.xlsx,9231501617,AE2315,17781,
17781,,,9231501618,AE2315,17782,
17782,,V4_dada2_read_info_03052026.xlsx,9231501619,AE2315,17783,
17783,,,9231501602,AE2315,17784,
17784,,,9231501620,AE2315,17785,
17785,,V4_dada2_read_info_03052026.xlsx,9231501621,AE2315,17786,
17786,,,9231501622,AE2315,17787,
17787,,,9231501623,AE2315,17788,
17788,,,9231501624,AE2315,17789,
17789,,,9231501603,AE2315,17790,
17790,,,9231501604,AE2315,17791,
17791,,,9231501605,AE2315,17792,
17792,,,9231501606,AE2315,17793,
17793,,,9231501607,AE2315,17794,
17794,,,9231501608,AE2315,17795,
17795,,,9231501609,AE2315,17796,
17796,,V4_dada2_read_info_03052026.xlsx,9231501701,AE2315,17797,
17797,,V4_dada2_read_info_03052026.xlsx,9231501710,AE2315,17798,
17798,,,9231501711,AE2315,17799,
17799,,,9231501712,AE2315,17800,
17800,,,9231501713,AE2315,17801,
17801,,,9231501714,AE2315,17802,
17802,,V4_dada2_read_info_03052026.xlsx,9231501715,AE2315,17803,
17803,,,9231501716,AE2315,17804,
17804,,V4_dada2_read_info_03052026.xlsx,9231501717,AE2315,17805,
17805,,,9231501718,AE2315,17806,
17806,,,9231501719,AE2315,17807,
17807,,,9231501702,AE2315,17808,
17808,,V4_dada2_read_info_03052026.xlsx,9231501720,AE2315,17809,
17809,,,9231501721,AE2315,17810,
17810,,V4_dada2_read_info_03052026.xlsx,9231501722,AE2315,17811,
17811,,,9231501723,AE2315,17812,
17812,,,9231501724,AE2315,17813,
17813,,,9231501703,AE2315,17814,
17814,,V4_dada2_read_info_03052026.xlsx,9231501704,AE2315,17815,
17815,,,9231501705,AE2315,17816,
17816,,,9231501706,AE2315,17817,
17817,,,9231501707,AE2315,17818,
17818,,V4_dada2_read_info_03052026.xlsx,9231501708,AE2315,17819,
17819,,,9231501709,AE2315,17820,
17820,,V4_dada2_read_info_03052026.xlsx,9231501801,AE2315,17821,
17821,,V4_dada2_read_info_03052026.xlsx,9231501810,AE2315,17822,
17822,,V4_dada2_read_info_03052026.xlsx,9231501811,AE2315,17823,
17823,,,9231501812,AE2315,17824,
17824,,,9231501813,AE2315,17825,
17825,,,9231501814,AE2315,17826,
17826,,V4_dada2_read_info_03052026.xlsx,9231501815,AE2315,17827,
17827,,,9231501816,AE2315,17828,
17828,,V4_dada2_read_info_03052026.xlsx,9231501817,AE2315,17829,
17829,,,9231501818,AE2315,17830,
17830,,,9231501819,AE2315,17831,
17831,,,9231501802,AE2315,17832,
17832,,,9231501820,AE2315,17833,
17833,,V4_dada2_read_info_03052026.xlsx,9231501821,AE2315,17834,
17834,,,9231501822,AE2315,17835,
17835,,,9231501823,AE2315,17836,
17836,,,9231501824,AE2315,17837,
17837,,,9231501803,AE2315,17838,
17838,,,9231501804,AE2315,17839,
17839,,,9231501805,AE2315,17840,
17840,,V4_dada2_read_info_03052026.xlsx,9231501806,AE2315,17841,
17841,,,9231501807,AE2315,17842,
17842,,V4_dada2_read_info_03052026.xlsx,9231501808,AE2315,17843,
17843,,,9231501809,AE2315,17844,
17844,,,9231501901,AE2315,17845,
17845,,,9231501910,AE2315,17846,
17846,,,9231501911,AE2315,17847,
17847,,,9231501912,AE2315,17848,
17848,,,9231501913,AE2315,17849,
17849,,,9231501914,AE2315,17850,
17850,,,9231501915,AE2315,17851,
17851,,,9231501916,AE2315,17852,
17852,,,9231501917,AE2315,17853,
17853,,,9231501918,AE2315,17854,
17854,,,9231501919,AE2315,17855,
17855,,,9231501902,AE2315,17856,
17856,,,9231501920,AE2315,17857,
17857,,,9231501903,AE2315,17858,
17858,,,9231501904,AE2315,17859,
17859,,,9231501905,AE2315,17860,
17860,,,9231501906,AE2315,17861,
17861,,,9231501907,AE2315,17862,
17862,,,9231501908,AE2315,17863,
17863,,,9231501909,AE2315,17864,
17864,,V4_dada2_read_info_03052026.xlsx,9231500201,AE2315,17865,
17865,,,9231500210,AE2315,17866,
17866,,,9231500211,AE2315,17867,
17867,,,9231500212,AE2315,17868,
17868,,,9231500213,AE2315,17869,
17869,,,9231500214,AE2315,17870,
17870,,,9231500215,AE2315,17871,
17871,,,9231500216,AE2315,17872,
17872,,,9231500217,AE2315,17873,
17873,,,9231500218,AE2315,17874,
17874,,,9231500219,AE2315,17875,
17875,,,9231500202,AE2315,17876,
17876,,,9231500220,AE2315,17877,
17877,,,9231500221,AE2315,17878,
17878,,V4_dada2_read_info_03052026.xlsx,9231500222,AE2315,17879,
17879,,V4_dada2_read_info_03052026.xlsx,9231500223,AE2315,17880,
17880,,,9231500224,AE2315,17881,
17881,,,9231500203,AE2315,17882,
17882,,,9231500204,AE2315,17883,
17883,,,9231500205,AE2315,17884,
17884,,,9231500206,AE2315,17885,
17885,,,9231500207,AE2315,17886,
17886,,V4_dada2_read_info_03052026.xlsx,9231500208,AE2315,17887,
17887,,,9231500209,AE2315,17888,
17888,,,9231502001,AE2315,17889,
17889,,,9231502010,AE2315,17890,
17890,,,9231502011,AE2315,17891,
17891,,,9231502012,AE2315,17892,
17892,,,9231502013,AE2315,17893,
17893,,,9231502014,AE2315,17894,
17894,,,9231502015,AE2315,17895,
17895,,,9231502016,AE2315,17896,
17896,,,9231502017,AE2315,17897,
17897,,,9231502018,AE2315,17898,
17898,,,9231502019,AE2315,17899,
17899,,,9231502002,AE2315,17900,
17900,,,9231502020,AE2315,17901,
17901,,,9231502021,AE2315,17902,
17902,,,9231502022,AE2315,17903,
17903,,,9231502023,AE2315,17904,
17904,,,9231502024,AE2315,17905,
17905,,,9231502003,AE2315,17906,
17906,,,9231502004,AE2315,17907,
17907,,,9231502005,AE2315,17908,
17908,,,9231502006,AE2315,17909,
17909,,,9231502007,AE2315,17910,
17910,,,9231502008,AE2315,17911,
17911,,,9231502009,AE2315,17912,
17912,,V4_dada2_read_info_03052026.xlsx,9231500301,AE2315,17913,
17913,,,9231500310,AE2315,17914,
17914,,,9231500311,AE2315,17915,
17915,,,9231500312,AE2315,17916,
17916,,,9231500313,AE2315,17917,
17917,,,9231500314,AE2315,17918,
17918,,,9231500315,AE2315,17919,
17919,,,9231500316,AE2315,17920,
17920,,,9231500317,AE2315,17921,
17921,,,9231500318,AE2315,17922,
17922,,,9231500319,AE2315,17923,
17923,,,9231500302,AE2315,17924,
17924,,V4_dada2_read_info_03052026.xlsx,9231500320,AE2315,17925,
17925,,,9231500321,AE2315,17926,
17926,,,9231500322,AE2315,17927,
17927,,,9231500323,AE2315,17928,
17928,,,9231500324,AE2315,17929,
17929,,,9231500303,AE2315,17930,
17930,,,9231500304,AE2315,17931,
17931,,V4_dada2_read_info_03052026.xlsx,9231500305,AE2315,17932,
17932,,,9231500306,AE2315,17933,
17933,,,9231500307,AE2315,17934,
17934,,,9231500308,AE2315,17935,
17935,,,9231500309,AE2315,17936,
17936,,V4_dada2_read_info_03052026.xlsx,9231500401,AE2315,17937,
17937,,,9231500410,AE2315,17938,
17938,,,9231500411,AE2315,17939,
17939,,,9231500412,AE2315,17940,
17940,,,9231500413,AE2315,17941,
17941,,,9231500414,AE2315,17942,
17942,,,9231500415,AE2315,17943,
17943,,,9231500416,AE2315,17944,
17944,,,9231500417,AE2315,17945,
17945,,,9231500418,AE2315,17946,
17946,,,9231500419,AE2315,17947,
17947,,,9231500402,AE2315,17948,
17948,,,9231500420,AE2315,17949,
17949,,,9231500421,AE2315,17950,
17950,,,9231500422,AE2315,17951,
17951,,,9231500423,AE2315,17952,
17952,,,9231500424,AE2315,17953,
17953,,,9231500403,AE2315,17954,
17954,,,9231500404,AE2315,17955,
17955,,V4_dada2_read_info_03052026.xlsx,9231500405,AE2315,17956,
17956,,,9231500406,AE2315,17957,
17957,,,9231500407,AE2315,17958,
17958,,V4_dada2_read_info_03052026.xlsx,9231500408,AE2315,17959,
17959,,,9231500409,AE2315,17960,
17960,,,9231500501,AE2315,17961,
17961,,,9231500510,AE2315,17962,
17962,,,9231500511,AE2315,17963,
17963,,,9231500512,AE2315,17964,
17964,,,9231500513,AE2315,17965,
17965,,,9231500514,AE2315,17966,
17966,,,9231500515,AE2315,17967,
17967,,,9231500516,AE2315,17968,
17968,,,9231500517,AE2315,17969,
17969,,,9231500518,AE2315,17970,
17970,,,9231500519,AE2315,17971,
17971,,,9231500502,AE2315,17972,
17972,,,9231500520,AE2315,17973,
17973,,,9231500521,AE2315,17974,
17974,,,9231500522,AE2315,17975,
17975,,,9231500523,AE2315,17976,
17976,,,9231500524,AE2315,17977,
17977,,,9231500503,AE2315,17978,
17978,,,9231500504,AE2315,17979,
17979,,,9231500505,AE2315,17980,
17980,,,9231500506,AE2315,17981,
17981,,,9231500507,AE2315,17982,
17982,,,9231500508,AE2315,17983,
17983,,,9231500509,AE2315,17984,
17984,,V4_dada2_read_info_03052026.xlsx,9231500601,AE2315,17985,
17985,,V4_dada2_read_info_03052026.xlsx,9231500610,AE2315,17986,
17986,,,9231500611,AE2315,17987,
17987,,,9231500612,AE2315,17988,
17988,,,9231500613,AE2315,17989,
17989,,,9231500614,AE2315,17990,
17990,,,9231500615,AE2315,17991,
17991,,,9231500616,AE2315,17992,
17992,,,9231500617,AE2315,17993,
17993,,,9231500618,AE2315,17994,
17994,,,9231500619,AE2315,17995,
17995,,,9231500602,AE2315,17996,
17996,,,9231500620,AE2315,17997,
17997,,,9231500621,AE2315,17998,
17998,,,9231500622,AE2315,17999,
17999,,,9231500623,AE2315,18000,
18000,,,9231500624,AE2315,18001,
18001,,,9231500603,AE2315,18002,
18002,,,9231500604,AE2315,18003,
18003,,V4_dada2_read_info_03052026.xlsx,9231500605,AE2315,18004,
18004,,,9231500606,AE2315,18005,
18005,,,9231500607,AE2315,18006,
18006,,V4_dada2_read_info_03052026.xlsx,9231500608,AE2315,18007,
18007,,,9231500609,AE2315,18008,
18008,,V4_dada2_read_info_03052026.xlsx,9231500701,AE2315,18009,
18009,,V4_dada2_read_info_03052026.xlsx,9231500710,AE2315,18010,
18010,,,9231500711,AE2315,18011,
18011,,,9231500712,AE2315,18012,
18012,,,9231500713,AE2315,18013,
18013,,V4_dada2_read_info_03052026.xlsx,9231500714,AE2315,18014,
18014,,,9231500715,AE2315,18015,
18015,,,9231500716,AE2315,18016,
18016,,,9231500717,AE2315,18017,
18017,,,9231500718,AE2315,18018,
18018,,,9231500719,AE2315,18019,
18019,,,9231500702,AE2315,18020,
18020,,,9231500720,AE2315,18021,
18021,,,9231500721,AE2315,18022,
18022,,,9231500722,AE2315,18023,
18023,,,9231500723,AE2315,18024,
18024,,,9231500724,AE2315,18025,
18025,,,9231500703,AE2315,18026,
18026,,,9231500704,AE2315,18027,
18027,,V4_dada2_read_info_03052026.xlsx,9231500705,AE2315,18028,
18028,,,9231500706,AE2315,18029,
18029,,,9231500707,AE2315,18030,
18030,,V4_dada2_read_info_03052026.xlsx,9231500708,AE2315,18031,
18031,,,9231500709,AE2315,18032,
18032,,,9231500801,AE2315,18033,
18033,,,9231500810,AE2315,18034,
18034,,,9231500811,AE2315,18035,
18035,,,9231500812,AE2315,18036,
18036,,,9231500813,AE2315,18037,
18037,,,9231500814,AE2315,18038,
18038,,,9231500802,AE2315,18039,
18039,,,9231500803,AE2315,18040,
18040,,,9231500804,AE2315,18041,
18041,,,9231500805,AE2315,18042,
18042,,,9231500806,AE2315,18043,
18043,,,9231500807,AE2315,18044,
18044,,,9231500808,AE2315,18045,
18045,,,9231500809,AE2315,18046,
18046,,V4_dada2_read_info_03052026.xlsx,9231500901,AE2315,18047,
18047,,V4_dada2_read_info_03052026.xlsx,9231500910,AE2315,18048,
18048,,,9231500911,AE2315,18049,
18049,,,9231500912,AE2315,18050,
18050,,,9231500913,AE2315,18051,
18051,,V4_dada2_read_info_03052026.xlsx,9231500914,AE2315,18052,
18052,,,9231500915,AE2315,18053,
18053,,V4_dada2_read_info_03052026.xlsx,9231500916,AE2315,18054,
18054,,,9231500917,AE2315,18055,
18055,,,9231500918,AE2315,18056,
18056,,,9231500919,AE2315,18057,
18057,,,9231500902,AE2315,18058,
18058,,,9231500920,AE2315,18059,
18059,,,9231500921,AE2315,18060,
18060,,,9231500922,AE2315,18061,
18061,,,9231500923,AE2315,18062,
18062,,,9231500924,AE2315,18063,
18063,,,9231500903,AE2315,18064,
18064,,,9231500904,AE2315,18065,
18065,,V4_dada2_read_info_03052026.xlsx,9231500905,AE2315,18066,
18066,,,9231500906,AE2315,18067,
18067,,,9231500907,AE2315,18068,
18068,,V4_dada2_read_info_03052026.xlsx,9231500908,AE2315,18069,
18069,,,9231500909,AE2315,18070,
18070,,,9240800101,AE2408,18071,
18071,,,9240800110,AE2408,18072,
18072,,,9240800111,AE2408,18073,
18073,,,9240800112,AE2408,18074,
18074,,,9240800113,AE2408,18075,
18075,,,9240800114,AE2408,18076,
18076,,,9240800115,AE2408,18077,
18077,,,9240800116,AE2408,18078,
18078,,,9240800117,AE2408,18079,
18079,,,9240800118,AE2408,18080,
18080,,,9240800119,AE2408,18081,
18081,,,9240800102,AE2408,18082,
18082,,,9240800120,AE2408,18083,
18083,,,9240800121,AE2408,18084,
18084,,,9240800122,AE2408,18085,
18085,,,9240800123,AE2408,18086,
18086,,,9240800124,AE2408,18087,
18087,,,9240800103,AE2408,18088,
18088,,,9240800104,AE2408,18089,
18089,,,9240800105,AE2408,18090,
18090,,,9240800106,AE2408,18091,
18091,,,9240800107,AE2408,18092,
18092,,,9240800108,AE2408,18093,
18093,,,9240800109,AE2408,18094,
18094,,,9240801001,AE2408,18095,
18095,,,9240801010,AE2408,18096,
18096,,,9240801011,AE2408,18097,
18097,,,9240801012,AE2408,18098,
18098,,,9240801013,AE2408,18099,
18099,,,9240801014,AE2408,18100,
18100,,,9240801015,AE2408,18101,
18101,,,9240801016,AE2408,18102,
18102,,,9240801017,AE2408,18103,
18103,,,9240801018,AE2408,18104,
18104,,,9240801019,AE2408,18105,
18105,,,9240801002,AE2408,18106,
18106,,,9240801020,AE2408,18107,
18107,,,9240801021,AE2408,18108,
18108,,,9240801022,AE2408,18109,
18109,,,9240801023,AE2408,18110,
18110,,,9240801024,AE2408,18111,
18111,,,9240801003,AE2408,18112,
18112,,,9240801004,AE2408,18113,
18113,,,9240801005,AE2408,18114,
18114,,,9240801006,AE2408,18115,
18115,,,9240801007,AE2408,18116,
18116,,,9240801008,AE2408,18117,
18117,,,9240801009,AE2408,18118,
18118,,,9240801101,AE2408,18119,
18119,,,9240801110,AE2408,18120,
18120,,,9240801111,AE2408,18121,
18121,,,9240801112,AE2408,18122,
18122,,,9240801113,AE2408,18123,
18123,,,9240801114,AE2408,18124,
18124,,,9240801115,AE2408,18125,
18125,,,9240801116,AE2408,18126,
18126,,,9240801117,AE2408,18127,
18127,,,9240801118,AE2408,18128,
18128,,,9240801119,AE2408,18129,
18129,,,9240801102,AE2408,18130,
18130,,,9240801120,AE2408,18131,
18131,,,9240801121,AE2408,18132,
18132,,,9240801122,AE2408,18133,
18133,,,9240801123,AE2408,18134,
18134,,,9240801124,AE2408,18135,
18135,,,9240801103,AE2408,18136,
18136,,,9240801104,AE2408,18137,
18137,,,9240801105,AE2408,18138,
18138,,,9240801106,AE2408,18139,
18139,,,9240801107,AE2408,18140,
18140,,,9240801108,AE2408,18141,
18141,,,9240801109,AE2408,18142,
18142,,,9240801201,AE2408,18143,
18143,,,9240801210,AE2408,18144,
18144,,,9240801211,AE2408,18145,
18145,,,9240801212,AE2408,18146,
18146,,,9240801213,AE2408,18147,
18147,,,9240801214,AE2408,18148,
18148,,,9240801215,AE2408,18149,
18149,,,9240801216,AE2408,18150,
18150,,,9240801217,AE2408,18151,
18151,,,9240801218,AE2408,18152,
18152,,,9240801219,AE2408,18153,
18153,,,9240801202,AE2408,18154,
18154,,,9240801220,AE2408,18155,
18155,,,9240801221,AE2408,18156,
18156,,,9240801222,AE2408,18157,
18157,,,9240801223,AE2408,18158,
18158,,,9240801224,AE2408,18159,
18159,,,9240801203,AE2408,18160,
18160,,,9240801204,AE2408,18161,
18161,,,9240801205,AE2408,18162,
18162,,,9240801206,AE2408,18163,
18163,,,9240801207,AE2408,18164,
18164,,,9240801208,AE2408,18165,
18165,,,9240801209,AE2408,18166,
18166,,,9240801301,AE2408,18167,
18167,,,9240801310,AE2408,18168,
18168,,,9240801311,AE2408,18169,
18169,,,9240801312,AE2408,18170,
18170,,,9240801313,AE2408,18171,
18171,,,9240801314,AE2408,18172,
18172,,,9240801315,AE2408,18173,
18173,,,9240801316,AE2408,18174,
18174,,,9240801317,AE2408,18175,
18175,,,9240801318,AE2408,18176,
18176,,,9240801319,AE2408,18177,
18177,,,9240801302,AE2408,18178,
18178,,,9240801320,AE2408,18179,
18179,,,9240801321,AE2408,18180,
18180,,,9240801322,AE2408,18181,
18181,,,9240801323,AE2408,18182,
18182,,,9240801324,AE2408,18183,
18183,,,9240801303,AE2408,18184,
18184,,,9240801304,AE2408,18185,
18185,,,9240801305,AE2408,18186,
18186,,,9240801306,AE2408,18187,
18187,,,9240801307,AE2408,18188,
18188,,,9240801308,AE2408,18189,
18189,,,9240801309,AE2408,18190,
18190,,,9240801401,AE2408,18191,
18191,,,9240801410,AE2408,18192,
18192,,,9240801411,AE2408,18193,
18193,,,9240801412,AE2408,18194,
18194,,,9240801413,AE2408,18195,
18195,,,9240801414,AE2408,18196,
18196,,,9240801415,AE2408,18197,
18197,,,9240801416,AE2408,18198,
18198,,,9240801417,AE2408,18199,
18199,,,9240801418,AE2408,18200,
18200,,,9240801419,AE2408,18201,
18201,,,9240801402,AE2408,18202,
18202,,,9240801420,AE2408,18203,
18203,,,9240801421,AE2408,18204,
18204,,,9240801422,AE2408,18205,
18205,,,9240801423,AE2408,18206,
18206,,,9240801424,AE2408,18207,
18207,,,9240801403,AE2408,18208,
18208,,,9240801404,AE2408,18209,
18209,,,9240801405,AE2408,18210,
18210,,,9240801406,AE2408,18211,
18211,,,9240801407,AE2408,18212,
18212,,,9240801408,AE2408,18213,
18213,,,9240801409,AE2408,18214,
18214,,,9240801501,AE2408,18215,
18215,,,9240801510,AE2408,18216,
18216,,,9240801511,AE2408,18217,
18217,,,9240801512,AE2408,18218,
18218,,,9240801513,AE2408,18219,
18219,,,9240801514,AE2408,18220,
18220,,,9240801515,AE2408,18221,
18221,,,9240801516,AE2408,18222,
18222,,,9240801517,AE2408,18223,
18223,,,9240801518,AE2408,18224,
18224,,,9240801519,AE2408,18225,
18225,,,9240801502,AE2408,18226,
18226,,,9240801520,AE2408,18227,
18227,,,9240801521,AE2408,18228,
18228,,,9240801522,AE2408,18229,
18229,,,9240801523,AE2408,18230,
18230,,,9240801524,AE2408,18231,
18231,,,9240801503,AE2408,18232,
18232,,,9240801504,AE2408,18233,
18233,,,9240801505,AE2408,18234,
18234,,,9240801506,AE2408,18235,
18235,,,9240801507,AE2408,18236,
18236,,,9240801508,AE2408,18237,
18237,,,9240801509,AE2408,18238,
18238,,,9240801601,AE2408,18239,
18239,,,9240801610,AE2408,18240,
18240,,,9240801611,AE2408,18241,
18241,,,9240801612,AE2408,18242,
18242,,,9240801613,AE2408,18243,
18243,,,9240801614,AE2408,18244,
18244,,,9240801615,AE2408,18245,
18245,,,9240801616,AE2408,18246,
18246,,,9240801617,AE2408,18247,
18247,,,9240801618,AE2408,18248,
18248,,,9240801619,AE2408,18249,
18249,,,9240801602,AE2408,18250,
18250,,,9240801620,AE2408,18251,
18251,,,9240801621,AE2408,18252,
18252,,,9240801622,AE2408,18253,
18253,,,9240801623,AE2408,18254,
18254,,,9240801624,AE2408,18255,
18255,,,9240801603,AE2408,18256,
18256,,,9240801604,AE2408,18257,
18257,,,9240801605,AE2408,18258,
18258,,,9240801606,AE2408,18259,
18259,,,9240801607,AE2408,18260,
18260,,,9240801608,AE2408,18261,
18261,,,9240801609,AE2408,18262,
18262,,,9240800201,AE2408,18263,
18263,,,9240800210,AE2408,18264,
18264,,,9240800211,AE2408,18265,
18265,,,9240800212,AE2408,18266,
18266,,,9240800213,AE2408,18267,
18267,,,9240800214,AE2408,18268,
18268,,,9240800215,AE2408,18269,
18269,,,9240800216,AE2408,18270,
18270,,,9240800217,AE2408,18271,
18271,,,9240800218,AE2408,18272,
18272,,,9240800219,AE2408,18273,
18273,,,9240800202,AE2408,18274,
18274,,,9240800220,AE2408,18275,
18275,,,9240800221,AE2408,18276,
18276,,,9240800222,AE2408,18277,
18277,,,9240800223,AE2408,18278,
18278,,,9240800224,AE2408,18279,
18279,,,9240800203,AE2408,18280,
18280,,,9240800204,AE2408,18281,
18281,,,9240800205,AE2408,18282,
18282,,,9240800206,AE2408,18283,
18283,,,9240800207,AE2408,18284,
18284,,,9240800208,AE2408,18285,
18285,,,9240800209,AE2408,18286,
18286,,,9240800301,AE2408,18287,
18287,,,9240800310,AE2408,18288,
18288,,,9240800311,AE2408,18289,
18289,,,9240800312,AE2408,18290,
18290,,,9240800313,AE2408,18291,
18291,,,9240800314,AE2408,18292,
18292,,,9240800315,AE2408,18293,
18293,,,9240800316,AE2408,18294,
18294,,,9240800317,AE2408,18295,
18295,,,9240800318,AE2408,18296,
18296,,,9240800319,AE2408,18297,
18297,,,9240800302,AE2408,18298,
18298,,,9240800320,AE2408,18299,
18299,,,9240800321,AE2408,18300,
18300,,,9240800322,AE2408,18301,
18301,,,9240800323,AE2408,18302,
18302,,,9240800324,AE2408,18303,
18303,,,9240800303,AE2408,18304,
18304,,,9240800304,AE2408,18305,
18305,,,9240800305,AE2408,18306,
18306,,,9240800306,AE2408,18307,
18307,,,9240800307,AE2408,18308,
18308,,,9240800308,AE2408,18309,
18309,,,9240800309,AE2408,18310,
18310,,,9240800401,AE2408,18311,
18311,,,9240800410,AE2408,18312,
18312,,,9240800411,AE2408,18313,
18313,,,9240800412,AE2408,18314,
18314,,,9240800413,AE2408,18315,
18315,,,9240800414,AE2408,18316,
18316,,,9240800415,AE2408,18317,
18317,,,9240800416,AE2408,18318,
18318,,,9240800417,AE2408,18319,
18319,,,9240800418,AE2408,18320,
18320,,,9240800419,AE2408,18321,
18321,,,9240800402,AE2408,18322,
18322,,,9240800420,AE2408,18323,
18323,,,9240800421,AE2408,18324,
18324,,,9240800422,AE2408,18325,
18325,,,9240800423,AE2408,18326,
18326,,,9240800424,AE2408,18327,
18327,,,9240800403,AE2408,18328,
18328,,,9240800404,AE2408,18329,
18329,,,9240800405,AE2408,18330,
18330,,,9240800406,AE2408,18331,
18331,,,9240800407,AE2408,18332,
18332,,,9240800408,AE2408,18333,
18333,,,9240800409,AE2408,18334,
18334,,,9240800520,AE2408,18335,
18335,,,9240800521,AE2408,18336,
18336,,,9240800522,AE2408,18337,
18337,,,9240800523,AE2408,18338,
18338,,,9240800524,AE2408,18339,
18339,,,9240800601,AE2408,18340,
18340,,,9240800610,AE2408,18341,
18341,,,9240800611,AE2408,18342,
18342,,,9240800612,AE2408,18343,
18343,,,9240800613,AE2408,18344,
18344,,,9240800614,AE2408,18345,
18345,,,9240800615,AE2408,18346,
18346,,,9240800616,AE2408,18347,
18347,,,9240800617,AE2408,18348,
18348,,,9240800618,AE2408,18349,
18349,,,9240800619,AE2408,18350,
18350,,,9240800602,AE2408,18351,
18351,,,9240800620,AE2408,18352,
18352,,,9240800621,AE2408,18353,
18353,,,9240800622,AE2408,18354,
18354,,,9240800623,AE2408,18355,
18355,,,9240800624,AE2408,18356,
18356,,,9240800603,AE2408,18357,
18357,,,9240800604,AE2408,18358,
18358,,,9240800605,AE2408,18359,
18359,,,9240800606,AE2408,18360,
18360,,,9240800607,AE2408,18361,
18361,,,9240800608,AE2408,18362,
18362,,,9240800609,AE2408,18363,
18363,,,9240800701,AE2408,18364,
18364,,,9240800710,AE2408,18365,
18365,,,9240800711,AE2408,18366,
18366,,,9240800712,AE2408,18367,
18367,,,9240800713,AE2408,18368,
18368,,,9240800714,AE2408,18369,
18369,,,9240800715,AE2408,18370,
18370,,,9240800716,AE2408,18371,
18371,,,9240800717,AE2408,18372,
18372,,,9240800718,AE2408,18373,
18373,,,9240800719,AE2408,18374,
18374,,,9240800702,AE2408,18375,
18375,,,9240800720,AE2408,18376,
18376,,,9240800721,AE2408,18377,
18377,,,9240800722,AE2408,18378,
18378,,,9240800723,AE2408,18379,
18379,,,9240800724,AE2408,18380,
18380,,,9240800703,AE2408,18381,
18381,,,9240800704,AE2408,18382,
18382,,,9240800705,AE2408,18383,
18383,,,9240800706,AE2408,18384,
18384,,,9240800707,AE2408,18385,
18385,,,9240800708,AE2408,18386,
18386,,,9240800709,AE2408,18387,
18387,,,9240800801,AE2408,18388,
18388,,,9240800810,AE2408,18389,
18389,,,9240800811,AE2408,18390,
18390,,,9240800812,AE2408,18391,
18391,,,9240800813,AE2408,18392,
18392,,,9240800814,AE2408,18393,
18393,,,9240800815,AE2408,18394,
18394,,,9240800816,AE2408,18395,
18395,,,9240800817,AE2408,18396,
18396,,,9240800818,AE2408,18397,
18397,,,9240800819,AE2408,18398,
18398,,,9240800802,AE2408,18399,
18399,,,9240800820,AE2408,18400,
18400,,,9240800821,AE2408,18401,
18401,,,9240800822,AE2408,18402,
18402,,,9240800823,AE2408,18403,
18403,,,9240800824,AE2408,18404,
18404,,,9240800803,AE2408,18405,
18405,,,9240800804,AE2408,18406,
18406,,,9240800805,AE2408,18407,
18407,,,9240800806,AE2408,18408,
18408,,,9240800807,AE2408,18409,
18409,,,9240800808,AE2408,18410,
18410,,,9240800809,AE2408,18411,
18411,,,9240800901,AE2408,18412,
18412,,,9240800910,AE2408,18413,
18413,,,9240800911,AE2408,18414,
18414,,,9240800912,AE2408,18415,
18415,,,9240800913,AE2408,18416,
18416,,,9240800914,AE2408,18417,
18417,,,9240800915,AE2408,18418,
18418,,,9240800916,AE2408,18419,
18419,,,9240800917,AE2408,18420,
18420,,,9240800918,AE2408,18421,
18421,,,9240800919,AE2408,18422,
18422,,,9240800902,AE2408,18423,
18423,,,9240800920,AE2408,18424,
18424,,,9240800921,AE2408,18425,
18425,,,9240800922,AE2408,18426,
18426,,,9240800923,AE2408,18427,
18427,,,9240800924,AE2408,18428,
18428,,,9240800903,AE2408,18429,
18429,,,9240800904,AE2408,18430,
18430,,,9240800905,AE2408,18431,
18431,,,9240800906,AE2408,18432,
18432,,,9240800907,AE2408,18433,
18433,,,9240800908,AE2408,18434,
18434,,,9240800909,AE2408,18435,
18435,,,9251100101,AE2511,18436,
18436,,,9251100102,AE2511,18437,
18437,,,9251100103,AE2511,18438,
18438,,,9251100104,AE2511,18439,
18439,,,9251100105,AE2511,18440,
18440,,,9251100106,AE2511,18441,
18441,,,9251100107,AE2511,18442,
18442,,,9251100108,AE2511,18443,
18443,,,9251100109,AE2511,18444,
18444,,,9251100110,AE2511,18445,
18445,,,9251100111,AE2511,18446,
18446,,,9251100112,AE2511,18447,
18447,,,9251100113,AE2511,18448,
18448,,,9251100114,AE2511,18449,
18449,,,9251100115,AE2511,18450,
18450,,,9251100116,AE2511,18451,
18451,,,9251100117,AE2511,18452,
18452,,,9251100118,AE2511,18453,
18453,,,9251100119,AE2511,18454,
18454,,,9251100120,AE2511,18455,
18455,,,9251100121,AE2511,18456,
18456,,,9251100122,AE2511,18457,
18457,,,9251100123,AE2511,18458,
18458,,,9251100124,AE2511,18459,
18459,,,9251100213,AE2511,18460,
18460,,,9251100214,AE2511,18461,
18461,,,9251100215,AE2511,18462,
18462,,,9251100216,AE2511,18463,
18463,,,9251100217,AE2511,18464,
18464,,,9251100218,AE2511,18465,
18465,,,9251100219,AE2511,18466,
18466,,,9251100220,AE2511,18467,
18467,,,9251100221,AE2511,18468,
18468,,,9251100222,AE2511,18469,
18469,,,9251100223,AE2511,18470,
18470,,,9251100224,AE2511,18471,
18471,,,9251100301,AE2511,18472,
18472,,,9251100302,AE2511,18473,
18473,,,9251100303,AE2511,18474,
18474,,,9251100304,AE2511,18475,
18475,,,9251100305,AE2511,18476,
18476,,,9251100306,AE2511,18477,
18477,,,9251100307,AE2511,18478,
18478,,,9251100308,AE2511,18479,
18479,,,9251100309,AE2511,18480,
18480,,,9251100310,AE2511,18481,
18481,,,9251100311,AE2511,18482,
18482,,,9251100312,AE2511,18483,
18483,,,9251100313,AE2511,18484,
18484,,,9251100314,AE2511,18485,
18485,,,9251100315,AE2511,18486,
18486,,,9251100316,AE2511,18487,
18487,,,9251100317,AE2511,18488,
18488,,,9251100318,AE2511,18489,
18489,,,9251100319,AE2511,18490,
18490,,,9251100320,AE2511,18491,
18491,,,9251100321,AE2511,18492,
18492,,,9251100322,AE2511,18493,
18493,,,9251100323,AE2511,18494,
18494,,,9251100324,AE2511,18495,
18495,,,9251100401,AE2511,18496,
18496,,,9251100402,AE2511,18497,
18497,,,9251100403,AE2511,18498,
18498,,,9251100404,AE2511,18499,
18499,,,9251100405,AE2511,18500,
18500,,,9251100406,AE2511,18501,
18501,,,9251100407,AE2511,18502,
18502,,,9251100408,AE2511,18503,
18503,,,9251100409,AE2511,18504,
18504,,,9251100410,AE2511,18505,
18505,,,9251100411,AE2511,18506,
18506,,,9251100412,AE2511,18507,
18507,,,9251100413,AE2511,18508,
18508,,,9251100414,AE2511,18509,
18509,,,9251100415,AE2511,18510,
18510,,,9251100416,AE2511,18511,
18511,,,9251100417,AE2511,18512,
18512,,,9251100418,AE2511,18513,
18513,,,9251100419,AE2511,18514,
18514,,,9251100420,AE2511,18515,
18515,,,9251100421,AE2511,18516,
18516,,,9251100422,AE2511,18517,
18517,,,9251100423,AE2511,18518,
18518,,,9251100424,AE2511,18519,
18519,,,9251100518,AE2511,18520,
18520,,,9251100519,AE2511,18521,
18521,,,9251100520,AE2511,18522,
18522,,,9251100521,AE2511,18523,
18523,,,9251100522,AE2511,18524,
18524,,,9251100523,AE2511,18525,
18525,,,9251100524,AE2511,18526,
18526,,,9251100601,AE2511,18527,
18527,,,9251100602,AE2511,18528,
18528,,,9251100603,AE2511,18529,
18529,,,9251100604,AE2511,18530,
18530,,,9251100605,AE2511,18531,
18531,,,9251100606,AE2511,18532,
18532,,,9251100607,AE2511,18533,
18533,,,9251100608,AE2511,18534,
18534,,,9251100609,AE2511,18535,
18535,,,9251100610,AE2511,18536,
18536,,,9251100611,AE2511,18537,
18537,,,9251100612,AE2511,18538,
18538,,,9251100613,AE2511,18539,
18539,,,9251100614,AE2511,18540,
18540,,,9251100615,AE2511,18541,
18541,,,9251100616,AE2511,18542,
18542,,,9251100617,AE2511,18543,
18543,,,9251100618,AE2511,18544,
18544,,,9251100619,AE2511,18545,
18545,,,9251100620,AE2511,18546,
18546,,,9251100621,AE2511,18547,
18547,,,9251100701,AE2511,18548,
18548,,,9251100702,AE2511,18549,
18549,,,9251100703,AE2511,18550,
18550,,,9251100704,AE2511,18551,
18551,,,9251100705,AE2511,18552,
18552,,,9251100706,AE2511,18553,
18553,,,9251100707,AE2511,18554,
18554,,,9251100708,AE2511,18555,
18555,,,9251100709,AE2511,18556,
18556,,,9251100710,AE2511,18557,
18557,,,9251100711,AE2511,18558,
18558,,,9251100712,AE2511,18559,
18559,,,9251100713,AE2511,18560,
18560,,,9251100714,AE2511,18561,
18561,,,9251100715,AE2511,18562,
18562,,,9251100716,AE2511,18563,
18563,,,9251100717,AE2511,18564,
18564,,,9251100718,AE2511,18565,
18565,,,9251100719,AE2511,18566,
18566,,,9251100720,AE2511,18567,
18567,,,9251100801,AE2511,18568,
18568,,,9251100802,AE2511,18569,
18569,,,9251100803,AE2511,18570,
18570,,,9251100804,AE2511,18571,
18571,,,9251100805,AE2511,18572,
18572,,,9251100806,AE2511,18573,
18573,,,9251100807,AE2511,18574,
18574,,,9251100808,AE2511,18575,
18575,,,9251100809,AE2511,18576,
18576,,,9251100810,AE2511,18577,
18577,,,9251100811,AE2511,18578,
18578,,,9251100812,AE2511,18579,
18579,,,9251100813,AE2511,18580,
18580,,,9251100814,AE2511,18581,
18581,,,9251100815,AE2511,18582,
18582,,,9251100816,AE2511,18583,
18583,,,9251100817,AE2511,18584,
18584,,,9251100818,AE2511,18585,
18585,,,9251100819,AE2511,18586,
18586,,,9251100820,AE2511,18587,
18587,,,9251100821,AE2511,18588,
18588,,,9251100822,AE2511,18589,
18589,,,9251100823,AE2511,18590,
18590,,,9251100824,AE2511,18591,
18591,,,9251100901,AE2511,18592,
18592,,,9251100902,AE2511,18593,
18593,,,9251100903,AE2511,18594,
18594,,,9251100904,AE2511,18595,
18595,,,9251100905,AE2511,18596,
18596,,,9251100906,AE2511,18597,
18597,,,9251100907,AE2511,18598,
18598,,,9251100908,AE2511,18599,
18599,,,9251100909,AE2511,18600,
18600,,,9251100910,AE2511,18601,
18601,,,9251100911,AE2511,18602,
18602,,,9251100912,AE2511,18603,
18603,,,9251100913,AE2511,18604,
18604,,,9251100914,AE2511,18605,
18605,,,9251100915,AE2511,18606,
18606,,,9251100916,AE2511,18607,
18607,,,9251100917,AE2511,18608,
18608,,,9251100918,AE2511,18609,
18609,,,9251100919,AE2511,18610,
18610,,,9251100920,AE2511,18611,
18611,,,9251100921,AE2511,18612,
18612,,,9251100922,AE2511,18613,
18613,,,9251100923,AE2511,18614,
18614,,,9251100924,AE2511,18615,
18615,,,9251101001,AE2511,18616,
18616,,,9251101002,AE2511,18617,
18617,,,9251101003,AE2511,18618,
18618,,,9251101004,AE2511,18619,
18619,,,9251101005,AE2511,18620,
18620,,,9251101006,AE2511,18621,
18621,,,9251101007,AE2511,18622,
18622,,,9251101008,AE2511,18623,
18623,,,9251101009,AE2511,18624,
18624,,,9251101010,AE2511,18625,
18625,,,9251101011,AE2511,18626,
18626,,,9251101012,AE2511,18627,
18627,,,9251101013,AE2511,18628,
18628,,,9251101014,AE2511,18629,
18629,,,9251101015,AE2511,18630,
18630,,,9251101016,AE2511,18631,
18631,,,9251101017,AE2511,18632,
18632,,,9251101018,AE2511,18633,
18633,,,9251101019,AE2511,18634,
18634,,,9251101020,AE2511,18635,
18635,,,9251101021,AE2511,18636,
18636,,,9251101022,AE2511,18637,
18637,,,9251101023,AE2511,18638,
18638,,,9251101024,AE2511,18639,
18639,,,9251101101,AE2511,18640,
18640,,,9251101102,AE2511,18641,
18641,,,9251101103,AE2511,18642,
18642,,,9251101104,AE2511,18643,
18643,,,9251101105,AE2511,18644,
18644,,,9251101106,AE2511,18645,
18645,,,9251101107,AE2511,18646,
18646,,,9251101108,AE2511,18647,
18647,,,9251101109,AE2511,18648,
18648,,,9251101110,AE2511,18649,
18649,,,9251101111,AE2511,18650,
18650,,,9251101112,AE2511,18651,
18651,,,9251101113,AE2511,18652,
18652,,,9251101114,AE2511,18653,
18653,,,9251101115,AE2511,18654,
18654,,,9251101116,AE2511,18655,
18655,,,9251101117,AE2511,18656,
18656,,,9251101118,AE2511,18657,
18657,,,9251101119,AE2511,18658,
18658,,,9251101120,AE2511,18659,
18659,,,9251101124,AE2511,18660,
18660,,,9251101201,AE2511,18661,
18661,,,9251101202,AE2511,18662,
18662,,,9251101203,AE2511,18663,
18663,,,9251101204,AE2511,18664,
18664,,,9251101205,AE2511,18665,
18665,,,9251101206,AE2511,18666,
18666,,,9251101207,AE2511,18667,
18667,,,9251101208,AE2511,18668,
18668,,,9251101209,AE2511,18669,
18669,,,9251101210,AE2511,18670,
18670,,,9251101211,AE2511,18671,
18671,,,9251101212,AE2511,18672,
18672,,,9251101213,AE2511,18673,
18673,,,9251101214,AE2511,18674,
18674,,,9251101215,AE2511,18675,
18675,,,9251101216,AE2511,18676,
18676,,,9251101217,AE2511,18677,
18677,,,9251101218,AE2511,18678,
18678,,,9251101219,AE2511,18679,
18679,,,9251101224,AE2511,18680,
18680,,,9251101301,AE2511,18681,
18681,,,9251101302,AE2511,18682,
18682,,,9251101303,AE2511,18683,
18683,,,9251101304,AE2511,18684,
18684,,,9251101305,AE2511,18685,
18685,,,9251101306,AE2511,18686,
18686,,,9251101307,AE2511,18687,
18687,,,9251101308,AE2511,18688,
18688,,,9251101309,AE2511,18689,
18689,,,9251101310,AE2511,18690,
18690,,,9251101311,AE2511,18691,
18691,,,9251101312,AE2511,18692,
18692,,,9251101313,AE2511,18693,
18693,,,9251101314,AE2511,18694,
18694,,,9251101315,AE2511,18695,
18695,,,9251101316,AE2511,18696,
18696,,,9251101317,AE2511,18697,
18697,,,9251101401,AE2511,18698,
18698,,,9251101402,AE2511,18699,
18699,,,9251101403,AE2511,18700,
18700,,,9251101404,AE2511,18701,
18701,,,9251101405,AE2511,18702,
18702,,,9251101406,AE2511,18703,
18703,,,9251101407,AE2511,18704,
18704,,,9251101408,AE2511,18705,
18705,,,9251101409,AE2511,18706,
18706,,,9251101410,AE2511,18707,
18707,,,9251101411,AE2511,18708,
18708,,,9251101412,AE2511,18709,
18709,,,9251101413,AE2511,18710,
18710,,,9251101414,AE2511,18711,
18711,,,9251101415,AE2511,18712,
18712,,,9251101416,AE2511,18713,
18713,,,9251101417,AE2511,18714,
18714,,,9251101418,AE2511,18715,
18715,,,9251101419,AE2511,18716,
18716,,,9251101420,AE2511,18717,
18717,,,9251101421,AE2511,18718,
18718,,,9251101422,AE2511,18719,
18719,,,9251101423,AE2511,18720,
18720,,,9251101424,AE2511,18721,
18721,,,9251101501,AE2511,18722,
18722,,,9251101502,AE2511,18723,
18723,,,9251101503,AE2511,18724,
18724,,,9251101504,AE2511,18725,
18725,,,9251101505,AE2511,18726,
18726,,,9251101506,AE2511,18727,
