New_ID,bottleID,cast,cruise,getDataHere,id,niskin,nominalDepth
1033900707,1033900707,7,AE1718,,1,7,40
1033900708,1033900708,7,AE1718,,2,8,40
1033900709,1033900709,7,AE1718,,3,9,60
1033900710,1033900710,7,AE1718,,4,10,60
1033900711,1033900711,7,AE1718,,5,11,80
1033900712,1033900712,7,AE1718,,6,12,80
1033900713,1033900713,7,AE1718,,7,13,100
1033900714,1033900714,7,AE1718,,8,14,100
1033900715,1033900715,7,AE1718,,9,15,120
1033900716,1033900716,7,AE1718,,10,16,120
1033900717,1033900717,7,AE1718,,11,17,140
1033900718,1033900718,7,AE1718,,12,18,140
1033900719,1033900719,7,AE1718,,13,19,160
1033900720,1033900720,7,AE1718,,14,20,160
1033900721,1033900721,7,AE1718,,15,21,200
1033900722,1033900722,7,AE1718,,16,22,200
1033900723,1033900723,7,AE1718,,17,23,250
1033900724,1033900724,7,AE1718,,18,24,250
1033900801,1033900801,8,AE1718,,19,1,1
1033900802,1033900802,8,AE1718,,20,2,10
1033900803,1033900803,8,AE1718,,21,3,20
1033900804,1033900804,8,AE1718,,22,4,40
1033900805,1033900805,8,AE1718,,23,5,60
1033900806,1033900806,8,AE1718,,24,6,80
1033900807,1033900807,8,AE1718,,25,7,100
1033900808,1033900808,8,AE1718,,26,8,120
1033900809,1033900809,8,AE1718,,27,9,140
1033900810,1033900810,8,AE1718,,28,10,160
1033900811,1033900811,8,AE1718,,29,11,200
1033900812,1033900812,8,AE1718,,30,12,250
1033900813,1033900813,8,AE1718,,31,13,300
1033900814,1033900814,8,AE1718,,32,14,300
1033900815,1033900815,8,AE1718,,33,15,400
1033900816,1033900816,8,AE1718,,34,16,400
1033900817,1033900817,8,AE1718,,35,17,500
1033900818,1033900818,8,AE1718,,36,18,500
1033900819,1033900819,8,AE1718,,37,19,700
1033900820,1033900820,8,AE1718,,38,20,800
1033900821,1033900821,8,AE1718,,39,21,900
1033900822,1033900822,8,AE1718,,40,22,1000
1033900823,1033900823,8,AE1718,,41,23,1200
1033900824,1033900824,8,AE1718,,42,24,1200
1033901101,1033901101,11,AE1718,,43,1,1
1033901102,1033901102,11,AE1718,V4_dada2_read_info_03052026.xlsx,44,2,1
1033901103,1033901103,11,AE1718,,45,3,20
1033901104,1033901104,11,AE1718,V4_dada2_read_info_03052026.xlsx,46,4,40
1033901105,1033901105,11,AE1718,,47,5,40
1033901106,1033901106,11,AE1718,,48,6,60
1033901107,1033901107,11,AE1718,V4_dada2_read_info_03052026.xlsx,49,7,80
1033901108,1033901108,11,AE1718,,50,8,100
1033901109,1033901109,11,AE1718,V4_dada2_read_info_03052026.xlsx,51,9,120
1033901110,1033901110,11,AE1718,,52,10,120
1033901111,1033901111,11,AE1718,,53,11,140
1033901112,1033901112,11,AE1718,V4_dada2_read_info_03052026.xlsx,54,12,160
1033901113,1033901113,11,AE1718,V4_dada2_read_info_03052026.xlsx,55,13,200
1033901114,1033901114,11,AE1718,,56,14,200
1033901115,1033901115,11,AE1718,V4_dada2_read_info_03052026.xlsx,57,15,250
1033901116,1033901116,11,AE1718,,58,16,250
1033901117,1033901117,11,AE1718,V4_dada2_read_info_03052026.xlsx,59,17,300
1033901118,1033901118,11,AE1718,,60,18,300
1033901119,1033901119,11,AE1718,,61,19,400
1033901120,1033901120,11,AE1718,,62,20,500
1033901121,1033901121,11,AE1718,,63,21,600
1033901122,1033901122,11,AE1718,,64,22,800
1033901123,1033901123,11,AE1718,,65,23,1000
1033901124,1033901124,11,AE1718,,66,24,1000
1034401309,1034401309,13,AE1805,V4_dada2_read_info_03052026.xlsx,67,9,160
1034401309,1034401309,13,AE1805,V4_dada2_read_info_03052026.xlsx,67,9,160
1034401310,1034401310,13,AE1805,,68,10,160
1034401311,1034401311,13,AE1805,V4_dada2_read_info_03052026.xlsx,69,11,200
1034401311,1034401311,13,AE1805,V4_dada2_read_info_03052026.xlsx,69,11,200
1034401312,1034401312,13,AE1805,,70,12,200
1034401313,1034401313,13,AE1805,V4_dada2_read_info_03052026.xlsx,71,13,250
1034401313,1034401313,13,AE1805,V4_dada2_read_info_03052026.xlsx,71,13,250
1034401314,1034401314,13,AE1805,,72,14,250
1034401315,1034401315,13,AE1805,V4_dada2_read_info_03052026.xlsx,73,15,300
1034401315,1034401315,13,AE1805,V4_dada2_read_info_03052026.xlsx,73,15,300
1034401316,1034401316,13,AE1805,,74,16,300
1034401317,1034401317,13,AE1805,V4_dada2_read_info_03052026.xlsx,75,17,500
1034401318,1034401318,13,AE1805,,76,18,500
1034401319,1034401319,13,AE1805,V4_dada2_read_info_03052026.xlsx,77,19,600
1034401320,1034401320,13,AE1805,,78,20,600
1034401321,1034401321,13,AE1805,V4_dada2_read_info_03052026.xlsx,79,21,800
1034401322,1034401322,13,AE1805,,80,22,800
1034401323,1034401323,13,AE1805,V4_dada2_read_info_03052026.xlsx,81,23,1000
1034401324,1034401324,13,AE1805,,82,24,1000
1034500201,1034500201,2,AE1807,,83,1,300
1034500202,1034500202,2,AE1807,,84,2,400
1034500203,1034500203,2,AE1807,,85,3,500
1034500204,1034500204,2,AE1807,,86,4,600
1034500205,1034500205,2,AE1807,,87,5,700
1034500206,1034500206,2,AE1807,,88,6,800
1034500207,1034500207,2,AE1807,,89,7,900
1034500208,1034500208,2,AE1807,,90,8,1000
1034500209,1034500209,2,AE1807,,91,9,1100
1034500210,1034500210,2,AE1807,,92,10,1200
1034500211,1034500211,2,AE1807,,93,11,1300
1034500212,1034500212,2,AE1807,,94,12,1400
1034500213,1034500213,2,AE1807,,95,13,1600
1034500214,1034500214,2,AE1807,,96,14,1800
1034500215,1034500215,2,AE1807,,97,15,2000
1034500216,1034500216,2,AE1807,,98,16,2200
1034500217,1034500217,2,AE1807,,99,17,2400
1034500218,1034500218,2,AE1807,,100,18,2600
1034500219,1034500219,2,AE1807,,101,19,3000
1034500220,1034500220,2,AE1807,,102,20,3400
1034500221,1034500221,2,AE1807,,103,21,3800
1034500222,1034500222,2,AE1807,,104,22,4000
1034500223,1034500223,2,AE1807,,105,23,4200
1034500224,1034500224,2,AE1807,,106,24,4530
1034500401,1034500401,4,AE1807,,107,1,10
1034500402,1034500402,4,AE1807,,108,2,1
1034500403,1034500403,4,AE1807,,109,3,20
1034500404,1034500404,4,AE1807,,110,4,20
1034500405,1034500405,4,AE1807,,111,5,40
1034500406,1034500406,4,AE1807,,112,6,40
1034500407,1034500407,4,AE1807,,113,7,60
1034500408,1034500408,4,AE1807,,114,8,60
1034500409,1034500409,4,AE1807,,115,9,80
1034500410,1034500410,4,AE1807,,116,10,80
1034500411,1034500411,4,AE1807,,117,11,100
1034500412,1034500412,4,AE1807,,118,12,100
1034500413,1034500413,4,AE1807,,119,13,120
1034500414,1034500414,4,AE1807,,120,14,120
1034500415,1034500415,4,AE1807,,121,15,140
1034500416,1034500416,4,AE1807,,122,16,140
1034500501,1034500501,5,AE1807,,123,1,1
1034500502,1034500502,5,AE1807,,124,2,1
1034500503,1034500503,5,AE1807,,125,3,10
1034500504,1034500504,5,AE1807,,126,4,10
1034500505,1034500505,5,AE1807,,127,5,20
1034500506,1034500506,5,AE1807,,128,6,20
1034500507,1034500507,5,AE1807,,129,7,40
1034500508,1034500508,5,AE1807,,130,8,40
1034500509,1034500509,5,AE1807,,131,9,60
1034500510,1034500510,5,AE1807,,132,10,60
1034500511,1034500511,5,AE1807,,133,11,80
1034500512,1034500512,5,AE1807,,134,12,80
1034500513,1034500513,5,AE1807,,135,13,100
1034500514,1034500514,5,AE1807,,136,14,100
1034500515,1034500515,5,AE1807,,137,15,120
1034500516,1034500516,5,AE1807,,138,16,120
1034500517,1034500517,5,AE1807,,139,17,140
1034500518,1034500518,5,AE1807,,140,18,140
1034500519,1034500519,5,AE1807,,141,19,160
1034500520,1034500520,5,AE1807,,142,20,160
1034500521,1034500521,5,AE1807,,143,21,200
1034500522,1034500522,5,AE1807,,144,22,200
1034500523,1034500523,5,AE1807,,145,23,250
1034500524,1034500524,5,AE1807,,146,24,250
1034600101,1034600101,1,AE1810,,147,1,1
1034600102,1034600102,1,AE1810,,148,2,20
1034600103,1034600103,1,AE1810,,149,3,40
1034600104,1034600104,1,AE1810,,150,4,60
1034600105,1034600105,1,AE1810,,151,5,80
1034600106,1034600106,1,AE1810,,152,6,100
1034600107,1034600107,1,AE1810,,153,7,120
1034600108,1034600108,1,AE1810,,154,8,140
1034600109,1034600109,1,AE1810,,155,9,200
1034600110,1034600110,1,AE1810,,156,10,300
1034600111,1034600111,1,AE1810,,157,11,400
1034600112,1034600112,1,AE1810,,158,12,-999
1034600113,1034600113,1,AE1810,,159,13,-999
1034600114,1034600114,1,AE1810,,160,14,-999
1034600115,1034600115,1,AE1810,,161,15,-999
1034600116,1034600116,1,AE1810,,162,16,-999
1034600117,1034600117,1,AE1810,,163,17,-999
1034600118,1034600118,1,AE1810,,164,18,-999
1034600119,1034600119,1,AE1810,,165,19,-999
1034600120,1034600120,1,AE1810,,166,20,-999
1034600121,1034600121,1,AE1810,,167,21,500
1034600122,1034600122,1,AE1810,,168,22,600
1034600123,1034600123,1,AE1810,,169,23,1000
1034600124,1034600124,1,AE1810,,170,24,1000
1034600301,1034600301,3,AE1810,,171,1,600
1034600302,1034600302,3,AE1810,,172,2,700
1034600303,1034600303,3,AE1810,,173,3,800
1034600304,1034600304,3,AE1810,,174,4,900
1034600305,1034600305,3,AE1810,,175,5,1000
1034600306,1034600306,3,AE1810,,176,6,1100
1034600307,1034600307,3,AE1810,,177,7,1200
1034600308,1034600308,3,AE1810,,178,8,1300
1034600309,1034600309,3,AE1810,,179,9,1400
1034600310,1034600310,3,AE1810,,180,10,1600
1034600311,1034600311,3,AE1810,,181,11,1800
1034600312,1034600312,3,AE1810,,182,12,2000
1034600313,1034600313,3,AE1810,,183,13,2200
1034600314,1034600314,3,AE1810,,184,14,2400
1034600315,1034600315,3,AE1810,,185,15,2600
1034600316,1034600316,3,AE1810,,186,16,3000
1034600317,1034600317,3,AE1810,,187,17,3000
1034600318,1034600318,3,AE1810,,188,18,3400
1034600319,1034600319,3,AE1810,,189,19,3800
1034600320,1034600320,3,AE1810,,190,20,4000
1034600321,1034600321,3,AE1810,,191,21,4200
1034600322,1034600322,3,AE1810,,192,22,4530
1034600323,1034600323,3,AE1810,,193,23,4530
1034600324,1034600324,3,AE1810,,194,24,4530
1034600501,1034600501,5,AE1810,,195,1,1
1034600502,1034600502,5,AE1810,,196,2,1
1034600503,1034600503,5,AE1810,,197,3,20
1034600504,1034600504,5,AE1810,,198,4,20
1034600505,1034600505,5,AE1810,,199,5,40
1034600506,1034600506,5,AE1810,,200,6,40
1034600507,1034600507,5,AE1810,,201,7,60
1034600508,1034600508,5,AE1810,,202,8,60
1034600509,1034600509,5,AE1810,,203,9,80
1034600510,1034600510,5,AE1810,,204,10,80
1034600511,1034600511,5,AE1810,,205,11,100
1034600512,1034600512,5,AE1810,,206,12,100
1034600513,1034600513,5,AE1810,,207,13,120
1034600514,1034600514,5,AE1810,,208,14,120
1034600515,1034600515,5,AE1810,,209,15,140
1034600516,1034600516,5,AE1810,,210,16,140
1034600601,1034600601,6,AE1810,,211,1,1
1034600602,1034600602,6,AE1810,,212,2,1
1034600603,1034600603,6,AE1810,,213,3,10
1034600604,1034600604,6,AE1810,,214,4,10
1034600605,1034600605,6,AE1810,,215,5,20
1034600606,1034600606,6,AE1810,,216,6,20
1034600607,1034600607,6,AE1810,,217,7,40
1034600608,1034600608,6,AE1810,,218,8,40
1034600609,1034600609,6,AE1810,,219,9,60
1034600610,1034600610,6,AE1810,,220,10,60
1034600611,1034600611,6,AE1810,,221,11,80
1034600612,1034600612,6,AE1810,,222,12,80
1034600613,1034600613,6,AE1810,,223,13,100
1034600614,1034600614,6,AE1810,,224,14,100
1034600615,1034600615,6,AE1810,,225,15,120
1034600616,1034600616,6,AE1810,,226,16,120
1034600617,1034600617,6,AE1810,,227,17,140
1034600618,1034600618,6,AE1810,,228,18,140
1034600619,1034600619,6,AE1810,,229,19,160
1034600620,1034600620,6,AE1810,,230,20,160
1034600621,1034600621,6,AE1810,,231,21,200
1034600622,1034600622,6,AE1810,,232,22,200
1034600623,1034600623,6,AE1810,,233,23,250
1034600624,1034600624,6,AE1810,,234,24,250
1034600701,1034600701,7,AE1810,,235,1,300
1034600702,1034600702,7,AE1810,,236,2,300
1034600703,1034600703,7,AE1810,,237,3,300
1034600704,1034600704,7,AE1810,,238,4,400
1034600705,1034600705,7,AE1810,,239,5,400
1034600706,1034600706,7,AE1810,,240,6,400
1034600707,1034600707,7,AE1810,,241,7,500
1034600708,1034600708,7,AE1810,,242,8,500
1034600709,1034600709,7,AE1810,,243,9,500
1034600710,1034600710,7,AE1810,,244,10,-999
1034600711,1034600711,7,AE1810,,245,11,-999
1034600712,1034600712,7,AE1810,,246,12,-999
1034600713,1034600713,7,AE1810,,247,13,-999
1034600714,1034600714,7,AE1810,,248,14,-999
1034600715,1034600715,7,AE1810,,249,15,-999
1034600716,1034600716,7,AE1810,,250,16,-999
1034600717,1034600717,7,AE1810,,251,17,-999
1034600718,1034600718,7,AE1810,,252,18,-999
1034600719,1034600719,7,AE1810,,253,19,-999
1034600720,1034600720,7,AE1810,,254,20,-999
1034600721,1034600721,7,AE1810,,255,21,-999
1034600722,1034600722,7,AE1810,,256,22,-999
1034600723,1034600723,7,AE1810,,257,23,-999
1034600724,1034600724,7,AE1810,,258,24,-999
1034601201,1034601201,12,AE1810,V4_dada2_read_info_03052026.xlsx,259,1,1
1034601201,1034601201,12,AE1810,V4_dada2_read_info_03052026.xlsx,259,1,1
1034601202,1034601202,12,AE1810,,260,2,1
1034601203,1034601203,12,AE1810,V4_dada2_read_info_03052026.xlsx,261,3,40
1034601203,1034601203,12,AE1810,V4_dada2_read_info_03052026.xlsx,261,3,40
1034601204,1034601204,12,AE1810,,262,4,40
1034601205,1034601205,12,AE1810,V4_dada2_read_info_03052026.xlsx,263,5,80
1034601205,1034601205,12,AE1810,V4_dada2_read_info_03052026.xlsx,263,5,80
1034601206,1034601206,12,AE1810,,264,6,80
1034601207,1034601207,12,AE1810,V4_dada2_read_info_03052026.xlsx,265,7,120
1034601207,1034601207,12,AE1810,V4_dada2_read_info_03052026.xlsx,265,7,120
1034601208,1034601208,12,AE1810,,266,8,120
1034601209,1034601209,12,AE1810,V4_dada2_read_info_03052026.xlsx,267,9,160
1034601209,1034601209,12,AE1810,V4_dada2_read_info_03052026.xlsx,267,9,160
1034601210,1034601210,12,AE1810,,268,10,160
1034601211,1034601211,12,AE1810,V4_dada2_read_info_03052026.xlsx,269,11,200
1034601211,1034601211,12,AE1810,V4_dada2_read_info_03052026.xlsx,269,11,200
1034601212,1034601212,12,AE1810,,270,12,200
1034601213,1034601213,12,AE1810,V4_dada2_read_info_03052026.xlsx,271,13,250
1034601213,1034601213,12,AE1810,V4_dada2_read_info_03052026.xlsx,271,13,250
1034601214,1034601214,12,AE1810,,272,14,250
1034601215,1034601215,12,AE1810,V4_dada2_read_info_03052026.xlsx,273,15,300
1034601215,1034601215,12,AE1810,V4_dada2_read_info_03052026.xlsx,273,15,300
1034601216,1034601216,12,AE1810,,274,16,300
1034601217,1034601217,12,AE1810,V4_dada2_read_info_03052026.xlsx,275,17,500
1034601218,1034601218,12,AE1810,,276,18,500
1034601219,1034601219,12,AE1810,V4_dada2_read_info_03052026.xlsx,277,19,600
1034601220,1034601220,12,AE1810,,278,20,600
1034601221,1034601221,12,AE1810,V4_dada2_read_info_03052026.xlsx,279,21,800
1034601222,1034601222,12,AE1810,,280,22,800
1034601223,1034601223,12,AE1810,V4_dada2_read_info_03052026.xlsx,281,23,1000
1034601224,1034601224,12,AE1810,,282,24,1000
1034700801,1034700801,8,AE1814,,283,1,1
1034700802,1034700802,8,AE1814,,284,2,20
1034700803,1034700803,8,AE1814,,285,3,40
1034700804,1034700804,8,AE1814,,286,4,60
1034700805,1034700805,8,AE1814,,287,5,80
1034700806,1034700806,8,AE1814,,288,6,100
1034700807,1034700807,8,AE1814,,289,7,120
1034700808,1034700808,8,AE1814,,290,8,140
1034700809,1034700809,8,AE1814,,291,9,200
1034700810,1034700810,8,AE1814,,292,10,300
1034700811,1034700811,8,AE1814,,293,11,400
1034700812,1034700812,8,AE1814,,294,12,500
1034700813,1034700813,8,AE1814,,295,13,600
1034700814,1034700814,8,AE1814,,296,14,1000
1034700815,1034700815,8,AE1814,,297,15,1000
1034700901,1034700901,9,AE1814,,298,1,600
1034700902,1034700902,9,AE1814,,299,2,700
1034700903,1034700903,9,AE1814,,300,3,800
1034700904,1034700904,9,AE1814,,301,4,900
1034700905,1034700905,9,AE1814,,302,5,1000
1034700906,1034700906,9,AE1814,,303,6,1100
1034700907,1034700907,9,AE1814,,304,7,1200
1034700908,1034700908,9,AE1814,,305,8,1300
1034700909,1034700909,9,AE1814,,306,9,1400
1034700910,1034700910,9,AE1814,,307,10,1600
1034700911,1034700911,9,AE1814,,308,11,1800
1034700912,1034700912,9,AE1814,,309,12,2000
1034700913,1034700913,9,AE1814,,310,13,2200
1034700914,1034700914,9,AE1814,,311,14,2400
1034700915,1034700915,9,AE1814,,312,15,2600
1034700916,1034700916,9,AE1814,,313,16,3000
1034700917,1034700917,9,AE1814,,314,17,3000
1034700918,1034700918,9,AE1814,,315,18,3400
1034700919,1034700919,9,AE1814,,316,19,3800
1034700920,1034700920,9,AE1814,,317,20,4000
1034700921,1034700921,9,AE1814,,318,21,4200
1034700922,1034700922,9,AE1814,,319,22,4530
1034700923,1034700923,9,AE1814,,320,23,4530
1034700924,1034700924,9,AE1814,,321,24,4530
1034701001,1034701001,10,AE1814,,322,1,1
1034701002,1034701002,10,AE1814,,323,2,1
1034701003,1034701003,10,AE1814,,324,3,20
1034701004,1034701004,10,AE1814,,325,4,20
1034701005,1034701005,10,AE1814,,326,5,40
1034701006,1034701006,10,AE1814,,327,6,40
1034701007,1034701007,10,AE1814,,328,7,60
1034701008,1034701008,10,AE1814,,329,8,60
1034701009,1034701009,10,AE1814,,330,9,80
1034701010,1034701010,10,AE1814,,331,10,80
1034701011,1034701011,10,AE1814,,332,11,100
1034701012,1034701012,10,AE1814,,333,12,100
1034701013,1034701013,10,AE1814,,334,13,120
1034701014,1034701014,10,AE1814,,335,14,120
1034701015,1034701015,10,AE1814,,336,15,140
1034701016,1034701016,10,AE1814,,337,16,140
1034701201,1034701201,12,AE1814,,338,1,1
1034701202,1034701202,12,AE1814,,339,2,1
1034701203,1034701203,12,AE1814,,340,3,10
1034701204,1034701204,12,AE1814,,341,4,10
1034701205,1034701205,12,AE1814,,342,5,20
1034701206,1034701206,12,AE1814,,343,6,20
1034701207,1034701207,12,AE1814,,344,7,40
1034701208,1034701208,12,AE1814,,345,8,40
1034701209,1034701209,12,AE1814,,346,9,60
1034701210,1034701210,12,AE1814,,347,10,60
1034701211,1034701211,12,AE1814,,348,11,80
1034701212,1034701212,12,AE1814,,349,12,80
1034701213,1034701213,12,AE1814,,350,13,100
1034701214,1034701214,12,AE1814,,351,14,100
1034701215,1034701215,12,AE1814,,352,15,120
1034701216,1034701216,12,AE1814,,353,16,120
1034701217,1034701217,12,AE1814,,354,17,140
1034701218,1034701218,12,AE1814,,355,18,140
1034701219,1034701219,12,AE1814,,356,19,160
1034701220,1034701220,12,AE1814,,357,20,160
1034701221,1034701221,12,AE1814,,358,21,200
1034701222,1034701222,12,AE1814,,359,22,200
1034701223,1034701223,12,AE1814,,360,23,250
1034701224,1034701224,12,AE1814,,361,24,250
1034701301,1034701301,13,AE1814,,362,1,-999
1034701302,1034701302,13,AE1814,,363,2,-999
1034701303,1034701303,13,AE1814,,364,3,-999
1034701304,1034701304,13,AE1814,,365,4,-999
1034701305,1034701305,13,AE1814,,366,5,-999
1034701306,1034701306,13,AE1814,,367,6,-999
1034701307,1034701307,13,AE1814,,368,7,-999
1034701308,1034701308,13,AE1814,,369,8,-999
1034701309,1034701309,13,AE1814,,370,9,-999
1034701310,1034701310,13,AE1814,,371,10,-999
1034701311,1034701311,13,AE1814,,372,11,-999
1034701312,1034701312,13,AE1814,,373,12,-999
1034701313,1034701313,13,AE1814,,374,13,-999
1034701314,1034701314,13,AE1814,,375,14,-999
1034701315,1034701315,13,AE1814,,376,15,-999
1034701316,1034701316,13,AE1814,,377,16,300
1034701317,1034701317,13,AE1814,,378,17,300
1034701318,1034701318,13,AE1814,,379,18,300
1034701319,1034701319,13,AE1814,,380,19,400
1034701320,1034701320,13,AE1814,,381,20,400
1034701321,1034701321,13,AE1814,,382,21,400
1034701322,1034701322,13,AE1814,,383,22,500
1034701323,1034701323,13,AE1814,,384,23,500
1034701324,1034701324,13,AE1814,,385,24,500
1034701601,1034701601,16,AE1814,V4_dada2_read_info_03052026.xlsx,386,1,1
1034701601,1034701601,16,AE1814,V4_dada2_read_info_03052026.xlsx,386,1,1
1034701602,1034701602,16,AE1814,,387,2,1
1034701603,1034701603,16,AE1814,V4_dada2_read_info_03052026.xlsx,388,3,40
1034701603,1034701603,16,AE1814,V4_dada2_read_info_03052026.xlsx,388,3,40
1034701604,1034701604,16,AE1814,,389,4,40
1034701605,1034701605,16,AE1814,V4_dada2_read_info_03052026.xlsx,390,5,80
1034701605,1034701605,16,AE1814,V4_dada2_read_info_03052026.xlsx,390,5,80
1034701606,1034701606,16,AE1814,,391,6,80
1034701607,1034701607,16,AE1814,V4_dada2_read_info_03052026.xlsx,392,7,120
1034701607,1034701607,16,AE1814,V4_dada2_read_info_03052026.xlsx,392,7,120
1034701608,1034701608,16,AE1814,,393,8,120
1034701609,1034701609,16,AE1814,V4_dada2_read_info_03052026.xlsx,394,9,160
1034701609,1034701609,16,AE1814,V4_dada2_read_info_03052026.xlsx,394,9,160
1034701610,1034701610,16,AE1814,,395,10,160
1034701611,1034701611,16,AE1814,V4_dada2_read_info_03052026.xlsx,396,11,200
1034701611,1034701611,16,AE1814,V4_dada2_read_info_03052026.xlsx,396,11,200
1034701612,1034701612,16,AE1814,,397,12,200
1034701613,1034701613,16,AE1814,V4_dada2_read_info_03052026.xlsx,398,13,250
1034701613,1034701613,16,AE1814,V4_dada2_read_info_03052026.xlsx,398,13,250
1034701614,1034701614,16,AE1814,,399,14,250
1034701615,1034701615,16,AE1814,V4_dada2_read_info_03052026.xlsx,400,15,300
1034701615,1034701615,16,AE1814,V4_dada2_read_info_03052026.xlsx,400,15,300
1034701616,1034701616,16,AE1814,,401,16,300
1034701617,1034701617,16,AE1814,V4_dada2_read_info_03052026.xlsx,402,17,500
1034701618,1034701618,16,AE1814,,403,18,500
1034701619,1034701619,16,AE1814,V4_dada2_read_info_03052026.xlsx,404,19,600
1034701620,1034701620,16,AE1814,,405,20,600
1034701621,1034701621,16,AE1814,V4_dada2_read_info_03052026.xlsx,406,21,800
1034701622,1034701622,16,AE1814,,407,22,800
1034701623,1034701623,16,AE1814,V4_dada2_read_info_03052026.xlsx,408,23,1000
1034701624,1034701624,16,AE1814,,409,24,1000
1034800601,1034800601,6,AE1817,,410,1,1
1034800602,1034800602,6,AE1817,,411,2,20
1034800603,1034800603,6,AE1817,,412,3,40
1034800604,1034800604,6,AE1817,,413,4,60
1034800605,1034800605,6,AE1817,,414,5,80
1034800606,1034800606,6,AE1817,,415,6,100
1034800607,1034800607,6,AE1817,,416,7,120
1034800608,1034800608,6,AE1817,,417,8,140
1034800609,1034800609,6,AE1817,,418,9,200
1034800610,1034800610,6,AE1817,,419,10,300
1034800611,1034800611,6,AE1817,,420,11,400
1034800612,1034800612,6,AE1817,,421,12,500
1034800613,1034800613,6,AE1817,,422,13,600
1034800614,1034800614,6,AE1817,,423,14,1000
1034800615,1034800615,6,AE1817,,424,15,1000
1034800801,1034800801,8,AE1817,,425,1,600
1034800802,1034800802,8,AE1817,,426,2,700
1034800803,1034800803,8,AE1817,,427,3,800
1034800804,1034800804,8,AE1817,,428,4,900
1034800805,1034800805,8,AE1817,,429,5,1000
1034800806,1034800806,8,AE1817,,430,6,1100
1034800807,1034800807,8,AE1817,,431,7,1200
1034800808,1034800808,8,AE1817,,432,8,1300
1034800809,1034800809,8,AE1817,,433,9,1400
1034800810,1034800810,8,AE1817,,434,10,1600
1034800811,1034800811,8,AE1817,,435,11,1800
1034800812,1034800812,8,AE1817,,436,12,2000
1034800813,1034800813,8,AE1817,,437,13,2200
1034800814,1034800814,8,AE1817,,438,14,2400
1034800815,1034800815,8,AE1817,,439,15,2600
1034800816,1034800816,8,AE1817,,440,16,3000
1034800817,1034800817,8,AE1817,,441,17,3000
1034800818,1034800818,8,AE1817,,442,18,3400
1034800819,1034800819,8,AE1817,,443,19,3800
1034800820,1034800820,8,AE1817,,444,20,4000
1034800821,1034800821,8,AE1817,,445,21,4200
1034800822,1034800822,8,AE1817,,446,22,4530
1034800823,1034800823,8,AE1817,,447,23,4530
1034800824,1034800824,8,AE1817,,448,24,4530
1034800901,1034800901,9,AE1817,V4_dada2_read_info_03052026.xlsx,449,1,1
1034800901,1034800901,9,AE1817,V4_dada2_read_info_03052026.xlsx,449,1,1
1034800902,1034800902,9,AE1817,,450,2,1
1034800903,1034800903,9,AE1817,V4_dada2_read_info_03052026.xlsx,451,3,40
1034800903,1034800903,9,AE1817,V4_dada2_read_info_03052026.xlsx,451,3,40
1034800904,1034800904,9,AE1817,,452,4,40
1034800905,1034800905,9,AE1817,V4_dada2_read_info_03052026.xlsx,453,5,80
1034800905,1034800905,9,AE1817,V4_dada2_read_info_03052026.xlsx,453,5,80
1034800906,1034800906,9,AE1817,,454,6,80
1034800907,1034800907,9,AE1817,V4_dada2_read_info_03052026.xlsx,455,7,120
1034800907,1034800907,9,AE1817,V4_dada2_read_info_03052026.xlsx,455,7,120
1034800908,1034800908,9,AE1817,,456,8,120
1034800909,1034800909,9,AE1817,V4_dada2_read_info_03052026.xlsx,457,9,160
1034800909,1034800909,9,AE1817,V4_dada2_read_info_03052026.xlsx,457,9,160
1034800910,1034800910,9,AE1817,,458,10,160
1034800911,1034800911,9,AE1817,V4_dada2_read_info_03052026.xlsx,459,11,200
1034800911,1034800911,9,AE1817,V4_dada2_read_info_03052026.xlsx,459,11,200
1034800911,1034800911,9,AE1817,V4_dada2_read_info_03052026.xlsx,459,11,200
1034800912,1034800912,9,AE1817,,460,12,200
1034800913,1034800913,9,AE1817,V4_dada2_read_info_03052026.xlsx,461,13,250
1034800914,1034800914,9,AE1817,,462,14,250
1034800915,1034800915,9,AE1817,,463,15,250
1034800916,1034800916,9,AE1817,V4_dada2_read_info_03052026.xlsx,464,16,300
1034800916,1034800916,9,AE1817,V4_dada2_read_info_03052026.xlsx,464,16,300
1034800917,1034800917,9,AE1817,V4_dada2_read_info_03052026.xlsx,465,17,500
1034800918,1034800918,9,AE1817,,466,18,500
1034800919,1034800919,9,AE1817,V4_dada2_read_info_03052026.xlsx,467,19,600
1034800920,1034800920,9,AE1817,,468,20,600
1034800921,1034800921,9,AE1817,V4_dada2_read_info_03052026.xlsx,469,21,800
1034800922,1034800922,9,AE1817,,470,22,800
1034800923,1034800923,9,AE1817,V4_dada2_read_info_03052026.xlsx,471,23,1000
1034800924,1034800924,9,AE1817,,472,24,1000
1034801201,1034801201,12,AE1817,,473,1,1
1034801202,1034801202,12,AE1817,,474,2,1
1034801203,1034801203,12,AE1817,,475,3,20
1034801204,1034801204,12,AE1817,,476,4,20
1034801205,1034801205,12,AE1817,,477,5,40
1034801206,1034801206,12,AE1817,,478,6,40
1034801207,1034801207,12,AE1817,,479,7,60
1034801208,1034801208,12,AE1817,,480,8,60
1034801209,1034801209,12,AE1817,,481,9,80
1034801210,1034801210,12,AE1817,,482,10,80
1034801211,1034801211,12,AE1817,,483,11,100
1034801212,1034801212,12,AE1817,,484,12,100
1034801213,1034801213,12,AE1817,,485,13,120
1034801214,1034801214,12,AE1817,,486,14,120
1034801215,1034801215,12,AE1817,,487,15,140
1034801216,1034801216,12,AE1817,,488,16,140
1034801301,1034801301,13,AE1817,,489,1,1
1034801302,1034801302,13,AE1817,,490,2,1
1034801303,1034801303,13,AE1817,,491,3,10
1034801304,1034801304,13,AE1817,,492,4,10
1034801305,1034801305,13,AE1817,,493,5,20
1034801306,1034801306,13,AE1817,,494,6,20
1034801307,1034801307,13,AE1817,,495,7,40
1034801308,1034801308,13,AE1817,,496,8,40
1034801309,1034801309,13,AE1817,,497,9,60
1034801310,1034801310,13,AE1817,,498,10,60
1034801311,1034801311,13,AE1817,,499,11,80
1034801312,1034801312,13,AE1817,,500,12,80
1034801313,1034801313,13,AE1817,,501,13,100
1034801314,1034801314,13,AE1817,,502,14,100
1034801315,1034801315,13,AE1817,,503,15,120
1034801316,1034801316,13,AE1817,,504,16,120
1034801317,1034801317,13,AE1817,,505,17,140
1034801318,1034801318,13,AE1817,,506,18,140
1034801319,1034801319,13,AE1817,,507,19,160
1034801320,1034801320,13,AE1817,,508,20,160
1034801321,1034801321,13,AE1817,,509,21,200
1034801322,1034801322,13,AE1817,,510,22,200
1034801323,1034801323,13,AE1817,,511,23,250
1034801324,1034801324,13,AE1817,,512,24,250
1034801401,1034801401,14,AE1817,,513,1,1
1034801402,1034801402,14,AE1817,,514,2,1
1034801403,1034801403,14,AE1817,,515,3,1
1034801404,1034801404,14,AE1817,,516,4,1
1034801405,1034801405,14,AE1817,,517,5,1
1034801406,1034801406,14,AE1817,,518,6,1
1034801407,1034801407,14,AE1817,,519,7,1
1034801408,1034801408,14,AE1817,,520,8,1
1034801409,1034801409,14,AE1817,,521,9,1
1034801410,1034801410,14,AE1817,,522,10,1
1034801411,1034801411,14,AE1817,,523,11,1
1034801412,1034801412,14,AE1817,,524,12,1
1034801413,1034801413,14,AE1817,,525,13,1
1034801414,1034801414,14,AE1817,,526,14,1
1034801415,1034801415,14,AE1817,,527,15,1
1034801416,1034801416,14,AE1817,,528,16,300
1034801417,1034801417,14,AE1817,,529,17,300
1034801418,1034801418,14,AE1817,,530,18,300
1034801419,1034801419,14,AE1817,,531,19,400
1034801420,1034801420,14,AE1817,,532,20,400
1034801421,1034801421,14,AE1817,,533,21,400
1034801422,1034801422,14,AE1817,,534,22,500
1034801423,1034801423,14,AE1817,,535,23,500
1034801424,1034801424,14,AE1817,,536,24,500
1034900401,1034900401,4,AE1820,,537,1,600
1034900402,1034900402,4,AE1820,,538,2,700
1034900403,1034900403,4,AE1820,,539,3,800
1034900404,1034900404,4,AE1820,,540,4,900
1034900405,1034900405,4,AE1820,,541,5,1000
1034900406,1034900406,4,AE1820,,542,6,1100
1034900407,1034900407,4,AE1820,,543,7,1200
1034900408,1034900408,4,AE1820,,544,8,1300
1034900409,1034900409,4,AE1820,,545,9,1400
1034900410,1034900410,4,AE1820,,546,10,1600
1034900411,1034900411,4,AE1820,,547,11,1800
1034900412,1034900412,4,AE1820,,548,12,2000
1034900413,1034900413,4,AE1820,,549,13,2200
1034900414,1034900414,4,AE1820,,550,14,2400
1034900415,1034900415,4,AE1820,,551,15,2600
1034900416,1034900416,4,AE1820,,552,16,3000
1034900417,1034900417,4,AE1820,,553,17,3000
1034900418,1034900418,4,AE1820,,554,18,3400
1034900419,1034900419,4,AE1820,,555,19,3800
1034900420,1034900420,4,AE1820,,556,20,4000
1034900421,1034900421,4,AE1820,,557,21,4200
1034900422,1034900422,4,AE1820,,558,22,4530
1034900423,1034900423,4,AE1820,,559,23,4530
1034900424,1034900424,4,AE1820,,560,24,4530
1034901401,1034901401,14,AE1820,,561,1,1
1034901402,1034901402,14,AE1820,,562,2,20
1034901403,1034901403,14,AE1820,,563,3,40
1034901404,1034901404,14,AE1820,,564,4,60
1034901405,1034901405,14,AE1820,,565,5,80
1034901406,1034901406,14,AE1820,,566,6,100
1034901407,1034901407,14,AE1820,,567,7,120
1034901408,1034901408,14,AE1820,,568,8,140
1034901409,1034901409,14,AE1820,,569,9,200
1034901410,1034901410,14,AE1820,,570,10,300
1034901411,1034901411,14,AE1820,,571,11,400
1034901412,1034901412,14,AE1820,,572,12,500
1034901413,1034901413,14,AE1820,,573,13,600
1034901414,1034901414,14,AE1820,,574,14,1000
1034901415,1034901415,14,AE1820,,575,15,1000
1034901601,1034901601,16,AE1820,,576,1,1
1034901602,1034901602,16,AE1820,,577,2,1
1034901603,1034901603,16,AE1820,,578,3,20
1034901604,1034901604,16,AE1820,,579,4,20
1034901605,1034901605,16,AE1820,,580,5,40
1034901606,1034901606,16,AE1820,,581,6,40
1034901607,1034901607,16,AE1820,,582,7,60
1034901608,1034901608,16,AE1820,,583,8,60
1034901609,1034901609,16,AE1820,,584,9,80
1034901610,1034901610,16,AE1820,,585,10,80
1034901611,1034901611,16,AE1820,,586,11,100
1034901612,1034901612,16,AE1820,,587,12,100
1034901613,1034901613,16,AE1820,,588,13,120
1034901614,1034901614,16,AE1820,,589,14,120
1034901615,1034901615,16,AE1820,,590,15,140
1034901616,1034901616,16,AE1820,,591,16,140
1034901701,1034901701,17,AE1820,,592,1,1
1034901702,1034901702,17,AE1820,,593,2,1
1034901703,1034901703,17,AE1820,,594,3,10
1034901704,1034901704,17,AE1820,,595,4,10
1034901705,1034901705,17,AE1820,,596,5,20
1034901706,1034901706,17,AE1820,,597,6,20
1034901707,1034901707,17,AE1820,,598,7,40
1034901708,1034901708,17,AE1820,,599,8,40
1034901709,1034901709,17,AE1820,,600,9,60
1034901710,1034901710,17,AE1820,,601,10,60
1034901711,1034901711,17,AE1820,,602,11,80
1034901712,1034901712,17,AE1820,,603,12,80
1034901713,1034901713,17,AE1820,,604,13,100
1034901714,1034901714,17,AE1820,,605,14,100
1034901715,1034901715,17,AE1820,,606,15,120
1034901716,1034901716,17,AE1820,,607,16,120
1034901717,1034901717,17,AE1820,,608,17,140
1034901718,1034901718,17,AE1820,,609,18,140
1034901719,1034901719,17,AE1820,,610,19,160
1034901720,1034901720,17,AE1820,,611,20,160
1034901721,1034901721,17,AE1820,,612,21,200
1034901722,1034901722,17,AE1820,,613,22,200
1034901723,1034901723,17,AE1820,,614,23,250
1034901724,1034901724,17,AE1820,,615,24,250
1034901801,1034901801,18,AE1820,,616,1,300
1034901802,1034901802,18,AE1820,,617,2,300
1034901803,1034901803,18,AE1820,,618,3,300
1034901804,1034901804,18,AE1820,,619,4,400
1034901805,1034901805,18,AE1820,,620,5,400
1034901806,1034901806,18,AE1820,,621,6,400
1034901807,1034901807,18,AE1820,,622,7,500
1034901808,1034901808,18,AE1820,,623,8,500
1034901809,1034901809,18,AE1820,,624,9,500
1034901810,1034901810,18,AE1820,,625,10,-999
1034901811,1034901811,18,AE1820,,626,11,-999
1034901812,1034901812,18,AE1820,,627,12,-999
1034901813,1034901813,18,AE1820,,628,13,-999
1034901814,1034901814,18,AE1820,,629,14,-999
1034901815,1034901815,18,AE1820,,630,15,-999
1034901816,1034901816,18,AE1820,,631,16,-999
1034901817,1034901817,18,AE1820,,632,17,-999
1034901818,1034901818,18,AE1820,,633,18,-999
1034901819,1034901819,18,AE1820,,634,19,-999
1034901820,1034901820,18,AE1820,,635,20,-999
1034901821,1034901821,18,AE1820,,636,21,-999
1034901822,1034901822,18,AE1820,,637,22,-999
1034901823,1034901823,18,AE1820,,638,23,-999
1034901824,1034901824,18,AE1820,,639,24,-999
1034902001,1034902001,20,AE1820,V4_dada2_read_info_03052026.xlsx,640,1,1
1034902001,1034902001,20,AE1820,V4_dada2_read_info_03052026.xlsx,640,1,1
1034902002,1034902002,20,AE1820,,641,2,1
1034902003,1034902003,20,AE1820,V4_dada2_read_info_03052026.xlsx,642,3,40
1034902003,1034902003,20,AE1820,V4_dada2_read_info_03052026.xlsx,642,3,40
1034902004,1034902004,20,AE1820,,643,4,40
1034902005,1034902005,20,AE1820,V4_dada2_read_info_03052026.xlsx,644,5,80
1034902005,1034902005,20,AE1820,V4_dada2_read_info_03052026.xlsx,644,5,80
1034902006,1034902006,20,AE1820,,645,6,80
1034902007,1034902007,20,AE1820,V4_dada2_read_info_03052026.xlsx,646,7,120
1034902007,1034902007,20,AE1820,V4_dada2_read_info_03052026.xlsx,646,7,120
1034902008,1034902008,20,AE1820,,647,8,120
1034902009,1034902009,20,AE1820,V4_dada2_read_info_03052026.xlsx,648,9,160
1034902009,1034902009,20,AE1820,V4_dada2_read_info_03052026.xlsx,648,9,160
1034902010,1034902010,20,AE1820,,649,10,160
1034902011,1034902011,20,AE1820,V4_dada2_read_info_03052026.xlsx,650,11,200
1034902011,1034902011,20,AE1820,V4_dada2_read_info_03052026.xlsx,650,11,200
1034902012,1034902012,20,AE1820,,651,12,200
1034902013,1034902013,20,AE1820,V4_dada2_read_info_03052026.xlsx,652,13,250
1034902013,1034902013,20,AE1820,V4_dada2_read_info_03052026.xlsx,652,13,250
1034902014,1034902014,20,AE1820,,653,14,250
1034902015,1034902015,20,AE1820,V4_dada2_read_info_03052026.xlsx,654,15,300
1034902015,1034902015,20,AE1820,V4_dada2_read_info_03052026.xlsx,654,15,300
1034902016,1034902016,20,AE1820,,655,16,300
1034902017,1034902017,20,AE1820,V4_dada2_read_info_03052026.xlsx,656,17,500
1034902018,1034902018,20,AE1820,,657,18,500
1034902019,1034902019,20,AE1820,V4_dada2_read_info_03052026.xlsx,658,19,600
1034902020,1034902020,20,AE1820,,659,20,600
1034902021,1034902021,20,AE1820,V4_dada2_read_info_03052026.xlsx,660,21,800
1034902022,1034902022,20,AE1820,,661,22,800
1034902023,1034902023,20,AE1820,V4_dada2_read_info_03052026.xlsx,662,23,1000
1034902024,1034902024,20,AE1820,,663,24,1000
1034902601,1034902601,26,AE1820,,664,1,250
1034902602,1034902602,26,AE1820,,665,2,-999
1034902603,1034902603,26,AE1820,,666,3,-999
1034902604,1034902604,26,AE1820,,667,4,-999
1034902605,1034902605,26,AE1820,,668,5,-999
1034902606,1034902606,26,AE1820,,669,6,-999
1034902607,1034902607,26,AE1820,,670,7,-999
1034902608,1034902608,26,AE1820,,671,8,-999
1034902609,1034902609,26,AE1820,,672,9,-999
1034902610,1034902610,26,AE1820,,673,10,-999
1034902611,1034902611,26,AE1820,,674,11,-999
1034902612,1034902612,26,AE1820,,675,12,-999
1034902613,1034902613,26,AE1820,,676,13,-999
1034902614,1034902614,26,AE1820,,677,14,-999
1034902615,1034902615,26,AE1820,,678,15,-999
1034902616,1034902616,26,AE1820,,679,16,-999
1034902617,1034902617,26,AE1820,,680,17,-999
1034902618,1034902618,26,AE1820,,681,18,-999
1034902619,1034902619,26,AE1820,,682,19,-999
1034902620,1034902620,26,AE1820,,683,20,-999
1034902621,1034902621,26,AE1820,,684,21,-999
1034902622,1034902622,26,AE1820,,685,22,-999
1034902623,1034902623,26,AE1820,,686,23,-999
1034902624,1034902624,26,AE1820,,687,24,-999
1035000801,1035000801,8,AE1822,,688,1,1
1035000802,1035000802,8,AE1822,,689,2,20
1035000803,1035000803,8,AE1822,,690,3,40
1035000804,1035000804,8,AE1822,,691,4,60
1035000805,1035000805,8,AE1822,,692,5,80
1035000806,1035000806,8,AE1822,,693,6,100
1035000807,1035000807,8,AE1822,,694,7,120
1035000808,1035000808,8,AE1822,,695,8,140
1035000809,1035000809,8,AE1822,,696,9,1000
1035000810,1035000810,8,AE1822,,697,10,1000
1035000811,1035000811,8,AE1822,,698,11,400
1035000812,1035000812,8,AE1822,,699,12,500
1035000813,1035000813,8,AE1822,,700,13,600
1035000814,1035000814,8,AE1822,,701,14,200
1035000815,1035000815,8,AE1822,,702,15,300
1035000901,1035000901,9,AE1822,,703,1,600
1035000902,1035000902,9,AE1822,,704,2,700
1035000903,1035000903,9,AE1822,,705,3,800
1035000904,1035000904,9,AE1822,,706,4,900
1035000905,1035000905,9,AE1822,,707,5,1000
1035000906,1035000906,9,AE1822,,708,6,1100
1035000907,1035000907,9,AE1822,,709,7,1200
1035000908,1035000908,9,AE1822,,710,8,1300
1035000909,1035000909,9,AE1822,,711,9,1400
1035000910,1035000910,9,AE1822,,712,10,1600
1035000911,1035000911,9,AE1822,,713,11,1800
1035000912,1035000912,9,AE1822,,714,12,2000
1035000913,1035000913,9,AE1822,,715,13,2200
1035000914,1035000914,9,AE1822,,716,14,2400
1035000915,1035000915,9,AE1822,,717,15,2600
1035000916,1035000916,9,AE1822,,718,16,3000
1035000917,1035000917,9,AE1822,,719,17,3000
1035000918,1035000918,9,AE1822,,720,18,3400
1035000919,1035000919,9,AE1822,,721,19,3800
1035000920,1035000920,9,AE1822,,722,20,4000
1035000921,1035000921,9,AE1822,,723,21,4200
1035000922,1035000922,9,AE1822,,724,22,4530
1035000923,1035000923,9,AE1822,,725,23,4530
1035000924,1035000924,9,AE1822,,726,24,4530
1035001001,1035001001,10,AE1822,,727,1,1
1035001002,1035001002,10,AE1822,,728,2,1
1035001003,1035001003,10,AE1822,,729,3,20
1035001004,1035001004,10,AE1822,,730,4,20
1035001005,1035001005,10,AE1822,,731,5,40
1035001006,1035001006,10,AE1822,,732,6,40
1035001007,1035001007,10,AE1822,,733,7,60
1035001008,1035001008,10,AE1822,,734,8,60
1035001009,1035001009,10,AE1822,,735,9,80
1035001010,1035001010,10,AE1822,,736,10,80
1035001011,1035001011,10,AE1822,,737,11,100
1035001012,1035001012,10,AE1822,,738,12,100
1035001013,1035001013,10,AE1822,,739,13,120
1035001014,1035001014,10,AE1822,,740,14,120
1035001015,1035001015,10,AE1822,,741,15,140
1035001016,1035001016,10,AE1822,,742,16,140
1035001201,1035001201,12,AE1822,,743,1,1
1035001202,1035001202,12,AE1822,,744,2,1
1035001203,1035001203,12,AE1822,,745,3,10
1035001204,1035001204,12,AE1822,,746,4,10
1035001205,1035001205,12,AE1822,,747,5,20
1035001206,1035001206,12,AE1822,,748,6,20
1035001207,1035001207,12,AE1822,,749,7,40
1035001208,1035001208,12,AE1822,,750,8,40
1035001209,1035001209,12,AE1822,,751,9,60
1035001210,1035001210,12,AE1822,,752,10,60
1035001211,1035001211,12,AE1822,,753,11,80
1035001212,1035001212,12,AE1822,,754,12,80
1035001213,1035001213,12,AE1822,,755,13,100
1035001214,1035001214,12,AE1822,,756,14,100
1035001215,1035001215,12,AE1822,,757,15,120
1035001216,1035001216,12,AE1822,,758,16,120
1035001217,1035001217,12,AE1822,,759,17,140
1035001218,1035001218,12,AE1822,,760,18,140
1035001219,1035001219,12,AE1822,,761,19,160
1035001220,1035001220,12,AE1822,,762,20,160
1035001221,1035001221,12,AE1822,,763,21,200
1035001222,1035001222,12,AE1822,,764,22,200
1035001223,1035001223,12,AE1822,,765,23,250
1035001224,1035001224,12,AE1822,,766,24,250
1035001301,1035001301,13,AE1822,,767,1,300
1035001302,1035001302,13,AE1822,,768,2,300
1035001303,1035001303,13,AE1822,,769,3,300
1035001304,1035001304,13,AE1822,,770,4,400
1035001305,1035001305,13,AE1822,,771,5,400
1035001306,1035001306,13,AE1822,,772,6,400
1035001307,1035001307,13,AE1822,,773,7,500
1035001308,1035001308,13,AE1822,,774,8,500
1035001309,1035001309,13,AE1822,,775,9,500
1035001310,1035001310,13,AE1822,,776,10,-999
1035001311,1035001311,13,AE1822,,777,11,-999
1035001312,1035001312,13,AE1822,,778,12,-999
1035001313,1035001313,13,AE1822,,779,13,-999
1035001314,1035001314,13,AE1822,,780,14,-999
1035001315,1035001315,13,AE1822,,781,15,-999
1035001316,1035001316,13,AE1822,,782,16,-999
1035001317,1035001317,13,AE1822,,783,17,-999
1035001318,1035001318,13,AE1822,,784,18,-999
1035001319,1035001319,13,AE1822,,785,19,-999
1035001320,1035001320,13,AE1822,,786,20,-999
1035001321,1035001321,13,AE1822,,787,21,-999
1035001322,1035001322,13,AE1822,,788,22,-999
1035001323,1035001323,13,AE1822,,789,23,-999
1035001324,1035001324,13,AE1822,,790,24,-999
1035001601,1035001601,16,AE1822,V4_dada2_read_info_03052026.xlsx,791,1,1
1035001601,1035001601,16,AE1822,V4_dada2_read_info_03052026.xlsx,791,1,1
1035001602,1035001602,16,AE1822,,792,2,1
1035001603,1035001603,16,AE1822,V4_dada2_read_info_03052026.xlsx,793,3,40
1035001603,1035001603,16,AE1822,V4_dada2_read_info_03052026.xlsx,793,3,40
1035001604,1035001604,16,AE1822,,794,4,40
1035001605,1035001605,16,AE1822,V4_dada2_read_info_03052026.xlsx,795,5,80
1035001605,1035001605,16,AE1822,V4_dada2_read_info_03052026.xlsx,795,5,80
1035001606,1035001606,16,AE1822,,796,6,80
1035001607,1035001607,16,AE1822,V4_dada2_read_info_03052026.xlsx,797,7,120
1035001607,1035001607,16,AE1822,V4_dada2_read_info_03052026.xlsx,797,7,120
1035001608,1035001608,16,AE1822,,798,8,120
1035001609,1035001609,16,AE1822,V4_dada2_read_info_03052026.xlsx,799,9,160
1035001609,1035001609,16,AE1822,V4_dada2_read_info_03052026.xlsx,799,9,160
1035001610,1035001610,16,AE1822,,800,10,160
1035001611,1035001611,16,AE1822,V4_dada2_read_info_03052026.xlsx,801,11,200
1035001611,1035001611,16,AE1822,V4_dada2_read_info_03052026.xlsx,801,11,200
1035001612,1035001612,16,AE1822,,802,12,200
1035001613,1035001613,16,AE1822,V4_dada2_read_info_03052026.xlsx,803,13,250
1035001613,1035001613,16,AE1822,V4_dada2_read_info_03052026.xlsx,803,13,250
1035001614,1035001614,16,AE1822,,804,14,250
1035001615,1035001615,16,AE1822,V4_dada2_read_info_03052026.xlsx,805,15,300
1035001615,1035001615,16,AE1822,V4_dada2_read_info_03052026.xlsx,805,15,300
1035001616,1035001616,16,AE1822,,806,16,300
1035001617,1035001617,16,AE1822,V4_dada2_read_info_03052026.xlsx,807,17,500
1035001618,1035001618,16,AE1822,,808,18,500
1035001619,1035001619,16,AE1822,V4_dada2_read_info_03052026.xlsx,809,19,600
1035001620,1035001620,16,AE1822,,810,20,600
1035001621,1035001621,16,AE1822,V4_dada2_read_info_03052026.xlsx,811,21,800
1035001622,1035001622,16,AE1822,,812,22,800
1035001623,1035001623,16,AE1822,V4_dada2_read_info_03052026.xlsx,813,23,1000
1035001624,1035001624,16,AE1822,,814,24,1000
1035100801,1035100801,8,AE1825,,815,1,1
1035100802,1035100802,8,AE1825,,816,2,1
1035100803,1035100803,8,AE1825,,817,3,20
1035100804,1035100804,8,AE1825,,818,4,20
1035100805,1035100805,8,AE1825,,819,5,40
1035100806,1035100806,8,AE1825,,820,6,40
1035100807,1035100807,8,AE1825,,821,7,60
1035100808,1035100808,8,AE1825,,822,8,60
1035100809,1035100809,8,AE1825,,823,9,80
1035100810,1035100810,8,AE1825,,824,10,80
1035100811,1035100811,8,AE1825,,825,11,100
1035100812,1035100812,8,AE1825,,826,12,100
1035100813,1035100813,8,AE1825,,827,13,120
1035100814,1035100814,8,AE1825,,828,14,120
1035100815,1035100815,8,AE1825,,829,15,140
1035100816,1035100816,8,AE1825,,830,16,140
1035100817,1035100817,8,AE1825,,831,17,200
1035100818,1035100818,8,AE1825,,832,18,200
1035100819,1035100819,8,AE1825,,833,19,300
1035100820,1035100820,8,AE1825,,834,20,300
1035100821,1035100821,8,AE1825,,835,21,400
1035100822,1035100822,8,AE1825,,836,22,500
1035100823,1035100823,8,AE1825,,837,23,600
1035100824,1035100824,8,AE1825,,838,24,1000
1035101001,1035101001,10,AE1825,,839,1,600
1035101002,1035101002,10,AE1825,,840,2,700
1035101003,1035101003,10,AE1825,,841,3,800
1035101004,1035101004,10,AE1825,,842,4,900
1035101005,1035101005,10,AE1825,,843,5,1000
1035101006,1035101006,10,AE1825,,844,6,1100
1035101007,1035101007,10,AE1825,,845,7,1200
1035101008,1035101008,10,AE1825,,846,8,1300
1035101009,1035101009,10,AE1825,,847,9,1400
1035101010,1035101010,10,AE1825,,848,10,1600
1035101011,1035101011,10,AE1825,,849,11,1800
1035101012,1035101012,10,AE1825,,850,12,2000
1035101013,1035101013,10,AE1825,,851,13,2200
1035101014,1035101014,10,AE1825,,852,14,2400
1035101015,1035101015,10,AE1825,,853,15,2600
1035101016,1035101016,10,AE1825,,854,16,3000
1035101017,1035101017,10,AE1825,,855,17,3000
1035101018,1035101018,10,AE1825,,856,18,3400
1035101019,1035101019,10,AE1825,,857,19,3800
1035101020,1035101020,10,AE1825,,858,20,4000
1035101021,1035101021,10,AE1825,,859,21,4200
1035101022,1035101022,10,AE1825,,860,22,4530
1035101023,1035101023,10,AE1825,,861,23,4530
1035101024,1035101024,10,AE1825,,862,24,4530
1035101101,1035101101,11,AE1825,,863,1,1
1035101102,1035101102,11,AE1825,,864,2,1
1035101103,1035101103,11,AE1825,,865,3,20
1035101104,1035101104,11,AE1825,,866,4,20
1035101105,1035101105,11,AE1825,,867,5,40
1035101106,1035101106,11,AE1825,,868,6,40
1035101107,1035101107,11,AE1825,,869,7,60
1035101108,1035101108,11,AE1825,,870,8,60
1035101109,1035101109,11,AE1825,,871,9,80
1035101110,1035101110,11,AE1825,,872,10,80
1035101111,1035101111,11,AE1825,,873,11,100
1035101112,1035101112,11,AE1825,,874,12,100
1035101113,1035101113,11,AE1825,,875,13,120
1035101114,1035101114,11,AE1825,,876,14,120
1035101115,1035101115,11,AE1825,,877,15,140
1035101116,1035101116,11,AE1825,,878,16,140
1035101201,1035101201,12,AE1825,,879,1,1
1035101202,1035101202,12,AE1825,,880,2,1
1035101203,1035101203,12,AE1825,,881,3,10
1035101204,1035101204,12,AE1825,,882,4,10
1035101205,1035101205,12,AE1825,,883,5,20
1035101206,1035101206,12,AE1825,,884,6,20
1035101207,1035101207,12,AE1825,,885,7,40
1035101208,1035101208,12,AE1825,,886,8,40
1035101209,1035101209,12,AE1825,,887,9,60
1035101210,1035101210,12,AE1825,,888,10,60
1035101211,1035101211,12,AE1825,,889,11,80
1035101212,1035101212,12,AE1825,,890,12,80
1035101213,1035101213,12,AE1825,,891,13,100
1035101214,1035101214,12,AE1825,,892,14,100
1035101215,1035101215,12,AE1825,,893,15,120
1035101216,1035101216,12,AE1825,,894,16,120
1035101217,1035101217,12,AE1825,,895,17,140
1035101218,1035101218,12,AE1825,,896,18,140
1035101219,1035101219,12,AE1825,,897,19,160
1035101220,1035101220,12,AE1825,,898,20,160
1035101221,1035101221,12,AE1825,,899,21,200
1035101222,1035101222,12,AE1825,,900,22,200
1035101223,1035101223,12,AE1825,,901,23,250
1035101224,1035101224,12,AE1825,,902,24,250
1035101301,1035101301,13,AE1825,,903,1,300
1035101302,1035101302,13,AE1825,,904,2,300
1035101303,1035101303,13,AE1825,,905,3,300
1035101304,1035101304,13,AE1825,,906,4,400
1035101305,1035101305,13,AE1825,,907,5,400
1035101306,1035101306,13,AE1825,,908,6,400
1035101307,1035101307,13,AE1825,,909,7,500
1035101308,1035101308,13,AE1825,,910,8,500
1035101309,1035101309,13,AE1825,,911,9,500
1035101310,1035101310,13,AE1825,,912,10,-999
1035101311,1035101311,13,AE1825,,913,11,-999
1035101312,1035101312,13,AE1825,,914,12,-999
1035101313,1035101313,13,AE1825,,915,13,-999
1035101314,1035101314,13,AE1825,,916,14,-999
1035101315,1035101315,13,AE1825,,917,15,-999
1035101316,1035101316,13,AE1825,,918,16,-999
1035101317,1035101317,13,AE1825,,919,17,-999
1035101318,1035101318,13,AE1825,,920,18,-999
1035101319,1035101319,13,AE1825,,921,19,-999
1035101320,1035101320,13,AE1825,,922,20,-999
1035101321,1035101321,13,AE1825,,923,21,-999
1035101322,1035101322,13,AE1825,,924,22,-999
1035101323,1035101323,13,AE1825,,925,23,-999
1035101324,1035101324,13,AE1825,,926,24,-999
1035101601,1035101601,16,AE1825,V4_dada2_read_info_03052026.xlsx,927,1,1
1035101601,1035101601,16,AE1825,V4_dada2_read_info_03052026.xlsx,927,1,1
1035101602,1035101602,16,AE1825,,928,2,1
1035101603,1035101603,16,AE1825,V4_dada2_read_info_03052026.xlsx,929,3,40
1035101603,1035101603,16,AE1825,V4_dada2_read_info_03052026.xlsx,929,3,40
1035101604,1035101604,16,AE1825,,930,4,40
1035101605,1035101605,16,AE1825,V4_dada2_read_info_03052026.xlsx,931,5,80
1035101605,1035101605,16,AE1825,V4_dada2_read_info_03052026.xlsx,931,5,80
1035101606,1035101606,16,AE1825,,932,6,80
1035101607,1035101607,16,AE1825,V4_dada2_read_info_03052026.xlsx,933,7,120
1035101607,1035101607,16,AE1825,V4_dada2_read_info_03052026.xlsx,933,7,120
1035101608,1035101608,16,AE1825,,934,8,120
1035101609,1035101609,16,AE1825,V4_dada2_read_info_03052026.xlsx,935,9,160
1035101609,1035101609,16,AE1825,V4_dada2_read_info_03052026.xlsx,935,9,160
1035101609,1035101609,16,AE1825,V4_dada2_read_info_03052026.xlsx,935,9,160
1035101610,1035101610,16,AE1825,,936,10,160
1035101611,1035101611,16,AE1825,V4_dada2_read_info_03052026.xlsx,937,11,200
1035101611,1035101611,16,AE1825,V4_dada2_read_info_03052026.xlsx,937,11,200
1035101611,1035101611,16,AE1825,V4_dada2_read_info_03052026.xlsx,937,11,200
1035101612,1035101612,16,AE1825,,938,12,200
1035101613,1035101613,16,AE1825,V4_dada2_read_info_03052026.xlsx,939,13,250
1035101613,1035101613,16,AE1825,V4_dada2_read_info_03052026.xlsx,939,13,250
1035101614,1035101614,16,AE1825,,940,14,250
1035101615,1035101615,16,AE1825,V4_dada2_read_info_03052026.xlsx,941,15,300
1035101615,1035101615,16,AE1825,V4_dada2_read_info_03052026.xlsx,941,15,300
1035101616,1035101616,16,AE1825,,942,16,300
1035101617,1035101617,16,AE1825,V4_dada2_read_info_03052026.xlsx,943,17,500
1035101618,1035101618,16,AE1825,,944,18,500
1035101619,1035101619,16,AE1825,V4_dada2_read_info_03052026.xlsx,945,19,600
1035101620,1035101620,16,AE1825,,946,20,600
1035101621,1035101621,16,AE1825,V4_dada2_read_info_03052026.xlsx,947,21,800
1035101622,1035101622,16,AE1825,,948,22,800
1035101623,1035101623,16,AE1825,V4_dada2_read_info_03052026.xlsx,949,23,1000
1035101624,1035101624,16,AE1825,,950,24,1000
1035200901,1035200901,9,AE1829,,951,1,600
1035200902,1035200902,9,AE1829,,952,2,700
1035200903,1035200903,9,AE1829,,953,3,800
1035200904,1035200904,9,AE1829,,954,4,900
1035200905,1035200905,9,AE1829,,955,5,1000
1035200906,1035200906,9,AE1829,,956,6,1100
1035200907,1035200907,9,AE1829,,957,7,1200
1035200908,1035200908,9,AE1829,,958,8,1300
1035200909,1035200909,9,AE1829,,959,9,1400
1035200910,1035200910,9,AE1829,,960,10,1600
1035200911,1035200911,9,AE1829,,961,11,1800
1035200912,1035200912,9,AE1829,,962,12,2000
1035200913,1035200913,9,AE1829,,963,13,2200
1035200914,1035200914,9,AE1829,,964,14,2400
1035200915,1035200915,9,AE1829,,965,15,2600
1035200916,1035200916,9,AE1829,,966,16,3000
1035200917,1035200917,9,AE1829,,967,17,3000
1035200918,1035200918,9,AE1829,,968,18,3400
1035200919,1035200919,9,AE1829,,969,19,3800
1035200920,1035200920,9,AE1829,,970,20,4000
1035200921,1035200921,9,AE1829,,971,21,4200
1035200922,1035200922,9,AE1829,,972,22,4530
1035200923,1035200923,9,AE1829,,973,23,4530
1035200924,1035200924,9,AE1829,,974,24,4530
1035201501,1035201501,15,AE1829,,975,1,1
1035201502,1035201502,15,AE1829,,976,2,1
1035201503,1035201503,15,AE1829,,977,3,20
1035201504,1035201504,15,AE1829,,978,4,20
1035201505,1035201505,15,AE1829,,979,5,40
1035201506,1035201506,15,AE1829,,980,6,40
1035201507,1035201507,15,AE1829,,981,7,60
1035201508,1035201508,15,AE1829,,982,8,60
1035201509,1035201509,15,AE1829,,983,9,80
1035201510,1035201510,15,AE1829,,984,10,80
1035201511,1035201511,15,AE1829,,985,11,100
1035201512,1035201512,15,AE1829,,986,12,100
1035201513,1035201513,15,AE1829,,987,13,120
1035201514,1035201514,15,AE1829,,988,14,120
1035201515,1035201515,15,AE1829,,989,15,140
1035201516,1035201516,15,AE1829,,990,16,140
1035201701,1035201701,17,AE1829,,991,1,1
1035201702,1035201702,17,AE1829,,992,2,1
1035201703,1035201703,17,AE1829,,993,3,10
1035201704,1035201704,17,AE1829,,994,4,10
1035201705,1035201705,17,AE1829,,995,5,20
1035201706,1035201706,17,AE1829,,996,6,20
1035201707,1035201707,17,AE1829,,997,7,40
1035201708,1035201708,17,AE1829,,998,8,40
1035201709,1035201709,17,AE1829,,999,9,60
1035201710,1035201710,17,AE1829,,1000,10,60
1035201711,1035201711,17,AE1829,,1001,11,80
1035201712,1035201712,17,AE1829,,1002,12,80
1035201713,1035201713,17,AE1829,,1003,13,100
1035201714,1035201714,17,AE1829,,1004,14,100
1035201715,1035201715,17,AE1829,,1005,15,120
1035201716,1035201716,17,AE1829,,1006,16,120
1035201717,1035201717,17,AE1829,,1007,17,140
1035201718,1035201718,17,AE1829,,1008,18,140
1035201719,1035201719,17,AE1829,,1009,19,160
1035201720,1035201720,17,AE1829,,1010,20,160
1035201721,1035201721,17,AE1829,,1011,21,200
1035201722,1035201722,17,AE1829,,1012,22,200
1035201723,1035201723,17,AE1829,,1013,23,250
1035201724,1035201724,17,AE1829,,1014,24,250
1035201801,1035201801,18,AE1829,,1015,1,300
1035201802,1035201802,18,AE1829,,1016,2,300
1035201803,1035201803,18,AE1829,,1017,3,300
1035201804,1035201804,18,AE1829,,1018,4,400
1035201805,1035201805,18,AE1829,,1019,5,400
1035201806,1035201806,18,AE1829,,1020,6,400
1035201807,1035201807,18,AE1829,,1021,7,500
1035201808,1035201808,18,AE1829,,1022,8,500
1035201809,1035201809,18,AE1829,,1023,9,500
1035201810,1035201810,18,AE1829,,1024,10,600
1035201811,1035201811,18,AE1829,,1025,11,600
1035201812,1035201812,18,AE1829,,1026,12,-999
1035201813,1035201813,18,AE1829,,1027,13,-999
1035201814,1035201814,18,AE1829,,1028,14,-999
1035201815,1035201815,18,AE1829,,1029,15,-999
1035201816,1035201816,18,AE1829,,1030,16,-999
1035201817,1035201817,18,AE1829,,1031,17,-999
1035201818,1035201818,18,AE1829,,1032,18,-999
1035201819,1035201819,18,AE1829,,1033,19,-999
1035201820,1035201820,18,AE1829,,1034,20,-999
1035201821,1035201821,18,AE1829,,1035,21,-999
1035201822,1035201822,18,AE1829,,1036,22,-999
1035201823,1035201823,18,AE1829,,1037,23,-999
1035201824,1035201824,18,AE1829,,1038,24,-999
1035202101,1035202101,21,AE1829,V4_dada2_read_info_03052026.xlsx,1039,1,1
1035202101,1035202101,21,AE1829,V4_dada2_read_info_03052026.xlsx,1039,1,1
1035202102,1035202102,21,AE1829,,1040,2,1
1035202103,1035202103,21,AE1829,,1041,3,20
1035202104,1035202104,21,AE1829,V4_dada2_read_info_03052026.xlsx,1042,4,40
1035202104,1035202104,21,AE1829,V4_dada2_read_info_03052026.xlsx,1042,4,40
1035202105,1035202105,21,AE1829,,1043,5,60
1035202106,1035202106,21,AE1829,V4_dada2_read_info_03052026.xlsx,1044,6,80
1035202106,1035202106,21,AE1829,V4_dada2_read_info_03052026.xlsx,1044,6,80
1035202107,1035202107,21,AE1829,,1045,7,100
1035202108,1035202108,21,AE1829,V4_dada2_read_info_03052026.xlsx,1046,8,120
1035202108,1035202108,21,AE1829,V4_dada2_read_info_03052026.xlsx,1046,8,120
1035202109,1035202109,21,AE1829,,1047,9,140
1035202110,1035202110,21,AE1829,V4_dada2_read_info_03052026.xlsx,1048,10,160
1035202110,1035202110,21,AE1829,V4_dada2_read_info_03052026.xlsx,1048,10,160
1035202111,1035202111,21,AE1829,V4_dada2_read_info_03052026.xlsx,1049,11,200
1035202111,1035202111,21,AE1829,V4_dada2_read_info_03052026.xlsx,1049,11,200
1035202112,1035202112,21,AE1829,,1050,12,200
1035202113,1035202113,21,AE1829,V4_dada2_read_info_03052026.xlsx,1051,13,250
1035202113,1035202113,21,AE1829,V4_dada2_read_info_03052026.xlsx,1051,13,250
1035202114,1035202114,21,AE1829,,1052,14,250
1035202115,1035202115,21,AE1829,V4_dada2_read_info_03052026.xlsx,1053,15,300
1035202115,1035202115,21,AE1829,V4_dada2_read_info_03052026.xlsx,1053,15,300
1035202116,1035202116,21,AE1829,,1054,16,400
1035202117,1035202117,21,AE1829,V4_dada2_read_info_03052026.xlsx,1055,17,500
1035202118,1035202118,21,AE1829,,1056,18,500
1035202119,1035202119,21,AE1829,V4_dada2_read_info_03052026.xlsx,1057,19,600
1035202120,1035202120,21,AE1829,,1058,20,600
1035202121,1035202121,21,AE1829,V4_dada2_read_info_03052026.xlsx,1059,21,800
1035202122,1035202122,21,AE1829,,1060,22,800
1035202123,1035202123,21,AE1829,V4_dada2_read_info_03052026.xlsx,1061,23,1000
1035202124,1035202124,21,AE1829,,1062,24,1000
1035300901,1035300901,9,AE1831,,1063,1,600
1035300902,1035300902,9,AE1831,,1064,2,700
1035300903,1035300903,9,AE1831,,1065,3,800
1035300904,1035300904,9,AE1831,,1066,4,900
1035300905,1035300905,9,AE1831,,1067,5,1000
1035300906,1035300906,9,AE1831,,1068,6,1100
1035300907,1035300907,9,AE1831,,1069,7,1200
1035300908,1035300908,9,AE1831,,1070,8,1300
1035300909,1035300909,9,AE1831,,1071,9,1400
1035300910,1035300910,9,AE1831,,1072,10,1600
1035300911,1035300911,9,AE1831,,1073,11,1800
1035300912,1035300912,9,AE1831,,1074,12,2000
1035300913,1035300913,9,AE1831,,1075,13,2200
1035300914,1035300914,9,AE1831,,1076,14,2400
1035300915,1035300915,9,AE1831,,1077,15,2600
1035300916,1035300916,9,AE1831,,1078,16,3000
1035300917,1035300917,9,AE1831,,1079,17,3000
1035300918,1035300918,9,AE1831,,1080,18,3400
1035300919,1035300919,9,AE1831,,1081,19,3800
1035300920,1035300920,9,AE1831,,1082,20,4000
1035300921,1035300921,9,AE1831,,1083,21,4200
1035300922,1035300922,9,AE1831,,1084,22,4530
1035300923,1035300923,9,AE1831,,1085,23,4530
1035300924,1035300924,9,AE1831,,1086,24,4530
1035301101,1035301101,11,AE1831,,1087,1,1
1035301102,1035301102,11,AE1831,,1088,2,1
1035301103,1035301103,11,AE1831,,1089,3,20
1035301104,1035301104,11,AE1831,,1090,4,20
1035301105,1035301105,11,AE1831,,1091,5,40
1035301106,1035301106,11,AE1831,,1092,6,40
1035301107,1035301107,11,AE1831,,1093,7,60
1035301108,1035301108,11,AE1831,,1094,8,60
1035301109,1035301109,11,AE1831,,1095,9,60
1035301110,1035301110,11,AE1831,,1096,10,80
1035301111,1035301111,11,AE1831,,1097,11,80
1035301112,1035301112,11,AE1831,,1098,12,100
1035301113,1035301113,11,AE1831,,1099,13,100
1035301114,1035301114,11,AE1831,,1100,14,120
1035301115,1035301115,11,AE1831,,1101,15,120
1035301116,1035301116,11,AE1831,,1102,16,140
1035301117,1035301117,11,AE1831,,1103,17,140
1035301201,1035301201,12,AE1831,,1104,1,1
1035301202,1035301202,12,AE1831,,1105,2,1
1035301203,1035301203,12,AE1831,,1106,3,1
1035301204,1035301204,12,AE1831,,1107,4,10
1035301205,1035301205,12,AE1831,,1108,5,20
1035301206,1035301206,12,AE1831,,1109,6,20
1035301207,1035301207,12,AE1831,,1110,7,40
1035301208,1035301208,12,AE1831,,1111,8,40
1035301209,1035301209,12,AE1831,,1112,9,60
1035301210,1035301210,12,AE1831,,1113,10,60
1035301211,1035301211,12,AE1831,,1114,11,80
1035301212,1035301212,12,AE1831,,1115,12,80
1035301213,1035301213,12,AE1831,,1116,13,100
1035301214,1035301214,12,AE1831,,1117,14,100
1035301215,1035301215,12,AE1831,,1118,15,120
1035301216,1035301216,12,AE1831,,1119,16,120
1035301217,1035301217,12,AE1831,,1120,17,140
1035301218,1035301218,12,AE1831,,1121,18,140
1035301219,1035301219,12,AE1831,,1122,19,160
1035301220,1035301220,12,AE1831,,1123,20,160
1035301221,1035301221,12,AE1831,,1124,21,200
1035301222,1035301222,12,AE1831,,1125,22,200
1035301223,1035301223,12,AE1831,,1126,23,250
1035301224,1035301224,12,AE1831,,1127,24,250
1035301301,1035301301,13,AE1831,,1128,1,300
1035301302,1035301302,13,AE1831,,1129,2,300
1035301303,1035301303,13,AE1831,,1130,3,300
1035301304,1035301304,13,AE1831,,1131,4,400
1035301305,1035301305,13,AE1831,,1132,5,400
1035301306,1035301306,13,AE1831,,1133,6,400
1035301307,1035301307,13,AE1831,,1134,7,500
1035301308,1035301308,13,AE1831,,1135,8,500
1035301309,1035301309,13,AE1831,,1136,9,500
1035301310,1035301310,13,AE1831,,1137,10,-999
1035301311,1035301311,13,AE1831,,1138,11,-999
1035301312,1035301312,13,AE1831,,1139,12,-999
1035301313,1035301313,13,AE1831,,1140,13,-999
1035301314,1035301314,13,AE1831,,1141,14,-999
1035301315,1035301315,13,AE1831,,1142,15,-999
1035301316,1035301316,13,AE1831,,1143,16,-999
1035301317,1035301317,13,AE1831,,1144,17,-999
1035301318,1035301318,13,AE1831,,1145,18,-999
1035301319,1035301319,13,AE1831,,1146,19,-999
1035301320,1035301320,13,AE1831,,1147,20,-999
1035301321,1035301321,13,AE1831,,1148,21,-999
1035301322,1035301322,13,AE1831,,1149,22,-999
1035301323,1035301323,13,AE1831,,1150,23,-999
1035301324,1035301324,13,AE1831,,1151,24,-999
1035301701,1035301701,17,AE1831,V4_dada2_read_info_03052026.xlsx,1152,1,1
1035301701,1035301701,17,AE1831,V4_dada2_read_info_03052026.xlsx,1152,1,1
1035301702,1035301702,17,AE1831,,1153,2,1
1035301703,1035301703,17,AE1831,,1154,3,20
1035301704,1035301704,17,AE1831,V4_dada2_read_info_03052026.xlsx,1155,4,40
1035301704,1035301704,17,AE1831,V4_dada2_read_info_03052026.xlsx,1155,4,40
1035301705,1035301705,17,AE1831,,1156,5,40
1035301706,1035301706,17,AE1831,,1157,6,60
1035301707,1035301707,17,AE1831,V4_dada2_read_info_03052026.xlsx,1158,7,80
1035301707,1035301707,17,AE1831,V4_dada2_read_info_03052026.xlsx,1158,7,80
1035301708,1035301708,17,AE1831,,1159,8,100
1035301709,1035301709,17,AE1831,V4_dada2_read_info_03052026.xlsx,1160,9,120
1035301709,1035301709,17,AE1831,V4_dada2_read_info_03052026.xlsx,1160,9,120
1035301710,1035301710,17,AE1831,,1161,10,140
1035301711,1035301711,17,AE1831,,1162,11,140
1035301712,1035301712,17,AE1831,,1163,12,140
1035301713,1035301713,17,AE1831,V4_dada2_read_info_03052026.xlsx,1164,13,160
1035301713,1035301713,17,AE1831,V4_dada2_read_info_03052026.xlsx,1164,13,160
1035301714,1035301714,17,AE1831,V4_dada2_read_info_03052026.xlsx,1165,14,200
1035301714,1035301714,17,AE1831,V4_dada2_read_info_03052026.xlsx,1165,14,200
1035301715,1035301715,17,AE1831,,1166,15,200
1035301716,1035301716,17,AE1831,,1167,16,250
1035301717,1035301717,17,AE1831,V4_dada2_read_info_03052026.xlsx,1168,17,300
1035301717,1035301717,17,AE1831,V4_dada2_read_info_03052026.xlsx,1168,17,300
1035301718,1035301718,17,AE1831,,1169,18,400
1035301719,1035301719,17,AE1831,,1170,19,500
1035301720,1035301720,17,AE1831,,1171,20,500
1035301721,1035301721,17,AE1831,V4_dada2_read_info_03052026.xlsx,1172,21,600
1035301722,1035301722,17,AE1831,V4_dada2_read_info_03052026.xlsx,1173,22,800
1035301723,1035301723,17,AE1831,V4_dada2_read_info_03052026.xlsx,1174,23,1000
1035301724,1035301724,17,AE1831,,1175,24,1000
1035401101,1035401101,11,AE1836,,1176,1,1
1035401102,1035401102,11,AE1836,,1177,2,20
1035401103,1035401103,11,AE1836,,1178,3,40
1035401104,1035401104,11,AE1836,,1179,4,60
1035401105,1035401105,11,AE1836,,1180,5,80
1035401106,1035401106,11,AE1836,,1181,6,100
1035401107,1035401107,11,AE1836,,1182,7,120
1035401108,1035401108,11,AE1836,,1183,8,140
1035401109,1035401109,11,AE1836,,1184,9,200
1035401110,1035401110,11,AE1836,,1185,10,300
1035401111,1035401111,11,AE1836,,1186,11,400
1035401112,1035401112,11,AE1836,,1187,12,500
1035401113,1035401113,11,AE1836,,1188,13,600
1035401114,1035401114,11,AE1836,,1189,14,1000
1035401201,1035401201,12,AE1836,,1190,1,600
1035401202,1035401202,12,AE1836,,1191,2,700
1035401203,1035401203,12,AE1836,,1192,3,800
1035401204,1035401204,12,AE1836,,1193,4,900
1035401205,1035401205,12,AE1836,,1194,5,1000
1035401206,1035401206,12,AE1836,,1195,6,1100
1035401207,1035401207,12,AE1836,,1196,7,1200
1035401208,1035401208,12,AE1836,,1197,8,1300
1035401209,1035401209,12,AE1836,,1198,9,1400
1035401210,1035401210,12,AE1836,,1199,10,1600
1035401211,1035401211,12,AE1836,,1200,11,1800
1035401212,1035401212,12,AE1836,,1201,12,2000
1035401213,1035401213,12,AE1836,,1202,13,2200
1035401214,1035401214,12,AE1836,,1203,14,2400
1035401215,1035401215,12,AE1836,,1204,15,2600
1035401216,1035401216,12,AE1836,,1205,16,3000
1035401217,1035401217,12,AE1836,,1206,17,3000
1035401218,1035401218,12,AE1836,,1207,18,3400
1035401219,1035401219,12,AE1836,,1208,19,3800
1035401220,1035401220,12,AE1836,,1209,20,4000
1035401221,1035401221,12,AE1836,,1210,21,4200
1035401222,1035401222,12,AE1836,,1211,22,4530
1035401223,1035401223,12,AE1836,,1212,23,4530
1035401224,1035401224,12,AE1836,,1213,24,4530
1035401301,1035401301,13,AE1836,,1214,1,1
1035401302,1035401302,13,AE1836,,1215,2,1
1035401303,1035401303,13,AE1836,,1216,3,20
1035401304,1035401304,13,AE1836,,1217,4,20
1035401305,1035401305,13,AE1836,,1218,5,40
1035401306,1035401306,13,AE1836,,1219,6,40
1035401307,1035401307,13,AE1836,,1220,7,60
1035401308,1035401308,13,AE1836,,1221,8,60
1035401309,1035401309,13,AE1836,,1222,9,80
1035401310,1035401310,13,AE1836,,1223,10,80
1035401311,1035401311,13,AE1836,,1224,11,100
1035401312,1035401312,13,AE1836,,1225,12,100
1035401313,1035401313,13,AE1836,,1226,13,120
1035401314,1035401314,13,AE1836,,1227,14,120
1035401315,1035401315,13,AE1836,,1228,15,140
1035401316,1035401316,13,AE1836,,1229,16,140
1035401601,1035401601,16,AE1836,,1230,1,1
1035401602,1035401602,16,AE1836,,1231,2,1
1035401603,1035401603,16,AE1836,,1232,3,10
1035401604,1035401604,16,AE1836,,1233,4,10
1035401605,1035401605,16,AE1836,,1234,5,20
1035401606,1035401606,16,AE1836,,1235,6,20
1035401607,1035401607,16,AE1836,,1236,7,40
1035401608,1035401608,16,AE1836,,1237,8,40
1035401609,1035401609,16,AE1836,,1238,9,60
1035401610,1035401610,16,AE1836,,1239,10,60
1035401611,1035401611,16,AE1836,,1240,11,80
1035401612,1035401612,16,AE1836,,1241,12,80
1035401613,1035401613,16,AE1836,,1242,13,100
1035401614,1035401614,16,AE1836,,1243,14,100
1035401615,1035401615,16,AE1836,,1244,15,120
1035401616,1035401616,16,AE1836,,1245,16,120
1035401617,1035401617,16,AE1836,,1246,17,140
1035401618,1035401618,16,AE1836,,1247,18,140
1035401619,1035401619,16,AE1836,,1248,19,160
1035401620,1035401620,16,AE1836,,1249,20,160
1035401621,1035401621,16,AE1836,,1250,21,200
1035401622,1035401622,16,AE1836,,1251,22,200
1035401623,1035401623,16,AE1836,,1252,23,250
1035401624,1035401624,16,AE1836,,1253,24,250
1035401701,1035401701,17,AE1836,,1254,1,300
1035401702,1035401702,17,AE1836,,1255,2,300
1035401703,1035401703,17,AE1836,,1256,3,300
1035401704,1035401704,17,AE1836,,1257,4,400
1035401705,1035401705,17,AE1836,,1258,5,400
1035401706,1035401706,17,AE1836,,1259,6,400
1035401707,1035401707,17,AE1836,,1260,7,500
1035401708,1035401708,17,AE1836,,1261,8,500
1035401709,1035401709,17,AE1836,,1262,9,500
1035401710,1035401710,17,AE1836,,1263,10,-999
1035401711,1035401711,17,AE1836,,1264,11,-999
1035401712,1035401712,17,AE1836,,1265,12,-999
1035401713,1035401713,17,AE1836,,1266,13,-999
1035401714,1035401714,17,AE1836,,1267,14,-999
1035401715,1035401715,17,AE1836,,1268,15,-999
1035401716,1035401716,17,AE1836,,1269,16,-999
1035401717,1035401717,17,AE1836,,1270,17,-999
1035401718,1035401718,17,AE1836,,1271,18,-999
1035401719,1035401719,17,AE1836,,1272,19,-999
1035401720,1035401720,17,AE1836,,1273,20,-999
1035401721,1035401721,17,AE1836,,1274,21,-999
1035401722,1035401722,17,AE1836,,1275,22,-999
1035401723,1035401723,17,AE1836,,1276,23,-999
1035401724,1035401724,17,AE1836,,1277,24,-999
1035402001,1035402001,20,AE1836,V4_dada2_read_info_03052026.xlsx,1278,1,1
1035402001,1035402001,20,AE1836,V4_dada2_read_info_03052026.xlsx,1278,1,1
1035402002,1035402002,20,AE1836,,1279,2,1
1035402003,1035402003,20,AE1836,V4_dada2_read_info_03052026.xlsx,1280,3,40
1035402003,1035402003,20,AE1836,V4_dada2_read_info_03052026.xlsx,1280,3,40
1035402004,1035402004,20,AE1836,,1281,4,40
1035402005,1035402005,20,AE1836,V4_dada2_read_info_03052026.xlsx,1282,5,80
1035402005,1035402005,20,AE1836,V4_dada2_read_info_03052026.xlsx,1282,5,80
1035402006,1035402006,20,AE1836,,1283,6,80
1035402007,1035402007,20,AE1836,V4_dada2_read_info_03052026.xlsx,1284,7,120
1035402007,1035402007,20,AE1836,V4_dada2_read_info_03052026.xlsx,1284,7,120
1035402008,1035402008,20,AE1836,,1285,8,120
1035402009,1035402009,20,AE1836,V4_dada2_read_info_03052026.xlsx,1286,9,160
1035402009,1035402009,20,AE1836,V4_dada2_read_info_03052026.xlsx,1286,9,160
1035402010,1035402010,20,AE1836,,1287,10,160
1035402011,1035402011,20,AE1836,V4_dada2_read_info_03052026.xlsx,1288,11,200
1035402011,1035402011,20,AE1836,V4_dada2_read_info_03052026.xlsx,1288,11,200
1035402012,1035402012,20,AE1836,,1289,12,200
1035402013,1035402013,20,AE1836,V4_dada2_read_info_03052026.xlsx,1290,13,250
1035402013,1035402013,20,AE1836,V4_dada2_read_info_03052026.xlsx,1290,13,250
1035402014,1035402014,20,AE1836,,1291,14,250
1035402015,1035402015,20,AE1836,V4_dada2_read_info_03052026.xlsx,1292,15,300
1035402015,1035402015,20,AE1836,V4_dada2_read_info_03052026.xlsx,1292,15,300
1035402016,1035402016,20,AE1836,,1293,16,300
1035402017,1035402017,20,AE1836,,1294,17,500
1035402018,1035402018,20,AE1836,V4_dada2_read_info_03052026.xlsx,1295,18,500
1035402019,1035402019,20,AE1836,V4_dada2_read_info_03052026.xlsx,1296,19,600
1035402020,1035402020,20,AE1836,,1297,20,600
1035402021,1035402021,20,AE1836,V4_dada2_read_info_03052026.xlsx,1298,21,800
1035402022,1035402022,20,AE1836,,1299,22,800
1035402023,1035402023,20,AE1836,V4_dada2_read_info_03052026.xlsx,1300,23,1000
1035402024,1035402024,20,AE1836,,1301,24,1000
1035500901,1035500901,9,AE1902,,1302,1,600
1035500902,1035500902,9,AE1902,,1303,2,700
1035500903,1035500903,9,AE1902,,1304,3,800
1035500904,1035500904,9,AE1902,,1305,4,900
1035500905,1035500905,9,AE1902,,1306,5,1000
1035500906,1035500906,9,AE1902,,1307,6,1100
1035500907,1035500907,9,AE1902,,1308,7,1200
1035500908,1035500908,9,AE1902,,1309,8,1300
1035500909,1035500909,9,AE1902,,1310,9,1400
1035500910,1035500910,9,AE1902,,1311,10,1600
1035500911,1035500911,9,AE1902,,1312,11,1800
1035500912,1035500912,9,AE1902,,1313,12,2000
1035500913,1035500913,9,AE1902,,1314,13,2200
1035500914,1035500914,9,AE1902,,1315,14,2400
1035500915,1035500915,9,AE1902,,1316,15,2600
1035500916,1035500916,9,AE1902,,1317,16,3000
1035500917,1035500917,9,AE1902,,1318,17,3000
1035500918,1035500918,9,AE1902,,1319,18,3400
1035500919,1035500919,9,AE1902,,1320,19,3800
1035500920,1035500920,9,AE1902,,1321,20,4000
1035500921,1035500921,9,AE1902,,1322,21,4200
1035500922,1035500922,9,AE1902,,1323,22,4530
1035500923,1035500923,9,AE1902,,1324,23,4530
1035500924,1035500924,9,AE1902,,1325,24,4530
1035501001,1035501001,10,AE1902,,1326,1,1
1035501002,1035501002,10,AE1902,,1327,2,1
1035501003,1035501003,10,AE1902,,1328,3,20
1035501004,1035501004,10,AE1902,,1329,4,20
1035501005,1035501005,10,AE1902,,1330,5,40
1035501006,1035501006,10,AE1902,,1331,6,40
1035501007,1035501007,10,AE1902,,1332,7,60
1035501008,1035501008,10,AE1902,,1333,8,60
1035501009,1035501009,10,AE1902,,1334,9,80
1035501010,1035501010,10,AE1902,,1335,10,80
1035501011,1035501011,10,AE1902,,1336,11,100
1035501012,1035501012,10,AE1902,,1337,12,100
1035501013,1035501013,10,AE1902,,1338,13,120
1035501014,1035501014,10,AE1902,,1339,14,120
1035501015,1035501015,10,AE1902,,1340,15,140
1035501016,1035501016,10,AE1902,,1341,16,140
1035501301,1035501301,13,AE1902,,1342,1,1
1035501302,1035501302,13,AE1902,,1343,2,1
1035501303,1035501303,13,AE1902,,1344,3,10
1035501304,1035501304,13,AE1902,,1345,4,10
1035501305,1035501305,13,AE1902,,1346,5,20
1035501306,1035501306,13,AE1902,,1347,6,20
1035501307,1035501307,13,AE1902,,1348,7,40
1035501308,1035501308,13,AE1902,,1349,8,40
1035501309,1035501309,13,AE1902,,1350,9,60
1035501310,1035501310,13,AE1902,,1351,10,60
1035501311,1035501311,13,AE1902,,1352,11,80
1035501312,1035501312,13,AE1902,,1353,12,80
1035501313,1035501313,13,AE1902,,1354,13,100
1035501314,1035501314,13,AE1902,,1355,14,100
1035501315,1035501315,13,AE1902,,1356,15,120
1035501316,1035501316,13,AE1902,,1357,16,120
1035501317,1035501317,13,AE1902,,1358,17,140
1035501318,1035501318,13,AE1902,,1359,18,140
1035501319,1035501319,13,AE1902,,1360,19,160
1035501320,1035501320,13,AE1902,,1361,20,160
1035501321,1035501321,13,AE1902,,1362,21,200
1035501322,1035501322,13,AE1902,,1363,22,200
1035501323,1035501323,13,AE1902,,1364,23,250
1035501324,1035501324,13,AE1902,,1365,24,250
1035501401,1035501401,14,AE1902,,1366,1,300
1035501402,1035501402,14,AE1902,,1367,2,300
1035501403,1035501403,14,AE1902,,1368,3,300
1035501404,1035501404,14,AE1902,,1369,4,400
1035501405,1035501405,14,AE1902,,1370,5,400
1035501406,1035501406,14,AE1902,,1371,6,400
1035501407,1035501407,14,AE1902,,1372,7,500
1035501408,1035501408,14,AE1902,,1373,8,500
1035501409,1035501409,14,AE1902,,1374,9,500
1035501410,1035501410,14,AE1902,,1375,10,-999
1035501411,1035501411,14,AE1902,,1376,11,-999
1035501412,1035501412,14,AE1902,,1377,12,-999
1035501413,1035501413,14,AE1902,,1378,13,-999
1035501414,1035501414,14,AE1902,,1379,14,-999
1035501415,1035501415,14,AE1902,,1380,15,-999
1035501416,1035501416,14,AE1902,,1381,16,-999
1035501417,1035501417,14,AE1902,,1382,17,-999
1035501418,1035501418,14,AE1902,,1383,18,-999
1035501419,1035501419,14,AE1902,,1384,19,-999
1035501420,1035501420,14,AE1902,,1385,20,-999
1035501421,1035501421,14,AE1902,,1386,21,-999
1035501422,1035501422,14,AE1902,,1387,22,-999
1035501423,1035501423,14,AE1902,,1388,23,-999
1035501424,1035501424,14,AE1902,,1389,24,-999
1035501701,1035501701,17,AE1902,V4_dada2_read_info_03052026.xlsx,1390,1,1
1035501702,1035501702,17,AE1902,,1391,2,1
1035501703,1035501703,17,AE1902,V4_dada2_read_info_03052026.xlsx,1392,3,40
1035501704,1035501704,17,AE1902,,1393,4,40
1035501705,1035501705,17,AE1902,V4_dada2_read_info_03052026.xlsx,1394,5,80
1035501706,1035501706,17,AE1902,,1395,6,80
1035501707,1035501707,17,AE1902,V4_dada2_read_info_03052026.xlsx,1396,7,120
1035501708,1035501708,17,AE1902,,1397,8,120
1035501709,1035501709,17,AE1902,V4_dada2_read_info_03052026.xlsx,1398,9,160
1035501710,1035501710,17,AE1902,,1399,10,160
1035501711,1035501711,17,AE1902,V4_dada2_read_info_03052026.xlsx,1400,11,200
1035501712,1035501712,17,AE1902,,1401,12,200
1035501713,1035501713,17,AE1902,V4_dada2_read_info_03052026.xlsx,1402,13,250
1035501714,1035501714,17,AE1902,,1403,14,250
1035501715,1035501715,17,AE1902,V4_dada2_read_info_03052026.xlsx,1404,15,300
1035501716,1035501716,17,AE1902,,1405,16,300
1035501717,1035501717,17,AE1902,V4_dada2_read_info_03052026.xlsx,1406,17,400
1035501718,1035501718,17,AE1902,,1407,18,400
1035501719,1035501719,17,AE1902,V4_dada2_read_info_03052026.xlsx,1408,19,500
1035501720,1035501720,17,AE1902,,1409,20,500
1035501721,1035501721,17,AE1902,V4_dada2_read_info_03052026.xlsx,1410,21,800
1035501722,1035501722,17,AE1902,,1411,22,800
1035501723,1035501723,17,AE1902,V4_dada2_read_info_03052026.xlsx,1412,23,1000
1035501724,1035501724,17,AE1902,,1413,24,1000
1035600801,1035600801,8,EN629,,1414,1,600
1035600802,1035600802,8,EN629,,1415,2,700
1035600803,1035600803,8,EN629,,1416,3,800
1035600804,1035600804,8,EN629,,1417,4,900
1035600805,1035600805,8,EN629,,1418,5,1000
1035600806,1035600806,8,EN629,,1419,6,1100
1035600807,1035600807,8,EN629,,1420,7,1200
1035600808,1035600808,8,EN629,,1421,8,1300
1035600809,1035600809,8,EN629,,1422,9,1400
1035600810,1035600810,8,EN629,,1423,10,1600
1035600811,1035600811,8,EN629,,1424,11,1800
1035600812,1035600812,8,EN629,,1425,12,2000
1035600813,1035600813,8,EN629,,1426,13,2200
1035600814,1035600814,8,EN629,,1427,14,2400
1035600815,1035600815,8,EN629,,1428,15,2600
1035600816,1035600816,8,EN629,,1429,16,3000
1035600817,1035600817,8,EN629,,1430,17,3000
1035600818,1035600818,8,EN629,,1431,18,3400
1035600819,1035600819,8,EN629,,1432,19,3800
1035600820,1035600820,8,EN629,,1433,20,4000
1035600821,1035600821,8,EN629,,1434,21,4200
1035600822,1035600822,8,EN629,,1435,22,4530
1035600823,1035600823,8,EN629,,1436,23,4530
1035600824,1035600824,8,EN629,,1437,24,4530
1035600901,1035600901,9,EN629,,1438,1,1
1035600902,1035600902,9,EN629,,1439,2,1
1035600903,1035600903,9,EN629,,1440,3,20
1035600904,1035600904,9,EN629,,1441,4,20
1035600905,1035600905,9,EN629,,1442,5,40
1035600906,1035600906,9,EN629,,1443,6,40
1035600907,1035600907,9,EN629,,1444,7,60
1035600908,1035600908,9,EN629,,1445,8,60
1035600909,1035600909,9,EN629,,1446,9,80
1035600910,1035600910,9,EN629,,1447,10,80
1035600911,1035600911,9,EN629,,1448,11,100
1035600912,1035600912,9,EN629,,1449,12,100
1035600913,1035600913,9,EN629,,1450,13,120
1035600914,1035600914,9,EN629,,1451,14,120
1035600915,1035600915,9,EN629,,1452,15,140
1035600916,1035600916,9,EN629,,1453,16,140
1035601301,1035601301,13,EN629,,1454,1,1
1035601302,1035601302,13,EN629,,1455,2,1
1035601303,1035601303,13,EN629,,1456,3,10
1035601304,1035601304,13,EN629,,1457,4,10
1035601305,1035601305,13,EN629,,1458,5,20
1035601306,1035601306,13,EN629,,1459,6,20
1035601307,1035601307,13,EN629,,1460,7,40
1035601308,1035601308,13,EN629,,1461,8,40
1035601309,1035601309,13,EN629,,1462,9,60
1035601310,1035601310,13,EN629,,1463,10,60
1035601311,1035601311,13,EN629,,1464,11,80
1035601312,1035601312,13,EN629,,1465,12,80
1035601313,1035601313,13,EN629,,1466,13,100
1035601314,1035601314,13,EN629,,1467,14,100
1035601315,1035601315,13,EN629,,1468,15,120
1035601316,1035601316,13,EN629,,1469,16,120
1035601317,1035601317,13,EN629,,1470,17,140
1035601318,1035601318,13,EN629,,1471,18,140
1035601319,1035601319,13,EN629,,1472,19,160
1035601320,1035601320,13,EN629,,1473,20,160
1035601321,1035601321,13,EN629,,1474,21,200
1035601322,1035601322,13,EN629,,1475,22,200
1035601323,1035601323,13,EN629,,1476,23,250
1035601324,1035601324,13,EN629,,1477,24,250
1035601401,1035601401,14,EN629,,1478,1,1
1035601402,1035601402,14,EN629,,1479,2,1
1035601403,1035601403,14,EN629,,1480,3,10
1035601404,1035601404,14,EN629,,1481,4,10
1035601405,1035601405,14,EN629,,1482,5,20
1035601406,1035601406,14,EN629,,1483,6,20
1035601407,1035601407,14,EN629,,1484,7,40
1035601408,1035601408,14,EN629,,1485,8,40
1035601409,1035601409,14,EN629,,1486,9,60
1035601410,1035601410,14,EN629,,1487,10,60
1035601411,1035601411,14,EN629,,1488,11,80
1035601412,1035601412,14,EN629,,1489,12,80
1035601413,1035601413,14,EN629,,1490,13,100
1035601414,1035601414,14,EN629,,1491,14,100
1035601415,1035601415,14,EN629,,1492,15,120
1035601416,1035601416,14,EN629,,1493,16,120
1035601417,1035601417,14,EN629,,1494,17,140
1035601418,1035601418,14,EN629,,1495,18,140
1035601419,1035601419,14,EN629,,1496,19,160
1035601420,1035601420,14,EN629,,1497,20,160
1035601421,1035601421,14,EN629,,1498,21,200
1035601422,1035601422,14,EN629,,1499,22,200
1035601423,1035601423,14,EN629,,1500,23,250
1035601424,1035601424,14,EN629,,1501,24,250
1035601501,1035601501,15,EN629,V4_dada2_read_info_03052026.xlsx,1502,1,1
1035601502,1035601502,15,EN629,,1503,2,1
1035601503,1035601503,15,EN629,V4_dada2_read_info_03052026.xlsx,1504,3,40
1035601504,1035601504,15,EN629,,1505,4,40
1035601505,1035601505,15,EN629,V4_dada2_read_info_03052026.xlsx,1506,5,80
1035601506,1035601506,15,EN629,,1507,6,80
1035601507,1035601507,15,EN629,V4_dada2_read_info_03052026.xlsx,1508,7,120
1035601508,1035601508,15,EN629,,1509,8,120
1035601509,1035601509,15,EN629,V4_dada2_read_info_03052026.xlsx,1510,9,160
1035601510,1035601510,15,EN629,,1511,10,160
1035601511,1035601511,15,EN629,V4_dada2_read_info_03052026.xlsx,1512,11,200
1035601512,1035601512,15,EN629,V4_dada2_read_info_03052026.xlsx,1513,12,250
1035601513,1035601513,15,EN629,,1514,13,300
1035601514,1035601514,15,EN629,,1515,14,300
1035601515,1035601515,15,EN629,V4_dada2_read_info_03052026.xlsx,1516,15,300
1035601516,1035601516,15,EN629,,1517,16,400
1035601517,1035601517,15,EN629,,1518,17,400
1035601518,1035601518,15,EN629,,1519,18,400
1035601519,1035601519,15,EN629,,1520,19,500
1035601520,1035601520,15,EN629,,1521,20,500
1035601521,1035601521,15,EN629,V4_dada2_read_info_03052026.xlsx,1522,21,500
1035601522,1035601522,15,EN629,V4_dada2_read_info_03052026.xlsx,1523,22,600
1035601523,1035601523,15,EN629,V4_dada2_read_info_03052026.xlsx,1524,23,800
1035601524,1035601524,15,EN629,V4_dada2_read_info_03052026.xlsx,1525,24,1000
1035602101,1035602101,21,EN629,,1526,1,1
1035602102,1035602102,21,EN629,,1527,2,20
1035602103,1035602103,21,EN629,,1528,3,40
1035602104,1035602104,21,EN629,,1529,4,60
1035602105,1035602105,21,EN629,,1530,5,80
1035602106,1035602106,21,EN629,,1531,6,100
1035602107,1035602107,21,EN629,,1532,7,120
1035602108,1035602108,21,EN629,,1533,8,140
1035602109,1035602109,21,EN629,,1534,9,200
1035602110,1035602110,21,EN629,,1535,10,300
1035602111,1035602111,21,EN629,,1536,11,400
1035602112,1035602112,21,EN629,,1537,12,500
1035602113,1035602113,21,EN629,,1538,13,600
1035602114,1035602114,21,EN629,,1539,14,1000
1035700701,1035700701,7,EN631,V4_dada2_read_info_03052026.xlsx,1540,1,1
1035700702,1035700702,7,EN631,,1541,2,1
1035700703,1035700703,7,EN631,V4_dada2_read_info_03052026.xlsx,1542,3,40
1035700704,1035700704,7,EN631,,1543,4,40
1035700705,1035700705,7,EN631,V4_dada2_read_info_03052026.xlsx,1544,5,80
1035700706,1035700706,7,EN631,,1545,6,80
1035700707,1035700707,7,EN631,V4_dada2_read_info_03052026.xlsx,1546,7,120
1035700708,1035700708,7,EN631,,1547,8,120
1035700709,1035700709,7,EN631,V4_dada2_read_info_03052026.xlsx,1548,9,160
1035700710,1035700710,7,EN631,,1549,10,160
1035700711,1035700711,7,EN631,V4_dada2_read_info_03052026.xlsx,1550,11,200
1035700712,1035700712,7,EN631,,1551,12,200
1035700713,1035700713,7,EN631,V4_dada2_read_info_03052026.xlsx,1552,13,250
1035700714,1035700714,7,EN631,,1553,14,250
1035700715,1035700715,7,EN631,V4_dada2_read_info_03052026.xlsx,1554,15,300
1035700716,1035700716,7,EN631,,1555,16,300
1035700717,1035700717,7,EN631,V4_dada2_read_info_03052026.xlsx,1556,17,500
1035700718,1035700718,7,EN631,,1557,18,500
1035700719,1035700719,7,EN631,V4_dada2_read_info_03052026.xlsx,1558,19,600
1035700720,1035700720,7,EN631,,1559,20,600
1035700721,1035700721,7,EN631,V4_dada2_read_info_03052026.xlsx,1560,21,800
1035700722,1035700722,7,EN631,,1561,22,800
1035700723,1035700723,7,EN631,V4_dada2_read_info_03052026.xlsx,1562,23,1000
1035700724,1035700724,7,EN631,,1563,24,1000
1035700801,1035700801,8,EN631,,1564,1,1
1035700802,1035700802,8,EN631,,1565,2,1
1035700803,1035700803,8,EN631,,1566,3,20
1035700804,1035700804,8,EN631,,1567,4,20
1035700805,1035700805,8,EN631,,1568,5,40
1035700806,1035700806,8,EN631,,1569,6,40
1035700807,1035700807,8,EN631,,1570,7,60
1035700808,1035700808,8,EN631,,1571,8,60
1035700809,1035700809,8,EN631,,1572,9,80
1035700810,1035700810,8,EN631,,1573,10,80
1035700811,1035700811,8,EN631,,1574,11,100
1035700812,1035700812,8,EN631,,1575,12,100
1035700813,1035700813,8,EN631,,1576,13,120
1035700814,1035700814,8,EN631,,1577,14,120
1035700815,1035700815,8,EN631,,1578,15,140
1035700816,1035700816,8,EN631,,1579,16,140
1035701001,1035701001,10,EN631,,1580,1,1
1035701002,1035701002,10,EN631,,1581,2,1
1035701003,1035701003,10,EN631,,1582,3,10
1035701004,1035701004,10,EN631,,1583,4,10
1035701005,1035701005,10,EN631,,1584,5,20
1035701006,1035701006,10,EN631,,1585,6,20
1035701007,1035701007,10,EN631,,1586,7,40
1035701008,1035701008,10,EN631,,1587,8,40
1035701009,1035701009,10,EN631,,1588,9,60
1035701010,1035701010,10,EN631,,1589,10,60
1035701011,1035701011,10,EN631,,1590,11,80
1035701012,1035701012,10,EN631,,1591,12,80
1035701013,1035701013,10,EN631,,1592,13,100
1035701014,1035701014,10,EN631,,1593,14,100
1035701015,1035701015,10,EN631,,1594,15,120
1035701016,1035701016,10,EN631,,1595,16,120
1035701017,1035701017,10,EN631,,1596,17,140
1035701018,1035701018,10,EN631,,1597,18,140
1035701019,1035701019,10,EN631,,1598,19,160
1035701020,1035701020,10,EN631,,1599,20,160
1035701021,1035701021,10,EN631,,1600,21,200
1035701022,1035701022,10,EN631,,1601,22,200
1035701023,1035701023,10,EN631,,1602,23,250
1035701024,1035701024,10,EN631,,1603,24,250
1035701101,1035701101,11,EN631,,1604,1,10
1035701102,1035701102,11,EN631,,1605,2,10
1035701103,1035701103,11,EN631,,1606,3,10
1035701104,1035701104,11,EN631,,1607,4,10
1035701105,1035701105,11,EN631,,1608,5,20
1035701106,1035701106,11,EN631,,1609,6,20
1035701107,1035701107,11,EN631,,1610,7,40
1035701108,1035701108,11,EN631,,1611,8,40
1035701109,1035701109,11,EN631,,1612,9,60
1035701110,1035701110,11,EN631,,1613,10,60
1035701111,1035701111,11,EN631,,1614,11,80
1035701112,1035701112,11,EN631,,1615,12,80
1035701113,1035701113,11,EN631,,1616,13,100
1035701114,1035701114,11,EN631,,1617,14,100
1035701115,1035701115,11,EN631,,1618,15,120
1035701116,1035701116,11,EN631,,1619,16,120
1035701117,1035701117,11,EN631,,1620,17,140
1035701118,1035701118,11,EN631,,1621,18,140
1035701119,1035701119,11,EN631,,1622,19,160
1035701120,1035701120,11,EN631,,1623,20,160
1035701121,1035701121,11,EN631,,1624,21,200
1035701122,1035701122,11,EN631,,1625,22,200
1035701123,1035701123,11,EN631,,1626,23,250
1035701124,1035701124,11,EN631,,1627,24,250
1035701201,1035701201,12,EN631,,1628,1,300
1035701202,1035701202,12,EN631,,1629,2,300
1035701203,1035701203,12,EN631,,1630,3,300
1035701204,1035701204,12,EN631,,1631,4,400
1035701205,1035701205,12,EN631,,1632,5,400
1035701206,1035701206,12,EN631,,1633,6,400
1035701207,1035701207,12,EN631,,1634,7,500
1035701208,1035701208,12,EN631,,1635,8,500
1035701209,1035701209,12,EN631,,1636,9,500
1035701210,1035701210,12,EN631,,1637,10,-999
1035701211,1035701211,12,EN631,,1638,11,-999
1035701212,1035701212,12,EN631,,1639,12,-999
1035701213,1035701213,12,EN631,,1640,13,-999
1035701214,1035701214,12,EN631,,1641,14,-999
1035701215,1035701215,12,EN631,,1642,15,-999
1035701216,1035701216,12,EN631,,1643,16,-999
1035701217,1035701217,12,EN631,,1644,17,-999
1035701218,1035701218,12,EN631,,1645,18,-999
1035701219,1035701219,12,EN631,,1646,19,-999
1035701220,1035701220,12,EN631,,1647,20,-999
1035701221,1035701221,12,EN631,,1648,21,-999
1035701222,1035701222,12,EN631,,1649,22,1
1035701223,1035701223,12,EN631,,1650,23,1
1035701224,1035701224,12,EN631,,1651,24,1
1035701401,1035701401,14,EN631,,1652,1,600
1035701402,1035701402,14,EN631,,1653,2,700
1035701403,1035701403,14,EN631,,1654,3,800
1035701404,1035701404,14,EN631,,1655,4,900
1035701405,1035701405,14,EN631,,1656,5,1000
1035701406,1035701406,14,EN631,,1657,6,1100
1035701407,1035701407,14,EN631,,1658,7,1200
1035701408,1035701408,14,EN631,,1659,8,1300
1035701409,1035701409,14,EN631,,1660,9,1400
1035701410,1035701410,14,EN631,,1661,10,1600
1035701411,1035701411,14,EN631,,1662,11,1800
1035701412,1035701412,14,EN631,,1663,12,2000
1035701413,1035701413,14,EN631,,1664,13,2200
1035701414,1035701414,14,EN631,,1665,14,2400
1035701415,1035701415,14,EN631,,1666,15,2600
1035701416,1035701416,14,EN631,,1667,16,3000
1035701417,1035701417,14,EN631,,1668,17,3000
1035701418,1035701418,14,EN631,,1669,18,3400
1035701419,1035701419,14,EN631,,1670,19,3800
1035701420,1035701420,14,EN631,,1671,20,4000
1035701421,1035701421,14,EN631,,1672,21,4200
1035701422,1035701422,14,EN631,,1673,22,4530
1035701423,1035701423,14,EN631,,1674,23,4530
1035701424,1035701424,14,EN631,,1675,24,4530
1035701801,1035701801,18,EN631,,1676,1,1
1035701802,1035701802,18,EN631,,1677,2,20
1035701803,1035701803,18,EN631,,1678,3,40
1035701804,1035701804,18,EN631,,1679,4,60
1035701805,1035701805,18,EN631,,1680,5,80
1035701806,1035701806,18,EN631,,1681,6,100
1035701807,1035701807,18,EN631,,1682,7,120
1035701808,1035701808,18,EN631,,1683,8,140
1035701809,1035701809,18,EN631,,1684,9,200
1035701810,1035701810,18,EN631,,1685,10,300
1035701811,1035701811,18,EN631,,1686,11,400
1035701812,1035701812,18,EN631,,1687,12,500
1035701813,1035701813,18,EN631,,1688,13,600
1035701814,1035701814,18,EN631,,1689,14,1000
1035801501,1035801501,15,AE1905,,1690,1,600
1035801502,1035801502,15,AE1905,,1691,2,700
1035801503,1035801503,15,AE1905,,1692,3,800
1035801504,1035801504,15,AE1905,,1693,4,900
1035801505,1035801505,15,AE1905,,1694,5,1000
1035801506,1035801506,15,AE1905,,1695,6,1100
1035801507,1035801507,15,AE1905,,1696,7,1200
1035801508,1035801508,15,AE1905,,1697,8,1300
1035801509,1035801509,15,AE1905,,1698,9,1400
1035801510,1035801510,15,AE1905,,1699,10,1600
1035801511,1035801511,15,AE1905,,1700,11,1800
1035801512,1035801512,15,AE1905,,1701,12,2000
1035801513,1035801513,15,AE1905,,1702,13,2200
1035801514,1035801514,15,AE1905,,1703,14,2400
1035801515,1035801515,15,AE1905,,1704,15,2600
1035801516,1035801516,15,AE1905,,1705,16,3000
1035801517,1035801517,15,AE1905,,1706,17,3000
1035801518,1035801518,15,AE1905,,1707,18,3400
1035801519,1035801519,15,AE1905,,1708,19,3800
1035801520,1035801520,15,AE1905,,1709,20,4000
1035801521,1035801521,15,AE1905,,1710,21,4200
1035801522,1035801522,15,AE1905,,1711,22,4530
1035801523,1035801523,15,AE1905,,1712,23,4530
1035801524,1035801524,15,AE1905,,1713,24,4530
1035801701,1035801701,17,AE1905,,1714,1,1
1035801702,1035801702,17,AE1905,,1715,2,1
1035801703,1035801703,17,AE1905,,1716,3,20
1035801704,1035801704,17,AE1905,,1717,4,20
1035801705,1035801705,17,AE1905,,1718,5,40
1035801706,1035801706,17,AE1905,,1719,6,40
1035801707,1035801707,17,AE1905,,1720,7,60
1035801708,1035801708,17,AE1905,,1721,8,60
1035801709,1035801709,17,AE1905,,1722,9,80
1035801710,1035801710,17,AE1905,,1723,10,80
1035801711,1035801711,17,AE1905,,1724,11,100
1035801712,1035801712,17,AE1905,,1725,12,100
1035801713,1035801713,17,AE1905,,1726,13,120
1035801714,1035801714,17,AE1905,,1727,14,120
1035801715,1035801715,17,AE1905,,1728,15,140
1035801716,1035801716,17,AE1905,,1729,16,140
1035802001,1035802001,20,AE1905,,1730,1,1
1035802002,1035802002,20,AE1905,,1731,2,1
1035802003,1035802003,20,AE1905,,1732,3,10
1035802004,1035802004,20,AE1905,,1733,4,10
1035802005,1035802005,20,AE1905,,1734,5,20
1035802006,1035802006,20,AE1905,,1735,6,20
1035802007,1035802007,20,AE1905,,1736,7,40
1035802008,1035802008,20,AE1905,,1737,8,40
1035802009,1035802009,20,AE1905,,1738,9,60
1035802010,1035802010,20,AE1905,,1739,10,60
1035802011,1035802011,20,AE1905,,1740,11,80
1035802012,1035802012,20,AE1905,,1741,12,80
1035802013,1035802013,20,AE1905,,1742,13,100
1035802014,1035802014,20,AE1905,,1743,14,100
1035802015,1035802015,20,AE1905,,1744,15,120
1035802016,1035802016,20,AE1905,,1745,16,120
1035802017,1035802017,20,AE1905,,1746,17,140
1035802018,1035802018,20,AE1905,,1747,18,140
1035802019,1035802019,20,AE1905,,1748,19,160
1035802020,1035802020,20,AE1905,,1749,20,160
1035802021,1035802021,20,AE1905,,1750,21,200
1035802022,1035802022,20,AE1905,,1751,22,200
1035802023,1035802023,20,AE1905,,1752,23,250
1035802024,1035802024,20,AE1905,,1753,24,250
1035802101,1035802101,21,AE1905,,1754,1,300
1035802102,1035802102,21,AE1905,,1755,2,-999
1035802103,1035802103,21,AE1905,,1756,3,-999
1035802104,1035802104,21,AE1905,,1757,4,400
1035802105,1035802105,21,AE1905,,1758,5,-999
1035802106,1035802106,21,AE1905,,1759,6,-999
1035802107,1035802107,21,AE1905,,1760,7,500
1035802108,1035802108,21,AE1905,,1761,8,-999
1035802109,1035802109,21,AE1905,,1762,9,-999
1035802110,1035802110,21,AE1905,,1763,10,-999
1035802111,1035802111,21,AE1905,,1764,11,-999
1035802112,1035802112,21,AE1905,,1765,12,-999
1035802113,1035802113,21,AE1905,,1766,13,-999
1035802114,1035802114,21,AE1905,,1767,14,-999
1035802115,1035802115,21,AE1905,,1768,15,-999
1035802116,1035802116,21,AE1905,,1769,16,-999
1035802117,1035802117,21,AE1905,,1770,17,-999
1035802118,1035802118,21,AE1905,,1771,18,-999
1035802119,1035802119,21,AE1905,,1772,19,-999
1035802120,1035802120,21,AE1905,,1773,20,-999
1035802121,1035802121,21,AE1905,,1774,21,-999
1035802122,1035802122,21,AE1905,,1775,22,-999
1035802123,1035802123,21,AE1905,,1776,23,-999
1035802124,1035802124,21,AE1905,,1777,24,-999
1035802401,1035802401,24,AE1905,V4_dada2_read_info_03052026.xlsx,1778,1,1
1035802402,1035802402,24,AE1905,,1779,2,1
1035802403,1035802403,24,AE1905,,1780,3,20
1035802404,1035802404,24,AE1905,V4_dada2_read_info_03052026.xlsx,1781,4,40
1035802405,1035802405,24,AE1905,,1782,5,60
1035802406,1035802406,24,AE1905,,1783,6,80
1035802407,1035802407,24,AE1905,V4_dada2_read_info_03052026.xlsx,1784,7,100
1035802408,1035802408,24,AE1905,V4_dada2_read_info_03052026.xlsx,1785,8,120
1035802409,1035802409,24,AE1905,,1786,9,140
1035802410,1035802410,24,AE1905,V4_dada2_read_info_03052026.xlsx,1787,10,160
1035802411,1035802411,24,AE1905,V4_dada2_read_info_03052026.xlsx,1788,11,200
1035802412,1035802412,24,AE1905,,1789,12,200
1035802413,1035802413,24,AE1905,V4_dada2_read_info_03052026.xlsx,1790,13,250
1035802414,1035802414,24,AE1905,,1791,14,250
1035802415,1035802415,24,AE1905,V4_dada2_read_info_03052026.xlsx,1792,15,300
1035802416,1035802416,24,AE1905,,1793,16,300
1035802417,1035802417,24,AE1905,,1794,17,400
1035802418,1035802418,24,AE1905,V4_dada2_read_info_03052026.xlsx,1795,18,500
1035802419,1035802419,24,AE1905,V4_dada2_read_info_03052026.xlsx,1796,19,600
1035802420,1035802420,24,AE1905,,1797,20,600
1035802421,1035802421,24,AE1905,V4_dada2_read_info_03052026.xlsx,1798,21,800
1035802422,1035802422,24,AE1905,,1799,22,800
1035802423,1035802423,24,AE1905,V4_dada2_read_info_03052026.xlsx,1800,23,1000
1035802424,1035802424,24,AE1905,,1801,24,1000
1035900901,1035900901,9,AE1909,,1802,1,1
1035900902,1035900902,9,AE1909,,1803,2,20
1035900903,1035900903,9,AE1909,,1804,3,40
1035900904,1035900904,9,AE1909,,1805,4,60
1035900905,1035900905,9,AE1909,,1806,5,80
1035900906,1035900906,9,AE1909,,1807,6,100
1035900907,1035900907,9,AE1909,,1808,7,120
1035900908,1035900908,9,AE1909,,1809,8,140
1035900909,1035900909,9,AE1909,,1810,9,200
1035900910,1035900910,9,AE1909,,1811,10,300
1035900911,1035900911,9,AE1909,,1812,11,400
1035900912,1035900912,9,AE1909,,1813,12,500
1035900913,1035900913,9,AE1909,,1814,13,600
1035900914,1035900914,9,AE1909,,1815,14,1000
1035901001,1035901001,10,AE1909,,1816,1,600
1035901002,1035901002,10,AE1909,,1817,2,700
1035901003,1035901003,10,AE1909,,1818,3,800
1035901004,1035901004,10,AE1909,,1819,4,900
1035901005,1035901005,10,AE1909,,1820,5,1000
1035901006,1035901006,10,AE1909,,1821,6,1100
1035901007,1035901007,10,AE1909,,1822,7,1200
1035901008,1035901008,10,AE1909,,1823,8,1300
1035901009,1035901009,10,AE1909,,1824,9,1400
1035901010,1035901010,10,AE1909,,1825,10,1600
1035901011,1035901011,10,AE1909,,1826,11,1800
1035901012,1035901012,10,AE1909,,1827,12,2000
1035901013,1035901013,10,AE1909,,1828,13,2200
1035901014,1035901014,10,AE1909,,1829,14,2400
1035901015,1035901015,10,AE1909,,1830,15,2600
1035901016,1035901016,10,AE1909,,1831,16,3000
1035901017,1035901017,10,AE1909,,1832,17,3000
1035901018,1035901018,10,AE1909,,1833,18,3400
1035901019,1035901019,10,AE1909,,1834,19,3800
1035901020,1035901020,10,AE1909,,1835,20,4000
1035901021,1035901021,10,AE1909,,1836,21,4200
1035901022,1035901022,10,AE1909,,1837,22,4530
1035901023,1035901023,10,AE1909,,1838,23,4530
1035901024,1035901024,10,AE1909,,1839,24,4530
1035901201,1035901201,12,AE1909,,1840,1,1
1035901202,1035901202,12,AE1909,,1841,2,1
1035901203,1035901203,12,AE1909,,1842,3,20
1035901204,1035901204,12,AE1909,,1843,4,20
1035901205,1035901205,12,AE1909,,1844,5,40
1035901206,1035901206,12,AE1909,,1845,6,40
1035901207,1035901207,12,AE1909,,1846,7,60
1035901208,1035901208,12,AE1909,,1847,8,60
1035901209,1035901209,12,AE1909,,1848,9,80
1035901210,1035901210,12,AE1909,,1849,10,80
1035901211,1035901211,12,AE1909,,1850,11,100
1035901212,1035901212,12,AE1909,,1851,12,100
1035901213,1035901213,12,AE1909,,1852,13,120
1035901214,1035901214,12,AE1909,,1853,14,120
1035901215,1035901215,12,AE1909,,1854,15,140
1035901216,1035901216,12,AE1909,,1855,16,140
1035901501,1035901501,15,AE1909,,1856,1,1
1035901502,1035901502,15,AE1909,,1857,2,1
1035901503,1035901503,15,AE1909,,1858,3,10
1035901504,1035901504,15,AE1909,,1859,4,10
1035901505,1035901505,15,AE1909,,1860,5,20
1035901506,1035901506,15,AE1909,,1861,6,20
1035901507,1035901507,15,AE1909,,1862,7,40
1035901508,1035901508,15,AE1909,,1863,8,40
1035901509,1035901509,15,AE1909,,1864,9,60
1035901510,1035901510,15,AE1909,,1865,10,60
1035901511,1035901511,15,AE1909,,1866,11,80
1035901512,1035901512,15,AE1909,,1867,12,80
1035901513,1035901513,15,AE1909,,1868,13,100
1035901514,1035901514,15,AE1909,,1869,14,100
1035901515,1035901515,15,AE1909,,1870,15,120
1035901516,1035901516,15,AE1909,,1871,16,120
1035901517,1035901517,15,AE1909,,1872,17,140
1035901518,1035901518,15,AE1909,,1873,18,140
1035901519,1035901519,15,AE1909,,1874,19,160
1035901520,1035901520,15,AE1909,,1875,20,160
1035901521,1035901521,15,AE1909,,1876,21,200
1035901522,1035901522,15,AE1909,,1877,22,200
1035901523,1035901523,15,AE1909,,1878,23,250
1035901524,1035901524,15,AE1909,,1879,24,250
1035901601,1035901601,16,AE1909,,1880,1,300
1035901602,1035901602,16,AE1909,,1881,2,300
1035901603,1035901603,16,AE1909,,1882,3,300
1035901604,1035901604,16,AE1909,,1883,4,400
1035901605,1035901605,16,AE1909,,1884,5,400
1035901606,1035901606,16,AE1909,,1885,6,400
1035901607,1035901607,16,AE1909,,1886,7,500
1035901608,1035901608,16,AE1909,,1887,8,500
1035901609,1035901609,16,AE1909,,1888,9,500
1035901610,1035901610,16,AE1909,,1889,10,-999
1035901611,1035901611,16,AE1909,,1890,11,-999
1035901612,1035901612,16,AE1909,,1891,12,-999
1035901613,1035901613,16,AE1909,,1892,13,-999
1035901614,1035901614,16,AE1909,,1893,14,-999
1035901615,1035901615,16,AE1909,,1894,15,-999
1035901616,1035901616,16,AE1909,,1895,16,-999
1035901617,1035901617,16,AE1909,,1896,17,-999
1035901618,1035901618,16,AE1909,,1897,18,-999
1035901619,1035901619,16,AE1909,,1898,19,-999
1035901620,1035901620,16,AE1909,,1899,20,-999
1035901621,1035901621,16,AE1909,,1900,21,-999
1035901622,1035901622,16,AE1909,,1901,22,-999
1035901623,1035901623,16,AE1909,,1902,23,-999
1035901624,1035901624,16,AE1909,,1903,24,-999
1035902001,1035902001,20,AE1909,V4_dada2_read_info_03052026.xlsx,1904,1,1
1035902002,1035902002,20,AE1909,,1905,2,1
1035902003,1035902003,20,AE1909,V4_dada2_read_info_03052026.xlsx,1906,3,40
1035902004,1035902004,20,AE1909,,1907,4,40
1035902005,1035902005,20,AE1909,V4_dada2_read_info_03052026.xlsx,1908,5,80
1035902006,1035902006,20,AE1909,,1909,6,80
1035902007,1035902007,20,AE1909,V4_dada2_read_info_03052026.xlsx,1910,7,120
1035902008,1035902008,20,AE1909,,1911,8,120
1035902009,1035902009,20,AE1909,V4_dada2_read_info_03052026.xlsx,1912,9,160
1035902010,1035902010,20,AE1909,,1913,10,160
1035902011,1035902011,20,AE1909,V4_dada2_read_info_03052026.xlsx,1914,11,200
1035902012,1035902012,20,AE1909,,1915,12,200
1035902013,1035902013,20,AE1909,V4_dada2_read_info_03052026.xlsx,1916,13,250
1035902014,1035902014,20,AE1909,,1917,14,250
1035902015,1035902015,20,AE1909,V4_dada2_read_info_03052026.xlsx,1918,15,300
1035902016,1035902016,20,AE1909,,1919,16,300
1035902017,1035902017,20,AE1909,V4_dada2_read_info_03052026.xlsx,1920,17,500
1035902018,1035902018,20,AE1909,,1921,18,500
1035902019,1035902019,20,AE1909,V4_dada2_read_info_03052026.xlsx,1922,19,600
1035902020,1035902020,20,AE1909,,1923,20,600
1035902021,1035902021,20,AE1909,V4_dada2_read_info_03052026.xlsx,1924,21,800
1035902022,1035902022,20,AE1909,,1925,22,800
1035902023,1035902023,20,AE1909,V4_dada2_read_info_03052026.xlsx,1926,23,1000
1035902024,1035902024,20,AE1909,,1927,24,1000
1036001001,1036001001,10,AE1912,,1928,1,600
1036001002,1036001002,10,AE1912,,1929,2,700
1036001003,1036001003,10,AE1912,,1930,3,800
1036001004,1036001004,10,AE1912,,1931,4,900
1036001005,1036001005,10,AE1912,,1932,5,1000
1036001006,1036001006,10,AE1912,,1933,6,1100
1036001007,1036001007,10,AE1912,,1934,7,1200
1036001008,1036001008,10,AE1912,,1935,8,1300
1036001009,1036001009,10,AE1912,,1936,9,1400
1036001010,1036001010,10,AE1912,,1937,10,1600
1036001011,1036001011,10,AE1912,,1938,11,1800
1036001012,1036001012,10,AE1912,,1939,12,2000
1036001013,1036001013,10,AE1912,,1940,13,2200
1036001014,1036001014,10,AE1912,,1941,14,2400
1036001015,1036001015,10,AE1912,,1942,15,2600
1036001016,1036001016,10,AE1912,,1943,16,3000
1036001017,1036001017,10,AE1912,,1944,17,3000
1036001018,1036001018,10,AE1912,,1945,18,3400
1036001019,1036001019,10,AE1912,,1946,19,3800
1036001020,1036001020,10,AE1912,,1947,20,4000
1036001021,1036001021,10,AE1912,,1948,21,4200
1036001022,1036001022,10,AE1912,,1949,22,4530
1036001023,1036001023,10,AE1912,,1950,23,4530
1036001024,1036001024,10,AE1912,,1951,24,4530
1036001201,1036001201,12,AE1912,,1952,1,1
1036001202,1036001202,12,AE1912,,1953,2,1
1036001203,1036001203,12,AE1912,,1954,3,20
1036001204,1036001204,12,AE1912,,1955,4,20
1036001205,1036001205,12,AE1912,,1956,5,40
1036001206,1036001206,12,AE1912,,1957,6,40
1036001207,1036001207,12,AE1912,,1958,7,60
1036001208,1036001208,12,AE1912,,1959,8,60
1036001209,1036001209,12,AE1912,,1960,9,80
1036001210,1036001210,12,AE1912,,1961,10,80
1036001211,1036001211,12,AE1912,,1962,11,100
1036001212,1036001212,12,AE1912,,1963,12,100
1036001213,1036001213,12,AE1912,,1964,13,120
1036001214,1036001214,12,AE1912,,1965,14,120
1036001215,1036001215,12,AE1912,,1966,15,140
1036001216,1036001216,12,AE1912,,1967,16,140
1036001217,1036001217,12,AE1912,,1968,17,300
1036001218,1036001218,12,AE1912,,1969,18,300
1036001219,1036001219,12,AE1912,,1970,19,350
1036001220,1036001220,12,AE1912,,1971,20,400
1036001221,1036001221,12,AE1912,,1972,21,450
1036001222,1036001222,12,AE1912,,1973,22,500
1036001223,1036001223,12,AE1912,,1974,23,500
1036001501,1036001501,15,AE1912,,1975,1,1
1036001502,1036001502,15,AE1912,,1976,2,1
1036001503,1036001503,15,AE1912,,1977,3,10
1036001504,1036001504,15,AE1912,,1978,4,10
1036001505,1036001505,15,AE1912,,1979,5,20
1036001506,1036001506,15,AE1912,,1980,6,20
1036001507,1036001507,15,AE1912,,1981,7,40
1036001508,1036001508,15,AE1912,,1982,8,40
1036001509,1036001509,15,AE1912,,1983,9,60
1036001510,1036001510,15,AE1912,,1984,10,60
1036001511,1036001511,15,AE1912,,1985,11,80
1036001512,1036001512,15,AE1912,,1986,12,80
1036001513,1036001513,15,AE1912,,1987,13,100
1036001514,1036001514,15,AE1912,,1988,14,100
1036001515,1036001515,15,AE1912,,1989,15,120
1036001516,1036001516,15,AE1912,,1990,16,120
1036001517,1036001517,15,AE1912,,1991,17,140
1036001518,1036001518,15,AE1912,,1992,18,140
1036001519,1036001519,15,AE1912,,1993,19,160
1036001520,1036001520,15,AE1912,,1994,20,160
1036001521,1036001521,15,AE1912,,1995,21,200
1036001522,1036001522,15,AE1912,,1996,22,200
1036001523,1036001523,15,AE1912,,1997,23,250
1036001524,1036001524,15,AE1912,,1998,24,250
1036001601,1036001601,16,AE1912,,1999,1,1
1036001602,1036001602,16,AE1912,,2000,2,1
1036001603,1036001603,16,AE1912,,2001,3,40
1036001604,1036001604,16,AE1912,,2002,4,40
1036001605,1036001605,16,AE1912,,2003,5,100
1036001606,1036001606,16,AE1912,,2004,6,100
1036001607,1036001607,16,AE1912,,2005,7,200
1036001608,1036001608,16,AE1912,,2006,8,200
1036001609,1036001609,16,AE1912,,2007,9,300
1036001610,1036001610,16,AE1912,,2008,10,300
1036001611,1036001611,16,AE1912,,2009,11,300
1036001612,1036001612,16,AE1912,,2010,12,400
1036001613,1036001613,16,AE1912,,2011,13,400
1036001614,1036001614,16,AE1912,,2012,14,400
1036001615,1036001615,16,AE1912,,2013,15,500
1036001616,1036001616,16,AE1912,,2014,16,500
1036001617,1036001617,16,AE1912,,2015,17,500
1036001618,1036001618,16,AE1912,,2016,18,600
1036001619,1036001619,16,AE1912,,2017,19,600
1036001620,1036001620,16,AE1912,,2018,20,800
1036001621,1036001621,16,AE1912,,2019,21,800
1036001622,1036001622,16,AE1912,,2020,22,1000
1036001623,1036001623,16,AE1912,,2021,23,1000
1036001624,1036001624,16,AE1912,,2022,24,-999
1036001801,1036001801,18,AE1912,,2023,1,1
1036001802,1036001802,18,AE1912,,2024,2,1
1036001803,1036001803,18,AE1912,,2025,3,1
1036001804,1036001804,18,AE1912,,2026,4,1
1036001805,1036001805,18,AE1912,,2027,5,1
1036001806,1036001806,18,AE1912,,2028,6,1
1036001807,1036001807,18,AE1912,,2029,7,1
1036001808,1036001808,18,AE1912,,2030,8,1
1036001809,1036001809,18,AE1912,,2031,9,1
1036001810,1036001810,18,AE1912,,2032,10,1
1036001811,1036001811,18,AE1912,,2033,11,1
1036001812,1036001812,18,AE1912,,2034,12,1
1036001813,1036001813,18,AE1912,,2035,13,1
1036001814,1036001814,18,AE1912,,2036,14,1
1036001815,1036001815,18,AE1912,,2037,15,90
1036001816,1036001816,18,AE1912,,2038,16,90
1036001817,1036001817,18,AE1912,,2039,17,160
1036001818,1036001818,18,AE1912,,2040,18,140
1036001819,1036001819,18,AE1912,,2041,19,200
1036001820,1036001820,18,AE1912,,2042,20,200
1036001821,1036001821,18,AE1912,,2043,21,300
1036001822,1036001822,18,AE1912,,2044,22,300
1036001823,1036001823,18,AE1912,,2045,23,-999
1036001824,1036001824,18,AE1912,,2046,24,-999
1036001901,1036001901,19,AE1912,V4_dada2_read_info_03052026.xlsx,2047,1,1
1036001902,1036001902,19,AE1912,,2048,2,1
1036001903,1036001903,19,AE1912,V4_dada2_read_info_03052026.xlsx,2049,3,40
1036001904,1036001904,19,AE1912,,2050,4,40
1036001905,1036001905,19,AE1912,V4_dada2_read_info_03052026.xlsx,2051,5,80
1036001906,1036001906,19,AE1912,,2052,6,80
1036001907,1036001907,19,AE1912,V4_dada2_read_info_03052026.xlsx,2053,7,100
1036001908,1036001908,19,AE1912,,2054,8,120
1036001909,1036001909,19,AE1912,V4_dada2_read_info_03052026.xlsx,2055,9,120
1036001910,1036001910,19,AE1912,,2056,10,160
1036001911,1036001911,19,AE1912,V4_dada2_read_info_03052026.xlsx,2057,11,200
1036001912,1036001912,19,AE1912,,2058,12,200
1036001913,1036001913,19,AE1912,V4_dada2_read_info_03052026.xlsx,2059,13,250
1036001914,1036001914,19,AE1912,,2060,14,250
1036001915,1036001915,19,AE1912,V4_dada2_read_info_03052026.xlsx,2061,15,300
1036001916,1036001916,19,AE1912,,2062,16,300
1036001917,1036001917,19,AE1912,V4_dada2_read_info_03052026.xlsx,2063,17,400
1036001918,1036001918,19,AE1912,,2064,18,500
1036001919,1036001919,19,AE1912,V4_dada2_read_info_03052026.xlsx,2065,19,600
1036001920,1036001920,19,AE1912,,2066,20,600
1036001921,1036001921,19,AE1912,V4_dada2_read_info_03052026.xlsx,2067,21,800
1036001922,1036001922,19,AE1912,,2068,22,800
1036001923,1036001923,19,AE1912,V4_dada2_read_info_03052026.xlsx,2069,23,1000
1036001924,1036001924,19,AE1912,,2070,24,1000
1036100901,1036100901,9,AE1917,,2071,1,600
1036100902,1036100902,9,AE1917,,2072,2,700
1036100903,1036100903,9,AE1917,,2073,3,800
1036100904,1036100904,9,AE1917,,2074,4,900
1036100905,1036100905,9,AE1917,,2075,5,1000
1036100906,1036100906,9,AE1917,,2076,6,1100
1036100907,1036100907,9,AE1917,,2077,7,1200
1036100908,1036100908,9,AE1917,,2078,8,1300
1036100909,1036100909,9,AE1917,,2079,9,1400
1036100910,1036100910,9,AE1917,,2080,10,1600
1036100911,1036100911,9,AE1917,,2081,11,1800
1036100912,1036100912,9,AE1917,,2082,12,2000
1036100913,1036100913,9,AE1917,,2083,13,2200
1036100914,1036100914,9,AE1917,,2084,14,2400
1036100915,1036100915,9,AE1917,,2085,15,2600
1036100916,1036100916,9,AE1917,,2086,16,3000
1036100917,1036100917,9,AE1917,,2087,17,3000
1036100918,1036100918,9,AE1917,,2088,18,3400
1036100919,1036100919,9,AE1917,,2089,19,3800
1036100920,1036100920,9,AE1917,,2090,20,4000
1036100921,1036100921,9,AE1917,,2091,21,4200
1036100922,1036100922,9,AE1917,,2092,22,4530
1036100923,1036100923,9,AE1917,,2093,23,4530
1036100924,1036100924,9,AE1917,,2094,24,4530
1036101501,1036101501,15,AE1917,,2095,1,1
1036101502,1036101502,15,AE1917,,2096,2,1
1036101503,1036101503,15,AE1917,,2097,3,20
1036101504,1036101504,15,AE1917,,2098,4,20
1036101505,1036101505,15,AE1917,,2099,5,40
1036101506,1036101506,15,AE1917,,2100,6,40
1036101507,1036101507,15,AE1917,,2101,7,60
1036101508,1036101508,15,AE1917,,2102,8,60
1036101509,1036101509,15,AE1917,,2103,9,80
1036101510,1036101510,15,AE1917,,2104,10,80
1036101511,1036101511,15,AE1917,,2105,11,100
1036101512,1036101512,15,AE1917,,2106,12,100
1036101513,1036101513,15,AE1917,,2107,13,120
1036101514,1036101514,15,AE1917,,2108,14,120
1036101515,1036101515,15,AE1917,,2109,15,140
1036101516,1036101516,15,AE1917,,2110,16,140
1036101701,1036101701,17,AE1917,,2111,1,1
1036101702,1036101702,17,AE1917,,2112,2,1
1036101703,1036101703,17,AE1917,,2113,3,10
1036101704,1036101704,17,AE1917,,2114,4,10
1036101705,1036101705,17,AE1917,,2115,5,20
1036101706,1036101706,17,AE1917,,2116,6,20
1036101707,1036101707,17,AE1917,,2117,7,40
1036101708,1036101708,17,AE1917,,2118,8,40
1036101709,1036101709,17,AE1917,,2119,9,60
1036101710,1036101710,17,AE1917,,2120,10,60
1036101711,1036101711,17,AE1917,,2121,11,80
1036101712,1036101712,17,AE1917,,2122,12,80
1036101713,1036101713,17,AE1917,,2123,13,100
1036101714,1036101714,17,AE1917,,2124,14,100
1036101715,1036101715,17,AE1917,,2125,15,120
1036101716,1036101716,17,AE1917,,2126,16,120
1036101717,1036101717,17,AE1917,,2127,17,140
1036101718,1036101718,17,AE1917,,2128,18,140
1036101719,1036101719,17,AE1917,,2129,19,160
1036101720,1036101720,17,AE1917,,2130,20,160
1036101721,1036101721,17,AE1917,,2131,21,200
1036101722,1036101722,17,AE1917,,2132,22,200
1036101723,1036101723,17,AE1917,,2133,23,250
1036101724,1036101724,17,AE1917,,2134,24,250
1036101801,1036101801,18,AE1917,,2135,1,300
1036101802,1036101802,18,AE1917,,2136,2,300
1036101803,1036101803,18,AE1917,,2137,3,300
1036101804,1036101804,18,AE1917,,2138,4,400
1036101805,1036101805,18,AE1917,,2139,5,400
1036101806,1036101806,18,AE1917,,2140,6,400
1036101807,1036101807,18,AE1917,,2141,7,500
1036101808,1036101808,18,AE1917,,2142,8,500
1036101809,1036101809,18,AE1917,,2143,9,-999
1036101810,1036101810,18,AE1917,,2144,10,-999
1036101811,1036101811,18,AE1917,,2145,11,-999
1036101812,1036101812,18,AE1917,,2146,12,-999
1036101813,1036101813,18,AE1917,,2147,13,-999
1036101814,1036101814,18,AE1917,,2148,14,-999
1036101815,1036101815,18,AE1917,,2149,15,-999
1036101816,1036101816,18,AE1917,,2150,16,-999
1036101817,1036101817,18,AE1917,,2151,17,-999
1036101818,1036101818,18,AE1917,,2152,18,-999
1036101819,1036101819,18,AE1917,,2153,19,-999
1036101820,1036101820,18,AE1917,,2154,20,-999
1036101821,1036101821,18,AE1917,,2155,21,-999
1036101822,1036101822,18,AE1917,,2156,22,-999
1036101823,1036101823,18,AE1917,,2157,23,-999
1036101824,1036101824,18,AE1917,,2158,24,-999
1036101901,1036101901,19,AE1917,V4_dada2_read_info_03052026.xlsx,2159,1,1
1036101902,1036101902,19,AE1917,,2160,2,1
1036101903,1036101903,19,AE1917,,2161,3,20
1036101904,1036101904,19,AE1917,V4_dada2_read_info_03052026.xlsx,2162,4,40
1036101905,1036101905,19,AE1917,,2163,5,60
1036101906,1036101906,19,AE1917,V4_dada2_read_info_03052026.xlsx,2164,6,80
1036101907,1036101907,19,AE1917,,2165,7,100
1036101908,1036101908,19,AE1917,V4_dada2_read_info_03052026.xlsx,2166,8,120
1036101909,1036101909,19,AE1917,,2167,9,140
1036101910,1036101910,19,AE1917,V4_dada2_read_info_03052026.xlsx,2168,10,160
1036101911,1036101911,19,AE1917,V4_dada2_read_info_03052026.xlsx,2169,11,200
1036101912,1036101912,19,AE1917,,2170,12,200
1036101913,1036101913,19,AE1917,V4_dada2_read_info_03052026.xlsx,2171,13,250
1036101914,1036101914,19,AE1917,,2172,14,250
1036101915,1036101915,19,AE1917,V4_dada2_read_info_03052026.xlsx,2173,15,300
1036101916,1036101916,19,AE1917,,2174,16,300
1036101917,1036101917,19,AE1917,,2175,17,400
1036101918,1036101918,19,AE1917,V4_dada2_read_info_03052026.xlsx,2176,18,500
1036101919,1036101919,19,AE1917,V4_dada2_read_info_03052026.xlsx,2177,19,600
1036101920,1036101920,19,AE1917,,2178,20,600
1036101921,1036101921,19,AE1917,V4_dada2_read_info_03052026.xlsx,2179,21,800
1036101922,1036101922,19,AE1917,,2180,22,800
1036101923,1036101923,19,AE1917,V4_dada2_read_info_03052026.xlsx,2181,23,1000
1036101924,1036101924,19,AE1917,,2182,24,1000
1036200901,1036200901,9,AE1921,,2183,1,1
1036200902,1036200902,9,AE1921,,2184,2,20
1036200903,1036200903,9,AE1921,,2185,3,40
1036200904,1036200904,9,AE1921,,2186,4,60
1036200905,1036200905,9,AE1921,,2187,5,80
1036200906,1036200906,9,AE1921,,2188,6,100
1036200907,1036200907,9,AE1921,,2189,7,120
1036200908,1036200908,9,AE1921,,2190,8,140
1036200909,1036200909,9,AE1921,,2191,9,200
1036200910,1036200910,9,AE1921,,2192,10,300
1036200911,1036200911,9,AE1921,,2193,11,400
1036200912,1036200912,9,AE1921,,2194,12,500
1036200913,1036200913,9,AE1921,,2195,13,600
1036200914,1036200914,9,AE1921,,2196,14,1000
1036201001,1036201001,10,AE1921,,2197,1,600
1036201002,1036201002,10,AE1921,,2198,2,700
1036201003,1036201003,10,AE1921,,2199,3,800
1036201004,1036201004,10,AE1921,,2200,4,900
1036201005,1036201005,10,AE1921,,2201,5,1000
1036201006,1036201006,10,AE1921,,2202,6,1100
1036201007,1036201007,10,AE1921,,2203,7,1200
1036201008,1036201008,10,AE1921,,2204,8,1300
1036201009,1036201009,10,AE1921,,2205,9,1400
1036201010,1036201010,10,AE1921,,2206,10,1600
1036201011,1036201011,10,AE1921,,2207,11,1800
1036201012,1036201012,10,AE1921,,2208,12,2000
1036201013,1036201013,10,AE1921,,2209,13,2200
1036201014,1036201014,10,AE1921,,2210,14,2400
1036201015,1036201015,10,AE1921,,2211,15,2600
1036201016,1036201016,10,AE1921,,2212,16,3000
1036201017,1036201017,10,AE1921,,2213,17,3000
1036201018,1036201018,10,AE1921,,2214,18,3400
1036201019,1036201019,10,AE1921,,2215,19,3800
1036201020,1036201020,10,AE1921,,2216,20,4000
1036201021,1036201021,10,AE1921,,2217,21,4200
1036201022,1036201022,10,AE1921,,2218,22,4530
1036201023,1036201023,10,AE1921,,2219,23,4530
1036201024,1036201024,10,AE1921,,2220,24,4530
1036201201,1036201201,12,AE1921,,2221,1,1
1036201202,1036201202,12,AE1921,,2222,2,1
1036201203,1036201203,12,AE1921,,2223,3,20
1036201204,1036201204,12,AE1921,,2224,4,20
1036201205,1036201205,12,AE1921,,2225,5,40
1036201206,1036201206,12,AE1921,,2226,6,40
1036201207,1036201207,12,AE1921,,2227,7,60
1036201208,1036201208,12,AE1921,,2228,8,60
1036201209,1036201209,12,AE1921,,2229,9,80
1036201210,1036201210,12,AE1921,,2230,10,80
1036201211,1036201211,12,AE1921,,2231,11,100
1036201212,1036201212,12,AE1921,,2232,12,100
1036201213,1036201213,12,AE1921,,2233,13,120
1036201214,1036201214,12,AE1921,,2234,14,120
1036201215,1036201215,12,AE1921,,2235,15,140
1036201216,1036201216,12,AE1921,,2236,16,140
1036201501,1036201501,15,AE1921,,2237,1,1
1036201502,1036201502,15,AE1921,,2238,2,1
1036201503,1036201503,15,AE1921,,2239,3,10
1036201504,1036201504,15,AE1921,,2240,4,10
1036201505,1036201505,15,AE1921,,2241,5,20
1036201506,1036201506,15,AE1921,,2242,6,20
1036201507,1036201507,15,AE1921,,2243,7,40
1036201508,1036201508,15,AE1921,,2244,8,40
1036201509,1036201509,15,AE1921,,2245,9,60
1036201510,1036201510,15,AE1921,,2246,10,60
1036201511,1036201511,15,AE1921,,2247,11,80
1036201512,1036201512,15,AE1921,,2248,12,80
1036201513,1036201513,15,AE1921,,2249,13,100
1036201514,1036201514,15,AE1921,,2250,14,100
1036201515,1036201515,15,AE1921,,2251,15,120
1036201516,1036201516,15,AE1921,,2252,16,120
1036201517,1036201517,15,AE1921,,2253,17,140
1036201518,1036201518,15,AE1921,,2254,18,140
1036201519,1036201519,15,AE1921,,2255,19,160
1036201520,1036201520,15,AE1921,,2256,20,160
1036201521,1036201521,15,AE1921,,2257,21,200
1036201522,1036201522,15,AE1921,,2258,22,200
1036201523,1036201523,15,AE1921,,2259,23,250
1036201524,1036201524,15,AE1921,,2260,24,250
1036201701,1036201701,17,AE1921,,2261,1,300
1036201702,1036201702,17,AE1921,,2262,2,-999
1036201703,1036201703,17,AE1921,,2263,3,-999
1036201704,1036201704,17,AE1921,,2264,4,400
1036201705,1036201705,17,AE1921,,2265,5,-999
1036201706,1036201706,17,AE1921,,2266,6,-999
1036201707,1036201707,17,AE1921,,2267,7,500
1036201708,1036201708,17,AE1921,,2268,8,-999
1036201709,1036201709,17,AE1921,,2269,9,-999
1036201710,1036201710,17,AE1921,,2270,10,-999
1036201711,1036201711,17,AE1921,,2271,11,-999
1036201712,1036201712,17,AE1921,,2272,12,-999
1036201713,1036201713,17,AE1921,,2273,13,-999
1036201714,1036201714,17,AE1921,,2274,14,-999
1036201715,1036201715,17,AE1921,,2275,15,-999
1036201716,1036201716,17,AE1921,,2276,16,-999
1036201717,1036201717,17,AE1921,,2277,17,-999
1036201718,1036201718,17,AE1921,,2278,18,-999
1036201719,1036201719,17,AE1921,,2279,19,-999
1036201720,1036201720,17,AE1921,,2280,20,-999
1036201721,1036201721,17,AE1921,,2281,21,-999
1036201722,1036201722,17,AE1921,,2282,22,-999
1036201723,1036201723,17,AE1921,,2283,23,-999
1036201724,1036201724,17,AE1921,,2284,24,-999
1036202201,1036202201,22,AE1921,V4_dada2_read_info_03052026.xlsx,2285,1,1
1036202202,1036202202,22,AE1921,,2286,2,1
1036202203,1036202203,22,AE1921,V4_dada2_read_info_03052026.xlsx,2287,3,40
1036202204,1036202204,22,AE1921,,2288,4,40
1036202205,1036202205,22,AE1921,V4_dada2_read_info_03052026.xlsx,2289,5,80
